run_id,grid_string_id,step,window_size,prefix,confidence,predicted,actual,is_correct,sim_win_rate_pct
3fed7a4f-5725-4e59-abf0-008858c12588,3500,1,9,bpppbbpb,50.26086956521739,p,b,0,60.714285714285715
3fed7a4f-5725-4e59-abf0-008858c12588,3500,2,9,pbbpbbpp,50.99818511796733,p,p,1,56.25
3fed7a4f-5725-4e59-abf0-008858c12588,3500,3,9,bpbbpppp,51.85909980430529,b,p,0,37.93103448275862
3fed7a4f-5725-4e59-abf0-008858c12588,3500,4,9,pbbppppp,50.103092783505154,b,b,1,43.47826086956522
3fed7a4f-5725-4e59-abf0-008858c12588,3500,5,9,bpppppbp,50.4,b,p,0,55.172413793103445
3fed7a4f-5725-4e59-abf0-008858c12588,3500,7,9,bpppbbbp,51.32575757575758,p,p,1,51.92307692307692
3fed7a4f-5725-4e59-abf0-008858c12588,3500,8,9,pbbbpppb,51.18577075098815,p,p,1,44.0
3fed7a4f-5725-4e59-abf0-008858c12588,3500,9,9,bpppbppb,50.09823182711198,b,p,0,50.0
3fed7a4f-5725-4e59-abf0-008858c12588,3500,10,9,pbppbpbp,50.98039215686274,p,p,1,57.89473684210526
3fed7a4f-5725-4e59-abf0-008858c12588,3500,13,9,bpbppbpb,50.18796992481202,p,b,0,50.0
3fed7a4f-5725-4e59-abf0-008858c12588,3500,14,9,pbppbpbb,51.14942528735632,p,p,1,45.45454545454545
3fed7a4f-5725-4e59-abf0-008858c12588,3500,16,9,pbpbbppb,51.39146567717996,b,b,1,50.0
3fed7a4f-5725-4e59-abf0-008858c12588,3500,17,9,bpbbppbb,51.1504424778761,p,p,1,44.0
3fed7a4f-5725-4e59-abf0-008858c12588,3500,18,9,pbbppbbp,50.43936731107206,b,p,0,46.42857142857143
3fed7a4f-5725-4e59-abf0-008858c12588,3500,19,9,bppbbppp,53.663003663003664,b,p,0,26.666666666666668
3fed7a4f-5725-4e59-abf0-008858c12588,3502,1,9,pbpppppp,50.30549898167006,p,p,1,69.56521739130434
3fed7a4f-5725-4e59-abf0-008858c12588,3502,2,9,bppppppp,51.21951219512195,b,b,1,40.0
3fed7a4f-5725-4e59-abf0-008858c12588,3502,3,9,pbbbbpbp,51.59574468085106,p,b,0,46.42857142857143
3fed7a4f-5725-4e59-abf0-008858c12588,3502,4,9,bpbpbppb,57.52212389380531,b,p,0,43.333333333333336
3fed7a4f-5725-4e59-abf0-008858c12588,3502,6,9,bpbppbpp,50.09671179883946,b,p,0,44.827586206896555
3fed7a4f-5725-4e59-abf0-008858c12588,3502,8,9,bppbpppb,50.78125,b,b,1,50.0
3fed7a4f-5725-4e59-abf0-008858c12588,3502,10,9,bpppbbpb,50.26086956521739,p,p,1,60.714285714285715
3fed7a4f-5725-4e59-abf0-008858c12588,3502,11,9,pbbpbpbp,51.02739726027398,p,b,0,30.76923076923077
3fed7a4f-5725-4e59-abf0-008858c12588,3502,12,9,bpbpbpbb,50.0,p,p,1,47.05882352941177
3fed7a4f-5725-4e59-abf0-008858c12588,3502,13,9,pbpbpbbp,51.10294117647059,p,p,1,41.37931034482759
3fed7a4f-5725-4e59-abf0-008858c12588,3502,14,9,bpbpbbpp,50.0,b,b,1,58.62068965517241
3fed7a4f-5725-4e59-abf0-008858c12588,3502,15,9,pbpbbppb,51.39146567717996,b,b,1,50.0
3fed7a4f-5725-4e59-abf0-008858c12588,3502,16,9,bpbbppbb,51.1504424778761,p,b,0,44.0
3fed7a4f-5725-4e59-abf0-008858c12588,3502,17,9,pbbppbbb,50.61946902654867,b,b,1,60.714285714285715
3fed7a4f-5725-4e59-abf0-008858c12588,3502,18,9,bppbbbbb,56.28517823639775,b,p,0,40.0
3fed7a4f-5725-4e59-abf0-008858c12588,3502,20,9,bppppbpb,52.25225225225225,b,b,1,53.44827586206897
3fed7a4f-5725-4e59-abf0-008858c12588,3502,22,9,bpbbbppp,50.0990099009901,p,p,1,36.8421052631579
3fed7a4f-5725-4e59-abf0-008858c12588,3502,23,9,pbbbpppp,55.18590998043052,b,b,1,47.82608695652174
3fed7a4f-5725-4e59-abf0-008858c12588,3503,1,9,bpppbpbb,50.81669691470054,p,p,1,36.36363636363637
3fed7a4f-5725-4e59-abf0-008858c12588,3503,2,9,pbpbbppb,51.39146567717996,b,p,0,50.0
3fed7a4f-5725-4e59-abf0-008858c12588,3503,3,9,bpbbppbp,51.11940298507462,b,p,0,45.16129032258065
3fed7a4f-5725-4e59-abf0-008858c12588,3503,6,9,pbppppbb,50.36231884057971,b,p,0,47.36842105263158
3fed7a4f-5725-4e59-abf0-008858c12588,3503,7,9,bppppbbp,51.35623869801085,b,b,1,33.333333333333336
3fed7a4f-5725-4e59-abf0-008858c12588,3503,8,9,pbbpbbpb,50.07898894154819,p,b,0,56.0
3fed7a4f-5725-4e59-abf0-008858c12588,3503,10,9,pbbpbbpp,50.99818511796733,p,b,0,56.25
3fed7a4f-5725-4e59-abf0-008858c12588,3503,11,9,bpbbppbb,51.1504424778761,p,p,1,44.0
3fed7a4f-5725-4e59-abf0-008858c12588,3503,12,9,pbbppbbp,50.43936731107206,b,p,0,46.42857142857143
3fed7a4f-5725-4e59-abf0-008858c12588,3503,13,9,bppbbppb,50.17857142857143,b,p,0,41.1764705882353
3fed7a4f-5725-4e59-abf0-008858c12588,3503,14,9,pbbppbpb,51.438848920863315,b,p,0,37.83783783783784
3fed7a4f-5725-4e59-abf0-008858c12588,3503,17,9,bpbppppb,52.36363636363637,b,b,1,48.83720930232558
3fed7a4f-5725-4e59-abf0-008858c12588,3503,18,9,pbppppbb,50.36231884057971,b,b,1,47.36842105263158
3fed7a4f-5725-4e59-abf0-008858c12588,3503,20,9,pbbbppbp,52.244165170556556,b,b,1,42.10526315789474
3fed7a4f-5725-4e59-abf0-008858c12588,3503,21,9,bppbpbpb,50.09276437847866,b,p,0,57.142857142857146
3fed7a4f-5725-4e59-abf0-008858c12588,3503,23,9,bpbpbpbb,50.0,p,p,1,47.05882352941177
3fed7a4f-5725-4e59-abf0-008858c12588,3503,24,9,pbpbpbbp,51.10294117647059,p,b,0,41.37931034482759
3fed7a4f-5725-4e59-abf0-008858c12588,3503,25,9,bpbpbbpb,51.5370705244123,b,p,0,45.16129032258065
3fed7a4f-5725-4e59-abf0-008858c12588,3503,26,9,pbpbbpbp,51.82481751824818,p,b,0,48.717948717948715
3fed7a4f-5725-4e59-abf0-008858c12588,3504,1,9,bpbppbbb,51.46299483648882,p,b,0,46.42857142857143
3fed7a4f-5725-4e59-abf0-008858c12588,3504,3,9,bppbbbbb,56.28517823639775,b,p,0,40.0
3fed7a4f-5725-4e59-abf0-008858c12588,3504,4,9,pbbbbbpb,50.75757575757576,b,b,1,54.83870967741935
3fed7a4f-5725-4e59-abf0-008858c12588,3504,5,9,bpbbbpbb,50.23474178403756,b,b,1,44.44444444444444
3fed7a4f-5725-4e59-abf0-008858c12588,3504,6,9,pbbbpbbb,51.182432432432435,p,p,1,36.8421052631579
3fed7a4f-5725-4e59-abf0-008858c12588,3504,7,9,bpbbbpbp,51.048951048951054,b,b,1,46.42857142857143
3fed7a4f-5725-4e59-abf0-008858c12588,3504,8,9,pbbbpbpb,51.99306759098788,p,b,0,53.7037037037037
3fed7a4f-5725-4e59-abf0-008858c12588,3504,9,9,bpbpbbpp,50.0,b,p,0,58.62068965517241
3fed7a4f-5725-4e59-abf0-008858c12588,3504,10,9,pbpbbppp,54.96323529411765,b,p,0,33.333333333333336
3fed7a4f-5725-4e59-abf0-008858c12588,3504,11,9,bpbbpppp,51.85909980430529,b,b,1,37.93103448275862
3fed7a4f-5725-4e59-abf0-008858c12588,3504,14,9,pbbbppbb,53.32068311195446,b,p,0,41.935483870967744
3fed7a4f-5725-4e59-abf0-008858c12588,3504,15,9,bppbbppb,50.17857142857143,b,p,0,41.1764705882353
3fed7a4f-5725-4e59-abf0-008858c12588,3504,17,9,bppbpppb,50.78125,b,b,1,50.0
3fed7a4f-5725-4e59-abf0-008858c12588,3504,19,9,bpppbbbp,51.32575757575758,p,p,1,51.92307692307692
3fed7a4f-5725-4e59-abf0-008858c12588,3504,20,9,pbbbpppp,55.18590998043052,b,b,1,47.82608695652174
3fed7a4f-5725-4e59-abf0-008858c12588,3504,21,9,bppppbpb,52.25225225225225,b,p,0,53.44827586206897
3fed7a4f-5725-4e59-abf0-008858c12588,3504,22,9,pbpbpbbb,50.51546391752577,p,p,1,48.0
3fed7a4f-5725-4e59-abf0-008858c12588,3504,23,9,bpbpbbbp,51.35135135135135,b,b,1,53.84615384615385
3fed7a4f-5725-4e59-abf0-008858c12588,3504,25,9,bpbbbpbp,51.048951048951054,b,p,0,46.42857142857143
3fed7a4f-5725-4e59-abf0-008858c12588,3504,26,9,pbbbpbpp,50.99601593625498,p,p,1,40.0
3fed7a4f-5725-4e59-abf0-008858c12588,3504,27,9,bpbppppb,52.36363636363637,b,b,1,48.83720930232558
3fed7a4f-5725-4e59-abf0-008858c12588,3504,28,9,pbppppbb,50.36231884057971,b,b,1,47.36842105263158
3fed7a4f-5725-4e59-abf0-008858c12588,3505,2,9,pbbpbbpp,50.99818511796733,p,p,1,56.25
3fed7a4f-5725-4e59-abf0-008858c12588,3505,3,9,bpbbpppp,51.85909980430529,b,b,1,37.93103448275862
3fed7a4f-5725-4e59-abf0-008858c12588,3505,5,9,bppppbpp,50.19011406844106,p,p,1,47.22222222222222
3fed7a4f-5725-4e59-abf0-008858c12588,3505,6,9,pbpppbpp,50.965250965250966,p,b,0,57.142857142857146
3fed7a4f-5725-4e59-abf0-008858c12588,3505,7,9,bpppbppb,50.09823182711198,b,b,1,50.0
3fed7a4f-5725-4e59-abf0-008858c12588,3505,8,9,pbppbbbp,52.95238095238095,b,p,0,46.15384615384615
3fed7a4f-5725-4e59-abf0-008858c12588,3505,9,9,bppbbbpp,50.30927835051546,b,p,0,50.0
3fed7a4f-5725-4e59-abf0-008858c12588,3505,10,9,pbbbpppp,55.18590998043052,b,p,0,47.82608695652174
3fed7a4f-5725-4e59-abf0-008858c12588,3505,11,9,bppppppb,50.30927835051546,b,b,1,41.666666666666664
3fed7a4f-5725-4e59-abf0-008858c12588,3505,12,9,pbbpbbpb,50.07898894154819,p,b,0,56.0
3fed7a4f-5725-4e59-abf0-008858c12588,3505,13,9,bpbbpbbb,52.88966725043783,b,b,1,36.36363636363637
3fed7a4f-5725-4e59-abf0-008858c12588,3505,14,9,pbbpbbbb,55.97920277296361,p,p,1,42.42424242424242
3fed7a4f-5725-4e59-abf0-008858c12588,3505,15,9,bpbbbbpp,51.23809523809524,b,b,1,40.54054054054054
3fed7a4f-5725-4e59-abf0-008858c12588,3505,18,9,pbppbbpb,52.33968804159446,p,b,0,45.833333333333336
3fed7a4f-5725-4e59-abf0-008858c12588,3505,19,9,bppbbpbb,50.08849557522124,p,b,0,45.16129032258065
3fed7a4f-5725-4e59-abf0-008858c12588,3505,20,9,pbbpbbbb,55.97920277296361,p,b,0,42.42424242424242
3fed7a4f-5725-4e59-abf0-008858c12588,3506,2,9,bpbbbbpp,51.23809523809524,b,b,1,40.54054054054054
3fed7a4f-5725-4e59-abf0-008858c12588,3506,5,9,pbpbbpbb,51.393728222996515,p,p,1,39.02439024390244
3fed7a4f-5725-4e59-abf0-008858c12588,3506,7,9,pbbpbbpb,50.07898894154819,p,b,0,56.0
3fed7a4f-5725-4e59-abf0-008858c12588,3506,8,9,bpbbpbbb,52.88966725043783,b,p,0,36.36363636363637
3fed7a4f-5725-4e59-abf0-008858c12588,3506,9,9,pbbpbbbp,51.77304964539007,b,b,1,43.24324324324324
3fed7a4f-5725-4e59-abf0-008858c12588,3506,10,9,bpbbbpbb,50.23474178403756,b,p,0,44.44444444444444
3fed7a4f-5725-4e59-abf0-008858c12588,3506,11,9,pbbbpbbp,51.58597662771286,b,b,1,52.54237288135593
3fed7a4f-5725-4e59-abf0-008858c12588,3506,12,9,bpbbpbbb,52.88966725043783,b,p,0,36.36363636363637
3fed7a4f-5725-4e59-abf0-008858c12588,3506,13,9,pbbpbbbp,51.77304964539007,b,p,0,43.24324324324324
3fed7a4f-5725-4e59-abf0-008858c12588,3506,14,9,bpbbbppb,51.64075993091537,p,b,0,40.90909090909091
3fed7a4f-5725-4e59-abf0-008858c12588,3506,15,9,pbbbppbb,53.32068311195446,b,p,0,41.935483870967744
3fed7a4f-5725-4e59-abf0-008858c12588,3506,16,9,bppbbpbb,50.08849557522124,p,p,1,45.16129032258065
3fed7a4f-5725-4e59-abf0-008858c12588,3506,17,9,pbbpbbpb,50.07898894154819,p,p,1,56.0
3fed7a4f-5725-4e59-abf0-008858c12588,3506,18,9,bpbbpbpb,52.961672473867594,p,p,1,48.148148148148145
3fed7a4f-5725-4e59-abf0-008858c12588,3506,19,9,pbbpbpbp,51.02739726027398,p,p,1,30.76923076923077
3fed7a4f-5725-4e59-abf0-008858c12588,3506,20,9,bpbpbppp,51.01289134438306,b,p,0,58.18181818181818
3fed7a4f-5725-4e59-abf0-008858c12588,3506,22,9,bpbppppp,51.656920077972714,b,b,1,42.857142857142854
3fed7a4f-5725-4e59-abf0-008858c12588,3506,23,9,pbpppppb,50.39840637450199,p,b,0,62.5
3fed7a4f-5725-4e59-abf0-008858c12588,3506,24,9,bpppppbb,52.26824457593688,p,p,1,48.148148148148145
3fed7a4f-5725-4e59-abf0-008858c12588,3506,25,9,pbbpbpbb,52.54833040421792,b,b,1,56.09756097560975
3fed7a4f-5725-4e59-abf0-008858c12588,3506,28,9,bpbbbbpb,50.0,p,p,1,59.57446808510638
3fed7a4f-5725-4e59-abf0-008858c12588,3506,29,9,pbbbbpbp,51.59574468085106,p,b,0,46.42857142857143
3fed7a4f-5725-4e59-abf0-008858c12588,3508,1,9,bpbbppbp,51.11940298507462,b,b,1,45.16129032258065
3fed7a4f-5725-4e59-abf0-008858c12588,3508,2,9,pbbppbpb,51.438848920863315,b,p,0,37.83783783783784
3fed7a4f-5725-4e59-abf0-008858c12588,3508,3,9,bppbpbpb,50.09276437847866,b,p,0,57.142857142857146
3fed7a4f-5725-4e59-abf0-008858c12588,3508,5,9,bpbpbpbb,50.0,p,p,1,47.05882352941177
3fed7a4f-5725-4e59-abf0-008858c12588,3508,6,9,pbpbpbbp,51.10294117647059,p,b,0,41.37931034482759
3fed7a4f-5725-4e59-abf0-008858c12588,3508,7,9,bpbpbbpb,51.5370705244123,b,p,0,45.16129032258065
3fed7a4f-5725-4e59-abf0-008858c12588,3508,8,9,pbpbbpbp,51.82481751824818,p,p,1,48.717948717948715
3fed7a4f-5725-4e59-abf0-008858c12588,3508,10,9,pbbpbppp,51.138353765324,p,b,0,46.42857142857143
3fed7a4f-5725-4e59-abf0-008858c12588,3508,11,9,bpbpppbp,51.992031872509955,b,p,0,44.827586206896555
3fed7a4f-5725-4e59-abf0-008858c12588,3508,12,9,pbpppbpp,50.965250965250966,p,p,1,57.142857142857146
3fed7a4f-5725-4e59-abf0-008858c12588,3508,13,9,bpppbppp,51.816443594646266,b,p,0,34.48275862068966
3fed7a4f-5725-4e59-abf0-008858c12588,3508,14,9,pbpppppb,50.39840637450199,p,b,0,62.5
3fed7a4f-5725-4e59-abf0-008858c12588,3508,15,9,bpppppbb,52.26824457593688,p,b,0,48.148148148148145
3fed7a4f-5725-4e59-abf0-008858c12588,3508,16,9,pbbbbbbp,52.302025782688766,p,b,0,46.875
3fed7a4f-5725-4e59-abf0-008858c12588,3508,17,9,bpbpbbpb,51.5370705244123,b,b,1,45.16129032258065
3fed7a4f-5725-4e59-abf0-008858c12588,3508,18,9,pbpbbpbb,51.393728222996515,p,p,1,39.02439024390244
3fed7a4f-5725-4e59-abf0-008858c12588,3508,20,9,pbbpbbpb,50.07898894154819,p,p,1,56.0
3fed7a4f-5725-4e59-abf0-008858c12588,3508,22,9,pbbpbppp,51.138353765324,p,b,0,46.42857142857143
3fed7a4f-5725-4e59-abf0-008858c12588,3508,23,9,bpbpppbp,51.992031872509955,b,b,1,44.827586206896555
3fed7a4f-5725-4e59-abf0-008858c12588,3508,24,9,pbpppbpb,50.4930966469428,b,p,0,42.10526315789474
3fed7a4f-5725-4e59-abf0-008858c12588,3508,25,9,bpppbpbp,51.73076923076923,b,p,0,46.15384615384615
3fed7a4f-5725-4e59-abf0-008858c12588,3509,1,9,bpbbpbbb,52.88966725043783,b,b,1,36.36363636363637
3fed7a4f-5725-4e59-abf0-008858c12588,3509,2,9,pbbpbbbb,55.97920277296361,p,b,0,42.42424242424242
3fed7a4f-5725-4e59-abf0-008858c12588,3509,3,9,bpbbbbbp,52.35507246376812,p,b,0,47.82608695652174
3fed7a4f-5725-4e59-abf0-008858c12588,3509,4,9,pbbbbbpb,50.75757575757576,b,b,1,54.83870967741935
3fed7a4f-5725-4e59-abf0-008858c12588,3509,5,9,bpbbppbp,51.11940298507462,b,b,1,45.16129032258065
3fed7a4f-5725-4e59-abf0-008858c12588,3509,6,9,pbbppbpb,51.438848920863315,b,p,0,37.83783783783784
3fed7a4f-5725-4e59-abf0-008858c12588,3509,7,9,bppbpbpb,50.09276437847866,b,p,0,57.142857142857146
3fed7a4f-5725-4e59-abf0-008858c12588,3509,8,9,pbpbpbpp,52.293577981651374,b,b,1,53.57142857142857
3fed7a4f-5725-4e59-abf0-008858c12588,3509,9,9,bpbpbppb,57.52212389380531,b,p,0,43.333333333333336
3fed7a4f-5725-4e59-abf0-008858c12588,3509,11,9,bpbppbpb,50.18796992481202,p,b,0,50.0
3fed7a4f-5725-4e59-abf0-008858c12588,3509,12,9,pbppbpbb,51.14942528735632,p,b,0,45.45454545454545
3fed7a4f-5725-4e59-abf0-008858c12588,3509,14,9,pbpbbbbb,50.94664371772806,b,p,0,55.0
3fed7a4f-5725-4e59-abf0-008858c12588,3509,15,9,bpbbbbbp,52.35507246376812,p,b,0,47.82608695652174
3fed7a4f-5725-4e59-abf0-008858c12588,3509,16,9,pbbbbbpb,50.75757575757576,b,p,0,54.83870967741935
3fed7a4f-5725-4e59-abf0-008858c12588,3509,17,9,bpbpbbbp,51.35135135135135,b,b,1,53.84615384615385
3fed7a4f-5725-4e59-abf0-008858c12588,3509,19,9,bpbbbpbp,51.048951048951054,b,b,1,46.42857142857143
3fed7a4f-5725-4e59-abf0-008858c12588,3509,20,9,pbbbpbpb,51.99306759098788,p,p,1,53.7037037037037
3fed7a4f-5725-4e59-abf0-008858c12588,3509,21,9,bpbpbpbp,50.47438330170778,p,b,0,48.38709677419355
3fed7a4f-5725-4e59-abf0-008858c12588,3509,23,9,bpbpbpbp,50.47438330170778,p,p,1,48.38709677419355
3fed7a4f-5725-4e59-abf0-008858c12588,3509,24,9,pbpbpbpp,52.293577981651374,b,b,1,53.57142857142857
3fed7a4f-5725-4e59-abf0-008858c12588,3509,25,9,bpbpbppb,57.52212389380531,b,b,1,43.333333333333336
3fed7a4f-5725-4e59-abf0-008858c12588,3509,26,9,pbpbppbb,50.68027210884354,p,p,1,47.61904761904762
3fed7a4f-5725-4e59-abf0-008858c12588,3509,27,9,bpbppbbp,51.865008880994665,b,b,1,48.38709677419355
3fed7a4f-5725-4e59-abf0-008858c12588,3509,28,9,pbppbbpb,52.33968804159446,p,p,1,45.833333333333336
3fed7a4f-5725-4e59-abf0-008858c12588,3509,29,9,bppbbpbp,50.269299820466784,p,p,1,60.714285714285715
3fed7a4f-5725-4e59-abf0-008858c12588,3510,1,9,bpppppbp,50.4,b,b,1,55.172413793103445
3fed7a4f-5725-4e59-abf0-008858c12588,3510,3,9,bpbbbppb,51.64075993091537,p,b,0,40.90909090909091
3fed7a4f-5725-4e59-abf0-008858c12588,3510,4,9,pbbbppbb,53.32068311195446,b,b,1,41.935483870967744
3fed7a4f-5725-4e59-abf0-008858c12588,3510,5,9,bppbbbbb,56.28517823639775,b,b,1,40.0
3fed7a4f-5725-4e59-abf0-008858c12588,3510,6,9,pbbbbbbb,50.247933884297524,b,b,1,55.55555555555556
3fed7a4f-5725-4e59-abf0-008858c12588,3510,8,9,pbbpbbpp,50.99818511796733,p,b,0,56.25
3fed7a4f-5725-4e59-abf0-008858c12588,3510,9,9,bpbbppbp,51.11940298507462,b,b,1,45.16129032258065
3fed7a4f-5725-4e59-abf0-008858c12588,3510,10,9,pbbppbpb,51.438848920863315,b,b,1,37.83783783783784
3fed7a4f-5725-4e59-abf0-008858c12588,3510,12,9,pbpbbppp,54.96323529411765,b,p,0,33.333333333333336
3fed7a4f-5725-4e59-abf0-008858c12588,3510,13,9,bpbbpppp,51.85909980430529,b,b,1,37.93103448275862
3fed7a4f-5725-4e59-abf0-008858c12588,3510,15,9,bppppbbp,51.35623869801085,b,p,0,33.333333333333336
3fed7a4f-5725-4e59-abf0-008858c12588,3510,19,9,bppbbbbp,51.075268817204304,b,p,0,46.666666666666664
3fed7a4f-5725-4e59-abf0-008858c12588,3511,1,9,bpbpbbpb,51.5370705244123,b,p,0,45.16129032258065
3fed7a4f-5725-4e59-abf0-008858c12588,3511,2,9,pbpbbpbp,51.82481751824818,p,p,1,48.717948717948715
3fed7a4f-5725-4e59-abf0-008858c12588,3511,4,9,pbbpbppp,51.138353765324,p,b,0,46.42857142857143
3fed7a4f-5725-4e59-abf0-008858c12588,3511,5,9,bpbpppbp,51.992031872509955,b,b,1,44.827586206896555
3fed7a4f-5725-4e59-abf0-008858c12588,3511,6,9,pbpppbpb,50.4930966469428,b,b,1,42.10526315789474
3fed7a4f-5725-4e59-abf0-008858c12588,3511,7,9,bpppbpbb,50.81669691470054,p,b,0,36.36363636363637
3fed7a4f-5725-4e59-abf0-008858c12588,3511,9,9,bpbbbppb,51.64075993091537,p,p,1,40.90909090909091
3fed7a4f-5725-4e59-abf0-008858c12588,3511,10,9,pbbbppbp,52.244165170556556,b,p,0,42.10526315789474
3fed7a4f-5725-4e59-abf0-008858c12588,3511,12,9,pbppbpbb,51.14942528735632,p,p,1,45.45454545454545
3fed7a4f-5725-4e59-abf0-008858c12588,3511,14,9,pbpbbppp,54.96323529411765,b,p,0,33.333333333333336
3fed7a4f-5725-4e59-abf0-008858c12588,3511,15,9,bpbbpppp,51.85909980430529,b,p,0,37.93103448275862
3fed7a4f-5725-4e59-abf0-008858c12588,3511,16,9,pbbppppp,50.103092783505154,b,p,0,43.47826086956522
3fed7a4f-5725-4e59-abf0-008858c12588,3511,17,9,bppppppp,51.21951219512195,b,b,1,40.0
3fed7a4f-5725-4e59-abf0-008858c12588,3511,18,9,pbbbpbbp,51.58597662771286,b,b,1,52.54237288135593
3fed7a4f-5725-4e59-abf0-008858c12588,3512,1,9,bpbpbbpb,51.5370705244123,b,p,0,45.16129032258065
3fed7a4f-5725-4e59-abf0-008858c12588,3512,2,9,pbpbbpbp,51.82481751824818,p,p,1,48.717948717948715
3fed7a4f-5725-4e59-abf0-008858c12588,3512,4,9,pbbpbppp,51.138353765324,p,b,0,46.42857142857143
3fed7a4f-5725-4e59-abf0-008858c12588,3512,5,9,bpbpppbp,51.992031872509955,b,b,1,44.827586206896555
3fed7a4f-5725-4e59-abf0-008858c12588,3512,6,9,pbpppbpb,50.4930966469428,b,b,1,42.10526315789474
3fed7a4f-5725-4e59-abf0-008858c12588,3512,7,9,bpppbpbb,50.81669691470054,p,b,0,36.36363636363637
3fed7a4f-5725-4e59-abf0-008858c12588,3512,9,9,bpbbbppb,51.64075993091537,p,p,1,40.90909090909091
3fed7a4f-5725-4e59-abf0-008858c12588,3512,10,9,pbbbppbp,52.244165170556556,b,p,0,42.10526315789474
3fed7a4f-5725-4e59-abf0-008858c12588,3512,12,9,pbppbpbb,51.14942528735632,p,p,1,45.45454545454545
3fed7a4f-5725-4e59-abf0-008858c12588,3512,14,9,pbpbbppp,54.96323529411765,b,p,0,33.333333333333336
3fed7a4f-5725-4e59-abf0-008858c12588,3512,15,9,bpbbpppp,51.85909980430529,b,p,0,37.93103448275862
3fed7a4f-5725-4e59-abf0-008858c12588,3512,16,9,pbbppppp,50.103092783505154,b,p,0,43.47826086956522
3fed7a4f-5725-4e59-abf0-008858c12588,3512,17,9,bppppppp,51.21951219512195,b,b,1,40.0
3fed7a4f-5725-4e59-abf0-008858c12588,3512,18,9,pbbbpbbp,51.58597662771286,b,b,1,52.54237288135593
3fed7a4f-5725-4e59-abf0-008858c12588,3513,1,9,pbppppbp,52.30460921843687,b,b,1,40.0
3fed7a4f-5725-4e59-abf0-008858c12588,3513,2,9,bppppbpb,52.25225225225225,b,p,0,53.44827586206897
3fed7a4f-5725-4e59-abf0-008858c12588,3513,4,9,bpbppbpp,50.09671179883946,b,b,1,44.827586206896555
3fed7a4f-5725-4e59-abf0-008858c12588,3513,5,9,pbppbppb,54.24710424710425,b,p,0,46.42857142857143
3fed7a4f-5725-4e59-abf0-008858c12588,3513,7,9,pbppbppb,54.24710424710425,b,b,1,46.42857142857143
3fed7a4f-5725-4e59-abf0-008858c12588,3513,9,9,pbppbbpp,53.00546448087432,b,p,0,41.935483870967744
3fed7a4f-5725-4e59-abf0-008858c12588,3513,10,9,bppbbppp,53.663003663003664,b,p,0,26.666666666666668
3fed7a4f-5725-4e59-abf0-008858c12588,3513,11,9,pbbppppp,50.103092783505154,b,b,1,43.47826086956522
3fed7a4f-5725-4e59-abf0-008858c12588,3513,12,9,bpppppbb,52.26824457593688,p,p,1,48.148148148148145
3fed7a4f-5725-4e59-abf0-008858c12588,3513,13,9,pbbpbpbp,51.02739726027398,p,p,1,30.76923076923077
3fed7a4f-5725-4e59-abf0-008858c12588,3513,14,9,bpbpbppp,51.01289134438306,b,p,0,58.18181818181818
3fed7a4f-5725-4e59-abf0-008858c12588,3513,16,9,bpbppppb,52.36363636363637,b,b,1,48.83720930232558
3fed7a4f-5725-4e59-abf0-008858c12588,3513,17,9,pbppppbb,50.36231884057971,b,b,1,47.36842105263158
3fed7a4f-5725-4e59-abf0-008858c12588,3513,19,9,pbbbpppp,55.18590998043052,b,p,0,47.82608695652174
3fed7a4f-5725-4e59-abf0-008858c12588,3513,20,9,bpppppbp,50.4,b,p,0,55.172413793103445
3fed7a4f-5725-4e59-abf0-008858c12588,3514,1,9,pbpbpppb,53.041825095057035,b,b,1,41.666666666666664
3fed7a4f-5725-4e59-abf0-008858c12588,3514,2,9,bpbpppbb,51.32275132275132,p,b,0,36.666666666666664
3fed7a4f-5725-4e59-abf0-008858c12588,3514,4,9,bpppbbbb,50.18656716417911,p,p,1,39.285714285714285
3fed7a4f-5725-4e59-abf0-008858c12588,3514,5,9,pbbbbpbp,51.59574468085106,p,p,1,46.42857142857143
3fed7a4f-5725-4e59-abf0-008858c12588,3514,6,9,bpbppbbp,51.865008880994665,b,b,1,48.38709677419355
3fed7a4f-5725-4e59-abf0-008858c12588,3514,7,9,pbppbbpb,52.33968804159446,p,b,0,45.833333333333336
3fed7a4f-5725-4e59-abf0-008858c12588,3514,8,9,bppbbpbb,50.08849557522124,p,b,0,45.16129032258065
3fed7a4f-5725-4e59-abf0-008858c12588,3514,9,9,pbbpbbbp,51.77304964539007,b,b,1,43.24324324324324
3fed7a4f-5725-4e59-abf0-008858c12588,3514,10,9,bpbbbpbb,50.23474178403756,b,b,1,44.44444444444444
3fed7a4f-5725-4e59-abf0-008858c12588,3514,11,9,pbbbpbbb,51.182432432432435,p,p,1,36.8421052631579
3fed7a4f-5725-4e59-abf0-008858c12588,3514,12,9,bpbbbpbp,51.048951048951054,b,p,0,46.42857142857143
3fed7a4f-5725-4e59-abf0-008858c12588,3514,13,9,pbbbpbpp,50.99601593625498,p,b,0,40.0
3fed7a4f-5725-4e59-abf0-008858c12588,3514,14,9,bpbppbbb,51.46299483648882,p,b,0,46.42857142857143
3fed7a4f-5725-4e59-abf0-008858c12588,3514,16,9,bppbbbbb,56.28517823639775,b,b,1,40.0
3fed7a4f-5725-4e59-abf0-008858c12588,3514,17,9,pbbbbbbb,50.247933884297524,b,p,0,55.55555555555556
3fed7a4f-5725-4e59-abf0-008858c12588,3514,18,9,bpbbpbbb,52.88966725043783,b,p,0,36.36363636363637
3fed7a4f-5725-4e59-abf0-008858c12588,3514,19,9,pbbpbbbp,51.77304964539007,b,p,0,43.24324324324324
3fed7a4f-5725-4e59-abf0-008858c12588,3514,20,9,bpbbbppb,51.64075993091537,p,p,1,40.90909090909091
3fed7a4f-5725-4e59-abf0-008858c12588,3514,21,9,pbbbppbp,52.244165170556556,b,p,0,42.10526315789474
3fed7a4f-5725-4e59-abf0-008858c12588,3514,23,9,pbppbpbb,51.14942528735632,p,b,0,45.45454545454545
3fed7a4f-5725-4e59-abf0-008858c12588,3514,25,9,pbpbbbbb,50.94664371772806,b,p,0,55.0
3fed7a4f-5725-4e59-abf0-008858c12588,3514,26,9,bpbbbbbp,52.35507246376812,p,p,1,47.82608695652174
607785a9-418b-4e4e-a186-eaa756542ff4,3522,1,9,bpbppbbb,51.286449399656945,p,b,0,46.42857142857143
607785a9-418b-4e4e-a186-eaa756542ff4,3522,2,9,pbppbbbb,51.2589928057554,p,p,1,68.51851851851852
607785a9-418b-4e4e-a186-eaa756542ff4,3522,3,9,bppbbbbp,50.98389982110913,b,b,1,46.666666666666664
607785a9-418b-4e4e-a186-eaa756542ff4,3522,4,9,pbbbbpbp,51.31810193321616,p,b,0,46.42857142857143
607785a9-418b-4e4e-a186-eaa756542ff4,3522,5,9,bpbpbpbb,50.249584026622294,p,b,0,47.05882352941177
607785a9-418b-4e4e-a186-eaa756542ff4,3522,6,9,pbpbpbbb,50.598290598290596,p,p,1,48.0
607785a9-418b-4e4e-a186-eaa756542ff4,3522,9,9,bpbbbpbp,51.12651646447141,b,b,1,46.42857142857143
607785a9-418b-4e4e-a186-eaa756542ff4,3522,11,9,bpbpbpbb,50.249584026622294,p,p,1,47.05882352941177
607785a9-418b-4e4e-a186-eaa756542ff4,3522,12,9,pbpbpbbp,51.09489051094891,p,b,0,41.37931034482759
607785a9-418b-4e4e-a186-eaa756542ff4,3522,13,9,bpbpbbpb,51.25448028673835,b,p,0,45.16129032258065
607785a9-418b-4e4e-a186-eaa756542ff4,3522,16,9,pbbpbppb,51.048951048951054,b,b,1,43.333333333333336
607785a9-418b-4e4e-a186-eaa756542ff4,3522,17,9,bpbppbbb,51.286449399656945,p,p,1,46.42857142857143
607785a9-418b-4e4e-a186-eaa756542ff4,3522,18,9,pbppbbbp,52.851711026615966,b,b,1,46.15384615384615
607785a9-418b-4e4e-a186-eaa756542ff4,3522,21,9,bpbpbbpp,50.26737967914438,p,p,1,58.62068965517241
607785a9-418b-4e4e-a186-eaa756542ff4,3522,22,9,pbpbbppp,54.710144927536234,b,b,1,33.333333333333336
607785a9-418b-4e4e-a186-eaa756542ff4,3522,23,9,bpbbpppb,51.404958677685954,b,b,1,45.833333333333336
607785a9-418b-4e4e-a186-eaa756542ff4,3523,1,9,bpppbpbb,50.53956834532374,p,p,1,36.36363636363637
607785a9-418b-4e4e-a186-eaa756542ff4,3523,2,9,pbpbbpbb,51.47313691507799,p,b,0,39.02439024390244
607785a9-418b-4e4e-a186-eaa756542ff4,3523,3,9,bpbbpbbb,52.7681660899654,b,b,1,36.36363636363637
607785a9-418b-4e4e-a186-eaa756542ff4,3523,4,9,pbbpbbbb,55.76592082616179,p,b,0,42.42424242424242
607785a9-418b-4e4e-a186-eaa756542ff4,3523,5,9,bpbbbbbp,52.244165170556556,p,b,0,47.82608695652174
607785a9-418b-4e4e-a186-eaa756542ff4,3523,6,9,pbbbbbpb,51.031894934333955,b,b,1,54.83870967741935
607785a9-418b-4e4e-a186-eaa756542ff4,3523,7,9,bpbbpbbb,52.7681660899654,b,b,1,36.36363636363637
607785a9-418b-4e4e-a186-eaa756542ff4,3523,8,9,pbbpbbbb,55.76592082616179,p,p,1,42.42424242424242
607785a9-418b-4e4e-a186-eaa756542ff4,3523,9,9,bpbbbbpb,50.165016501650165,p,p,1,59.57446808510638
607785a9-418b-4e4e-a186-eaa756542ff4,3523,10,9,pbbbbpbp,51.31810193321616,p,p,1,46.42857142857143
607785a9-418b-4e4e-a186-eaa756542ff4,3523,11,9,bpbpppbp,52.071005917159766,b,b,1,44.827586206896555
607785a9-418b-4e4e-a186-eaa756542ff4,3523,12,9,pbpppbpb,50.489236790606654,b,p,0,42.10526315789474
607785a9-418b-4e4e-a186-eaa756542ff4,3523,13,9,bpppbpbp,52.0,b,p,0,46.15384615384615
607785a9-418b-4e4e-a186-eaa756542ff4,3523,16,9,pbppppbp,52.191235059760956,b,b,1,40.0
607785a9-418b-4e4e-a186-eaa756542ff4,3523,19,9,bpbbppbb,51.31810193321616,p,b,0,44.0
607785a9-418b-4e4e-a186-eaa756542ff4,3523,20,9,pbbppbbb,50.617283950617285,b,b,1,60.714285714285715
607785a9-418b-4e4e-a186-eaa756542ff4,3523,21,9,bppbbbbb,56.13382899628253,b,p,0,40.0
607785a9-418b-4e4e-a186-eaa756542ff4,3524,1,9,bpbbbppb,51.71232876712328,p,p,1,40.90909090909091
607785a9-418b-4e4e-a186-eaa756542ff4,3524,2,9,pbbbppbp,52.04262877442274,b,p,0,42.10526315789474
607785a9-418b-4e4e-a186-eaa756542ff4,3524,3,9,bppbpppb,51.06382978723404,b,b,1,50.0
607785a9-418b-4e4e-a186-eaa756542ff4,3524,5,9,bpppbbbb,50.278293135435995,p,p,1,39.285714285714285
607785a9-418b-4e4e-a186-eaa756542ff4,3524,6,9,pbbbbppp,51.012145748987855,b,b,1,50.0
607785a9-418b-4e4e-a186-eaa756542ff4,3524,7,9,bpppbppb,50.097465886939574,b,b,1,50.0
607785a9-418b-4e4e-a186-eaa756542ff4,3524,9,9,bppbbpbb,50.175438596491226,p,b,0,45.16129032258065
607785a9-418b-4e4e-a186-eaa756542ff4,3524,10,9,pbbpbbbb,55.76592082616179,p,b,0,42.42424242424242
607785a9-418b-4e4e-a186-eaa756542ff4,3524,12,9,pbbbbbbp,52.28519195612431,p,p,1,46.875
607785a9-418b-4e4e-a186-eaa756542ff4,3524,14,9,pbpbpppb,53.39622641509434,b,p,0,41.666666666666664
607785a9-418b-4e4e-a186-eaa756542ff4,3524,15,9,bpbpppbp,52.071005917159766,b,b,1,44.827586206896555
607785a9-418b-4e4e-a186-eaa756542ff4,3524,16,9,pbpppbpb,50.489236790606654,b,b,1,42.10526315789474
607785a9-418b-4e4e-a186-eaa756542ff4,3524,17,9,bpppbpbb,50.53956834532374,p,b,0,36.36363636363637
607785a9-418b-4e4e-a186-eaa756542ff4,3524,18,9,pbpbbbbb,50.85324232081911,b,b,1,55.0
607785a9-418b-4e4e-a186-eaa756542ff4,3524,20,9,pbbbbbbp,52.28519195612431,p,p,1,46.875
607785a9-418b-4e4e-a186-eaa756542ff4,3524,21,9,bppppppp,51.515151515151516,b,b,1,40.0
607785a9-418b-4e4e-a186-eaa756542ff4,3525,1,9,bpppbbpb,50.51546391752577,p,b,0,60.714285714285715
607785a9-418b-4e4e-a186-eaa756542ff4,3525,2,9,pbbpbbbp,51.84534270650264,b,b,1,43.24324324324324
607785a9-418b-4e4e-a186-eaa756542ff4,3525,3,9,bpbbbpbb,50.31152647975078,b,p,0,44.44444444444444
607785a9-418b-4e4e-a186-eaa756542ff4,3525,5,9,bpbbppbb,51.31810193321616,p,p,1,44.0
607785a9-418b-4e4e-a186-eaa756542ff4,3525,6,9,pbbppbbp,50.17482517482518,b,p,0,46.42857142857143
607785a9-418b-4e4e-a186-eaa756542ff4,3525,7,9,bppbbppb,50.0,p,p,1,41.1764705882353
607785a9-418b-4e4e-a186-eaa756542ff4,3525,8,9,pbbppbpb,51.33689839572193,b,b,1,37.83783783783784
607785a9-418b-4e4e-a186-eaa756542ff4,3525,10,9,pbpbbpbb,51.47313691507799,p,b,0,39.02439024390244
607785a9-418b-4e4e-a186-eaa756542ff4,3525,11,9,bpbbpbbb,52.7681660899654,b,p,0,36.36363636363637
607785a9-418b-4e4e-a186-eaa756542ff4,3525,12,9,pbbpbbbp,51.84534270650264,b,b,1,43.24324324324324
607785a9-418b-4e4e-a186-eaa756542ff4,3525,13,9,bpbbbpbp,51.12651646447141,b,p,0,46.42857142857143
607785a9-418b-4e4e-a186-eaa756542ff4,3525,14,9,pbbbpbpp,51.08910891089109,p,b,0,40.0
607785a9-418b-4e4e-a186-eaa756542ff4,3525,15,9,bpbppbpp,50.09596928982726,b,p,0,44.827586206896555
607785a9-418b-4e4e-a186-eaa756542ff4,3525,17,9,bppbpppb,51.06382978723404,b,p,0,50.0
607785a9-418b-4e4e-a186-eaa756542ff4,3525,18,9,pbpppbpb,50.489236790606654,b,b,1,42.10526315789474
607785a9-418b-4e4e-a186-eaa756542ff4,3525,19,9,bpppbpbb,50.53956834532374,p,b,0,36.36363636363637
607785a9-418b-4e4e-a186-eaa756542ff4,3525,21,9,bpbbbpbp,51.12651646447141,b,p,0,46.42857142857143
607785a9-418b-4e4e-a186-eaa756542ff4,3525,22,9,pbbbpbpp,51.08910891089109,p,p,1,40.0
607785a9-418b-4e4e-a186-eaa756542ff4,3525,24,9,pbppppbb,50.53956834532374,b,p,0,47.36842105263158
607785a9-418b-4e4e-a186-eaa756542ff4,3525,25,9,bppppbbp,51.438848920863315,b,b,1,33.333333333333336
607785a9-418b-4e4e-a186-eaa756542ff4,3525,26,9,pbbpbppb,51.048951048951054,b,p,0,43.333333333333336
607785a9-418b-4e4e-a186-eaa756542ff4,3525,27,9,bpbppbpp,50.09596928982726,b,p,0,44.827586206896555
607785a9-418b-4e4e-a186-eaa756542ff4,3526,1,9,pbpbpbbp,51.09489051094891,p,b,0,41.37931034482759
607785a9-418b-4e4e-a186-eaa756542ff4,3526,2,9,bpbpbbpb,51.25448028673835,b,b,1,45.16129032258065
607785a9-418b-4e4e-a186-eaa756542ff4,3526,3,9,pbpbbpbb,51.47313691507799,p,b,0,39.02439024390244
607785a9-418b-4e4e-a186-eaa756542ff4,3526,4,9,bpbbpbbb,52.7681660899654,b,b,1,36.36363636363637
607785a9-418b-4e4e-a186-eaa756542ff4,3526,5,9,pbbpbbbb,55.76592082616179,p,p,1,42.42424242424242
607785a9-418b-4e4e-a186-eaa756542ff4,3526,6,9,bpbbbbpp,51.32575757575758,b,p,0,40.54054054054054
607785a9-418b-4e4e-a186-eaa756542ff4,3526,7,9,pbbbbppp,51.012145748987855,b,b,1,50.0
607785a9-418b-4e4e-a186-eaa756542ff4,3526,8,9,bpppbppb,50.097465886939574,b,p,0,50.0
607785a9-418b-4e4e-a186-eaa756542ff4,3526,9,9,pbppbppb,54.31861804222648,b,b,1,46.42857142857143
607785a9-418b-4e4e-a186-eaa756542ff4,3526,12,9,bppbbpbb,50.175438596491226,p,b,0,45.16129032258065
607785a9-418b-4e4e-a186-eaa756542ff4,3526,13,9,pbbpbbbp,51.84534270650264,b,p,0,43.24324324324324
607785a9-418b-4e4e-a186-eaa756542ff4,3526,14,9,bpbbbppp,50.19762845849802,p,b,0,36.8421052631579
607785a9-418b-4e4e-a186-eaa756542ff4,3526,15,9,pbbbpppb,51.28205128205128,p,p,1,44.0
607785a9-418b-4e4e-a186-eaa756542ff4,3526,16,9,bpppbppb,50.097465886939574,b,b,1,50.0
607785a9-418b-4e4e-a186-eaa756542ff4,3526,17,9,pbppbbbb,51.2589928057554,p,b,0,68.51851851851852
607785a9-418b-4e4e-a186-eaa756542ff4,3526,18,9,bppbbbbb,56.13382899628253,b,b,1,40.0
607785a9-418b-4e4e-a186-eaa756542ff4,3526,19,9,pbbbbbbb,50.164473684210535,b,b,1,55.55555555555556
607785a9-418b-4e4e-a186-eaa756542ff4,3526,20,9,bpbbbbpp,51.32575757575758,b,p,0,40.54054054054054
607785a9-418b-4e4e-a186-eaa756542ff4,3526,21,9,pbbbbppp,51.012145748987855,b,p,0,50.0
607785a9-418b-4e4e-a186-eaa756542ff4,3527,1,9,bppbbbpp,50.10266940451745,b,b,1,50.0
607785a9-418b-4e4e-a186-eaa756542ff4,3527,2,9,pbbbppbp,52.04262877442274,b,p,0,42.10526315789474
607785a9-418b-4e4e-a186-eaa756542ff4,3527,3,9,bppbpppb,51.06382978723404,b,b,1,50.0
607785a9-418b-4e4e-a186-eaa756542ff4,3527,5,9,bpppbbpp,50.29013539651837,p,b,0,53.84615384615385
607785a9-418b-4e4e-a186-eaa756542ff4,3527,6,9,pbbppbpb,51.33689839572193,b,p,0,37.83783783783784
607785a9-418b-4e4e-a186-eaa756542ff4,3527,10,9,pbppppbp,52.191235059760956,b,b,1,40.0
607785a9-418b-4e4e-a186-eaa756542ff4,3527,13,9,bpbbbpbb,50.31152647975078,b,b,1,44.44444444444444
607785a9-418b-4e4e-a186-eaa756542ff4,3527,14,9,pbbbpbbb,51.26050420168067,p,p,1,36.8421052631579
607785a9-418b-4e4e-a186-eaa756542ff4,3527,15,9,bpbbbppp,50.19762845849802,p,b,0,36.8421052631579
607785a9-418b-4e4e-a186-eaa756542ff4,3527,16,9,pbbbpppb,51.28205128205128,p,p,1,44.0
607785a9-418b-4e4e-a186-eaa756542ff4,3527,17,9,bpppbpbp,52.0,b,p,0,46.15384615384615
607785a9-418b-4e4e-a186-eaa756542ff4,3527,18,9,pbpbpppb,53.39622641509434,b,b,1,41.666666666666664
607785a9-418b-4e4e-a186-eaa756542ff4,3527,19,9,bpbpppbb,51.13438045375218,p,b,0,36.666666666666664
607785a9-418b-4e4e-a186-eaa756542ff4,3529,1,9,bpppbbpb,50.51546391752577,p,b,0,60.714285714285715
607785a9-418b-4e4e-a186-eaa756542ff4,3529,2,9,pbbpbbpb,50.07824726134585,p,b,0,56.0
607785a9-418b-4e4e-a186-eaa756542ff4,3529,3,9,bpbbpbbb,52.7681660899654,b,b,1,36.36363636363637
607785a9-418b-4e4e-a186-eaa756542ff4,3529,4,9,pbbpbbbb,55.76592082616179,p,b,0,42.42424242424242
607785a9-418b-4e4e-a186-eaa756542ff4,3529,6,9,pbbbbbbp,52.28519195612431,p,p,1,46.875
607785a9-418b-4e4e-a186-eaa756542ff4,3529,8,9,pbbbpbpp,51.08910891089109,p,b,0,40.0
607785a9-418b-4e4e-a186-eaa756542ff4,3529,10,9,pbppbbpp,52.89855072463768,b,p,0,41.935483870967744
607785a9-418b-4e4e-a186-eaa756542ff4,3529,11,9,bppbbppp,53.45454545454545,b,b,1,26.666666666666668
607785a9-418b-4e4e-a186-eaa756542ff4,3529,12,9,pbbpppbp,54.861111111111114,b,b,1,47.22222222222222
607785a9-418b-4e4e-a186-eaa756542ff4,3529,13,9,bpppbpbp,52.0,b,p,0,46.15384615384615
607785a9-418b-4e4e-a186-eaa756542ff4,3529,16,9,pbppppbb,50.53956834532374,b,p,0,47.36842105263158
607785a9-418b-4e4e-a186-eaa756542ff4,3529,17,9,bppppbbp,51.438848920863315,b,p,0,33.333333333333336
607785a9-418b-4e4e-a186-eaa756542ff4,3529,18,9,pbbppbbp,50.17482517482518,b,p,0,46.42857142857143
607785a9-418b-4e4e-a186-eaa756542ff4,3529,19,9,bppbbppp,53.45454545454545,b,p,0,26.666666666666668
607785a9-418b-4e4e-a186-eaa756542ff4,3529,21,9,bppppbpp,50.0945179584121,p,b,0,47.22222222222222
fce2706f-a3ad-4314-b3a1-60c713cd6fe5,3530,2,9,pbbbbbbp,52.545454545454554,p,b,0,46.875
fce2706f-a3ad-4314-b3a1-60c713cd6fe5,3530,3,9,bpbpbpbp,50.4725897920605,p,p,1,48.38709677419355
fce2706f-a3ad-4314-b3a1-60c713cd6fe5,3530,4,9,pbpbpbpp,52.37226277372263,b,b,1,53.57142857142857
fce2706f-a3ad-4314-b3a1-60c713cd6fe5,3530,5,9,bpbpbppb,57.29349736379613,b,b,1,43.333333333333336
fce2706f-a3ad-4314-b3a1-60c713cd6fe5,3530,6,9,pbpbppbb,50.847457627118644,p,b,0,47.61904761904762
fce2706f-a3ad-4314-b3a1-60c713cd6fe5,3530,7,9,bpbppbbb,51.28205128205128,p,p,1,46.42857142857143
fce2706f-a3ad-4314-b3a1-60c713cd6fe5,3530,8,9,pbppbbbp,52.94117647058824,b,b,1,46.15384615384615
fce2706f-a3ad-4314-b3a1-60c713cd6fe5,3530,9,9,bppbbbpb,52.24913494809689,b,b,1,48.484848484848484
fce2706f-a3ad-4314-b3a1-60c713cd6fe5,3530,10,9,pbbbpbbb,51.34228187919463,p,p,1,36.8421052631579
fce2706f-a3ad-4314-b3a1-60c713cd6fe5,3530,11,9,bpbbbppp,50.0,p,b,0,36.8421052631579
fce2706f-a3ad-4314-b3a1-60c713cd6fe5,3530,12,9,pbbbpppb,51.47347740667977,p,p,1,44.0
fce2706f-a3ad-4314-b3a1-60c713cd6fe5,3530,13,9,bpppbppb,50.1937984496124,b,p,0,50.0
fce2706f-a3ad-4314-b3a1-60c713cd6fe5,3530,14,9,pbppbpbp,51.06761565836299,p,b,0,57.89473684210526
fce2706f-a3ad-4314-b3a1-60c713cd6fe5,3530,15,9,bppbpbpb,50.184501845018445,p,p,1,57.142857142857146
fce2706f-a3ad-4314-b3a1-60c713cd6fe5,3530,17,9,bpbpbpbp,50.4725897920605,p,b,0,48.38709677419355
fce2706f-a3ad-4314-b3a1-60c713cd6fe5,3530,19,9,bpbpbpbb,50.24875621890548,p,p,1,47.05882352941177
fce2706f-a3ad-4314-b3a1-60c713cd6fe5,3530,20,9,pbpbpbbp,50.90909090909091,p,p,1,41.37931034482759
fce2706f-a3ad-4314-b3a1-60c713cd6fe5,3530,21,9,bpbpbbpp,50.355871886120994,p,b,0,58.62068965517241
fce2706f-a3ad-4314-b3a1-60c713cd6fe5,3530,23,9,bpbbppbp,51.386321626617374,b,p,0,45.16129032258065
fce2706f-a3ad-4314-b3a1-60c713cd6fe5,3530,26,9,pbppbppb,54.406130268199234,b,p,0,46.42857142857143
fce2706f-a3ad-4314-b3a1-60c713cd6fe5,3530,29,9,bppbpppb,51.153846153846146,b,p,0,50.0
fce2706f-a3ad-4314-b3a1-60c713cd6fe5,3530,30,9,pbpppbpb,50.583657587548636,b,p,0,42.10526315789474
fce2706f-a3ad-4314-b3a1-60c713cd6fe5,3530,31,9,bpppbpbp,51.70454545454546,b,b,1,46.15384615384615
fce2706f-a3ad-4314-b3a1-60c713cd6fe5,3531,1,9,bpbbppbb,51.31348511383538,p,p,1,44.0
fce2706f-a3ad-4314-b3a1-60c713cd6fe5,3531,2,9,pbbppbbp,50.0,b,p,0,46.42857142857143
fce2706f-a3ad-4314-b3a1-60c713cd6fe5,3531,3,9,bppbbppb,50.08849557522124,p,p,1,41.1764705882353
fce2706f-a3ad-4314-b3a1-60c713cd6fe5,3531,4,9,pbbppbpb,51.332149200710475,b,p,0,37.83783783783784
fce2706f-a3ad-4314-b3a1-60c713cd6fe5,3531,6,9,pbpbpppb,53.383458646616546,b,p,0,41.666666666666664
fce2706f-a3ad-4314-b3a1-60c713cd6fe5,3531,7,9,bpbpppbp,52.25933202357563,b,b,1,44.827586206896555
fce2706f-a3ad-4314-b3a1-60c713cd6fe5,3531,8,9,pbpppbpb,50.583657587548636,b,p,0,42.10526315789474
fce2706f-a3ad-4314-b3a1-60c713cd6fe5,3531,9,9,bpppbpbp,51.70454545454546,b,p,0,46.15384615384615
fce2706f-a3ad-4314-b3a1-60c713cd6fe5,3531,10,9,pbpbppbb,50.847457627118644,p,p,1,47.61904761904762
fce2706f-a3ad-4314-b3a1-60c713cd6fe5,3531,11,9,bpbppbbp,51.85185185185185,b,b,1,48.38709677419355
fce2706f-a3ad-4314-b3a1-60c713cd6fe5,3531,12,9,pbppbbpb,51.97255574614065,p,p,1,45.833333333333336
fce2706f-a3ad-4314-b3a1-60c713cd6fe5,3531,13,9,bppbbpbp,50.358422939068106,p,p,1,60.714285714285715
fce2706f-a3ad-4314-b3a1-60c713cd6fe5,3531,14,9,pbbpbppp,50.69204152249135,p,b,0,46.42857142857143
fce2706f-a3ad-4314-b3a1-60c713cd6fe5,3531,15,9,bpbpppbp,52.25933202357563,b,b,1,44.827586206896555
fce2706f-a3ad-4314-b3a1-60c713cd6fe5,3531,16,9,pbpppbpb,50.583657587548636,b,p,0,42.10526315789474
fce2706f-a3ad-4314-b3a1-60c713cd6fe5,3531,17,9,bpppbpbp,51.70454545454546,b,b,1,46.15384615384615
fce2706f-a3ad-4314-b3a1-60c713cd6fe5,3531,18,9,pbpbpbpp,52.37226277372263,b,b,1,53.57142857142857
fce2706f-a3ad-4314-b3a1-60c713cd6fe5,3531,19,9,bpbpbppb,57.29349736379613,b,b,1,43.333333333333336
fce2706f-a3ad-4314-b3a1-60c713cd6fe5,3531,20,9,pbpbppbb,50.847457627118644,p,b,0,47.61904761904762
fce2706f-a3ad-4314-b3a1-60c713cd6fe5,3531,21,9,bpbppbbb,51.28205128205128,p,p,1,46.42857142857143
fce2706f-a3ad-4314-b3a1-60c713cd6fe5,3531,22,9,pbppbbbp,52.94117647058824,b,p,0,46.15384615384615
fce2706f-a3ad-4314-b3a1-60c713cd6fe5,3531,23,9,bppbbbpp,50.204918032786885,b,b,1,50.0
fce2706f-a3ad-4314-b3a1-60c713cd6fe5,3531,24,9,pbbbppbp,51.85840707964602,b,p,0,42.10526315789474
fce2706f-a3ad-4314-b3a1-60c713cd6fe5,3531,26,9,pbppbbbp,52.94117647058824,b,b,1,46.15384615384615
fce2706f-a3ad-4314-b3a1-60c713cd6fe5,3531,27,9,bppbbbpb,52.24913494809689,b,b,1,48.484848484848484
fce2706f-a3ad-4314-b3a1-60c713cd6fe5,3531,28,9,pbbbpbbp,51.82119205298014,b,p,0,52.54237288135593
fce2706f-a3ad-4314-b3a1-60c713cd6fe5,3531,29,9,bpbbppbp,51.386321626617374,b,p,0,45.16129032258065
fce2706f-a3ad-4314-b3a1-60c713cd6fe5,3531,31,9,bppbpppb,51.153846153846146,b,b,1,50.0
fce2706f-a3ad-4314-b3a1-60c713cd6fe5,3531,33,9,bpppbbbb,50.37037037037037,p,p,1,39.285714285714285
fce2706f-a3ad-4314-b3a1-60c713cd6fe5,3531,34,9,pbbbbpbb,52.78745644599303,p,p,1,38.46153846153846
fce2706f-a3ad-4314-b3a1-60c713cd6fe5,3532,1,9,pbpbpppb,53.383458646616546,b,b,1,41.666666666666664
fce2706f-a3ad-4314-b3a1-60c713cd6fe5,3532,2,9,bpbpppbb,51.045296167247386,p,p,1,36.666666666666664
fce2706f-a3ad-4314-b3a1-60c713cd6fe5,3532,4,9,bpppbbpp,50.19305019305019,p,b,0,53.84615384615385
fce2706f-a3ad-4314-b3a1-60c713cd6fe5,3532,5,9,pbbppbbb,50.70422535211267,b,b,1,60.714285714285715
fce2706f-a3ad-4314-b3a1-60c713cd6fe5,3532,6,9,bppbbbbp,51.07142857142857,b,b,1,46.666666666666664
fce2706f-a3ad-4314-b3a1-60c713cd6fe5,3532,7,9,pbbbbpbp,51.31348511383538,p,p,1,46.42857142857143
fce2706f-a3ad-4314-b3a1-60c713cd6fe5,3532,8,9,bpbppbbb,51.28205128205128,p,b,0,46.42857142857143
fce2706f-a3ad-4314-b3a1-60c713cd6fe5,3532,9,9,pbppbbbb,51.25448028673835,p,p,1,68.51851851851852
fce2706f-a3ad-4314-b3a1-60c713cd6fe5,3532,10,9,bppbbbbp,51.07142857142857,b,p,0,46.666666666666664
fce2706f-a3ad-4314-b3a1-60c713cd6fe5,3532,12,9,bppbbbbp,51.07142857142857,b,b,1,46.666666666666664
fce2706f-a3ad-4314-b3a1-60c713cd6fe5,3532,13,9,pbbbbpbb,52.78745644599303,p,b,0,38.46153846153846
fce2706f-a3ad-4314-b3a1-60c713cd6fe5,3532,14,9,bpbbbbpp,51.132075471698116,b,b,1,40.54054054054054
fce2706f-a3ad-4314-b3a1-60c713cd6fe5,3532,16,9,bppbbbbp,51.07142857142857,b,b,1,46.666666666666664
fce2706f-a3ad-4314-b3a1-60c713cd6fe5,3532,17,9,pbbbbpbb,52.78745644599303,p,p,1,38.46153846153846
fce2706f-a3ad-4314-b3a1-60c713cd6fe5,3532,18,9,bpbbpbbp,55.57275541795666,b,b,1,47.916666666666664
fce2706f-a3ad-4314-b3a1-60c713cd6fe5,3532,19,9,pbbpbbpb,50.0,p,b,0,56.0
fce2706f-a3ad-4314-b3a1-60c713cd6fe5,3532,20,9,bpbbpbbb,53.00171526586621,b,b,1,36.36363636363637
fce2706f-a3ad-4314-b3a1-60c713cd6fe5,3532,21,9,pbbpbbbb,55.631399317406135,p,b,0,42.42424242424242
fce2706f-a3ad-4314-b3a1-60c713cd6fe5,3532,22,9,bpbbbbbp,52.1505376344086,p,p,1,47.82608695652174
fce2706f-a3ad-4314-b3a1-60c713cd6fe5,3533,1,9,pbbbppbb,53.10734463276836,b,b,1,41.935483870967744
fce2706f-a3ad-4314-b3a1-60c713cd6fe5,3533,2,9,bppbbbpp,50.204918032786885,b,p,0,50.0
fce2706f-a3ad-4314-b3a1-60c713cd6fe5,3533,3,9,pbbbpppp,55.03875968992248,b,p,0,47.82608695652174
fce2706f-a3ad-4314-b3a1-60c713cd6fe5,3533,4,9,bpppppbp,50.39682539682539,b,p,0,55.172413793103445
fce2706f-a3ad-4314-b3a1-60c713cd6fe5,3533,5,9,pbppbpbp,51.06761565836299,p,p,1,57.89473684210526
fce2706f-a3ad-4314-b3a1-60c713cd6fe5,3533,7,9,pbpbppbb,50.847457627118644,p,b,0,47.61904761904762
fce2706f-a3ad-4314-b3a1-60c713cd6fe5,3533,8,9,bpbppbbb,51.28205128205128,p,b,0,46.42857142857143
fce2706f-a3ad-4314-b3a1-60c713cd6fe5,3533,9,9,pbppbbbb,51.25448028673835,p,p,1,68.51851851851852
fce2706f-a3ad-4314-b3a1-60c713cd6fe5,3533,10,9,bppbbbbp,51.07142857142857,b,b,1,46.666666666666664
fce2706f-a3ad-4314-b3a1-60c713cd6fe5,3533,11,9,pbbbbpbp,51.31348511383538,p,b,0,46.42857142857143
fce2706f-a3ad-4314-b3a1-60c713cd6fe5,3533,12,9,bpbpbpbb,50.24875621890548,p,b,0,47.05882352941177
fce2706f-a3ad-4314-b3a1-60c713cd6fe5,3533,13,9,pbpbpbbb,50.68259385665529,p,b,0,48.0
fce2706f-a3ad-4314-b3a1-60c713cd6fe5,3533,16,9,bpbbbbpb,50.24711696869851,p,p,1,59.57446808510638
fce2706f-a3ad-4314-b3a1-60c713cd6fe5,3533,17,9,pbbbbpbp,51.31348511383538,p,p,1,46.42857142857143
fce2706f-a3ad-4314-b3a1-60c713cd6fe5,3533,18,9,bpbppbpp,50.09560229445506,p,b,0,44.827586206896555
fce2706f-a3ad-4314-b3a1-60c713cd6fe5,3533,19,9,pbppbppb,54.406130268199234,b,b,1,46.42857142857143
fce2706f-a3ad-4314-b3a1-60c713cd6fe5,3533,21,9,pbppbbbb,51.25448028673835,p,p,1,68.51851851851852
fce2706f-a3ad-4314-b3a1-60c713cd6fe5,3533,22,9,bppbbbbp,51.07142857142857,b,p,0,46.666666666666664
fce2706f-a3ad-4314-b3a1-60c713cd6fe5,3533,23,9,pbbbbppp,51.10663983903421,b,p,0,50.0
fce2706f-a3ad-4314-b3a1-60c713cd6fe5,3533,24,9,bpppppbp,50.39682539682539,b,b,1,55.172413793103445
fce2706f-a3ad-4314-b3a1-60c713cd6fe5,3534,1,9,pbbbppbb,53.10734463276836,b,p,0,41.935483870967744
fce2706f-a3ad-4314-b3a1-60c713cd6fe5,3534,2,9,bppbbpbp,50.358422939068106,p,b,0,60.714285714285715
fce2706f-a3ad-4314-b3a1-60c713cd6fe5,3534,3,9,pbbpbpbp,51.19047619047619,p,p,1,30.76923076923077
fce2706f-a3ad-4314-b3a1-60c713cd6fe5,3534,4,9,bpbpbppb,57.29349736379613,b,p,0,43.333333333333336
fce2706f-a3ad-4314-b3a1-60c713cd6fe5,3534,6,9,bpbppbpb,50.0,b,b,1,50.0
fce2706f-a3ad-4314-b3a1-60c713cd6fe5,3534,7,9,pbppbpbb,51.13636363636363,p,p,1,45.45454545454545
fce2706f-a3ad-4314-b3a1-60c713cd6fe5,3534,9,9,pbpbbppp,54.79204339963834,b,b,1,33.333333333333336
fce2706f-a3ad-4314-b3a1-60c713cd6fe5,3534,10,9,bpbbpppb,51.48514851485149,b,b,1,45.833333333333336
fce2706f-a3ad-4314-b3a1-60c713cd6fe5,3534,12,9,bpppbbbb,50.37037037037037,p,p,1,39.285714285714285
fce2706f-a3ad-4314-b3a1-60c713cd6fe5,3534,13,9,pbbbbppp,51.10663983903421,b,b,1,50.0
fce2706f-a3ad-4314-b3a1-60c713cd6fe5,3534,14,9,bpppbbpb,50.34246575342466,p,b,0,60.714285714285715
fce2706f-a3ad-4314-b3a1-60c713cd6fe5,3534,15,9,pbbpbbpp,50.80789946140036,p,p,1,56.25
fce2706f-a3ad-4314-b3a1-60c713cd6fe5,3534,16,9,bpbbpppb,51.48514851485149,b,b,1,45.833333333333336
fce2706f-a3ad-4314-b3a1-60c713cd6fe5,3534,18,9,bpppbbbb,50.37037037037037,p,b,0,39.285714285714285
fce2706f-a3ad-4314-b3a1-60c713cd6fe5,3536,1,9,pbbpbbbp,51.92307692307693,b,b,1,43.24324324324324
fce2706f-a3ad-4314-b3a1-60c713cd6fe5,3536,2,9,bpbbbpbp,51.03448275862069,b,b,1,46.42857142857143
fce2706f-a3ad-4314-b3a1-60c713cd6fe5,3536,3,9,pbbbpbpb,51.97255574614065,p,b,0,53.7037037037037
fce2706f-a3ad-4314-b3a1-60c713cd6fe5,3536,4,9,bpbpbbpp,50.355871886120994,p,b,0,58.62068965517241
fce2706f-a3ad-4314-b3a1-60c713cd6fe5,3536,6,9,bpbbppbb,51.31348511383538,p,p,1,44.0
fce2706f-a3ad-4314-b3a1-60c713cd6fe5,3536,7,9,pbbppbbp,50.0,b,p,0,46.42857142857143
fce2706f-a3ad-4314-b3a1-60c713cd6fe5,3536,8,9,bppbbppb,50.08849557522124,p,p,1,41.1764705882353
fce2706f-a3ad-4314-b3a1-60c713cd6fe5,3536,11,9,pbppbbbb,51.25448028673835,p,p,1,68.51851851851852
fce2706f-a3ad-4314-b3a1-60c713cd6fe5,3536,12,9,bppbbbbp,51.07142857142857,b,b,1,46.666666666666664
fce2706f-a3ad-4314-b3a1-60c713cd6fe5,3536,13,9,pbbbbpbb,52.78745644599303,p,p,1,38.46153846153846
fce2706f-a3ad-4314-b3a1-60c713cd6fe5,3536,14,9,bpbbppbp,51.386321626617374,b,p,0,45.16129032258065
fce2706f-a3ad-4314-b3a1-60c713cd6fe5,3536,16,9,bppbpppb,51.153846153846146,b,b,1,50.0
fce2706f-a3ad-4314-b3a1-60c713cd6fe5,3536,19,9,pbbbpppp,55.03875968992248,b,b,1,47.82608695652174
fce2706f-a3ad-4314-b3a1-60c713cd6fe5,3537,1,9,pbbbpppp,55.03875968992248,b,p,0,47.82608695652174
fce2706f-a3ad-4314-b3a1-60c713cd6fe5,3537,2,9,bpppppbb,52.44618395303326,p,b,0,48.148148148148145
fce2706f-a3ad-4314-b3a1-60c713cd6fe5,3537,3,9,pbbbbbpb,51.12359550561798,b,b,1,54.83870967741935
fce2706f-a3ad-4314-b3a1-60c713cd6fe5,3537,4,9,bpbbppbb,51.31348511383538,p,b,0,44.0
fce2706f-a3ad-4314-b3a1-60c713cd6fe5,3537,5,9,pbbppbbb,50.70422535211267,b,p,0,60.714285714285715
fce2706f-a3ad-4314-b3a1-60c713cd6fe5,3537,6,9,bppbbbpp,50.204918032786885,b,p,0,50.0
fce2706f-a3ad-4314-b3a1-60c713cd6fe5,3537,7,9,pbbbpppb,51.47347740667977,p,b,0,44.0
fce2706f-a3ad-4314-b3a1-60c713cd6fe5,3537,8,9,bpppbbpp,50.19305019305019,p,b,0,53.84615384615385
fce2706f-a3ad-4314-b3a1-60c713cd6fe5,3537,9,9,pbbppbbp,50.0,b,p,0,46.42857142857143
fce2706f-a3ad-4314-b3a1-60c713cd6fe5,3537,10,9,bppbbppb,50.08849557522124,p,b,0,41.1764705882353
fce2706f-a3ad-4314-b3a1-60c713cd6fe5,3537,11,9,pbbppbbb,50.70422535211267,b,p,0,60.714285714285715
fce2706f-a3ad-4314-b3a1-60c713cd6fe5,3537,12,9,bppbbbpp,50.204918032786885,b,p,0,50.0
fce2706f-a3ad-4314-b3a1-60c713cd6fe5,3537,13,9,pbbbpppb,51.47347740667977,p,b,0,44.0
fce2706f-a3ad-4314-b3a1-60c713cd6fe5,3537,14,9,bpppbbpb,50.34246575342466,p,b,0,60.714285714285715
fce2706f-a3ad-4314-b3a1-60c713cd6fe5,3537,15,9,pbbpbbpp,50.80789946140036,p,p,1,56.25
fce2706f-a3ad-4314-b3a1-60c713cd6fe5,3537,16,9,bpbbpppb,51.48514851485149,b,b,1,45.833333333333336
fce2706f-a3ad-4314-b3a1-60c713cd6fe5,3537,18,9,bpppbbpb,50.34246575342466,p,p,1,60.714285714285715
fce2706f-a3ad-4314-b3a1-60c713cd6fe5,3538,1,9,pbbpbpbb,52.53940455341506,b,p,0,56.09756097560975
fce2706f-a3ad-4314-b3a1-60c713cd6fe5,3538,2,9,bpbpbbpp,50.355871886120994,p,p,1,58.62068965517241
fce2706f-a3ad-4314-b3a1-60c713cd6fe5,3538,3,9,pbpbbppp,54.79204339963834,b,b,1,33.333333333333336
fce2706f-a3ad-4314-b3a1-60c713cd6fe5,3538,4,9,bpbbpppb,51.48514851485149,b,b,1,45.833333333333336
fce2706f-a3ad-4314-b3a1-60c713cd6fe5,3538,6,9,bpppbbpb,50.34246575342466,p,b,0,60.714285714285715
fce2706f-a3ad-4314-b3a1-60c713cd6fe5,3538,7,9,pbbpbbpb,50.0,p,b,0,56.0
fce2706f-a3ad-4314-b3a1-60c713cd6fe5,3538,8,9,bpbbpbbp,55.57275541795666,b,p,0,47.916666666666664
fce2706f-a3ad-4314-b3a1-60c713cd6fe5,3538,9,9,pbbpbbpp,50.80789946140036,p,b,0,56.25
fce2706f-a3ad-4314-b3a1-60c713cd6fe5,3538,10,9,bpbbppbp,51.386321626617374,b,p,0,45.16129032258065
fce2706f-a3ad-4314-b3a1-60c713cd6fe5,3538,13,9,pbppbppb,54.406130268199234,b,b,1,46.42857142857143
fce2706f-a3ad-4314-b3a1-60c713cd6fe5,3538,15,9,pbppbbbp,52.94117647058824,b,p,0,46.15384615384615
fce2706f-a3ad-4314-b3a1-60c713cd6fe5,3538,16,9,bppbbbpp,50.204918032786885,b,b,1,50.0
fce2706f-a3ad-4314-b3a1-60c713cd6fe5,3538,17,9,pbbbppbb,53.10734463276836,b,p,0,41.935483870967744
fce2706f-a3ad-4314-b3a1-60c713cd6fe5,3538,18,9,bppbbpbp,50.358422939068106,p,p,1,60.714285714285715
fce2706f-a3ad-4314-b3a1-60c713cd6fe5,3538,19,9,pbbpbppb,51.045296167247386,b,p,0,43.333333333333336
fce2706f-a3ad-4314-b3a1-60c713cd6fe5,3538,20,9,bpbppbpp,50.09560229445506,p,p,1,44.827586206896555
fce2706f-a3ad-4314-b3a1-60c713cd6fe5,3538,23,9,pbpppppp,50.40650406504065,p,b,0,69.56521739130434
fce2706f-a3ad-4314-b3a1-60c713cd6fe5,3538,24,9,bppppppb,50.41152263374485,b,p,0,41.666666666666664
fce2706f-a3ad-4314-b3a1-60c713cd6fe5,3538,25,9,pbpbpbbp,50.90909090909091,p,p,1,41.37931034482759
fce2706f-a3ad-4314-b3a1-60c713cd6fe5,3538,26,9,bpbpbbpp,50.355871886120994,p,p,1,58.62068965517241
fce2706f-a3ad-4314-b3a1-60c713cd6fe5,3538,27,9,pbpbbppp,54.79204339963834,b,b,1,33.333333333333336
fce2706f-a3ad-4314-b3a1-60c713cd6fe5,3538,28,9,bpbbpppb,51.48514851485149,b,b,1,45.833333333333336
fce2706f-a3ad-4314-b3a1-60c713cd6fe5,3539,1,9,bpbbbpbb,50.31055900621118,b,p,0,44.44444444444444
fce2706f-a3ad-4314-b3a1-60c713cd6fe5,3539,2,9,pbbbpbbp,51.82119205298014,b,p,0,52.54237288135593
fce2706f-a3ad-4314-b3a1-60c713cd6fe5,3539,3,9,bpbbpppb,51.48514851485149,b,p,0,45.833333333333336
fce2706f-a3ad-4314-b3a1-60c713cd6fe5,3539,4,9,pbbpppbp,54.93934142114385,b,b,1,47.22222222222222
fce2706f-a3ad-4314-b3a1-60c713cd6fe5,3539,5,9,bpppbpbp,51.70454545454546,b,b,1,46.15384615384615
fce2706f-a3ad-4314-b3a1-60c713cd6fe5,3539,6,9,pbpbpbpp,52.37226277372263,b,b,1,53.57142857142857
fce2706f-a3ad-4314-b3a1-60c713cd6fe5,3539,7,9,bpbpbppb,57.29349736379613,b,b,1,43.333333333333336
fce2706f-a3ad-4314-b3a1-60c713cd6fe5,3539,8,9,pbpbppbb,50.847457627118644,p,p,1,47.61904761904762
fce2706f-a3ad-4314-b3a1-60c713cd6fe5,3539,9,9,bpbppbbp,51.85185185185185,b,b,1,48.38709677419355
fce2706f-a3ad-4314-b3a1-60c713cd6fe5,3539,10,9,pbppbbpb,51.97255574614065,p,p,1,45.833333333333336
fce2706f-a3ad-4314-b3a1-60c713cd6fe5,3539,11,9,bppbbpbp,50.358422939068106,p,p,1,60.714285714285715
fce2706f-a3ad-4314-b3a1-60c713cd6fe5,3539,12,9,pbbpbppp,50.69204152249135,p,p,1,46.42857142857143
fce2706f-a3ad-4314-b3a1-60c713cd6fe5,3539,13,9,bpbppppb,52.508960573476706,b,b,1,48.83720930232558
fce2706f-a3ad-4314-b3a1-60c713cd6fe5,3539,14,9,pbppppbb,50.358422939068106,b,p,0,47.36842105263158
fce2706f-a3ad-4314-b3a1-60c713cd6fe5,3539,15,9,bppppbbp,51.4336917562724,b,p,0,33.333333333333336
fce2706f-a3ad-4314-b3a1-60c713cd6fe5,3539,18,9,pbppbbbp,52.94117647058824,b,p,0,46.15384615384615
fce2706f-a3ad-4314-b3a1-60c713cd6fe5,3539,19,9,bppbbbpp,50.204918032786885,b,p,0,50.0
fce2706f-a3ad-4314-b3a1-60c713cd6fe5,3539,20,9,pbbbpppp,55.03875968992248,b,b,1,47.82608695652174
fce2706f-a3ad-4314-b3a1-60c713cd6fe5,3539,21,9,bppppbpp,50.0,p,p,1,47.22222222222222
fce2706f-a3ad-4314-b3a1-60c713cd6fe5,3539,23,9,bpppbbpp,50.19305019305019,p,p,1,53.84615384615385
fce2706f-a3ad-4314-b3a1-60c713cd6fe5,3539,26,9,pbbbppbb,53.10734463276836,b,b,1,41.935483870967744
fce2706f-a3ad-4314-b3a1-60c713cd6fe5,3539,27,9,bppbbbpb,52.24913494809689,b,b,1,48.484848484848484
fce2706f-a3ad-4314-b3a1-60c713cd6fe5,3539,28,9,pbbbpbbb,51.34228187919463,p,b,0,36.8421052631579
fce2706f-a3ad-4314-b3a1-60c713cd6fe5,3539,29,9,bpbbbbbp,52.1505376344086,p,b,0,47.82608695652174
fce2706f-a3ad-4314-b3a1-60c713cd6fe5,3539,30,9,pbbbbbpb,51.12359550561798,b,b,1,54.83870967741935
fce2706f-a3ad-4314-b3a1-60c713cd6fe5,3541,1,9,pbbpbbpp,50.80789946140036,p,p,1,56.25
fce2706f-a3ad-4314-b3a1-60c713cd6fe5,3541,2,9,bpbbpppp,51.930501930501926,b,b,1,37.93103448275862
fce2706f-a3ad-4314-b3a1-60c713cd6fe5,3541,3,9,pbbppppb,53.93053016453382,p,p,1,46.666666666666664
fce2706f-a3ad-4314-b3a1-60c713cd6fe5,3541,4,9,bppppbpp,50.0,p,p,1,47.22222222222222
fce2706f-a3ad-4314-b3a1-60c713cd6fe5,3541,5,9,pbppppbp,52.38095238095239,b,b,1,40.0
fce2706f-a3ad-4314-b3a1-60c713cd6fe5,3541,8,9,bpbpbpbb,50.24875621890548,p,b,0,47.05882352941177
fce2706f-a3ad-4314-b3a1-60c713cd6fe5,3541,9,9,pbpbpbbb,50.68259385665529,p,p,1,48.0
fce2706f-a3ad-4314-b3a1-60c713cd6fe5,3541,12,9,bpbbbpbp,51.03448275862069,b,b,1,46.42857142857143
fce2706f-a3ad-4314-b3a1-60c713cd6fe5,3541,13,9,pbbbpbpb,51.97255574614065,p,p,1,53.7037037037037
fce2706f-a3ad-4314-b3a1-60c713cd6fe5,3541,14,9,bpbpbpbb,50.24875621890548,p,p,1,47.05882352941177
fce2706f-a3ad-4314-b3a1-60c713cd6fe5,3541,15,9,pbpbpbbp,50.90909090909091,p,p,1,41.37931034482759
fce2706f-a3ad-4314-b3a1-60c713cd6fe5,3541,16,9,bpbpbbpp,50.355871886120994,p,b,0,58.62068965517241
fce2706f-a3ad-4314-b3a1-60c713cd6fe5,3541,18,9,bpbbppbb,51.31348511383538,p,b,0,44.0
fce2706f-a3ad-4314-b3a1-60c713cd6fe5,3541,19,9,pbbppbbb,50.70422535211267,b,p,0,60.714285714285715
fce2706f-a3ad-4314-b3a1-60c713cd6fe5,3541,20,9,bppbbbpp,50.204918032786885,b,p,0,50.0
fce2706f-a3ad-4314-b3a1-60c713cd6fe5,3541,21,9,pbbbpppp,55.03875968992248,b,b,1,47.82608695652174
fce2706f-a3ad-4314-b3a1-60c713cd6fe5,3541,22,9,bppppbbp,51.4336917562724,b,p,0,33.333333333333336
fce2706f-a3ad-4314-b3a1-60c713cd6fe5,3541,23,9,pbbpppbp,54.93934142114385,b,b,1,47.22222222222222
fce2706f-a3ad-4314-b3a1-60c713cd6fe5,3541,24,9,bpppbpbp,51.70454545454546,b,b,1,46.15384615384615
fce2706f-a3ad-4314-b3a1-60c713cd6fe5,3541,25,9,pbpbpbbb,50.68259385665529,p,b,0,48.0
fce2706f-a3ad-4314-b3a1-60c713cd6fe5,3541,28,9,bpbbbbpp,51.132075471698116,b,p,0,40.54054054054054
fce2706f-a3ad-4314-b3a1-60c713cd6fe5,3542,1,9,bpbpbppb,57.29349736379613,b,b,1,43.333333333333336
fce2706f-a3ad-4314-b3a1-60c713cd6fe5,3542,2,9,pbpbppbb,50.847457627118644,p,p,1,47.61904761904762
fce2706f-a3ad-4314-b3a1-60c713cd6fe5,3542,3,9,bpbppbbp,51.85185185185185,b,b,1,48.38709677419355
fce2706f-a3ad-4314-b3a1-60c713cd6fe5,3542,4,9,pbppbbpb,51.97255574614065,p,b,0,45.833333333333336
fce2706f-a3ad-4314-b3a1-60c713cd6fe5,3542,5,9,bppbbpbb,50.0,p,b,0,45.16129032258065
fce2706f-a3ad-4314-b3a1-60c713cd6fe5,3542,6,9,pbbpbbbp,51.92307692307693,b,p,0,43.24324324324324
fce2706f-a3ad-4314-b3a1-60c713cd6fe5,3542,7,9,bpbbbppb,51.7948717948718,p,p,1,40.90909090909091
fce2706f-a3ad-4314-b3a1-60c713cd6fe5,3542,8,9,pbbbppbp,51.85840707964602,b,b,1,42.10526315789474
fce2706f-a3ad-4314-b3a1-60c713cd6fe5,3542,11,9,bpbppbpp,50.09560229445506,p,p,1,44.827586206896555
fce2706f-a3ad-4314-b3a1-60c713cd6fe5,3542,14,9,pbpppppp,50.40650406504065,p,p,1,69.56521739130434
fce2706f-a3ad-4314-b3a1-60c713cd6fe5,3542,15,9,bppppppp,51.61290322580645,b,b,1,40.0
fce2706f-a3ad-4314-b3a1-60c713cd6fe5,3542,16,9,pbbppbpb,51.332149200710475,b,b,1,37.83783783783784
fce2706f-a3ad-4314-b3a1-60c713cd6fe5,3542,19,9,bpbbpbpb,53.04347826086957,p,b,0,48.148148148148145
fce2706f-a3ad-4314-b3a1-60c713cd6fe5,3542,20,9,pbbpbpbb,52.53940455341506,b,b,1,56.09756097560975
fce2706f-a3ad-4314-b3a1-60c713cd6fe5,3542,22,9,pbpbbbbb,50.936967632027255,b,b,1,55.0
fce2706f-a3ad-4314-b3a1-60c713cd6fe5,3542,24,9,pbbbbbbb,50.24630541871922,b,p,0,55.55555555555556
fce2706f-a3ad-4314-b3a1-60c713cd6fe5,3543,2,9,bpppbbbb,50.37037037037037,p,b,0,39.285714285714285
fce2706f-a3ad-4314-b3a1-60c713cd6fe5,3543,4,9,bppbpbpb,50.184501845018445,p,p,1,57.142857142857146
fce2706f-a3ad-4314-b3a1-60c713cd6fe5,3543,5,9,pbpbpbpp,52.37226277372263,b,p,0,53.57142857142857
fce2706f-a3ad-4314-b3a1-60c713cd6fe5,3543,6,9,bpbpbppp,50.912408759124084,b,b,1,58.18181818181818
fce2706f-a3ad-4314-b3a1-60c713cd6fe5,3543,7,9,pbpbpppb,53.383458646616546,b,b,1,41.666666666666664
fce2706f-a3ad-4314-b3a1-60c713cd6fe5,3543,8,9,bpbpppbb,51.045296167247386,p,p,1,36.666666666666664
fce2706f-a3ad-4314-b3a1-60c713cd6fe5,3543,10,9,bpppbbpp,50.19305019305019,p,b,0,53.84615384615385
fce2706f-a3ad-4314-b3a1-60c713cd6fe5,3543,11,9,pbbppbbb,50.70422535211267,b,b,1,60.714285714285715
fce2706f-a3ad-4314-b3a1-60c713cd6fe5,3543,12,9,bppbbbbp,51.07142857142857,b,p,0,46.666666666666664
fce2706f-a3ad-4314-b3a1-60c713cd6fe5,3543,13,9,pbbbbppp,51.10663983903421,b,p,0,50.0
fce2706f-a3ad-4314-b3a1-60c713cd6fe5,3543,14,9,bppppppb,50.41152263374485,b,b,1,41.666666666666664
fce2706f-a3ad-4314-b3a1-60c713cd6fe5,3543,15,9,pbbbpbbb,51.34228187919463,p,b,0,36.8421052631579
fce2706f-a3ad-4314-b3a1-60c713cd6fe5,3543,16,9,bpbbbbpp,51.132075471698116,b,b,1,40.54054054054054
222589e5-0430-44b6-ad5e-0ab94f80c364,3544,2,9,pbbpbppp,50.689655172413794,p,p,1,46.42857142857143
222589e5-0430-44b6-ad5e-0ab94f80c364,3544,3,9,bpbppppb,52.59391771019678,b,b,1,48.83720930232558
222589e5-0430-44b6-ad5e-0ab94f80c364,3544,4,9,pbppppbb,50.268336314847936,b,p,0,47.36842105263158
222589e5-0430-44b6-ad5e-0ab94f80c364,3544,5,9,bppppbbp,51.24999999999999,b,b,1,33.333333333333336
222589e5-0430-44b6-ad5e-0ab94f80c364,3544,6,9,pbbpbbpb,50.155763239875384,b,p,0,56.0
222589e5-0430-44b6-ad5e-0ab94f80c364,3544,7,9,bpbbpbpb,52.951388888888886,p,b,0,48.148148148148145
222589e5-0430-44b6-ad5e-0ab94f80c364,3544,8,9,pbbpbpbb,52.5305410122164,b,p,0,56.09756097560975
222589e5-0430-44b6-ad5e-0ab94f80c364,3544,9,9,bpbpbbpb,51.24999999999999,b,p,0,45.16129032258065
222589e5-0430-44b6-ad5e-0ab94f80c364,3544,10,9,pbpbbpbp,51.985559566786996,p,b,0,48.717948717948715
222589e5-0430-44b6-ad5e-0ab94f80c364,3544,11,9,bpbbpbpb,52.951388888888886,p,b,0,48.148148148148145
222589e5-0430-44b6-ad5e-0ab94f80c364,3544,12,9,pbbpbpbb,52.5305410122164,b,b,1,56.09756097560975
222589e5-0430-44b6-ad5e-0ab94f80c364,3544,15,9,bpbbbppp,50.09823182711198,b,p,0,36.8421052631579
222589e5-0430-44b6-ad5e-0ab94f80c364,3544,16,9,pbbbpppp,55.08637236084453,b,b,1,47.82608695652174
222589e5-0430-44b6-ad5e-0ab94f80c364,3544,17,9,bppppbpp,50.18796992481202,p,p,1,47.22222222222222
222589e5-0430-44b6-ad5e-0ab94f80c364,3544,18,9,pbpppppp,50.40485829959515,p,b,0,69.56521739130434
222589e5-0430-44b6-ad5e-0ab94f80c364,3544,19,9,bppppppb,50.409836065573764,b,b,1,41.666666666666664
222589e5-0430-44b6-ad5e-0ab94f80c364,3544,20,9,pbbbppbp,51.85185185185185,b,b,1,42.10526315789474
222589e5-0430-44b6-ad5e-0ab94f80c364,3544,23,9,bpbbbppp,50.09823182711198,b,p,0,36.8421052631579
222589e5-0430-44b6-ad5e-0ab94f80c364,3544,24,9,pbbbpppp,55.08637236084453,b,p,0,47.82608695652174
222589e5-0430-44b6-ad5e-0ab94f80c364,3545,1,9,pbbppbbb,50.6108202443281,b,b,1,60.714285714285715
222589e5-0430-44b6-ad5e-0ab94f80c364,3545,2,9,bppbbbbb,56.111111111111114,b,b,1,40.0
222589e5-0430-44b6-ad5e-0ab94f80c364,3545,3,9,pbbbbbbb,50.1639344262295,b,b,1,55.55555555555556
222589e5-0430-44b6-ad5e-0ab94f80c364,3545,4,9,bpbpbpbp,50.470809792843696,p,b,0,48.38709677419355
222589e5-0430-44b6-ad5e-0ab94f80c364,3545,6,9,bpbpbpbb,50.24711696869851,p,p,1,47.05882352941177
222589e5-0430-44b6-ad5e-0ab94f80c364,3545,7,9,pbpbpbbp,51.17540687160941,p,p,1,41.37931034482759
222589e5-0430-44b6-ad5e-0ab94f80c364,3545,8,9,bpbpbbpp,50.264550264550266,p,b,0,58.62068965517241
222589e5-0430-44b6-ad5e-0ab94f80c364,3545,10,9,bpbbppbp,51.00917431192661,b,b,1,45.16129032258065
222589e5-0430-44b6-ad5e-0ab94f80c364,3545,11,9,pbbppbpb,51.32743362831859,b,b,1,37.83783783783784
222589e5-0430-44b6-ad5e-0ab94f80c364,3545,13,9,pbpbbpbb,51.206896551724135,p,b,0,39.02439024390244
222589e5-0430-44b6-ad5e-0ab94f80c364,3545,14,9,bpbbpbbb,53.082191780821915,b,p,0,36.36363636363637
222589e5-0430-44b6-ad5e-0ab94f80c364,3545,15,9,pbbpbbbp,51.91637630662021,b,p,0,43.24324324324324
222589e5-0430-44b6-ad5e-0ab94f80c364,3546,1,9,pbbpbbpp,50.98039215686274,p,b,0,56.25
222589e5-0430-44b6-ad5e-0ab94f80c364,3546,2,9,bpbbppbb,51.30434782608696,p,p,1,44.0
222589e5-0430-44b6-ad5e-0ab94f80c364,3546,3,9,pbbppbbp,50.25996533795494,p,p,1,46.42857142857143
222589e5-0430-44b6-ad5e-0ab94f80c364,3546,4,9,bppbbppb,50.176056338028175,p,p,1,41.1764705882353
222589e5-0430-44b6-ad5e-0ab94f80c364,3546,5,9,pbbppbpb,51.32743362831859,b,p,0,37.83783783783784
222589e5-0430-44b6-ad5e-0ab94f80c364,3546,8,9,bpbppppp,51.84466019417475,b,b,1,42.857142857142854
222589e5-0430-44b6-ad5e-0ab94f80c364,3546,9,9,pbpppppb,50.2970297029703,p,b,0,62.5
222589e5-0430-44b6-ad5e-0ab94f80c364,3546,10,9,bpppppbb,52.34375,p,p,1,48.148148148148145
222589e5-0430-44b6-ad5e-0ab94f80c364,3546,11,9,pbbpbbpb,50.155763239875384,b,b,1,56.0
222589e5-0430-44b6-ad5e-0ab94f80c364,3546,12,9,bpbbpbbb,53.082191780821915,b,p,0,36.36363636363637
222589e5-0430-44b6-ad5e-0ab94f80c364,3546,13,9,pbbpbbbp,51.91637630662021,b,b,1,43.24324324324324
222589e5-0430-44b6-ad5e-0ab94f80c364,3546,14,9,bpbbbpbb,50.23255813953489,b,b,1,44.44444444444444
222589e5-0430-44b6-ad5e-0ab94f80c364,3546,15,9,pbbbpbbb,51.25208681135225,p,b,0,36.8421052631579
222589e5-0430-44b6-ad5e-0ab94f80c364,3546,17,9,pbbbbbbb,50.1639344262295,b,p,0,55.55555555555556
222589e5-0430-44b6-ad5e-0ab94f80c364,3546,18,9,bpbbppbp,51.00917431192661,b,p,0,45.16129032258065
222589e5-0430-44b6-ad5e-0ab94f80c364,3546,19,9,pbbppbpp,51.20593692022264,p,p,1,56.16438356164384
222589e5-0430-44b6-ad5e-0ab94f80c364,3546,21,9,pbpppppp,50.40485829959515,p,p,1,69.56521739130434
222589e5-0430-44b6-ad5e-0ab94f80c364,3546,22,9,bppppppp,51.710261569416495,b,p,0,40.0
222589e5-0430-44b6-ad5e-0ab94f80c364,3546,23,9,pbpbpbbp,51.17540687160941,p,b,0,41.37931034482759
222589e5-0430-44b6-ad5e-0ab94f80c364,3546,24,9,bpbpbbpb,51.24999999999999,b,b,1,45.16129032258065
222589e5-0430-44b6-ad5e-0ab94f80c364,3546,25,9,pbpbbpbb,51.206896551724135,p,b,0,39.02439024390244
222589e5-0430-44b6-ad5e-0ab94f80c364,3546,26,9,bpbbpbbb,53.082191780821915,b,b,1,36.36363636363637
222589e5-0430-44b6-ad5e-0ab94f80c364,3546,27,9,pbbpbbbb,55.5366269165247,p,b,0,42.42424242424242
222589e5-0430-44b6-ad5e-0ab94f80c364,3547,1,9,bppbbbpb,52.49569707401033,b,p,0,48.484848484848484
222589e5-0430-44b6-ad5e-0ab94f80c364,3547,2,9,pbbbpbpb,51.96581196581197,p,p,1,53.7037037037037
222589e5-0430-44b6-ad5e-0ab94f80c364,3547,3,9,bpbpbpbp,50.470809792843696,p,p,1,48.38709677419355
222589e5-0430-44b6-ad5e-0ab94f80c364,3547,4,9,pbpbpbpp,52.53623188405797,b,p,0,53.57142857142857
222589e5-0430-44b6-ad5e-0ab94f80c364,3547,5,9,bpbpbppp,51.001821493624774,b,p,0,58.18181818181818
222589e5-0430-44b6-ad5e-0ab94f80c364,3547,7,9,bpbppppp,51.84466019417475,b,b,1,42.857142857142854
222589e5-0430-44b6-ad5e-0ab94f80c364,3547,8,9,pbpppppb,50.2970297029703,p,b,0,62.5
222589e5-0430-44b6-ad5e-0ab94f80c364,3547,9,9,bpppppbb,52.34375,p,p,1,48.148148148148145
222589e5-0430-44b6-ad5e-0ab94f80c364,3547,10,9,pbbppbpp,51.20593692022264,p,p,1,56.16438356164384
222589e5-0430-44b6-ad5e-0ab94f80c364,3547,12,9,pbpppppp,50.40485829959515,p,p,1,69.56521739130434
222589e5-0430-44b6-ad5e-0ab94f80c364,3547,13,9,bppppppp,51.710261569416495,b,p,0,40.0
222589e5-0430-44b6-ad5e-0ab94f80c364,3547,14,9,pbbppbpp,51.20593692022264,p,b,0,56.16438356164384
222589e5-0430-44b6-ad5e-0ab94f80c364,3547,16,9,pbppbbpp,52.80289330922242,b,b,1,41.935483870967744
222589e5-0430-44b6-ad5e-0ab94f80c364,3547,17,9,bppbbppb,50.176056338028175,p,b,0,41.1764705882353
222589e5-0430-44b6-ad5e-0ab94f80c364,3547,18,9,pbbppbbb,50.6108202443281,b,p,0,60.714285714285715
222589e5-0430-44b6-ad5e-0ab94f80c364,3547,19,9,bppbbbpb,52.49569707401033,b,p,0,48.484848484848484
222589e5-0430-44b6-ad5e-0ab94f80c364,3548,2,9,bpbbppbp,51.00917431192661,b,b,1,45.16129032258065
222589e5-0430-44b6-ad5e-0ab94f80c364,3548,3,9,pbbppbpb,51.32743362831859,b,p,0,37.83783783783784
222589e5-0430-44b6-ad5e-0ab94f80c364,3548,5,9,pbpbppbp,51.55642023346303,b,b,1,55.76923076923077
222589e5-0430-44b6-ad5e-0ab94f80c364,3548,6,9,bpbppbpb,50.09345794392524,b,b,1,50.0
222589e5-0430-44b6-ad5e-0ab94f80c364,3548,7,9,pbppbpbb,51.22873345935728,p,p,1,45.45454545454545
222589e5-0430-44b6-ad5e-0ab94f80c364,3548,10,9,bpbbppbb,51.30434782608696,p,p,1,44.0
222589e5-0430-44b6-ad5e-0ab94f80c364,3548,11,9,pbbppbbp,50.25996533795494,p,p,1,46.42857142857143
222589e5-0430-44b6-ad5e-0ab94f80c364,3548,12,9,bppbbppb,50.176056338028175,p,p,1,41.1764705882353
222589e5-0430-44b6-ad5e-0ab94f80c364,3548,13,9,pbbppbpp,51.20593692022264,p,b,0,56.16438356164384
222589e5-0430-44b6-ad5e-0ab94f80c364,3548,15,9,pbppbbbp,52.819548872180455,b,b,1,46.15384615384615
222589e5-0430-44b6-ad5e-0ab94f80c364,3548,16,9,bppbbbpb,52.49569707401033,b,b,1,48.484848484848484
222589e5-0430-44b6-ad5e-0ab94f80c364,3548,17,9,pbbbpbbp,51.650165016501646,b,p,0,52.54237288135593
222589e5-0430-44b6-ad5e-0ab94f80c364,3548,18,9,bpbbppbb,51.30434782608696,p,p,1,44.0
222589e5-0430-44b6-ad5e-0ab94f80c364,3548,19,9,pbbppbbp,50.25996533795494,p,b,0,46.42857142857143
222589e5-0430-44b6-ad5e-0ab94f80c364,3548,20,9,bppbbpbb,50.08726003490401,b,b,1,45.16129032258065
222589e5-0430-44b6-ad5e-0ab94f80c364,3548,21,9,pbbpbbbb,55.5366269165247,p,b,0,42.42424242424242
222589e5-0430-44b6-ad5e-0ab94f80c364,3548,22,9,bpbbbbbp,52.142857142857146,p,b,0,47.82608695652174
222589e5-0430-44b6-ad5e-0ab94f80c364,3549,1,9,bpbppppp,51.84466019417475,b,p,0,42.857142857142854
222589e5-0430-44b6-ad5e-0ab94f80c364,3549,2,9,pbpppppp,50.40485829959515,p,b,0,69.56521739130434
222589e5-0430-44b6-ad5e-0ab94f80c364,3549,3,9,bppppppb,50.409836065573764,b,p,0,41.666666666666664
222589e5-0430-44b6-ad5e-0ab94f80c364,3549,4,9,pbpbppbp,51.55642023346303,b,p,0,55.76923076923077
222589e5-0430-44b6-ad5e-0ab94f80c364,3549,5,9,bpbppbpp,50.19011406844106,p,b,0,44.827586206896555
222589e5-0430-44b6-ad5e-0ab94f80c364,3549,6,9,pbppbppb,54.47619047619048,b,b,1,46.42857142857143
222589e5-0430-44b6-ad5e-0ab94f80c364,3549,8,9,pbppbbpb,52.04778156996587,p,b,0,45.833333333333336
222589e5-0430-44b6-ad5e-0ab94f80c364,3549,9,9,bppbbpbb,50.08726003490401,b,p,0,45.16129032258065
222589e5-0430-44b6-ad5e-0ab94f80c364,3549,10,9,pbbpbbpb,50.155763239875384,b,b,1,56.0
222589e5-0430-44b6-ad5e-0ab94f80c364,3549,11,9,bpbbpbbb,53.082191780821915,b,b,1,36.36363636363637
222589e5-0430-44b6-ad5e-0ab94f80c364,3549,12,9,pbbpbbbb,55.5366269165247,p,b,0,42.42424242424242
222589e5-0430-44b6-ad5e-0ab94f80c364,3549,14,9,pbbbbbbb,50.1639344262295,b,b,1,55.55555555555556
222589e5-0430-44b6-ad5e-0ab94f80c364,3549,15,9,bpbbpbbp,55.55555555555556,b,b,1,47.916666666666664
222589e5-0430-44b6-ad5e-0ab94f80c364,3549,16,9,pbbpbbpb,50.155763239875384,b,b,1,56.0
222589e5-0430-44b6-ad5e-0ab94f80c364,3549,17,9,bpbbpbbb,53.082191780821915,b,p,0,36.36363636363637
222589e5-0430-44b6-ad5e-0ab94f80c364,3549,18,9,pbbpbbbp,51.91637630662021,b,p,0,43.24324324324324
222589e5-0430-44b6-ad5e-0ab94f80c364,3549,19,9,bpbbbppp,50.09823182711198,b,b,1,36.8421052631579
222589e5-0430-44b6-ad5e-0ab94f80c364,3549,20,9,pbbbpppb,51.3671875,p,b,0,44.0
222589e5-0430-44b6-ad5e-0ab94f80c364,3549,22,9,pbbbpbpb,51.96581196581197,p,p,1,53.7037037037037
222589e5-0430-44b6-ad5e-0ab94f80c364,3549,23,9,bpbpbppp,51.001821493624774,b,p,0,58.18181818181818
222589e5-0430-44b6-ad5e-0ab94f80c364,3549,25,9,bpbppppp,51.84466019417475,b,b,1,42.857142857142854
222589e5-0430-44b6-ad5e-0ab94f80c364,3549,26,9,pbpppppb,50.2970297029703,p,p,1,62.5
222589e5-0430-44b6-ad5e-0ab94f80c364,3549,27,9,bpppppbp,50.39525691699605,b,b,1,55.172413793103445
222589e5-0430-44b6-ad5e-0ab94f80c364,3550,1,9,bpbpbbpp,50.264550264550266,p,p,1,58.62068965517241
222589e5-0430-44b6-ad5e-0ab94f80c364,3550,2,9,pbpbbppp,55.03597122302158,b,b,1,33.333333333333336
222589e5-0430-44b6-ad5e-0ab94f80c364,3550,3,9,bpbbpppb,51.79738562091504,b,b,1,45.833333333333336
222589e5-0430-44b6-ad5e-0ab94f80c364,3550,5,9,bpppbbbb,50.36764705882353,p,p,1,39.285714285714285
222589e5-0430-44b6-ad5e-0ab94f80c364,3550,6,9,pbbbbppp,51.0,b,p,0,50.0
222589e5-0430-44b6-ad5e-0ab94f80c364,3550,7,9,bppppbbp,51.24999999999999,b,p,0,33.333333333333336
222589e5-0430-44b6-ad5e-0ab94f80c364,3550,8,9,pbbppppb,54.01459854014598,p,p,1,46.666666666666664
222589e5-0430-44b6-ad5e-0ab94f80c364,3550,9,9,bppppbpp,50.18796992481202,p,b,0,47.22222222222222
222589e5-0430-44b6-ad5e-0ab94f80c364,3550,11,9,bppbbbbp,51.232394366197184,b,p,0,46.666666666666664
222589e5-0430-44b6-ad5e-0ab94f80c364,3550,12,9,pbbbbppp,51.0,b,p,0,50.0
222589e5-0430-44b6-ad5e-0ab94f80c364,3550,14,9,pbpbppbb,50.83892617449665,p,p,1,47.61904761904762
222589e5-0430-44b6-ad5e-0ab94f80c364,3550,15,9,bpbppbbp,52.10526315789473,b,b,1,48.38709677419355
222589e5-0430-44b6-ad5e-0ab94f80c364,3550,16,9,pbppbbpb,52.04778156996587,p,b,0,45.833333333333336
222589e5-0430-44b6-ad5e-0ab94f80c364,3550,17,9,bppbbpbb,50.08726003490401,b,p,0,45.16129032258065
222589e5-0430-44b6-ad5e-0ab94f80c364,3550,18,9,pbbpbbpb,50.155763239875384,b,p,0,56.0
222589e5-0430-44b6-ad5e-0ab94f80c364,3550,20,9,pbbpbppp,50.689655172413794,p,b,0,46.42857142857143
222589e5-0430-44b6-ad5e-0ab94f80c364,3550,21,9,bpbpppbp,52.44618395303326,b,b,1,44.827586206896555
222589e5-0430-44b6-ad5e-0ab94f80c364,3550,22,9,pbpppbpb,50.29013539651837,b,b,1,42.10526315789474
222589e5-0430-44b6-ad5e-0ab94f80c364,3550,23,9,bpppbpbb,50.44722719141323,p,p,1,36.36363636363637
222589e5-0430-44b6-ad5e-0ab94f80c364,3550,25,9,bpbbppbp,51.00917431192661,b,p,0,45.16129032258065
222589e5-0430-44b6-ad5e-0ab94f80c364,3550,26,9,pbbppbpp,51.20593692022264,p,p,1,56.16438356164384
222589e5-0430-44b6-ad5e-0ab94f80c364,3550,28,9,pbpppppp,50.40485829959515,p,p,1,69.56521739130434
222589e5-0430-44b6-ad5e-0ab94f80c364,3552,3,9,bpbbbppp,50.09823182711198,b,b,1,36.8421052631579
222589e5-0430-44b6-ad5e-0ab94f80c364,3552,4,9,pbbbpppb,51.3671875,p,b,0,44.0
222589e5-0430-44b6-ad5e-0ab94f80c364,3552,5,9,bpppbbpp,50.0,p,p,1,53.84615384615385
222589e5-0430-44b6-ad5e-0ab94f80c364,3552,6,9,pbbppppp,50.10224948875256,b,p,0,43.47826086956522
222589e5-0430-44b6-ad5e-0ab94f80c364,3552,7,9,bppppppb,50.409836065573764,b,b,1,41.666666666666664
222589e5-0430-44b6-ad5e-0ab94f80c364,3552,8,9,pbbpbbpb,50.155763239875384,b,p,0,56.0
222589e5-0430-44b6-ad5e-0ab94f80c364,3552,10,9,pbbpbppb,50.95652173913044,b,b,1,43.333333333333336
222589e5-0430-44b6-ad5e-0ab94f80c364,3552,11,9,bpbppbbp,52.10526315789473,b,b,1,48.38709677419355
222589e5-0430-44b6-ad5e-0ab94f80c364,3552,12,9,pbppbbpb,52.04778156996587,p,p,1,45.833333333333336
222589e5-0430-44b6-ad5e-0ab94f80c364,3552,13,9,bppbbpbp,50.5338078291815,p,b,0,60.714285714285715
222589e5-0430-44b6-ad5e-0ab94f80c364,3552,14,9,pbbpbpbp,51.273344651952456,p,p,1,30.76923076923077
222589e5-0430-44b6-ad5e-0ab94f80c364,3552,15,9,bpbpbppb,57.491289198606275,b,p,0,43.333333333333336
222589e5-0430-44b6-ad5e-0ab94f80c364,3552,16,9,pbpbppbp,51.55642023346303,b,b,1,55.76923076923077
222589e5-0430-44b6-ad5e-0ab94f80c364,3552,17,9,bpbppbpb,50.09345794392524,b,p,0,50.0
222589e5-0430-44b6-ad5e-0ab94f80c364,3552,18,9,pbppbpbp,51.06382978723404,p,b,0,57.89473684210526
222589e5-0430-44b6-ad5e-0ab94f80c364,3553,1,9,pbpbbbbb,51.02040816326531,b,b,1,55.0
222589e5-0430-44b6-ad5e-0ab94f80c364,3553,3,9,pbbbbbbp,52.45009074410163,p,b,0,46.875
222589e5-0430-44b6-ad5e-0ab94f80c364,3553,4,9,bpbbpppp,52.02312138728323,b,b,1,37.93103448275862
222589e5-0430-44b6-ad5e-0ab94f80c364,3553,5,9,pbbppppb,54.01459854014598,p,b,0,46.666666666666664
222589e5-0430-44b6-ad5e-0ab94f80c364,3553,6,9,bppppbbb,50.9765625,b,p,0,48.275862068965516
222589e5-0430-44b6-ad5e-0ab94f80c364,3553,7,9,pbbbpbbp,51.650165016501646,b,p,0,52.54237288135593
222589e5-0430-44b6-ad5e-0ab94f80c364,3553,8,9,bpbbppbb,51.30434782608696,p,p,1,44.0
222589e5-0430-44b6-ad5e-0ab94f80c364,3553,9,9,pbbppbbp,50.25996533795494,p,p,1,46.42857142857143
222589e5-0430-44b6-ad5e-0ab94f80c364,3553,10,9,bppbbppb,50.176056338028175,p,b,0,41.1764705882353
222589e5-0430-44b6-ad5e-0ab94f80c364,3553,11,9,pbbppbbb,50.6108202443281,b,b,1,60.714285714285715
222589e5-0430-44b6-ad5e-0ab94f80c364,3553,12,9,bppbbbbb,56.111111111111114,b,p,0,40.0
222589e5-0430-44b6-ad5e-0ab94f80c364,3553,13,9,pbbbbbpp,51.83044315992292,p,b,0,53.191489361702125
222589e5-0430-44b6-ad5e-0ab94f80c364,3553,17,9,pbpppppb,50.2970297029703,p,b,0,62.5
222589e5-0430-44b6-ad5e-0ab94f80c364,3553,18,9,bpppppbb,52.34375,p,p,1,48.148148148148145
222589e5-0430-44b6-ad5e-0ab94f80c364,3554,3,9,bpbbbbpb,50.32894736842105,p,b,0,59.57446808510638
222589e5-0430-44b6-ad5e-0ab94f80c364,3554,4,9,pbbbbpbb,52.94117647058824,p,p,1,38.46153846153846
222589e5-0430-44b6-ad5e-0ab94f80c364,3554,5,9,bpbbpbbb,53.082191780821915,b,b,1,36.36363636363637
222589e5-0430-44b6-ad5e-0ab94f80c364,3554,6,9,pbbpbbbb,55.5366269165247,p,p,1,42.42424242424242
222589e5-0430-44b6-ad5e-0ab94f80c364,3554,7,9,bpbbbbpp,51.21951219512195,b,p,0,40.54054054054054
222589e5-0430-44b6-ad5e-0ab94f80c364,3554,8,9,pbbbbppp,51.0,b,p,0,50.0
222589e5-0430-44b6-ad5e-0ab94f80c364,3554,9,9,bppppppb,50.409836065573764,b,b,1,41.666666666666664
222589e5-0430-44b6-ad5e-0ab94f80c364,3554,10,9,pbbbppbp,51.85185185185185,b,p,0,42.10526315789474
222589e5-0430-44b6-ad5e-0ab94f80c364,3554,12,9,pbppbpbp,51.06382978723404,p,b,0,57.89473684210526
222589e5-0430-44b6-ad5e-0ab94f80c364,3554,13,9,bppbpbpb,50.36764705882353,p,p,1,57.142857142857146
222589e5-0430-44b6-ad5e-0ab94f80c364,3554,14,9,pbpbpbpp,52.53623188405797,b,p,0,53.57142857142857
222589e5-0430-44b6-ad5e-0ab94f80c364,3554,15,9,bpbpbppp,51.001821493624774,b,b,1,58.18181818181818
222589e5-0430-44b6-ad5e-0ab94f80c364,3554,16,9,pbpbpppb,53.45794392523364,b,p,0,41.666666666666664
222589e5-0430-44b6-ad5e-0ab94f80c364,3554,17,9,bpbpppbp,52.44618395303326,b,p,0,44.827586206896555
222589e5-0430-44b6-ad5e-0ab94f80c364,3554,18,9,pbpppbpp,51.14942528735632,p,p,1,57.142857142857146
222589e5-0430-44b6-ad5e-0ab94f80c364,3554,19,9,bpppbppp,51.71102661596958,b,p,0,34.48275862068966
222589e5-0430-44b6-ad5e-0ab94f80c364,3554,20,9,pbpppppb,50.2970297029703,p,p,1,62.5
222589e5-0430-44b6-ad5e-0ab94f80c364,3554,21,9,bpppppbp,50.39525691699605,b,p,0,55.172413793103445
222589e5-0430-44b6-ad5e-0ab94f80c364,3554,22,9,pbppppbp,52.475247524752476,b,p,0,40.0
222589e5-0430-44b6-ad5e-0ab94f80c364,3554,23,9,bppppbpp,50.18796992481202,p,b,0,47.22222222222222
222589e5-0430-44b6-ad5e-0ab94f80c364,3554,24,9,pbppbbbp,52.819548872180455,b,p,0,46.15384615384615
222589e5-0430-44b6-ad5e-0ab94f80c364,3555,2,9,bpbbpbpb,52.951388888888886,p,p,1,48.148148148148145
222589e5-0430-44b6-ad5e-0ab94f80c364,3555,3,9,pbbpbpbp,51.273344651952456,p,p,1,30.76923076923077
222589e5-0430-44b6-ad5e-0ab94f80c364,3555,4,9,bpbpbppb,57.491289198606275,b,p,0,43.333333333333336
222589e5-0430-44b6-ad5e-0ab94f80c364,3555,5,9,pbpbppbp,51.55642023346303,b,b,1,55.76923076923077
222589e5-0430-44b6-ad5e-0ab94f80c364,3555,6,9,bpbppbpb,50.09345794392524,b,b,1,50.0
222589e5-0430-44b6-ad5e-0ab94f80c364,3555,7,9,pbppbpbb,51.22873345935728,p,b,0,45.45454545454545
222589e5-0430-44b6-ad5e-0ab94f80c364,3555,10,9,bpbbbpbp,51.20274914089347,b,p,0,46.42857142857143
222589e5-0430-44b6-ad5e-0ab94f80c364,3555,11,9,pbbbpbpp,50.98425196850393,p,b,0,40.0
222589e5-0430-44b6-ad5e-0ab94f80c364,3555,12,9,bpbppbbb,51.273344651952456,p,b,0,46.42857142857143
222589e5-0430-44b6-ad5e-0ab94f80c364,3555,14,9,bppbbbbp,51.232394366197184,b,p,0,46.666666666666664
222589e5-0430-44b6-ad5e-0ab94f80c364,3555,17,9,pbppbbbp,52.819548872180455,b,p,0,46.15384615384615
222589e5-0430-44b6-ad5e-0ab94f80c364,3555,18,9,bppbbbpp,50.101010101010104,p,b,0,50.0
222589e5-0430-44b6-ad5e-0ab94f80c364,3555,19,9,pbbbppbp,51.85185185185185,b,b,1,42.10526315789474
222589e5-0430-44b6-ad5e-0ab94f80c364,3555,21,9,pbpbppbp,51.55642023346303,b,b,1,55.76923076923077
222589e5-0430-44b6-ad5e-0ab94f80c364,3555,22,9,bpbppbpb,50.09345794392524,b,p,0,50.0
222589e5-0430-44b6-ad5e-0ab94f80c364,3555,23,9,pbppbpbp,51.06382978723404,p,p,1,57.89473684210526
222589e5-0430-44b6-ad5e-0ab94f80c364,3555,25,9,pbpbpppb,53.45794392523364,b,b,1,41.666666666666664
222589e5-0430-44b6-ad5e-0ab94f80c364,3555,26,9,bpbpppbb,51.21527777777778,p,b,0,36.666666666666664
222589e5-0430-44b6-ad5e-0ab94f80c364,3556,1,9,pbbpbbpp,50.98039215686274,p,p,1,56.25
222589e5-0430-44b6-ad5e-0ab94f80c364,3556,2,9,bpbbpppp,52.02312138728323,b,b,1,37.93103448275862
222589e5-0430-44b6-ad5e-0ab94f80c364,3556,3,9,pbbppppb,54.01459854014598,p,p,1,46.666666666666664
222589e5-0430-44b6-ad5e-0ab94f80c364,3556,5,9,pbpbpbbp,51.17540687160941,p,b,0,41.37931034482759
222589e5-0430-44b6-ad5e-0ab94f80c364,3556,6,9,bpbpbbpb,51.24999999999999,b,b,1,45.16129032258065
222589e5-0430-44b6-ad5e-0ab94f80c364,3556,7,9,pbpbbpbb,51.206896551724135,p,b,0,39.02439024390244
222589e5-0430-44b6-ad5e-0ab94f80c364,3556,8,9,bpbbpbbb,53.082191780821915,b,b,1,36.36363636363637
222589e5-0430-44b6-ad5e-0ab94f80c364,3556,9,9,pbbpbbbb,55.5366269165247,p,p,1,42.42424242424242
222589e5-0430-44b6-ad5e-0ab94f80c364,3556,10,9,bpbbbbpp,51.21951219512195,b,p,0,40.54054054054054
222589e5-0430-44b6-ad5e-0ab94f80c364,3556,11,9,pbbbbppp,51.0,b,p,0,50.0
222589e5-0430-44b6-ad5e-0ab94f80c364,3556,12,9,bppppbbb,50.9765625,b,b,1,48.275862068965516
222589e5-0430-44b6-ad5e-0ab94f80c364,3556,14,9,bpbbbppp,50.09823182711198,b,p,0,36.8421052631579
222589e5-0430-44b6-ad5e-0ab94f80c364,3556,15,9,pbbbpppp,55.08637236084453,b,b,1,47.82608695652174
222589e5-0430-44b6-ad5e-0ab94f80c364,3557,1,9,bppbbbpp,50.101010101010104,p,b,0,50.0
222589e5-0430-44b6-ad5e-0ab94f80c364,3557,2,9,pbbbppbp,51.85185185185185,b,b,1,42.10526315789474
222589e5-0430-44b6-ad5e-0ab94f80c364,3557,5,9,bpbbbbpp,51.21951219512195,b,b,1,40.54054054054054
222589e5-0430-44b6-ad5e-0ab94f80c364,3557,9,9,bpbbppbb,51.30434782608696,p,p,1,44.0
222589e5-0430-44b6-ad5e-0ab94f80c364,3557,10,9,pbbppbbp,50.25996533795494,p,p,1,46.42857142857143
222589e5-0430-44b6-ad5e-0ab94f80c364,3557,11,9,bppbbppb,50.176056338028175,p,b,0,41.1764705882353
222589e5-0430-44b6-ad5e-0ab94f80c364,3557,12,9,pbbppbbp,50.25996533795494,p,b,0,46.42857142857143
222589e5-0430-44b6-ad5e-0ab94f80c364,3557,13,9,bppbbpbb,50.08726003490401,b,p,0,45.16129032258065
222589e5-0430-44b6-ad5e-0ab94f80c364,3557,14,9,pbbpbbpp,50.98039215686274,p,b,0,56.25
222589e5-0430-44b6-ad5e-0ab94f80c364,3557,15,9,bpbbppbb,51.30434782608696,p,b,0,44.0
222589e5-0430-44b6-ad5e-0ab94f80c364,3557,16,9,pbbppbbb,50.6108202443281,b,p,0,60.714285714285715
222589e5-0430-44b6-ad5e-0ab94f80c364,3557,17,9,bppbbbpp,50.101010101010104,p,p,1,50.0
6d837875-03ad-4dda-9b0c-8ce8185bd471,3555,1,9,pbbbbbpb,51.21042830540037,b,b,1,54.83870967741935
6d837875-03ad-4dda-9b0c-8ce8185bd471,3555,2,9,bpbbpbpb,52.7681660899654,p,p,1,48.148148148148145
6d837875-03ad-4dda-9b0c-8ce8185bd471,3555,3,9,pbbpbpbp,51.355932203389834,p,p,1,30.76923076923077
6d837875-03ad-4dda-9b0c-8ce8185bd471,3555,4,9,bpbpbppb,57.391304347826086,b,p,0,43.333333333333336
6d837875-03ad-4dda-9b0c-8ce8185bd471,3555,5,9,pbpbppbp,51.64410058027079,b,b,1,55.76923076923077
6d837875-03ad-4dda-9b0c-8ce8185bd471,3555,6,9,bpbppbpb,50.09310986964618,b,b,1,50.0
6d837875-03ad-4dda-9b0c-8ce8185bd471,3555,7,9,pbppbpbb,51.320754716981135,p,b,0,45.45454545454545
6d837875-03ad-4dda-9b0c-8ce8185bd471,3555,10,9,bpbbbpbp,51.20274914089347,b,p,0,46.42857142857143
6d837875-03ad-4dda-9b0c-8ce8185bd471,3555,11,9,pbbbpbpp,50.98425196850393,p,b,0,40.0
6d837875-03ad-4dda-9b0c-8ce8185bd471,3555,12,9,bpbppbbb,51.273344651952456,p,b,0,46.42857142857143
6d837875-03ad-4dda-9b0c-8ce8185bd471,3555,14,9,bppbbbbp,51.14235500878734,b,p,0,46.666666666666664
6d837875-03ad-4dda-9b0c-8ce8185bd471,3555,17,9,pbppbbbp,52.80898876404494,b,p,0,46.15384615384615
6d837875-03ad-4dda-9b0c-8ce8185bd471,3555,18,9,bppbbbpp,50.101010101010104,p,b,0,50.0
6d837875-03ad-4dda-9b0c-8ce8185bd471,3555,19,9,pbbbppbp,51.84534270650264,b,b,1,42.10526315789474
6d837875-03ad-4dda-9b0c-8ce8185bd471,3555,21,9,pbpbppbp,51.64410058027079,b,b,1,55.76923076923077
6d837875-03ad-4dda-9b0c-8ce8185bd471,3555,22,9,bpbppbpb,50.09310986964618,b,p,0,50.0
6d837875-03ad-4dda-9b0c-8ce8185bd471,3555,23,9,pbppbpbp,50.8833922261484,p,p,1,57.89473684210526
6d837875-03ad-4dda-9b0c-8ce8185bd471,3555,25,9,pbpbpppb,53.35820895522389,b,b,1,41.666666666666664
6d837875-03ad-4dda-9b0c-8ce8185bd471,3555,26,9,bpbpppbb,51.21527777777778,p,b,0,36.666666666666664
6d837875-03ad-4dda-9b0c-8ce8185bd471,3556,1,9,pbbpbbpp,50.88967971530249,p,p,1,56.25
6d837875-03ad-4dda-9b0c-8ce8185bd471,3556,2,9,bpbbpppp,52.11538461538462,b,b,1,37.93103448275862
6d837875-03ad-4dda-9b0c-8ce8185bd471,3556,3,9,pbbppppb,54.0,p,p,1,46.666666666666664
6d837875-03ad-4dda-9b0c-8ce8185bd471,3556,5,9,pbpbpbbp,51.17117117117117,p,b,0,41.37931034482759
6d837875-03ad-4dda-9b0c-8ce8185bd471,3556,6,9,bpbpbbpb,51.245551601423486,b,b,1,45.16129032258065
6d837875-03ad-4dda-9b0c-8ce8185bd471,3556,7,9,pbpbbpbb,51.03092783505154,p,b,0,39.02439024390244
6d837875-03ad-4dda-9b0c-8ce8185bd471,3556,8,9,bpbbpbbb,53.050847457627114,b,b,1,36.36363636363637
6d837875-03ad-4dda-9b0c-8ce8185bd471,3556,9,9,pbbpbbbb,55.32994923857868,p,p,1,42.42424242424242
6d837875-03ad-4dda-9b0c-8ce8185bd471,3556,10,9,bpbbbbpp,51.12359550561798,b,p,0,40.54054054054054
6d837875-03ad-4dda-9b0c-8ce8185bd471,3556,11,9,pbbbbppp,50.695825049701796,b,p,0,50.0
6d837875-03ad-4dda-9b0c-8ce8185bd471,3556,12,9,bppppbbb,50.877192982456144,b,b,1,48.275862068965516
6d837875-03ad-4dda-9b0c-8ce8185bd471,3556,13,9,pbbbbbpb,51.21042830540037,b,b,1,54.83870967741935
6d837875-03ad-4dda-9b0c-8ce8185bd471,3556,14,9,bpbbbppp,50.097465886939574,b,p,0,36.8421052631579
6d837875-03ad-4dda-9b0c-8ce8185bd471,3556,15,9,pbbbpppp,55.06692160611855,b,b,1,47.82608695652174
6d837875-03ad-4dda-9b0c-8ce8185bd471,3557,1,9,bppbbbpp,50.101010101010104,p,b,0,50.0
6d837875-03ad-4dda-9b0c-8ce8185bd471,3557,2,9,pbbbppbp,51.84534270650264,b,b,1,42.10526315789474
6d837875-03ad-4dda-9b0c-8ce8185bd471,3557,5,9,bpbbbbpp,51.12359550561798,b,b,1,40.54054054054054
6d837875-03ad-4dda-9b0c-8ce8185bd471,3557,9,9,bpbbppbb,51.64075993091537,p,p,1,44.0
6d837875-03ad-4dda-9b0c-8ce8185bd471,3557,10,9,pbbppbbp,50.4302925989673,p,p,1,46.42857142857143
6d837875-03ad-4dda-9b0c-8ce8185bd471,3557,11,9,bppbbppb,50.17482517482518,p,b,0,41.1764705882353
6d837875-03ad-4dda-9b0c-8ce8185bd471,3557,12,9,pbbppbbp,50.4302925989673,p,b,0,46.42857142857143
6d837875-03ad-4dda-9b0c-8ce8185bd471,3557,13,9,bppbbpbb,50.0,p,p,1,45.16129032258065
6d837875-03ad-4dda-9b0c-8ce8185bd471,3557,14,9,pbbpbbpp,50.88967971530249,p,b,0,56.25
6d837875-03ad-4dda-9b0c-8ce8185bd471,3557,15,9,bpbbppbb,51.64075993091537,p,b,0,44.0
6d837875-03ad-4dda-9b0c-8ce8185bd471,3557,16,9,pbbppbbb,50.69444444444444,b,p,0,60.714285714285715
6d837875-03ad-4dda-9b0c-8ce8185bd471,3557,17,9,bppbbbpp,50.101010101010104,p,p,1,50.0
6d837875-03ad-4dda-9b0c-8ce8185bd471,3558,1,9,pbpppppp,50.50100200400801,p,b,0,69.56521739130434
6d837875-03ad-4dda-9b0c-8ce8185bd471,3558,2,9,bppppppb,50.609756097560975,b,b,1,41.666666666666664
6d837875-03ad-4dda-9b0c-8ce8185bd471,3558,3,9,pbbbpppb,51.16731517509727,p,b,0,44.0
6d837875-03ad-4dda-9b0c-8ce8185bd471,3558,4,9,bpppbbpp,50.09560229445506,p,b,0,53.84615384615385
6d837875-03ad-4dda-9b0c-8ce8185bd471,3558,5,9,pbbppbpb,51.232394366197184,b,b,1,37.83783783783784
6d837875-03ad-4dda-9b0c-8ce8185bd471,3558,8,9,bpbbbbpb,50.24630541871922,p,p,1,59.57446808510638
6d837875-03ad-4dda-9b0c-8ce8185bd471,3558,9,9,pbbbbpbp,51.393728222996515,p,p,1,46.42857142857143
6d837875-03ad-4dda-9b0c-8ce8185bd471,3558,10,9,bpbppbbb,51.273344651952456,p,b,0,46.42857142857143
6d837875-03ad-4dda-9b0c-8ce8185bd471,3558,12,9,bppbbbbp,51.14235500878734,b,p,0,46.666666666666664
6d837875-03ad-4dda-9b0c-8ce8185bd471,3558,13,9,pbbbbppp,50.695825049701796,b,p,0,50.0
6d837875-03ad-4dda-9b0c-8ce8185bd471,3558,14,9,bppppbpp,50.09345794392524,p,p,1,47.22222222222222
6d837875-03ad-4dda-9b0c-8ce8185bd471,3558,15,9,pbpppbbp,51.5828677839851,b,b,1,52.17391304347826
6d837875-03ad-4dda-9b0c-8ce8185bd471,3558,16,9,bpppbbpb,50.17006802721088,p,b,0,60.714285714285715
6d837875-03ad-4dda-9b0c-8ce8185bd471,3558,17,9,pbbpbbpb,50.15432098765432,b,p,0,56.0
6d837875-03ad-4dda-9b0c-8ce8185bd471,3558,18,9,bpbbpbpb,52.7681660899654,p,p,1,48.148148148148145
6d837875-03ad-4dda-9b0c-8ce8185bd471,3558,19,9,pbbpbpbp,51.355932203389834,p,b,0,30.76923076923077
6d837875-03ad-4dda-9b0c-8ce8185bd471,3558,20,9,bpbpbpbb,50.32894736842105,p,b,0,47.05882352941177
6d837875-03ad-4dda-9b0c-8ce8185bd471,3559,1,9,bpbpbppp,50.90579710144928,b,b,1,58.18181818181818
6d837875-03ad-4dda-9b0c-8ce8185bd471,3559,2,9,pbpbpppb,53.35820895522389,b,p,0,41.666666666666664
6d837875-03ad-4dda-9b0c-8ce8185bd471,3559,3,9,bpbpppbp,52.436647173489284,b,b,1,44.827586206896555
6d837875-03ad-4dda-9b0c-8ce8185bd471,3559,4,9,pbpppbpb,50.38610038610039,b,b,1,42.10526315789474
6d837875-03ad-4dda-9b0c-8ce8185bd471,3559,5,9,bpppbpbb,50.535714285714285,p,b,0,36.36363636363637
6d837875-03ad-4dda-9b0c-8ce8185bd471,3559,7,9,bpbbbbpp,51.12359550561798,b,b,1,40.54054054054054
6d837875-03ad-4dda-9b0c-8ce8185bd471,3559,9,9,bppbpppp,51.1340206185567,b,p,0,53.48837209302326
6d837875-03ad-4dda-9b0c-8ce8185bd471,3559,10,9,pbpppppp,50.50100200400801,p,b,0,69.56521739130434
6d837875-03ad-4dda-9b0c-8ce8185bd471,3559,11,9,bppppppb,50.609756097560975,b,p,0,41.666666666666664
6d837875-03ad-4dda-9b0c-8ce8185bd471,3559,12,9,pbpppbbp,51.5828677839851,b,p,0,52.17391304347826
6d837875-03ad-4dda-9b0c-8ce8185bd471,3559,13,9,bpppbbpp,50.09560229445506,p,p,1,53.84615384615385
6d837875-03ad-4dda-9b0c-8ce8185bd471,3559,14,9,pbbppppp,50.0,b,p,0,43.47826086956522
6d837875-03ad-4dda-9b0c-8ce8185bd471,3559,15,9,bppppppb,50.609756097560975,b,p,0,41.666666666666664
6d837875-03ad-4dda-9b0c-8ce8185bd471,3559,16,9,pbpppppp,50.50100200400801,p,p,1,69.56521739130434
6d837875-03ad-4dda-9b0c-8ce8185bd471,3559,17,9,bppppppp,51.503006012024045,b,b,1,40.0
6d837875-03ad-4dda-9b0c-8ce8185bd471,3559,19,9,bpbppppp,52.02312138728323,b,b,1,42.857142857142854
6d837875-03ad-4dda-9b0c-8ce8185bd471,3559,20,9,pbpppppb,50.19607843137255,p,p,1,62.5
6d837875-03ad-4dda-9b0c-8ce8185bd471,3559,21,9,bpppppbp,50.39370078740157,b,b,1,55.172413793103445
6d837875-03ad-4dda-9b0c-8ce8185bd471,3560,2,9,bpbbbppp,50.097465886939574,b,p,0,36.8421052631579
6d837875-03ad-4dda-9b0c-8ce8185bd471,3560,3,9,pbbbpppp,55.06692160611855,b,p,0,47.82608695652174
6d837875-03ad-4dda-9b0c-8ce8185bd471,3560,4,9,bpppppbb,52.62135922330097,p,p,1,48.148148148148145
6d837875-03ad-4dda-9b0c-8ce8185bd471,3560,5,9,pbbpbpbp,51.355932203389834,p,b,0,30.76923076923077
6d837875-03ad-4dda-9b0c-8ce8185bd471,3560,6,9,bpbpbpbp,50.469043151969984,p,p,1,48.38709677419355
6d837875-03ad-4dda-9b0c-8ce8185bd471,3560,7,9,pbpbpbpp,52.34657039711191,b,b,1,53.57142857142857
6d837875-03ad-4dda-9b0c-8ce8185bd471,3560,8,9,bpbpbppb,57.391304347826086,b,b,1,43.333333333333336
6d837875-03ad-4dda-9b0c-8ce8185bd471,3560,9,9,pbpbppbb,50.9212730318258,p,p,1,47.61904761904762
6d837875-03ad-4dda-9b0c-8ce8185bd471,3560,10,9,bpbppbbp,52.27272727272727,b,p,0,48.38709677419355
6d837875-03ad-4dda-9b0c-8ce8185bd471,3560,11,9,pbppbbpp,52.888086642599276,b,b,1,41.935483870967744
6d837875-03ad-4dda-9b0c-8ce8185bd471,3560,12,9,bppbbppb,50.17482517482518,p,p,1,41.1764705882353
6d837875-03ad-4dda-9b0c-8ce8185bd471,3560,13,9,pbbppbpp,51.28676470588235,p,p,1,56.16438356164384
6d837875-03ad-4dda-9b0c-8ce8185bd471,3560,14,9,bppbpppp,51.1340206185567,b,p,0,53.48837209302326
6d837875-03ad-4dda-9b0c-8ce8185bd471,3560,15,9,pbpppppb,50.19607843137255,p,b,0,62.5
6d837875-03ad-4dda-9b0c-8ce8185bd471,3560,16,9,bpppppbb,52.62135922330097,p,p,1,48.148148148148145
6d837875-03ad-4dda-9b0c-8ce8185bd471,3560,17,9,pbbpbppb,51.041666666666664,b,b,1,43.333333333333336
6d837875-03ad-4dda-9b0c-8ce8185bd471,3560,18,9,bpbppbbb,51.273344651952456,p,p,1,46.42857142857143
6d837875-03ad-4dda-9b0c-8ce8185bd471,3560,19,9,pbppbbbp,52.80898876404494,b,b,1,46.15384615384615
6d837875-03ad-4dda-9b0c-8ce8185bd471,3560,20,9,bppbbbpb,52.3972602739726,b,b,1,48.484848484848484
6d837875-03ad-4dda-9b0c-8ce8185bd471,3560,21,9,pbbbpbbp,51.48026315789473,b,p,0,52.54237288135593
6d837875-03ad-4dda-9b0c-8ce8185bd471,3560,22,9,bpbbppbb,51.64075993091537,p,b,0,44.0
6d837875-03ad-4dda-9b0c-8ce8185bd471,3560,23,9,pbbppbbb,50.69444444444444,b,b,1,60.714285714285715
6d837875-03ad-4dda-9b0c-8ce8185bd471,3560,24,9,bppbbbbb,56.08856088560885,b,b,1,40.0
6d837875-03ad-4dda-9b0c-8ce8185bd471,3560,25,9,pbbbbbbb,50.24469820554649,b,b,1,55.55555555555556
6d837875-03ad-4dda-9b0c-8ce8185bd471,3561,1,9,bpbpbpbb,50.32894736842105,p,p,1,47.05882352941177
6d837875-03ad-4dda-9b0c-8ce8185bd471,3561,2,9,pbpbpbbp,51.17117117117117,p,p,1,41.37931034482759
6d837875-03ad-4dda-9b0c-8ce8185bd471,3561,3,9,bpbpbbpp,50.26362038664324,p,b,0,58.62068965517241
6d837875-03ad-4dda-9b0c-8ce8185bd471,3561,5,9,bpbbppbb,51.64075993091537,p,b,0,44.0
6d837875-03ad-4dda-9b0c-8ce8185bd471,3561,6,9,pbbppbbb,50.69444444444444,b,b,1,60.714285714285715
6d837875-03ad-4dda-9b0c-8ce8185bd471,3561,7,9,bppbbbbp,51.14235500878734,b,b,1,46.666666666666664
6d837875-03ad-4dda-9b0c-8ce8185bd471,3561,8,9,pbbbbpbb,53.02245250431778,p,p,1,38.46153846153846
6d837875-03ad-4dda-9b0c-8ce8185bd471,3561,9,9,bpbbpppb,51.876019575856446,b,b,1,45.833333333333336
6d837875-03ad-4dda-9b0c-8ce8185bd471,3561,11,9,bpppbbbb,50.45871559633027,p,b,0,39.285714285714285
6d837875-03ad-4dda-9b0c-8ce8185bd471,3561,12,9,pbbbbbbb,50.24469820554649,b,p,0,55.55555555555556
6d837875-03ad-4dda-9b0c-8ce8185bd471,3561,13,9,bppppbbb,50.877192982456144,b,b,1,48.275862068965516
6d837875-03ad-4dda-9b0c-8ce8185bd471,3561,14,9,pbbbbppp,50.695825049701796,b,b,1,50.0
6d837875-03ad-4dda-9b0c-8ce8185bd471,3561,15,9,bpppbpbp,51.969981238273924,b,p,0,46.15384615384615
6d837875-03ad-4dda-9b0c-8ce8185bd471,3562,1,9,pbbbpbpp,50.98425196850393,p,b,0,40.0
6d837875-03ad-4dda-9b0c-8ce8185bd471,3562,2,9,bpbppbbp,52.27272727272727,b,p,0,48.38709677419355
6d837875-03ad-4dda-9b0c-8ce8185bd471,3562,3,9,pbppbbpp,52.888086642599276,b,p,0,41.935483870967744
6d837875-03ad-4dda-9b0c-8ce8185bd471,3562,4,9,bppbbppp,53.44202898550725,b,b,1,26.666666666666668
6d837875-03ad-4dda-9b0c-8ce8185bd471,3562,5,9,pbbpppbp,55.09499136442142,b,b,1,47.22222222222222
6d837875-03ad-4dda-9b0c-8ce8185bd471,3562,6,9,bpppbpbp,51.969981238273924,b,b,1,46.15384615384615
6d837875-03ad-4dda-9b0c-8ce8185bd471,3562,7,9,pbpbpbpp,52.34657039711191,b,b,1,53.57142857142857
6d837875-03ad-4dda-9b0c-8ce8185bd471,3562,8,9,bpbpbppb,57.391304347826086,b,p,0,43.333333333333336
6d837875-03ad-4dda-9b0c-8ce8185bd471,3562,9,9,pbpbppbp,51.64410058027079,b,b,1,55.76923076923077
6d837875-03ad-4dda-9b0c-8ce8185bd471,3562,10,9,bpbppbpb,50.09310986964618,b,b,1,50.0
6d837875-03ad-4dda-9b0c-8ce8185bd471,3562,11,9,pbppbpbb,51.320754716981135,p,p,1,45.45454545454545
6d837875-03ad-4dda-9b0c-8ce8185bd471,3562,13,9,pbpbbpbb,51.03092783505154,p,p,1,39.02439024390244
6d837875-03ad-4dda-9b0c-8ce8185bd471,3562,14,9,bpbbpbbp,55.62403697996918,b,b,1,47.916666666666664
6d837875-03ad-4dda-9b0c-8ce8185bd471,3562,15,9,pbbpbbpb,50.15432098765432,b,b,1,56.0
6d837875-03ad-4dda-9b0c-8ce8185bd471,3562,16,9,bpbbpbbp,55.62403697996918,b,b,1,47.916666666666664
6d837875-03ad-4dda-9b0c-8ce8185bd471,3562,17,9,pbbpbbpb,50.15432098765432,b,b,1,56.0
6d837875-03ad-4dda-9b0c-8ce8185bd471,3562,18,9,bpbbpbbb,53.050847457627114,b,p,0,36.36363636363637
6d837875-03ad-4dda-9b0c-8ce8185bd471,3563,1,9,pbppppbb,50.17857142857143,b,p,0,47.36842105263158
6d837875-03ad-4dda-9b0c-8ce8185bd471,3563,2,9,bppppbbp,51.245551601423486,b,b,1,33.333333333333336
6d837875-03ad-4dda-9b0c-8ce8185bd471,3563,3,9,pbbpbbbb,55.32994923857868,p,p,1,42.42424242424242
6d837875-03ad-4dda-9b0c-8ce8185bd471,3563,4,9,bpbbbbpp,51.12359550561798,b,p,0,40.54054054054054
6d837875-03ad-4dda-9b0c-8ce8185bd471,3563,5,9,pbbbbppp,50.695825049701796,b,p,0,50.0
6d837875-03ad-4dda-9b0c-8ce8185bd471,3563,6,9,bppppbbp,51.245551601423486,b,b,1,33.333333333333336
6d837875-03ad-4dda-9b0c-8ce8185bd471,3563,7,9,pbbpbppb,51.041666666666664,b,b,1,43.333333333333336
6d837875-03ad-4dda-9b0c-8ce8185bd471,3563,8,9,bpbppbbb,51.273344651952456,p,b,0,46.42857142857143
6d837875-03ad-4dda-9b0c-8ce8185bd471,3563,10,9,bppbbbbp,51.14235500878734,b,b,1,46.666666666666664
6d837875-03ad-4dda-9b0c-8ce8185bd471,3563,11,9,pbbbbpbp,51.393728222996515,p,b,0,46.42857142857143
6d837875-03ad-4dda-9b0c-8ce8185bd471,3563,14,9,bpbbbppp,50.097465886939574,b,p,0,36.8421052631579
6d837875-03ad-4dda-9b0c-8ce8185bd471,3563,15,9,pbbbpppp,55.06692160611855,b,p,0,47.82608695652174
6d837875-03ad-4dda-9b0c-8ce8185bd471,3563,16,9,bpppppbp,50.39370078740157,b,b,1,55.172413793103445
6d837875-03ad-4dda-9b0c-8ce8185bd471,3563,18,9,bpbbbbpb,50.24630541871922,p,b,0,59.57446808510638
6d837875-03ad-4dda-9b0c-8ce8185bd471,3563,19,9,pbbbbpbb,53.02245250431778,p,b,0,38.46153846153846
6d837875-03ad-4dda-9b0c-8ce8185bd471,3564,1,9,bppbpbpb,50.45871559633027,p,p,1,57.142857142857146
6d837875-03ad-4dda-9b0c-8ce8185bd471,3564,2,9,pbpbpbpp,52.34657039711191,b,b,1,53.57142857142857
6d837875-03ad-4dda-9b0c-8ce8185bd471,3564,3,9,bpbpbppb,57.391304347826086,b,p,0,43.333333333333336
6d837875-03ad-4dda-9b0c-8ce8185bd471,3564,4,9,pbpbppbp,51.64410058027079,b,b,1,55.76923076923077
6d837875-03ad-4dda-9b0c-8ce8185bd471,3564,5,9,bpbppbpb,50.09310986964618,b,b,1,50.0
6d837875-03ad-4dda-9b0c-8ce8185bd471,3564,6,9,pbppbpbb,51.320754716981135,p,p,1,45.45454545454545
6d837875-03ad-4dda-9b0c-8ce8185bd471,3564,8,9,pbpbbpbb,51.03092783505154,p,b,0,39.02439024390244
6d837875-03ad-4dda-9b0c-8ce8185bd471,3564,9,9,bpbbpbbb,53.050847457627114,b,p,0,36.36363636363637
6d837875-03ad-4dda-9b0c-8ce8185bd471,3564,10,9,pbbpbbbp,51.81975736568457,b,b,1,43.24324324324324
6d837875-03ad-4dda-9b0c-8ce8185bd471,3564,11,9,bpbbbpbp,51.20274914089347,b,b,1,46.42857142857143
6d837875-03ad-4dda-9b0c-8ce8185bd471,3564,12,9,pbbbpbpb,52.12947189097103,p,p,1,53.7037037037037
6d837875-03ad-4dda-9b0c-8ce8185bd471,3564,13,9,bpbpbpbb,50.32894736842105,p,p,1,47.05882352941177
6d837875-03ad-4dda-9b0c-8ce8185bd471,3564,14,9,pbpbpbbp,51.17117117117117,p,b,0,41.37931034482759
6d837875-03ad-4dda-9b0c-8ce8185bd471,3564,15,9,bpbpbbpb,51.245551601423486,b,b,1,45.16129032258065
6d837875-03ad-4dda-9b0c-8ce8185bd471,3564,16,9,pbpbbpbb,51.03092783505154,p,b,0,39.02439024390244
6d837875-03ad-4dda-9b0c-8ce8185bd471,3564,17,9,bpbbpbbb,53.050847457627114,b,p,0,36.36363636363637
6d837875-03ad-4dda-9b0c-8ce8185bd471,3564,18,9,pbbpbbbp,51.81975736568457,b,b,1,43.24324324324324
6d837875-03ad-4dda-9b0c-8ce8185bd471,3564,19,9,bpbbbpbp,51.20274914089347,b,p,0,46.42857142857143
6d837875-03ad-4dda-9b0c-8ce8185bd471,3564,20,9,pbbbpbpp,50.98425196850393,p,p,1,40.0
6d837875-03ad-4dda-9b0c-8ce8185bd471,3564,21,9,bpbpppbb,51.21527777777778,p,b,0,36.666666666666664
6d837875-03ad-4dda-9b0c-8ce8185bd471,3564,23,9,bpppbbbb,50.45871559633027,p,b,0,39.285714285714285
6d837875-03ad-4dda-9b0c-8ce8185bd471,3564,24,9,pbbbbbbp,52.35507246376812,p,b,0,46.875
6d837875-03ad-4dda-9b0c-8ce8185bd471,3565,1,9,pbbbpbpp,50.98425196850393,p,p,1,40.0
6d837875-03ad-4dda-9b0c-8ce8185bd471,3565,2,9,bpbppppp,52.02312138728323,b,b,1,42.857142857142854
6d837875-03ad-4dda-9b0c-8ce8185bd471,3565,3,9,pbpppppb,50.19607843137255,p,p,1,62.5
6d837875-03ad-4dda-9b0c-8ce8185bd471,3565,4,9,bpppppbp,50.39370078740157,b,b,1,55.172413793103445
6d837875-03ad-4dda-9b0c-8ce8185bd471,3565,6,9,bpbbbppp,50.097465886939574,b,p,0,36.8421052631579
6d837875-03ad-4dda-9b0c-8ce8185bd471,3565,7,9,pbbbpppp,55.06692160611855,b,p,0,47.82608695652174
6d837875-03ad-4dda-9b0c-8ce8185bd471,3565,8,9,bpppppbb,52.62135922330097,p,b,0,48.148148148148145
6d837875-03ad-4dda-9b0c-8ce8185bd471,3565,9,9,pbbbbpbb,53.02245250431778,p,b,0,38.46153846153846
6d837875-03ad-4dda-9b0c-8ce8185bd471,3565,10,9,bpbbbbpp,51.12359550561798,b,p,0,40.54054054054054
6d837875-03ad-4dda-9b0c-8ce8185bd471,3565,11,9,pbbbbppp,50.695825049701796,b,p,0,50.0
6d837875-03ad-4dda-9b0c-8ce8185bd471,3565,12,9,bppppppb,50.609756097560975,b,p,0,41.666666666666664
6d837875-03ad-4dda-9b0c-8ce8185bd471,3565,13,9,pbpbppbb,50.9212730318258,p,p,1,47.61904761904762
c1c479a7-8c13-4078-83ec-ca6d51a6c337,3565,1,9,pbbbpbpp,50.88062622309197,p,p,1,40.0
c1c479a7-8c13-4078-83ec-ca6d51a6c337,3565,2,9,bpbppppp,52.11538461538462,b,b,1,42.857142857142854
c1c479a7-8c13-4078-83ec-ca6d51a6c337,3565,3,9,pbpppppb,50.1953125,p,p,1,62.5
c1c479a7-8c13-4078-83ec-ca6d51a6c337,3565,4,9,bpppppbp,50.588235294117645,b,b,1,55.172413793103445
c1c479a7-8c13-4078-83ec-ca6d51a6c337,3565,5,9,pbpbbbpp,53.43915343915344,b,p,0,48.888888888888886
c1c479a7-8c13-4078-83ec-ca6d51a6c337,3565,6,9,bpbbbppp,50.1937984496124,p,p,1,36.8421052631579
c1c479a7-8c13-4078-83ec-ca6d51a6c337,3565,7,9,pbbbpppp,54.94296577946768,b,p,0,47.82608695652174
c1c479a7-8c13-4078-83ec-ca6d51a6c337,3565,8,9,bpppppbb,52.804642166344294,p,b,0,48.148148148148145
c1c479a7-8c13-4078-83ec-ca6d51a6c337,3565,9,9,pbbbbpbb,53.01204819277109,p,b,0,38.46153846153846
c1c479a7-8c13-4078-83ec-ca6d51a6c337,3565,10,9,bpbbbbpp,51.11524163568774,b,p,0,40.54054054054054
c1c479a7-8c13-4078-83ec-ca6d51a6c337,3565,11,9,pbbbbppp,50.4930966469428,b,p,0,50.0
c1c479a7-8c13-4078-83ec-ca6d51a6c337,3565,12,9,bppppppb,50.505050505050505,b,p,0,41.666666666666664
c1c479a7-8c13-4078-83ec-ca6d51a6c337,3565,13,9,pbpbppbb,51.00334448160535,p,p,1,47.61904761904762
c1c479a7-8c13-4078-83ec-ca6d51a6c337,3566,1,9,pbpppbpp,51.24282982791587,p,b,0,57.142857142857146
c1c479a7-8c13-4078-83ec-ca6d51a6c337,3566,2,9,bpppbppb,50.09671179883946,b,p,0,50.0
c1c479a7-8c13-4078-83ec-ca6d51a6c337,3566,3,9,pbppbppb,54.562737642585546,b,b,1,46.42857142857143
c1c479a7-8c13-4078-83ec-ca6d51a6c337,3566,5,9,pbppbbpb,51.95246179966044,p,b,0,45.833333333333336
c1c479a7-8c13-4078-83ec-ca6d51a6c337,3566,6,9,bppbbpbb,50.08665511265165,p,b,0,45.16129032258065
c1c479a7-8c13-4078-83ec-ca6d51a6c337,3566,7,9,pbbpbbbb,55.4806070826307,p,p,1,42.42424242424242
c1c479a7-8c13-4078-83ec-ca6d51a6c337,3566,8,9,bpbbbbpb,50.245499181669395,p,b,0,59.57446808510638
c1c479a7-8c13-4078-83ec-ca6d51a6c337,3566,9,9,pbbbbpbb,53.01204819277109,p,p,1,38.46153846153846
c1c479a7-8c13-4078-83ec-ca6d51a6c337,3566,10,9,bpbbpppp,52.207293666026864,b,b,1,37.93103448275862
c1c479a7-8c13-4078-83ec-ca6d51a6c337,3566,11,9,pbbppppb,54.08348457350273,p,b,0,46.666666666666664
c1c479a7-8c13-4078-83ec-ca6d51a6c337,3566,12,9,bppppbbp,51.41843971631206,b,p,0,33.333333333333336
c1c479a7-8c13-4078-83ec-ca6d51a6c337,3566,13,9,pbbppppp,50.101832993890014,p,p,1,43.47826086956522
c1c479a7-8c13-4078-83ec-ca6d51a6c337,3566,14,9,bppppppp,51.6,b,p,0,40.0
c1c479a7-8c13-4078-83ec-ca6d51a6c337,3566,15,9,pbppbbpp,52.87769784172662,b,b,1,41.935483870967744
c1c479a7-8c13-4078-83ec-ca6d51a6c337,3566,16,9,bppbbppb,50.174216027874564,p,p,1,41.1764705882353
c1c479a7-8c13-4078-83ec-ca6d51a6c337,3566,19,9,pbppbbbp,52.79850746268657,b,b,1,46.15384615384615
c1c479a7-8c13-4078-83ec-ca6d51a6c337,3566,20,9,bppbbbpb,52.478632478632484,b,b,1,48.484848484848484
c1c479a7-8c13-4078-83ec-ca6d51a6c337,3566,21,9,pbbbpbbb,51.16666666666667,p,b,0,36.8421052631579
c1c479a7-8c13-4078-83ec-ca6d51a6c337,3566,22,9,bpbbbbpb,50.245499181669395,p,b,0,59.57446808510638
c1c479a7-8c13-4078-83ec-ca6d51a6c337,3567,1,9,bpbbpppp,52.207293666026864,b,p,0,37.93103448275862
c1c479a7-8c13-4078-83ec-ca6d51a6c337,3567,2,9,pbbppppp,50.101832993890014,p,b,0,43.47826086956522
c1c479a7-8c13-4078-83ec-ca6d51a6c337,3567,3,9,bpppppbb,52.804642166344294,p,b,0,48.148148148148145
c1c479a7-8c13-4078-83ec-ca6d51a6c337,3567,4,9,pbbbbbpp,51.73076923076923,p,p,1,53.191489361702125
c1c479a7-8c13-4078-83ec-ca6d51a6c337,3567,5,9,bpppbbbb,50.27422303473492,p,b,0,39.285714285714285
c1c479a7-8c13-4078-83ec-ca6d51a6c337,3567,6,9,pbbbbbbb,50.24390243902439,b,p,0,55.55555555555556
c1c479a7-8c13-4078-83ec-ca6d51a6c337,3567,7,9,bppppbpp,50.18656716417911,p,b,0,47.22222222222222
c1c479a7-8c13-4078-83ec-ca6d51a6c337,3567,8,9,pbppbpbp,50.970017636684304,p,p,1,57.89473684210526
c1c479a7-8c13-4078-83ec-ca6d51a6c337,3567,10,9,pbpbppbb,51.00334448160535,p,p,1,47.61904761904762
c1c479a7-8c13-4078-83ec-ca6d51a6c337,3567,11,9,bpbppbbp,52.09059233449478,b,p,0,48.38709677419355
c1c479a7-8c13-4078-83ec-ca6d51a6c337,3567,12,9,pbppbbpp,52.87769784172662,b,b,1,41.935483870967744
c1c479a7-8c13-4078-83ec-ca6d51a6c337,3567,13,9,bppbbppb,50.174216027874564,p,b,0,41.1764705882353
c1c479a7-8c13-4078-83ec-ca6d51a6c337,3567,14,9,pbbppbbp,50.42881646655232,p,b,0,46.42857142857143
c1c479a7-8c13-4078-83ec-ca6d51a6c337,3567,15,9,bppbbpbp,50.44404973357016,p,b,0,60.714285714285715
c1c479a7-8c13-4078-83ec-ca6d51a6c337,3567,16,9,pbbpbpbp,51.264755480607086,p,p,1,30.76923076923077
c1c479a7-8c13-4078-83ec-ca6d51a6c337,3567,17,9,bpbpbppb,57.167530224525045,b,b,1,43.333333333333336
c1c479a7-8c13-4078-83ec-ca6d51a6c337,3567,18,9,pbpbppbb,51.00334448160535,p,b,0,47.61904761904762
c1c479a7-8c13-4078-83ec-ca6d51a6c337,3567,19,9,bpbppbbb,51.09612141652614,p,p,1,46.42857142857143
c1c479a7-8c13-4078-83ec-ca6d51a6c337,3567,20,9,pbppbbbp,52.79850746268657,b,b,1,46.15384615384615
c1c479a7-8c13-4078-83ec-ca6d51a6c337,3567,21,9,bppbbbpb,52.478632478632484,b,p,0,48.484848484848484
c1c479a7-8c13-4078-83ec-ca6d51a6c337,3567,22,9,pbbbpbpb,52.21088435374149,p,b,0,53.7037037037037
c1c479a7-8c13-4078-83ec-ca6d51a6c337,3568,2,9,bpbbbbpp,51.11524163568774,b,p,0,40.54054054054054
c1c479a7-8c13-4078-83ec-ca6d51a6c337,3568,3,9,pbbbbppp,50.4930966469428,b,p,0,50.0
c1c479a7-8c13-4078-83ec-ca6d51a6c337,3568,4,9,bppppbbb,51.067961165048544,b,b,1,48.275862068965516
c1c479a7-8c13-4078-83ec-ca6d51a6c337,3568,5,9,pbbbbbbp,52.26039783001808,p,p,1,46.875
c1c479a7-8c13-4078-83ec-ca6d51a6c337,3568,7,9,pbbbpppp,54.94296577946768,b,b,1,47.82608695652174
c1c479a7-8c13-4078-83ec-ca6d51a6c337,3568,8,9,bppppbbb,51.067961165048544,b,p,0,48.275862068965516
c1c479a7-8c13-4078-83ec-ca6d51a6c337,3568,9,9,pbbbpbpb,52.21088435374149,p,b,0,53.7037037037037
c1c479a7-8c13-4078-83ec-ca6d51a6c337,3568,12,9,bpbbbbpp,51.11524163568774,b,b,1,40.54054054054054
c1c479a7-8c13-4078-83ec-ca6d51a6c337,3568,14,9,bppbbbpp,50.0,b,b,1,50.0
c1c479a7-8c13-4078-83ec-ca6d51a6c337,3568,15,9,pbbbppbp,52.01401050788091,b,b,1,42.10526315789474
c1c479a7-8c13-4078-83ec-ca6d51a6c337,3569,1,9,bpbpppbp,52.52918287937744,b,p,0,44.827586206896555
c1c479a7-8c13-4078-83ec-ca6d51a6c337,3569,2,9,pbpppbpp,51.24282982791587,p,b,0,57.142857142857146
c1c479a7-8c13-4078-83ec-ca6d51a6c337,3569,3,9,bpppbppb,50.09671179883946,b,b,1,50.0
c1c479a7-8c13-4078-83ec-ca6d51a6c337,3569,5,9,bppbbbbb,56.16942909760589,b,b,1,40.0
c1c479a7-8c13-4078-83ec-ca6d51a6c337,3569,6,9,pbbbbbbp,52.26039783001808,p,b,0,46.875
c1c479a7-8c13-4078-83ec-ca6d51a6c337,3569,7,9,bpbpbpbb,50.40916530278232,p,p,1,47.05882352941177
c1c479a7-8c13-4078-83ec-ca6d51a6c337,3569,8,9,pbpbpbbp,51.075268817204304,p,p,1,41.37931034482759
c1c479a7-8c13-4078-83ec-ca6d51a6c337,3569,9,9,bpbpbbpp,50.175438596491226,p,b,0,58.62068965517241
c1c479a7-8c13-4078-83ec-ca6d51a6c337,3569,11,9,bpbbppbp,51.001821493624774,b,b,1,45.16129032258065
c1c479a7-8c13-4078-83ec-ca6d51a6c337,3569,12,9,pbbppbpb,51.31810193321616,b,b,1,37.83783783783784
c1c479a7-8c13-4078-83ec-ca6d51a6c337,3569,14,9,pbpbbpbp,51.891891891891895,p,b,0,48.717948717948715
c1c479a7-8c13-4078-83ec-ca6d51a6c337,3569,15,9,bpbbpbpb,52.93103448275862,p,b,0,48.148148148148145
c1c479a7-8c13-4078-83ec-ca6d51a6c337,3569,16,9,pbbpbpbb,52.52173913043479,b,b,1,56.09756097560975
c1c479a7-8c13-4078-83ec-ca6d51a6c337,3569,18,9,pbpbbbpb,53.08441558441559,b,b,1,50.943396226415096
c1c479a7-8c13-4078-83ec-ca6d51a6c337,3569,19,9,bpbbbpbb,50.30959752321982,b,p,0,44.44444444444444
c1c479a7-8c13-4078-83ec-ca6d51a6c337,3569,20,9,pbbbpbbp,51.39573070607554,b,b,1,52.54237288135593
c1c479a7-8c13-4078-83ec-ca6d51a6c337,3569,22,9,pbbpbppp,50.687285223367695,p,p,1,46.42857142857143
c1c479a7-8c13-4078-83ec-ca6d51a6c337,3569,23,9,bpbppppb,52.67857142857143,b,b,1,48.83720930232558
c1c479a7-8c13-4078-83ec-ca6d51a6c337,3569,24,9,pbppppbb,50.08912655971479,b,b,1,47.36842105263158
c1c479a7-8c13-4078-83ec-ca6d51a6c337,3569,25,9,bppppbbb,51.067961165048544,b,p,0,48.275862068965516
c1c479a7-8c13-4078-83ec-ca6d51a6c337,3570,1,9,pbppbppb,54.562737642585546,b,b,1,46.42857142857143
c1c479a7-8c13-4078-83ec-ca6d51a6c337,3570,3,9,pbppbbbp,52.79850746268657,b,p,0,46.15384615384615
c1c479a7-8c13-4078-83ec-ca6d51a6c337,3570,4,9,bppbbbpp,50.0,b,p,0,50.0
c1c479a7-8c13-4078-83ec-ca6d51a6c337,3570,5,9,pbbbpppb,51.067961165048544,p,p,1,44.0
c1c479a7-8c13-4078-83ec-ca6d51a6c337,3570,6,9,bpppbpbb,50.44563279857398,p,p,1,36.36363636363637
c1c479a7-8c13-4078-83ec-ca6d51a6c337,3570,7,9,pbpbbpbb,50.85324232081911,p,p,1,39.02439024390244
c1c479a7-8c13-4078-83ec-ca6d51a6c337,3570,8,9,bpbbpbbp,55.76036866359447,b,b,1,47.916666666666664
c1c479a7-8c13-4078-83ec-ca6d51a6c337,3570,9,9,pbbpbbpb,50.23041474654379,b,p,0,56.0
c1c479a7-8c13-4078-83ec-ca6d51a6c337,3570,10,9,bpbbpbpb,52.93103448275862,p,p,1,48.148148148148145
c1c479a7-8c13-4078-83ec-ca6d51a6c337,3570,11,9,pbbpbpbp,51.264755480607086,p,b,0,30.76923076923077
c1c479a7-8c13-4078-83ec-ca6d51a6c337,3570,12,9,bpbpbpbb,50.40916530278232,p,b,0,47.05882352941177
c1c479a7-8c13-4078-83ec-ca6d51a6c337,3570,13,9,pbpbpbbb,50.59422750424448,p,b,0,48.0
c1c479a7-8c13-4078-83ec-ca6d51a6c337,3570,16,9,bpbbbbpp,51.11524163568774,b,p,0,40.54054054054054
c1c479a7-8c13-4078-83ec-ca6d51a6c337,3570,17,9,pbbbbppp,50.4930966469428,b,b,1,50.0
c1c479a7-8c13-4078-83ec-ca6d51a6c337,3570,19,9,pbbbpbpb,52.21088435374149,p,p,1,53.7037037037037
c1c479a7-8c13-4078-83ec-ca6d51a6c337,3570,20,9,bpbpbpbp,50.56179775280899,p,p,1,48.38709677419355
c1c479a7-8c13-4078-83ec-ca6d51a6c337,3570,21,9,pbpbpbpp,52.6032315978456,b,b,1,53.57142857142857
c1c479a7-8c13-4078-83ec-ca6d51a6c337,3570,22,9,bpbpbppb,57.167530224525045,b,p,0,43.333333333333336
c1c479a7-8c13-4078-83ec-ca6d51a6c337,3570,23,9,pbpbppbp,52.01535508637236,b,b,1,55.76923076923077
c1c479a7-8c13-4078-83ec-ca6d51a6c337,3570,24,9,bpbppbpb,50.27726432532348,b,p,0,50.0
c1c479a7-8c13-4078-83ec-ca6d51a6c337,3570,25,9,pbppbpbp,50.970017636684304,p,p,1,57.89473684210526
c1c479a7-8c13-4078-83ec-ca6d51a6c337,3570,27,9,pbpbpppb,53.3457249070632,b,b,1,41.666666666666664
c1c479a7-8c13-4078-83ec-ca6d51a6c337,3570,28,9,bpbpppbb,51.03806228373703,p,b,0,36.666666666666664
c1c479a7-8c13-4078-83ec-ca6d51a6c337,3570,30,9,bpppbbbb,50.27422303473492,p,b,0,39.285714285714285
c1c479a7-8c13-4078-83ec-ca6d51a6c337,3572,1,9,bpbppbpb,50.27726432532348,b,b,1,50.0
c1c479a7-8c13-4078-83ec-ca6d51a6c337,3572,2,9,pbppbpbb,51.40712945590994,p,b,0,45.45454545454545
c1c479a7-8c13-4078-83ec-ca6d51a6c337,3572,4,9,pbpbbbpb,53.08441558441559,b,p,0,50.943396226415096
c1c479a7-8c13-4078-83ec-ca6d51a6c337,3572,5,9,bpbbbpbp,51.11111111111111,b,b,1,46.42857142857143
c1c479a7-8c13-4078-83ec-ca6d51a6c337,3572,6,9,pbbbpbpb,52.21088435374149,p,b,0,53.7037037037037
c1c479a7-8c13-4078-83ec-ca6d51a6c337,3572,7,9,bpbpbbpp,50.175438596491226,p,b,0,58.62068965517241
c1c479a7-8c13-4078-83ec-ca6d51a6c337,3572,9,9,bpbbppbb,51.45797598627787,p,p,1,44.0
c1c479a7-8c13-4078-83ec-ca6d51a6c337,3572,10,9,pbbppbbp,50.42881646655232,p,b,0,46.42857142857143
c1c479a7-8c13-4078-83ec-ca6d51a6c337,3572,11,9,bppbbpbp,50.44404973357016,p,b,0,60.714285714285715
c1c479a7-8c13-4078-83ec-ca6d51a6c337,3572,12,9,pbbpbpbp,51.264755480607086,p,b,0,30.76923076923077
c1c479a7-8c13-4078-83ec-ca6d51a6c337,3572,13,9,bpbpbpbb,50.40916530278232,p,b,0,47.05882352941177
c1c479a7-8c13-4078-83ec-ca6d51a6c337,3572,14,9,pbpbpbbb,50.59422750424448,p,p,1,48.0
c1c479a7-8c13-4078-83ec-ca6d51a6c337,3572,16,9,pbpbbbpb,53.08441558441559,b,p,0,50.943396226415096
c1c479a7-8c13-4078-83ec-ca6d51a6c337,3572,17,9,bpbbbpbp,51.11111111111111,b,b,1,46.42857142857143
c1c479a7-8c13-4078-83ec-ca6d51a6c337,3573,1,9,pbpbppbp,52.01535508637236,b,b,1,55.76923076923077
c1c479a7-8c13-4078-83ec-ca6d51a6c337,3573,2,9,bpbppbpb,50.27726432532348,b,p,0,50.0
c1c479a7-8c13-4078-83ec-ca6d51a6c337,3573,3,9,pbppbpbp,50.970017636684304,p,p,1,57.89473684210526
c1c479a7-8c13-4078-83ec-ca6d51a6c337,3573,5,9,pbpbpppb,53.3457249070632,b,p,0,41.666666666666664
c1c479a7-8c13-4078-83ec-ca6d51a6c337,3573,6,9,bpbpppbp,52.52918287937744,b,b,1,44.827586206896555
c1c479a7-8c13-4078-83ec-ca6d51a6c337,3573,7,9,pbpppbpb,50.481695568400774,b,b,1,42.10526315789474
c1c479a7-8c13-4078-83ec-ca6d51a6c337,3573,8,9,bpppbpbb,50.44563279857398,p,b,0,36.36363636363637
c1c479a7-8c13-4078-83ec-ca6d51a6c337,3573,10,9,bpbbbbpp,51.11524163568774,b,p,0,40.54054054054054
c1c479a7-8c13-4078-83ec-ca6d51a6c337,3573,11,9,pbbbbppp,50.4930966469428,b,p,0,50.0
c1c479a7-8c13-4078-83ec-ca6d51a6c337,3573,12,9,bppppbbp,51.41843971631206,b,b,1,33.333333333333336
c1c479a7-8c13-4078-83ec-ca6d51a6c337,3573,13,9,pbbpbbbp,51.98618307426598,b,b,1,43.24324324324324
c1c479a7-8c13-4078-83ec-ca6d51a6c337,3573,14,9,bpbbbpbb,50.30959752321982,b,p,0,44.44444444444444
c1c479a7-8c13-4078-83ec-ca6d51a6c337,3573,15,9,pbbbpbbp,51.39573070607554,b,p,0,52.54237288135593
c1c479a7-8c13-4078-83ec-ca6d51a6c337,3573,16,9,bpbbppbb,51.45797598627787,p,b,0,44.0
c1c479a7-8c13-4078-83ec-ca6d51a6c337,3573,17,9,pbbppbbb,50.77720207253886,b,p,0,60.714285714285715
c1c479a7-8c13-4078-83ec-ca6d51a6c337,3573,18,9,bppbbbpp,50.0,b,b,1,50.0
c1c479a7-8c13-4078-83ec-ca6d51a6c337,3573,19,9,pbbbppbp,52.01401050788091,b,p,0,42.10526315789474
c1c479a7-8c13-4078-83ec-ca6d51a6c337,3573,21,9,pbppbppb,54.562737642585546,b,p,0,46.42857142857143
c1c479a7-8c13-4078-83ec-ca6d51a6c337,3573,23,9,pbppbpbp,50.970017636684304,p,p,1,57.89473684210526
c1c479a7-8c13-4078-83ec-ca6d51a6c337,3573,25,9,pbpbpppb,53.3457249070632,b,p,0,41.666666666666664
c1c479a7-8c13-4078-83ec-ca6d51a6c337,3573,26,9,bpbpppbp,52.52918287937744,b,b,1,44.827586206896555
c1c479a7-8c13-4078-83ec-ca6d51a6c337,3573,27,9,pbpppbpb,50.481695568400774,b,p,0,42.10526315789474
c1c479a7-8c13-4078-83ec-ca6d51a6c337,3573,28,9,bpppbpbp,51.96261682242991,b,p,0,46.15384615384615
c1c479a7-8c13-4078-83ec-ca6d51a6c337,3574,1,9,pbbppppb,54.08348457350273,p,p,1,46.666666666666664
c1c479a7-8c13-4078-83ec-ca6d51a6c337,3574,2,9,bppppbpb,52.21238938053098,b,p,0,53.44827586206897
c1c479a7-8c13-4078-83ec-ca6d51a6c337,3574,3,9,pbpbppbb,51.00334448160535,p,b,0,47.61904761904762
c1c479a7-8c13-4078-83ec-ca6d51a6c337,3574,4,9,bpbppbbb,51.09612141652614,p,p,1,46.42857142857143
c1c479a7-8c13-4078-83ec-ca6d51a6c337,3574,5,9,pbppbbbp,52.79850746268657,b,b,1,46.15384615384615
c1c479a7-8c13-4078-83ec-ca6d51a6c337,3574,6,9,bppbbbpb,52.478632478632484,b,p,0,48.484848484848484
c1c479a7-8c13-4078-83ec-ca6d51a6c337,3574,7,9,pbbbpbpp,50.88062622309197,p,b,0,40.0
c1c479a7-8c13-4078-83ec-ca6d51a6c337,3574,8,9,bpbppbpp,50.094876660341555,p,b,0,44.827586206896555
c1c479a7-8c13-4078-83ec-ca6d51a6c337,3574,9,9,pbppbppb,54.562737642585546,b,b,1,46.42857142857143
c1c479a7-8c13-4078-83ec-ca6d51a6c337,3574,11,9,pbppbbbp,52.79850746268657,b,p,0,46.15384615384615
c1c479a7-8c13-4078-83ec-ca6d51a6c337,3574,12,9,bppbbbpp,50.0,b,b,1,50.0
c1c479a7-8c13-4078-83ec-ca6d51a6c337,3574,13,9,pbbbppbp,52.01401050788091,b,b,1,42.10526315789474
c1c479a7-8c13-4078-83ec-ca6d51a6c337,3575,1,9,bpbbbbbp,52.04991087344028,p,p,1,47.82608695652174
c1c479a7-8c13-4078-83ec-ca6d51a6c337,3575,2,9,pbbbbbpp,51.73076923076923,p,b,0,53.191489361702125
c1c479a7-8c13-4078-83ec-ca6d51a6c337,3575,3,9,bppbpppb,51.24282982791587,b,p,0,50.0
c1c479a7-8c13-4078-83ec-ca6d51a6c337,3575,4,9,pbpppbpb,50.481695568400774,b,b,1,42.10526315789474
c1c479a7-8c13-4078-83ec-ca6d51a6c337,3575,5,9,bpppbpbb,50.44563279857398,p,b,0,36.36363636363637
c1c479a7-8c13-4078-83ec-ca6d51a6c337,3575,6,9,pbpbbbbb,51.103565365025474,b,p,0,55.0
c1c479a7-8c13-4078-83ec-ca6d51a6c337,3575,7,9,bpbbbbbp,52.04991087344028,p,b,0,47.82608695652174
c1c479a7-8c13-4078-83ec-ca6d51a6c337,3575,9,9,bpbpbpbp,50.56179775280899,p,b,0,48.38709677419355
c1c479a7-8c13-4078-83ec-ca6d51a6c337,3575,11,9,bpbpbpbp,50.56179775280899,p,b,0,48.38709677419355
c1c479a7-8c13-4078-83ec-ca6d51a6c337,3575,13,9,bpbpbpbb,50.40916530278232,p,b,0,47.05882352941177
c1c479a7-8c13-4078-83ec-ca6d51a6c337,3575,14,9,pbpbpbbb,50.59422750424448,p,p,1,48.0
c1c479a7-8c13-4078-83ec-ca6d51a6c337,3575,16,9,pbpbbbpp,53.43915343915344,b,p,0,48.888888888888886
c1c479a7-8c13-4078-83ec-ca6d51a6c337,3575,17,9,bpbbbppp,50.1937984496124,p,p,1,36.8421052631579
c1c479a7-8c13-4078-83ec-ca6d51a6c337,3575,18,9,pbbbpppp,54.94296577946768,b,p,0,47.82608695652174
c1c479a7-8c13-4078-83ec-ca6d51a6c337,3575,19,9,bpppppbb,52.804642166344294,p,p,1,48.148148148148145
c1c479a7-8c13-4078-83ec-ca6d51a6c337,3575,20,9,pbbpbbbb,55.4806070826307,p,b,0,42.42424242424242
c1c479a7-8c13-4078-83ec-ca6d51a6c337,3575,22,9,pbbbbbbb,50.24390243902439,b,p,0,55.55555555555556
c1c479a7-8c13-4078-83ec-ca6d51a6c337,3575,24,9,pbppbppb,54.562737642585546,b,p,0,46.42857142857143
c1c479a7-8c13-4078-83ec-ca6d51a6c337,3575,26,9,pbppbpbb,51.40712945590994,p,b,0,45.45454545454545
c1c479a7-8c13-4078-83ec-ca6d51a6c337,3575,29,9,bpbbbbpb,50.245499181669395,p,b,0,59.57446808510638
c1c479a7-8c13-4078-83ec-ca6d51a6c337,3576,1,9,bppbbppp,53.52622061482821,b,b,1,26.666666666666668
c1c479a7-8c13-4078-83ec-ca6d51a6c337,3576,3,9,bpppbbpp,50.095238095238095,p,b,0,53.84615384615385
c1c479a7-8c13-4078-83ec-ca6d51a6c337,3576,4,9,pbbppbpb,51.31810193321616,b,b,1,37.83783783783784
c1c479a7-8c13-4078-83ec-ca6d51a6c337,3576,6,9,pbpbbppp,55.11669658886894,b,p,0,33.333333333333336
c1c479a7-8c13-4078-83ec-ca6d51a6c337,3576,7,9,bpbbpppp,52.207293666026864,b,b,1,37.93103448275862
c1c479a7-8c13-4078-83ec-ca6d51a6c337,3576,8,9,pbbppppb,54.08348457350273,p,b,0,46.666666666666664
c1c479a7-8c13-4078-83ec-ca6d51a6c337,3576,9,9,bppppbbb,51.067961165048544,b,b,1,48.275862068965516
c1c479a7-8c13-4078-83ec-ca6d51a6c337,3576,10,9,pbbbbpbp,51.388888888888886,p,b,0,46.42857142857143
c1c479a7-8c13-4078-83ec-ca6d51a6c337,3576,13,9,bpbbbbpp,51.11524163568774,b,b,1,40.54054054054054
c1c479a7-8c13-4078-83ec-ca6d51a6c337,3576,15,9,bppbbbpp,50.0,b,b,1,50.0
c1c479a7-8c13-4078-83ec-ca6d51a6c337,3576,16,9,pbbbppbp,52.01401050788091,b,p,0,42.10526315789474
c1c479a7-8c13-4078-83ec-ca6d51a6c337,3576,17,9,bppbpppb,51.24282982791587,b,b,1,50.0
c1c479a7-8c13-4078-83ec-ca6d51a6c337,3576,19,9,bpppbbbb,50.27422303473492,p,p,1,39.285714285714285
c1c479a7-8c13-4078-83ec-ca6d51a6c337,3576,20,9,pbbbbpbp,51.388888888888886,p,b,0,46.42857142857143
c1c479a7-8c13-4078-83ec-ca6d51a6c337,3576,21,9,bpbpbppp,50.99457504520796,b,p,0,58.18181818181818
c1c479a7-8c13-4078-83ec-ca6d51a6c337,3576,23,9,bpbppppp,52.11538461538462,b,p,0,42.857142857142854
c1c479a7-8c13-4078-83ec-ca6d51a6c337,3576,24,9,pbpppppp,50.39840637450199,p,b,0,69.56521739130434
c1c479a7-8c13-4078-83ec-ca6d51a6c337,3576,25,9,bppppppb,50.505050505050505,b,b,1,41.666666666666664
c1c479a7-8c13-4078-83ec-ca6d51a6c337,3577,1,9,pbppbpbp,50.970017636684304,p,p,1,57.89473684210526
c1c479a7-8c13-4078-83ec-ca6d51a6c337,3577,4,9,bpbppppp,52.11538461538462,b,b,1,42.857142857142854
c1c479a7-8c13-4078-83ec-ca6d51a6c337,3577,5,9,pbpppppb,50.1953125,p,b,0,62.5
c1c479a7-8c13-4078-83ec-ca6d51a6c337,3577,6,9,bpppppbb,52.804642166344294,p,p,1,48.148148148148145
c1c479a7-8c13-4078-83ec-ca6d51a6c337,3577,7,9,pbbppbpb,51.31810193321616,b,p,0,37.83783783783784
c1c479a7-8c13-4078-83ec-ca6d51a6c337,3577,8,9,bppbpbpb,50.54945054945055,p,p,1,57.142857142857146
c1c479a7-8c13-4078-83ec-ca6d51a6c337,3577,10,9,bpbpbpbb,50.40916530278232,p,b,0,47.05882352941177
c1c479a7-8c13-4078-83ec-ca6d51a6c337,3577,11,9,pbpbpbbb,50.59422750424448,p,b,0,48.0
c1c479a7-8c13-4078-83ec-ca6d51a6c337,3577,13,9,pbpbbbbb,51.103565365025474,b,b,1,55.0
c1c479a7-8c13-4078-83ec-ca6d51a6c337,3577,15,9,pbbbbbbp,52.26039783001808,p,b,0,46.875
c1c479a7-8c13-4078-83ec-ca6d51a6c337,3577,17,9,pbbbbbbp,52.26039783001808,p,b,0,46.875
c1c479a7-8c13-4078-83ec-ca6d51a6c337,3577,19,9,pbbpbppb,51.21107266435986,b,b,1,43.333333333333336
c1c479a7-8c13-4078-83ec-ca6d51a6c337,3577,20,9,bpbppbbb,51.09612141652614,p,b,0,46.42857142857143
c1c479a7-8c13-4078-83ec-ca6d51a6c337,3577,22,9,bppbbbbb,56.16942909760589,b,b,1,40.0
c1c479a7-8c13-4078-83ec-ca6d51a6c337,3577,23,9,pbbbbbbb,50.24390243902439,b,b,1,55.55555555555556
c1c479a7-8c13-4078-83ec-ca6d51a6c337,3578,1,9,bpbpbbpp,50.175438596491226,p,p,1,58.62068965517241
c1c479a7-8c13-4078-83ec-ca6d51a6c337,3578,2,9,pbpbbppp,55.11669658886894,b,b,1,33.333333333333336
c1c479a7-8c13-4078-83ec-ca6d51a6c337,3578,3,9,bpbbpppb,51.954397394136805,b,p,0,45.833333333333336
c1c479a7-8c13-4078-83ec-ca6d51a6c337,3578,4,9,pbbpppbp,55.172413793103445,b,b,1,47.22222222222222
c1c479a7-8c13-4078-83ec-ca6d51a6c337,3578,5,9,bpppbpbp,51.96261682242991,b,p,0,46.15384615384615
c1c479a7-8c13-4078-83ec-ca6d51a6c337,3578,6,9,pbpbppbp,52.01535508637236,b,p,0,55.76923076923077
c1c479a7-8c13-4078-83ec-ca6d51a6c337,3578,7,9,bpbppbpp,50.094876660341555,p,b,0,44.827586206896555
c1c479a7-8c13-4078-83ec-ca6d51a6c337,3578,8,9,pbppbppb,54.562737642585546,b,b,1,46.42857142857143
c1c479a7-8c13-4078-83ec-ca6d51a6c337,3578,10,9,pbppbbpp,52.87769784172662,b,b,1,41.935483870967744
c1c479a7-8c13-4078-83ec-ca6d51a6c337,3578,11,9,bppbbppb,50.174216027874564,p,b,0,41.1764705882353
c1c479a7-8c13-4078-83ec-ca6d51a6c337,3578,12,9,pbbppbbp,50.42881646655232,p,b,0,46.42857142857143
c1c479a7-8c13-4078-83ec-ca6d51a6c337,3578,13,9,bppbbpbp,50.44404973357016,p,b,0,60.714285714285715
c1c479a7-8c13-4078-83ec-ca6d51a6c337,3578,14,9,pbbpbpbp,51.264755480607086,p,p,1,30.76923076923077
c1c479a7-8c13-4078-83ec-ca6d51a6c337,3578,15,9,bpbpbppp,50.99457504520796,b,b,1,58.18181818181818
c1c479a7-8c13-4078-83ec-ca6d51a6c337,3578,16,9,pbpbpppb,53.3457249070632,b,b,1,41.666666666666664
c1c479a7-8c13-4078-83ec-ca6d51a6c337,3578,17,9,bpbpppbb,51.03806228373703,p,p,1,36.666666666666664
c1c479a7-8c13-4078-83ec-ca6d51a6c337,3578,18,9,pbpppbbp,51.57699443413729,b,p,0,52.17391304347826
c1c479a7-8c13-4078-83ec-ca6d51a6c337,3578,19,9,bpppbbpp,50.095238095238095,p,b,0,53.84615384615385
c1c479a7-8c13-4078-83ec-ca6d51a6c337,3578,21,9,bppbpppp,50.92402464065708,b,b,1,53.48837209302326
c1c479a7-8c13-4078-83ec-ca6d51a6c337,3578,22,9,pbppppbp,52.37154150197628,b,p,0,40.0
c1c479a7-8c13-4078-83ec-ca6d51a6c337,3578,23,9,bppppbpp,50.18656716417911,p,b,0,47.22222222222222
c1c479a7-8c13-4078-83ec-ca6d51a6c337,3578,25,9,bppbbbbb,56.16942909760589,b,b,1,40.0
c1c479a7-8c13-4078-83ec-ca6d51a6c337,3578,26,9,pbbbbbbp,52.26039783001808,p,b,0,46.875
c1c479a7-8c13-4078-83ec-ca6d51a6c337,3578,27,9,bpbbpbbp,55.76036866359447,b,b,1,47.916666666666664
c1c479a7-8c13-4078-83ec-ca6d51a6c337,3578,28,9,pbbpbbpb,50.23041474654379,b,b,1,56.0
c1c479a7-8c13-4078-83ec-ca6d51a6c337,3578,29,9,bpbbpbbb,52.861952861952865,b,b,1,36.36363636363637
c1c479a7-8c13-4078-83ec-ca6d51a6c337,3578,30,9,pbbpbbbb,55.4806070826307,p,p,1,42.42424242424242
c1c479a7-8c13-4078-83ec-ca6d51a6c337,3578,31,9,bpbbbbpb,50.245499181669395,p,b,0,59.57446808510638
46890859-aa9a-4d51-b3ef-b7bccf90e93c,3579,1,9,bpbbbpbb,50.15432098765432,b,p,0,44.44444444444444
46890859-aa9a-4d51-b3ef-b7bccf90e93c,3579,2,9,pbbbpbbp,51.391162029459906,b,p,0,52.54237288135593
46890859-aa9a-4d51-b3ef-b7bccf90e93c,3579,3,9,bpbbpppb,51.86991869918699,b,p,0,45.833333333333336
46890859-aa9a-4d51-b3ef-b7bccf90e93c,3579,4,9,pbbpppbp,55.24956970740104,b,p,0,47.22222222222222
46890859-aa9a-4d51-b3ef-b7bccf90e93c,3579,5,9,bpppbppp,51.61290322580645,b,b,1,34.48275862068966
46890859-aa9a-4d51-b3ef-b7bccf90e93c,3579,6,9,pbpppbpb,50.57471264367817,b,p,0,42.10526315789474
46890859-aa9a-4d51-b3ef-b7bccf90e93c,3579,7,9,bpppbpbp,51.76908752327747,b,b,1,46.15384615384615
46890859-aa9a-4d51-b3ef-b7bccf90e93c,3579,9,9,bpbpbpbb,50.16233766233766,p,b,0,47.05882352941177
46890859-aa9a-4d51-b3ef-b7bccf90e93c,3579,10,9,pbpbpbbb,50.5902192242833,p,b,0,48.0
46890859-aa9a-4d51-b3ef-b7bccf90e93c,3579,12,9,pbpbbbbb,51.09983079526227,b,p,0,55.0
46890859-aa9a-4d51-b3ef-b7bccf90e93c,3579,13,9,bpbbbbbp,52.04262877442274,p,b,0,47.82608695652174
46890859-aa9a-4d51-b3ef-b7bccf90e93c,3579,14,9,pbbbbbpb,51.2962962962963,b,p,0,54.83870967741935
46890859-aa9a-4d51-b3ef-b7bccf90e93c,3580,1,9,bpbpbbpb,51.41843971631206,b,b,1,45.16129032258065
46890859-aa9a-4d51-b3ef-b7bccf90e93c,3580,2,9,pbpbbpbb,50.936967632027255,p,p,1,39.02439024390244
46890859-aa9a-4d51-b3ef-b7bccf90e93c,3580,3,9,bpbbpbbp,55.895865237366,b,b,1,47.916666666666664
46890859-aa9a-4d51-b3ef-b7bccf90e93c,3580,4,9,pbbpbbpb,50.22970903522205,b,p,0,56.0
46890859-aa9a-4d51-b3ef-b7bccf90e93c,3580,6,9,pbbpbppb,51.29533678756477,b,p,0,43.333333333333336
46890859-aa9a-4d51-b3ef-b7bccf90e93c,3580,7,9,bpbppbpp,50.0945179584121,b,b,1,44.827586206896555
46890859-aa9a-4d51-b3ef-b7bccf90e93c,3580,8,9,pbppbppb,54.699248120300744,b,p,0,46.42857142857143
46890859-aa9a-4d51-b3ef-b7bccf90e93c,3580,11,9,bppbpppp,51.02459016393443,b,p,0,53.48837209302326
46890859-aa9a-4d51-b3ef-b7bccf90e93c,3580,12,9,pbpppppb,50.19455252918288,p,b,0,62.5
46890859-aa9a-4d51-b3ef-b7bccf90e93c,3580,13,9,bpppppbb,52.783109404990405,p,p,1,48.148148148148145
46890859-aa9a-4d51-b3ef-b7bccf90e93c,3580,14,9,pbbpbbbb,55.536912751677846,p,b,0,42.42424242424242
46890859-aa9a-4d51-b3ef-b7bccf90e93c,3580,16,9,pbbbbbbb,50.161812297734635,b,p,0,55.55555555555556
46890859-aa9a-4d51-b3ef-b7bccf90e93c,3580,18,9,pbbpbppp,50.77186963979416,p,b,0,46.42857142857143
46890859-aa9a-4d51-b3ef-b7bccf90e93c,3580,19,9,bpbpppbp,52.61121856866537,b,p,0,44.827586206896555
46890859-aa9a-4d51-b3ef-b7bccf90e93c,3580,20,9,pbpppbpp,51.04761904761905,p,p,1,57.142857142857146
46890859-aa9a-4d51-b3ef-b7bccf90e93c,3580,21,9,bpppbppp,51.61290322580645,b,p,0,34.48275862068966
46890859-aa9a-4d51-b3ef-b7bccf90e93c,3581,1,9,pbbppppp,50.10141987829615,p,b,0,43.47826086956522
46890859-aa9a-4d51-b3ef-b7bccf90e93c,3581,2,9,bpppppbp,50.68493150684932,b,p,0,55.172413793103445
46890859-aa9a-4d51-b3ef-b7bccf90e93c,3581,3,9,pbppppbb,50.177935943060504,b,b,1,47.36842105263158
46890859-aa9a-4d51-b3ef-b7bccf90e93c,3581,4,9,bppppbbb,51.05973025048169,b,b,1,48.275862068965516
46890859-aa9a-4d51-b3ef-b7bccf90e93c,3581,5,9,pbbbbbpb,51.2962962962963,b,p,0,54.83870967741935
46890859-aa9a-4d51-b3ef-b7bccf90e93c,3581,6,9,bpbpbppp,50.990990990990994,b,b,1,58.18181818181818
46890859-aa9a-4d51-b3ef-b7bccf90e93c,3581,7,9,pbpbpppb,53.321033210332104,b,p,0,41.666666666666664
46890859-aa9a-4d51-b3ef-b7bccf90e93c,3581,8,9,bpbpppbp,52.61121856866537,b,b,1,44.827586206896555
46890859-aa9a-4d51-b3ef-b7bccf90e93c,3581,9,9,pbpppbpb,50.57471264367817,b,p,0,42.10526315789474
46890859-aa9a-4d51-b3ef-b7bccf90e93c,3581,10,9,bpppbpbp,51.76908752327747,b,b,1,46.15384615384615
46890859-aa9a-4d51-b3ef-b7bccf90e93c,3581,11,9,pbpbpbbp,51.162790697674424,p,p,1,41.37931034482759
46890859-aa9a-4d51-b3ef-b7bccf90e93c,3581,12,9,bpbpbbpp,50.08726003490401,p,b,0,58.62068965517241
46890859-aa9a-4d51-b3ef-b7bccf90e93c,3581,14,9,bpbbppbp,51.090909090909086,b,b,1,45.16129032258065
46890859-aa9a-4d51-b3ef-b7bccf90e93c,3581,15,9,pbbppbpb,51.39860139860139,b,b,1,37.83783783783784
46890859-aa9a-4d51-b3ef-b7bccf90e93c,3581,17,9,pbpbbpbb,50.936967632027255,p,b,0,39.02439024390244
46890859-aa9a-4d51-b3ef-b7bccf90e93c,3581,18,9,bpbbpbbb,52.94117647058824,b,p,0,36.36363636363637
46890859-aa9a-4d51-b3ef-b7bccf90e93c,3581,19,9,pbbpbbbp,52.06896551724138,b,p,0,43.24324324324324
46890859-aa9a-4d51-b3ef-b7bccf90e93c,3581,20,9,bpbbbppb,51.877133105802045,p,p,1,40.90909090909091
46890859-aa9a-4d51-b3ef-b7bccf90e93c,3581,21,9,pbbbppbp,52.0,b,p,0,42.10526315789474
46890859-aa9a-4d51-b3ef-b7bccf90e93c,3582,1,9,pbbpbbpb,50.22970903522205,b,p,0,56.0
46890859-aa9a-4d51-b3ef-b7bccf90e93c,3582,2,9,bpbbpbpb,52.92096219931272,p,b,0,48.148148148148145
46890859-aa9a-4d51-b3ef-b7bccf90e93c,3582,3,9,pbbpbpbb,52.604166666666664,b,b,1,56.09756097560975
46890859-aa9a-4d51-b3ef-b7bccf90e93c,3582,5,9,pbpbbbpp,53.25131810193322,b,b,1,48.888888888888886
46890859-aa9a-4d51-b3ef-b7bccf90e93c,3582,6,9,bpbbbppb,51.877133105802045,p,p,1,40.90909090909091
46890859-aa9a-4d51-b3ef-b7bccf90e93c,3582,7,9,pbbbppbp,52.0,b,p,0,42.10526315789474
46890859-aa9a-4d51-b3ef-b7bccf90e93c,3582,8,9,bppbpppp,51.02459016393443,b,b,1,53.48837209302326
46890859-aa9a-4d51-b3ef-b7bccf90e93c,3582,9,9,pbppppbp,52.26824457593688,b,b,1,40.0
46890859-aa9a-4d51-b3ef-b7bccf90e93c,3582,10,9,bppppbpb,52.120141342756185,b,p,0,53.44827586206897
46890859-aa9a-4d51-b3ef-b7bccf90e93c,3582,12,9,bpbppppb,52.76292335115864,b,b,1,48.83720930232558
46890859-aa9a-4d51-b3ef-b7bccf90e93c,3582,13,9,pbppppbb,50.177935943060504,b,b,1,47.36842105263158
46890859-aa9a-4d51-b3ef-b7bccf90e93c,3582,14,9,bppppbbb,51.05973025048169,b,p,0,48.275862068965516
46890859-aa9a-4d51-b3ef-b7bccf90e93c,3582,15,9,pbbbpppp,54.82041587901701,b,p,0,47.82608695652174
46890859-aa9a-4d51-b3ef-b7bccf90e93c,3582,16,9,bppppppp,51.49700598802395,b,b,1,40.0
46890859-aa9a-4d51-b3ef-b7bccf90e93c,3582,18,9,bpppbbbb,50.18181818181818,p,b,0,39.285714285714285
46890859-aa9a-4d51-b3ef-b7bccf90e93c,3582,19,9,pbbbbbbb,50.161812297734635,b,p,0,55.55555555555556
46890859-aa9a-4d51-b3ef-b7bccf90e93c,3582,20,9,bpbbppbp,51.090909090909086,b,b,1,45.16129032258065
46890859-aa9a-4d51-b3ef-b7bccf90e93c,3582,21,9,pbbppbpb,51.39860139860139,b,b,1,37.83783783783784
46890859-aa9a-4d51-b3ef-b7bccf90e93c,3583,1,9,bpbpbppp,50.990990990990994,b,b,1,58.18181818181818
46890859-aa9a-4d51-b3ef-b7bccf90e93c,3583,2,9,pbpbpppb,53.321033210332104,b,b,1,41.666666666666664
46890859-aa9a-4d51-b3ef-b7bccf90e93c,3583,3,9,bpbpppbb,51.03448275862069,p,b,0,36.666666666666664
46890859-aa9a-4d51-b3ef-b7bccf90e93c,3583,6,9,pbbbpppb,51.162790697674424,p,b,0,44.0
46890859-aa9a-4d51-b3ef-b7bccf90e93c,3583,7,9,bpppbbpb,50.08488964346349,p,p,1,60.714285714285715
46890859-aa9a-4d51-b3ef-b7bccf90e93c,3583,8,9,pbbpbpbb,52.604166666666664,b,p,0,56.09756097560975
46890859-aa9a-4d51-b3ef-b7bccf90e93c,3583,9,9,bpbpbbpb,51.41843971631206,b,p,0,45.16129032258065
46890859-aa9a-4d51-b3ef-b7bccf90e93c,3583,10,9,pbpbbpbp,51.798561151079134,p,p,1,48.717948717948715
46890859-aa9a-4d51-b3ef-b7bccf90e93c,3583,12,9,pbbpbppb,51.29533678756477,b,b,1,43.333333333333336
46890859-aa9a-4d51-b3ef-b7bccf90e93c,3583,13,9,bpbppbbp,52.0,b,b,1,48.38709677419355
46890859-aa9a-4d51-b3ef-b7bccf90e93c,3583,14,9,pbppbbpb,51.864406779661024,p,b,0,45.833333333333336
46890859-aa9a-4d51-b3ef-b7bccf90e93c,3583,15,9,bppbbpbb,50.0,p,b,0,45.16129032258065
46890859-aa9a-4d51-b3ef-b7bccf90e93c,3583,16,9,pbbpbbbp,52.06896551724138,b,b,1,43.24324324324324
46890859-aa9a-4d51-b3ef-b7bccf90e93c,3583,17,9,bpbbbpbp,51.27768313458262,b,p,0,46.42857142857143
46890859-aa9a-4d51-b3ef-b7bccf90e93c,3583,18,9,pbbbpbpp,50.877192982456144,p,b,0,40.0
46890859-aa9a-4d51-b3ef-b7bccf90e93c,3583,19,9,bpbppbbp,52.0,b,p,0,48.38709677419355
46890859-aa9a-4d51-b3ef-b7bccf90e93c,3583,20,9,pbppbbpp,53.13059033989267,b,p,0,41.935483870967744
46890859-aa9a-4d51-b3ef-b7bccf90e93c,3583,21,9,bppbbppp,53.61010830324909,b,b,1,26.666666666666668
46890859-aa9a-4d51-b3ef-b7bccf90e93c,3585,1,9,pbbppppp,50.10141987829615,p,b,0,43.47826086956522
46890859-aa9a-4d51-b3ef-b7bccf90e93c,3585,2,9,bpppppbp,50.68493150684932,b,p,0,55.172413793103445
46890859-aa9a-4d51-b3ef-b7bccf90e93c,3585,3,9,pbppppbb,50.177935943060504,b,b,1,47.36842105263158
46890859-aa9a-4d51-b3ef-b7bccf90e93c,3585,4,9,bppppbbb,51.05973025048169,b,b,1,48.275862068965516
46890859-aa9a-4d51-b3ef-b7bccf90e93c,3585,5,9,pbbbbbpb,51.2962962962963,b,p,0,54.83870967741935
46890859-aa9a-4d51-b3ef-b7bccf90e93c,3585,6,9,bpbpbppp,50.990990990990994,b,b,1,58.18181818181818
46890859-aa9a-4d51-b3ef-b7bccf90e93c,3585,7,9,pbpbpppb,53.321033210332104,b,p,0,41.666666666666664
46890859-aa9a-4d51-b3ef-b7bccf90e93c,3585,8,9,bpbpppbp,52.61121856866537,b,b,1,44.827586206896555
46890859-aa9a-4d51-b3ef-b7bccf90e93c,3585,9,9,pbpppbpb,50.57471264367817,b,p,0,42.10526315789474
46890859-aa9a-4d51-b3ef-b7bccf90e93c,3585,10,9,bpppbpbp,51.76908752327747,b,b,1,46.15384615384615
46890859-aa9a-4d51-b3ef-b7bccf90e93c,3585,11,9,pbpbpbbp,51.162790697674424,p,p,1,41.37931034482759
46890859-aa9a-4d51-b3ef-b7bccf90e93c,3585,12,9,bpbpbbpp,50.08726003490401,p,b,0,58.62068965517241
46890859-aa9a-4d51-b3ef-b7bccf90e93c,3585,14,9,bpbbppbp,51.090909090909086,b,b,1,45.16129032258065
46890859-aa9a-4d51-b3ef-b7bccf90e93c,3585,15,9,pbbppbpb,51.39860139860139,b,b,1,37.83783783783784
46890859-aa9a-4d51-b3ef-b7bccf90e93c,3585,17,9,pbpbbpbb,50.936967632027255,p,b,0,39.02439024390244
46890859-aa9a-4d51-b3ef-b7bccf90e93c,3585,18,9,bpbbpbbb,52.94117647058824,b,p,0,36.36363636363637
46890859-aa9a-4d51-b3ef-b7bccf90e93c,3585,19,9,pbbpbbbp,52.06896551724138,b,p,0,43.24324324324324
46890859-aa9a-4d51-b3ef-b7bccf90e93c,3585,20,9,bpbbbppb,51.877133105802045,p,p,1,40.90909090909091
46890859-aa9a-4d51-b3ef-b7bccf90e93c,3585,21,9,pbbbppbp,52.0,b,p,0,42.10526315789474
46890859-aa9a-4d51-b3ef-b7bccf90e93c,3586,1,9,bpbpbppp,50.990990990990994,b,b,1,58.18181818181818
46890859-aa9a-4d51-b3ef-b7bccf90e93c,3586,2,9,pbpbpppb,53.321033210332104,b,b,1,41.666666666666664
46890859-aa9a-4d51-b3ef-b7bccf90e93c,3586,3,9,bpbpppbb,51.03448275862069,p,b,0,36.666666666666664
46890859-aa9a-4d51-b3ef-b7bccf90e93c,3586,6,9,pbbbpppb,51.162790697674424,p,b,0,44.0
46890859-aa9a-4d51-b3ef-b7bccf90e93c,3586,7,9,bpppbbpb,50.08488964346349,p,p,1,60.714285714285715
46890859-aa9a-4d51-b3ef-b7bccf90e93c,3586,8,9,pbbpbpbb,52.604166666666664,b,p,0,56.09756097560975
46890859-aa9a-4d51-b3ef-b7bccf90e93c,3586,9,9,bpbpbbpb,51.41843971631206,b,p,0,45.16129032258065
46890859-aa9a-4d51-b3ef-b7bccf90e93c,3586,10,9,pbpbbpbp,51.798561151079134,p,p,1,48.717948717948715
46890859-aa9a-4d51-b3ef-b7bccf90e93c,3586,12,9,pbbpbppb,51.29533678756477,b,b,1,43.333333333333336
46890859-aa9a-4d51-b3ef-b7bccf90e93c,3586,13,9,bpbppbbp,52.0,b,b,1,48.38709677419355
46890859-aa9a-4d51-b3ef-b7bccf90e93c,3586,14,9,pbppbbpb,51.864406779661024,p,b,0,45.833333333333336
46890859-aa9a-4d51-b3ef-b7bccf90e93c,3586,15,9,bppbbpbb,50.0,p,b,0,45.16129032258065
46890859-aa9a-4d51-b3ef-b7bccf90e93c,3586,16,9,pbbpbbbp,52.06896551724138,b,b,1,43.24324324324324
46890859-aa9a-4d51-b3ef-b7bccf90e93c,3586,17,9,bpbbbpbp,51.27768313458262,b,p,0,46.42857142857143
46890859-aa9a-4d51-b3ef-b7bccf90e93c,3586,18,9,pbbbpbpp,50.877192982456144,p,b,0,40.0
46890859-aa9a-4d51-b3ef-b7bccf90e93c,3586,19,9,bpbppbbp,52.0,b,p,0,48.38709677419355
46890859-aa9a-4d51-b3ef-b7bccf90e93c,3586,20,9,pbppbbpp,53.13059033989267,b,p,0,41.935483870967744
46890859-aa9a-4d51-b3ef-b7bccf90e93c,3586,21,9,bppbbppp,53.61010830324909,b,b,1,26.666666666666668
46890859-aa9a-4d51-b3ef-b7bccf90e93c,3587,1,9,bppppbpp,50.0,p,p,1,47.22222222222222
46890859-aa9a-4d51-b3ef-b7bccf90e93c,3587,2,9,pbppppbb,50.177935943060504,b,p,0,47.36842105263158
46890859-aa9a-4d51-b3ef-b7bccf90e93c,3587,3,9,bppppbbp,51.41342756183745,b,b,1,33.333333333333336
46890859-aa9a-4d51-b3ef-b7bccf90e93c,3587,4,9,pbbpbppb,51.29533678756477,b,b,1,43.333333333333336
46890859-aa9a-4d51-b3ef-b7bccf90e93c,3587,5,9,bpbppbbp,52.0,b,p,0,48.38709677419355
46890859-aa9a-4d51-b3ef-b7bccf90e93c,3587,6,9,pbppbbpp,53.13059033989267,b,p,0,41.935483870967744
46890859-aa9a-4d51-b3ef-b7bccf90e93c,3587,7,9,bppbbppp,53.61010830324909,b,p,0,26.666666666666668
46890859-aa9a-4d51-b3ef-b7bccf90e93c,3587,8,9,pbbppppb,53.97111913357401,p,p,1,46.666666666666664
46890859-aa9a-4d51-b3ef-b7bccf90e93c,3587,9,9,bppppbpb,52.120141342756185,b,p,0,53.44827586206897
46890859-aa9a-4d51-b3ef-b7bccf90e93c,3587,11,9,bpbpbpbp,50.46554934823091,p,b,0,48.38709677419355
46890859-aa9a-4d51-b3ef-b7bccf90e93c,3587,13,9,bpbpbpbp,50.46554934823091,p,b,0,48.38709677419355
46890859-aa9a-4d51-b3ef-b7bccf90e93c,3587,15,9,bpbpbpbb,50.16233766233766,p,p,1,47.05882352941177
46890859-aa9a-4d51-b3ef-b7bccf90e93c,3587,16,9,pbpbpbbp,51.162790697674424,p,p,1,41.37931034482759
46890859-aa9a-4d51-b3ef-b7bccf90e93c,3587,17,9,bpbpbbpp,50.08726003490401,p,p,1,58.62068965517241
46890859-aa9a-4d51-b3ef-b7bccf90e93c,3587,18,9,pbpbbppp,55.09838998211091,b,b,1,33.333333333333336
46890859-aa9a-4d51-b3ef-b7bccf90e93c,3587,19,9,bpbbpppb,51.86991869918699,b,b,1,45.833333333333336
46890859-aa9a-4d51-b3ef-b7bccf90e93c,3587,22,9,pbbbpppb,51.162790697674424,p,p,1,44.0
46890859-aa9a-4d51-b3ef-b7bccf90e93c,3587,23,9,bpppbppp,51.61290322580645,b,b,1,34.48275862068966
46890859-aa9a-4d51-b3ef-b7bccf90e93c,3588,1,9,bpbpbppb,57.14285714285714,b,p,0,43.333333333333336
46890859-aa9a-4d51-b3ef-b7bccf90e93c,3588,2,9,pbpbppbp,52.09923664122137,b,p,0,55.76923076923077
46890859-aa9a-4d51-b3ef-b7bccf90e93c,3588,3,9,bpbppbpp,50.0945179584121,b,p,0,44.827586206896555
46890859-aa9a-4d51-b3ef-b7bccf90e93c,3588,5,9,bppbpppb,51.23809523809524,b,p,0,50.0
46890859-aa9a-4d51-b3ef-b7bccf90e93c,3588,6,9,pbpppbpb,50.57471264367817,b,b,1,42.10526315789474
46890859-aa9a-4d51-b3ef-b7bccf90e93c,3588,7,9,bpppbpbb,50.35460992907801,p,b,0,36.36363636363637
46890859-aa9a-4d51-b3ef-b7bccf90e93c,3588,8,9,pbpbbbpb,52.988691437802906,b,p,0,50.943396226415096
46890859-aa9a-4d51-b3ef-b7bccf90e93c,3588,9,9,bpbbbpbp,51.27768313458262,b,p,0,46.42857142857143
46890859-aa9a-4d51-b3ef-b7bccf90e93c,3588,10,9,pbbbpbpp,50.877192982456144,p,b,0,40.0
46890859-aa9a-4d51-b3ef-b7bccf90e93c,3588,11,9,bpbppbpp,50.0945179584121,b,p,0,44.827586206896555
46890859-aa9a-4d51-b3ef-b7bccf90e93c,3588,13,9,bppbpppp,51.02459016393443,b,b,1,53.48837209302326
46890859-aa9a-4d51-b3ef-b7bccf90e93c,3588,14,9,pbppppbp,52.26824457593688,b,b,1,40.0
46890859-aa9a-4d51-b3ef-b7bccf90e93c,3588,15,9,bppppbpb,52.120141342756185,b,b,1,53.44827586206897
46890859-aa9a-4d51-b3ef-b7bccf90e93c,3588,17,9,bpbbppbb,51.45299145299145,p,b,0,44.0
46890859-aa9a-4d51-b3ef-b7bccf90e93c,3588,18,9,pbbppbbb,50.689655172413794,b,p,0,60.714285714285715
46890859-aa9a-4d51-b3ef-b7bccf90e93c,3588,19,9,bppbbbpp,50.29821073558648,b,b,1,50.0
46890859-aa9a-4d51-b3ef-b7bccf90e93c,3588,20,9,pbbbppbp,52.0,b,p,0,42.10526315789474
46890859-aa9a-4d51-b3ef-b7bccf90e93c,3588,21,9,bppbpppp,51.02459016393443,b,p,0,53.48837209302326
46890859-aa9a-4d51-b3ef-b7bccf90e93c,3588,22,9,pbpppppb,50.19455252918288,p,b,0,62.5
46890859-aa9a-4d51-b3ef-b7bccf90e93c,3588,23,9,bpppppbb,52.783109404990405,p,b,0,48.148148148148145
46890859-aa9a-4d51-b3ef-b7bccf90e93c,3588,24,9,pbbbpbpp,50.877192982456144,p,p,1,40.0
46890859-aa9a-4d51-b3ef-b7bccf90e93c,3588,25,9,bpbpppbb,51.03448275862069,p,p,1,36.666666666666664
46890859-aa9a-4d51-b3ef-b7bccf90e93c,3588,26,9,pbpppbbp,51.48148148148148,b,p,0,52.17391304347826
46890859-aa9a-4d51-b3ef-b7bccf90e93c,3588,27,9,bpppbbpp,50.094876660341555,b,b,1,53.84615384615385
46890859-aa9a-4d51-b3ef-b7bccf90e93c,3589,1,9,bpppppbp,50.68493150684932,b,p,0,55.172413793103445
46890859-aa9a-4d51-b3ef-b7bccf90e93c,3589,2,9,pbppbbbp,52.865064695009245,b,p,0,46.15384615384615
46890859-aa9a-4d51-b3ef-b7bccf90e93c,3589,3,9,bppbbbpp,50.29821073558648,b,b,1,50.0
46890859-aa9a-4d51-b3ef-b7bccf90e93c,3589,4,9,pbbbppbp,52.0,b,b,1,42.10526315789474
46890859-aa9a-4d51-b3ef-b7bccf90e93c,3589,6,9,pbpbbbbp,53.86064030131826,b,p,0,47.22222222222222
46890859-aa9a-4d51-b3ef-b7bccf90e93c,3589,7,9,bpbbbbpp,50.91911764705882,b,p,0,40.54054054054054
46890859-aa9a-4d51-b3ef-b7bccf90e93c,3589,8,9,pbbbbppp,50.293542074364,b,p,0,50.0
46890859-aa9a-4d51-b3ef-b7bccf90e93c,3589,9,9,bppppppp,51.49700598802395,b,b,1,40.0
46890859-aa9a-4d51-b3ef-b7bccf90e93c,3589,10,9,pbpbbbpb,52.988691437802906,b,p,0,50.943396226415096
46890859-aa9a-4d51-b3ef-b7bccf90e93c,3589,11,9,bpbbbpbp,51.27768313458262,b,b,1,46.42857142857143
46890859-aa9a-4d51-b3ef-b7bccf90e93c,3589,12,9,pbbbpbpb,52.02702702702703,p,p,1,53.7037037037037
46890859-aa9a-4d51-b3ef-b7bccf90e93c,3589,13,9,bpbpbpbp,50.46554934823091,p,b,0,48.38709677419355
46890859-aa9a-4d51-b3ef-b7bccf90e93c,3589,15,9,bpbpbpbb,50.16233766233766,p,b,0,47.05882352941177
46890859-aa9a-4d51-b3ef-b7bccf90e93c,3589,16,9,pbpbpbbb,50.5902192242833,p,p,1,48.0
46890859-aa9a-4d51-b3ef-b7bccf90e93c,3589,18,9,pbpbbbpb,52.988691437802906,b,b,1,50.943396226415096
46890859-aa9a-4d51-b3ef-b7bccf90e93c,3589,19,9,bpbbbpbb,50.15432098765432,b,b,1,44.44444444444444
46890859-aa9a-4d51-b3ef-b7bccf90e93c,3589,20,9,pbbbpbbb,51.08153078202995,p,b,0,36.8421052631579
46890859-aa9a-4d51-b3ef-b7bccf90e93c,3589,21,9,bpbbbbbp,52.04262877442274,p,p,1,47.82608695652174
46890859-aa9a-4d51-b3ef-b7bccf90e93c,3589,22,9,pbbbbbpp,51.724137931034484,p,p,1,53.191489361702125
46890859-aa9a-4d51-b3ef-b7bccf90e93c,3589,23,9,bpppppbb,52.783109404990405,p,b,0,48.148148148148145
46890859-aa9a-4d51-b3ef-b7bccf90e93c,3591,1,9,bppppbpb,52.120141342756185,b,b,1,53.44827586206897
46890859-aa9a-4d51-b3ef-b7bccf90e93c,3591,3,9,bpbbppbp,51.090909090909086,b,p,0,45.16129032258065
46890859-aa9a-4d51-b3ef-b7bccf90e93c,3591,5,9,bppbpppb,51.23809523809524,b,p,0,50.0
46890859-aa9a-4d51-b3ef-b7bccf90e93c,3591,6,9,pbpppbpp,51.04761904761905,p,b,0,57.142857142857146
46890859-aa9a-4d51-b3ef-b7bccf90e93c,3591,7,9,bpppbppb,50.09633911368015,b,b,1,50.0
46890859-aa9a-4d51-b3ef-b7bccf90e93c,3591,8,9,pbppbbpb,51.864406779661024,p,p,1,45.833333333333336
46890859-aa9a-4d51-b3ef-b7bccf90e93c,3591,9,9,bppbbpbp,50.17667844522968,p,p,1,60.714285714285715
46890859-aa9a-4d51-b3ef-b7bccf90e93c,3591,10,9,pbbpbppp,50.77186963979416,p,p,1,46.42857142857143
46890859-aa9a-4d51-b3ef-b7bccf90e93c,3591,11,9,bpbppppp,52.198852772466545,b,b,1,42.857142857142854
46890859-aa9a-4d51-b3ef-b7bccf90e93c,3591,12,9,pbpppppb,50.19455252918288,p,b,0,62.5
46890859-aa9a-4d51-b3ef-b7bccf90e93c,3591,13,9,bpppppbb,52.783109404990405,p,p,1,48.148148148148145
46890859-aa9a-4d51-b3ef-b7bccf90e93c,3591,14,9,pbbpbbbp,52.06896551724138,b,p,0,43.24324324324324
46890859-aa9a-4d51-b3ef-b7bccf90e93c,3591,15,9,bpbbbppp,50.38610038610039,p,b,0,36.8421052631579
46890859-aa9a-4d51-b3ef-b7bccf90e93c,3591,16,9,pbbbpppb,51.162790697674424,p,b,0,44.0
46890859-aa9a-4d51-b3ef-b7bccf90e93c,3591,18,9,pbbbppbp,52.0,b,b,1,42.10526315789474
46890859-aa9a-4d51-b3ef-b7bccf90e93c,3592,2,9,bpppbbpp,50.094876660341555,b,p,0,53.84615384615385
46890859-aa9a-4d51-b3ef-b7bccf90e93c,3592,4,9,bpppbbpp,50.094876660341555,b,p,0,53.84615384615385
46890859-aa9a-4d51-b3ef-b7bccf90e93c,3592,5,9,pbbpppbp,55.24956970740104,b,p,0,47.22222222222222
46890859-aa9a-4d51-b3ef-b7bccf90e93c,3592,6,9,bpppbppp,51.61290322580645,b,b,1,34.48275862068966
46890859-aa9a-4d51-b3ef-b7bccf90e93c,3592,7,9,pbpppbpp,51.04761904761905,p,p,1,57.142857142857146
46890859-aa9a-4d51-b3ef-b7bccf90e93c,3592,8,9,bpppbppp,51.61290322580645,b,b,1,34.48275862068966
46890859-aa9a-4d51-b3ef-b7bccf90e93c,3592,9,9,pbpppbpp,51.04761904761905,p,b,0,57.142857142857146
46890859-aa9a-4d51-b3ef-b7bccf90e93c,3592,10,9,bpppbppb,50.09633911368015,b,b,1,50.0
46890859-aa9a-4d51-b3ef-b7bccf90e93c,3592,11,9,pbppbbpp,53.13059033989267,b,b,1,41.935483870967744
46890859-aa9a-4d51-b3ef-b7bccf90e93c,3592,12,9,bppbbppb,50.08665511265165,p,b,0,41.1764705882353
46890859-aa9a-4d51-b3ef-b7bccf90e93c,3592,13,9,pbbppbbp,50.170648464163826,p,p,1,46.42857142857143
46890859-aa9a-4d51-b3ef-b7bccf90e93c,3592,14,9,bppbbppb,50.08665511265165,p,b,0,41.1764705882353
46890859-aa9a-4d51-b3ef-b7bccf90e93c,3592,15,9,pbbppbbp,50.170648464163826,p,b,0,46.42857142857143
46890859-aa9a-4d51-b3ef-b7bccf90e93c,3592,16,9,bppbbpbp,50.17667844522968,p,p,1,60.714285714285715
46890859-aa9a-4d51-b3ef-b7bccf90e93c,3593,1,9,pbbbpbpb,52.02702702702703,p,b,0,53.7037037037037
46890859-aa9a-4d51-b3ef-b7bccf90e93c,3593,2,9,bpbpbbpp,50.08726003490401,p,p,1,58.62068965517241
46890859-aa9a-4d51-b3ef-b7bccf90e93c,3593,3,9,pbpbbppp,55.09838998211091,b,b,1,33.333333333333336
46890859-aa9a-4d51-b3ef-b7bccf90e93c,3593,4,9,bpbbpppb,51.86991869918699,b,b,1,45.833333333333336
46890859-aa9a-4d51-b3ef-b7bccf90e93c,3593,6,9,bpppbbpb,50.08488964346349,p,b,0,60.714285714285715
46890859-aa9a-4d51-b3ef-b7bccf90e93c,3593,7,9,pbbpbbbp,52.06896551724138,b,b,1,43.24324324324324
46890859-aa9a-4d51-b3ef-b7bccf90e93c,3593,8,9,bpbbbpbp,51.27768313458262,b,b,1,46.42857142857143
46890859-aa9a-4d51-b3ef-b7bccf90e93c,3593,9,9,pbbbpbpb,52.02702702702703,p,p,1,53.7037037037037
46890859-aa9a-4d51-b3ef-b7bccf90e93c,3593,10,9,bpbpbppb,57.14285714285714,b,p,0,43.333333333333336
46890859-aa9a-4d51-b3ef-b7bccf90e93c,3593,11,9,pbpbppbp,52.09923664122137,b,p,0,55.76923076923077
46890859-aa9a-4d51-b3ef-b7bccf90e93c,3593,12,9,bpbppbpp,50.0945179584121,b,b,1,44.827586206896555
46890859-aa9a-4d51-b3ef-b7bccf90e93c,3593,13,9,pbppbppb,54.699248120300744,b,p,0,46.42857142857143
46890859-aa9a-4d51-b3ef-b7bccf90e93c,3593,15,9,pbppbppb,54.699248120300744,b,p,0,46.42857142857143
46890859-aa9a-4d51-b3ef-b7bccf90e93c,3593,18,9,bppbpbpb,50.6398537477148,p,b,0,57.142857142857146
46890859-aa9a-4d51-b3ef-b7bccf90e93c,3593,19,9,pbpbpbbp,51.162790697674424,p,p,1,41.37931034482759
46890859-aa9a-4d51-b3ef-b7bccf90e93c,3593,20,9,bpbpbbpp,50.08726003490401,p,b,0,58.62068965517241
46890859-aa9a-4d51-b3ef-b7bccf90e93c,3593,22,9,bpbbppbb,51.45299145299145,p,p,1,44.0
46890859-aa9a-4d51-b3ef-b7bccf90e93c,3593,23,9,pbbppbbp,50.170648464163826,p,p,1,46.42857142857143
46890859-aa9a-4d51-b3ef-b7bccf90e93c,3593,24,9,bppbbppp,53.61010830324909,b,p,0,26.666666666666668
46890859-aa9a-4d51-b3ef-b7bccf90e93c,3593,25,9,pbbppppp,50.10141987829615,p,b,0,43.47826086956522
46890859-aa9a-4d51-b3ef-b7bccf90e93c,3593,26,9,bpppppbb,52.783109404990405,p,b,0,48.148148148148145
46890859-aa9a-4d51-b3ef-b7bccf90e93c,3594,1,9,pbppbppb,54.699248120300744,b,p,0,46.42857142857143
46890859-aa9a-4d51-b3ef-b7bccf90e93c,3594,3,9,pbppbppb,54.699248120300744,b,p,0,46.42857142857143
46890859-aa9a-4d51-b3ef-b7bccf90e93c,3594,6,9,bppbpbpb,50.6398537477148,p,p,1,57.142857142857146
46890859-aa9a-4d51-b3ef-b7bccf90e93c,3594,7,9,pbpbpbpp,52.68817204301075,b,b,1,53.57142857142857
46890859-aa9a-4d51-b3ef-b7bccf90e93c,3594,8,9,bpbpbppb,57.14285714285714,b,p,0,43.333333333333336
46890859-aa9a-4d51-b3ef-b7bccf90e93c,3594,9,9,pbpbppbp,52.09923664122137,b,b,1,55.76923076923077
46890859-aa9a-4d51-b3ef-b7bccf90e93c,3594,10,9,bpbppbpb,50.18382352941176,b,p,0,50.0
46890859-aa9a-4d51-b3ef-b7bccf90e93c,3594,13,9,pbpbppbb,50.99667774086378,p,p,1,47.61904761904762
46890859-aa9a-4d51-b3ef-b7bccf90e93c,3594,14,9,bpbppbbp,52.0,b,b,1,48.38709677419355
46890859-aa9a-4d51-b3ef-b7bccf90e93c,3594,15,9,pbppbbpb,51.864406779661024,p,p,1,45.833333333333336
46890859-aa9a-4d51-b3ef-b7bccf90e93c,3594,16,9,bppbbpbp,50.17667844522968,p,p,1,60.714285714285715
46890859-aa9a-4d51-b3ef-b7bccf90e93c,3594,17,9,pbbpbppb,51.29533678756477,b,b,1,43.333333333333336
46890859-aa9a-4d51-b3ef-b7bccf90e93c,3594,18,9,bpbppbbp,52.0,b,b,1,48.38709677419355
46890859-aa9a-4d51-b3ef-b7bccf90e93c,3594,19,9,pbppbbpb,51.864406779661024,p,p,1,45.833333333333336
46890859-aa9a-4d51-b3ef-b7bccf90e93c,3594,20,9,bppbbpbp,50.17667844522968,p,b,0,60.714285714285715
46890859-aa9a-4d51-b3ef-b7bccf90e93c,3594,21,9,pbbpbpbp,51.256281407035175,p,p,1,30.76923076923077
46890859-aa9a-4d51-b3ef-b7bccf90e93c,3594,22,9,bpbpbppb,57.14285714285714,b,p,0,43.333333333333336
46890859-aa9a-4d51-b3ef-b7bccf90e93c,3594,23,9,pbpbppbp,52.09923664122137,b,b,1,55.76923076923077
46890859-aa9a-4d51-b3ef-b7bccf90e93c,3594,24,9,bpbppbpb,50.18382352941176,b,p,0,50.0
46890859-aa9a-4d51-b3ef-b7bccf90e93c,3594,26,9,bppbpbpb,50.6398537477148,p,p,1,57.142857142857146
46890859-aa9a-4d51-b3ef-b7bccf90e93c,3594,27,9,pbpbpbpp,52.68817204301075,b,p,0,53.57142857142857
46890859-aa9a-4d51-b3ef-b7bccf90e93c,3594,28,9,bpbpbppp,50.990990990990994,b,b,1,58.18181818181818
46890859-aa9a-4d51-b3ef-b7bccf90e93c,3594,29,9,pbpbpppb,53.321033210332104,b,b,1,41.666666666666664
46890859-aa9a-4d51-b3ef-b7bccf90e93c,3594,30,9,bpbpppbb,51.03448275862069,p,b,0,36.666666666666664
46890859-aa9a-4d51-b3ef-b7bccf90e93c,3595,1,9,pbppbbpb,51.864406779661024,p,p,1,45.833333333333336
46890859-aa9a-4d51-b3ef-b7bccf90e93c,3595,2,9,bppbbpbp,50.17667844522968,p,p,1,60.714285714285715
46890859-aa9a-4d51-b3ef-b7bccf90e93c,3595,3,9,pbbpbppb,51.29533678756477,b,p,0,43.333333333333336
46890859-aa9a-4d51-b3ef-b7bccf90e93c,3595,4,9,bpbppbpp,50.0945179584121,b,b,1,44.827586206896555
46890859-aa9a-4d51-b3ef-b7bccf90e93c,3595,5,9,pbppbppb,54.699248120300744,b,p,0,46.42857142857143
46890859-aa9a-4d51-b3ef-b7bccf90e93c,3595,8,9,bppbpppb,51.23809523809524,b,p,0,50.0
46890859-aa9a-4d51-b3ef-b7bccf90e93c,3595,9,9,pbpppbpb,50.57471264367817,b,p,0,42.10526315789474
46890859-aa9a-4d51-b3ef-b7bccf90e93c,3595,10,9,bpppbpbp,51.76908752327747,b,p,0,46.15384615384615
46890859-aa9a-4d51-b3ef-b7bccf90e93c,3595,12,9,bpbppppp,52.198852772466545,b,p,0,42.857142857142854
46890859-aa9a-4d51-b3ef-b7bccf90e93c,3595,13,9,pbpppppp,50.29821073558648,p,b,0,69.56521739130434
46890859-aa9a-4d51-b3ef-b7bccf90e93c,3595,14,9,bppppppb,50.50301810865191,b,b,1,41.666666666666664
46890859-aa9a-4d51-b3ef-b7bccf90e93c,3595,15,9,pbbppbbb,50.689655172413794,b,p,0,60.714285714285715
46890859-aa9a-4d51-b3ef-b7bccf90e93c,3595,16,9,bppbbbpp,50.29821073558648,b,p,0,50.0
46890859-aa9a-4d51-b3ef-b7bccf90e93c,3595,17,9,pbbbpppp,54.82041587901701,b,p,0,47.82608695652174
46890859-aa9a-4d51-b3ef-b7bccf90e93c,3595,18,9,bpppppbp,50.68493150684932,b,b,1,55.172413793103445
46890859-aa9a-4d51-b3ef-b7bccf90e93c,3595,19,9,pbpbpbbp,51.162790697674424,p,b,0,41.37931034482759
46890859-aa9a-4d51-b3ef-b7bccf90e93c,3595,20,9,bpbpbbpb,51.41843971631206,b,b,1,45.16129032258065
46890859-aa9a-4d51-b3ef-b7bccf90e93c,3595,21,9,pbpbbpbb,50.936967632027255,p,b,0,39.02439024390244
46890859-aa9a-4d51-b3ef-b7bccf90e93c,3595,22,9,bpbbpbbb,52.94117647058824,b,b,1,36.36363636363637
46890859-aa9a-4d51-b3ef-b7bccf90e93c,3595,23,9,pbbpbbbb,55.536912751677846,p,p,1,42.42424242424242
46890859-aa9a-4d51-b3ef-b7bccf90e93c,3595,24,9,bpbbbbpb,50.081300813008134,b,b,1,59.57446808510638
46890859-aa9a-4d51-b3ef-b7bccf90e93c,3595,25,9,pbbbbpbb,53.00171526586621,p,p,1,38.46153846153846
a592534d-13eb-47f1-9cfc-11e3a0271e53,3595,1,9,pbppbbpb,51.932773109243705,p,p,1,45.833333333333336
a592534d-13eb-47f1-9cfc-11e3a0271e53,3595,2,9,bppbbpbp,50.35087719298246,p,p,1,60.714285714285715
a592534d-13eb-47f1-9cfc-11e3a0271e53,3595,3,9,pbbpbppb,51.54109589041096,b,p,0,43.333333333333336
a592534d-13eb-47f1-9cfc-11e3a0271e53,3595,4,9,bpbppbpp,50.093808630394,b,b,1,44.827586206896555
a592534d-13eb-47f1-9cfc-11e3a0271e53,3595,5,9,pbppbppb,54.18994413407822,b,p,0,46.42857142857143
a592534d-13eb-47f1-9cfc-11e3a0271e53,3595,8,9,bppbpppb,51.04364326375711,b,p,0,50.0
a592534d-13eb-47f1-9cfc-11e3a0271e53,3595,9,9,pbpppbpb,50.38022813688213,b,p,0,42.10526315789474
a592534d-13eb-47f1-9cfc-11e3a0271e53,3595,10,9,bpppbpbp,52.03703703703704,b,p,0,46.15384615384615
a592534d-13eb-47f1-9cfc-11e3a0271e53,3595,12,9,bpbppppp,52.29007633587786,b,p,0,42.857142857142854
a592534d-13eb-47f1-9cfc-11e3a0271e53,3595,13,9,pbpppppp,50.29821073558648,p,b,0,69.56521739130434
a592534d-13eb-47f1-9cfc-11e3a0271e53,3595,14,9,bppppppb,50.50301810865191,b,b,1,41.666666666666664
a592534d-13eb-47f1-9cfc-11e3a0271e53,3595,15,9,pbbppbbb,50.602409638554214,b,p,0,60.714285714285715
a592534d-13eb-47f1-9cfc-11e3a0271e53,3595,16,9,bppbbbpp,50.495049504950494,b,p,0,50.0
a592534d-13eb-47f1-9cfc-11e3a0271e53,3595,17,9,pbbbpppp,54.71698113207547,b,p,0,47.82608695652174
a592534d-13eb-47f1-9cfc-11e3a0271e53,3595,18,9,bpppppbp,50.38910505836576,b,b,1,55.172413793103445
a592534d-13eb-47f1-9cfc-11e3a0271e53,3595,19,9,pbpbpbbp,51.50976909413855,p,b,0,41.37931034482759
a592534d-13eb-47f1-9cfc-11e3a0271e53,3595,20,9,bpbpbbpb,51.32275132275132,b,b,1,45.16129032258065
a592534d-13eb-47f1-9cfc-11e3a0271e53,3595,21,9,pbpbbpbb,50.847457627118644,p,b,0,39.02439024390244
a592534d-13eb-47f1-9cfc-11e3a0271e53,3595,22,9,bpbbpbbb,52.76381909547738,b,b,1,36.36363636363637
a592534d-13eb-47f1-9cfc-11e3a0271e53,3595,23,9,pbbpbbbb,55.44388609715243,p,p,1,42.42424242424242
a592534d-13eb-47f1-9cfc-11e3a0271e53,3595,24,9,bpbbbbpb,50.081300813008134,b,b,1,59.57446808510638
a592534d-13eb-47f1-9cfc-11e3a0271e53,3595,25,9,pbbbbpbb,53.00171526586621,p,p,1,38.46153846153846
a592534d-13eb-47f1-9cfc-11e3a0271e53,3596,1,9,pbbpbbpb,50.0763358778626,b,p,0,56.0
a592534d-13eb-47f1-9cfc-11e3a0271e53,3596,2,9,bpbbpbpb,52.83018867924528,p,b,0,48.148148148148145
a592534d-13eb-47f1-9cfc-11e3a0271e53,3596,3,9,pbbpbpbb,52.50431778929189,b,b,1,56.09756097560975
a592534d-13eb-47f1-9cfc-11e3a0271e53,3596,5,9,pbpbbbbb,51.01351351351351,b,b,1,55.0
a592534d-13eb-47f1-9cfc-11e3a0271e53,3596,7,9,pbbbbbbp,51.971326164874554,p,p,1,46.875
a592534d-13eb-47f1-9cfc-11e3a0271e53,3596,8,9,bppbbpbp,50.35087719298246,p,b,0,60.714285714285715
a592534d-13eb-47f1-9cfc-11e3a0271e53,3596,9,9,pbbpbpbb,52.50431778929189,b,p,0,56.09756097560975
a592534d-13eb-47f1-9cfc-11e3a0271e53,3596,10,9,bpbpbbpb,51.32275132275132,b,p,0,45.16129032258065
a592534d-13eb-47f1-9cfc-11e3a0271e53,3596,11,9,pbpbbpbp,51.971326164874554,p,p,1,48.717948717948715
a592534d-13eb-47f1-9cfc-11e3a0271e53,3596,13,9,pbbpbppp,50.76923076923077,p,p,1,46.42857142857143
a592534d-13eb-47f1-9cfc-11e3a0271e53,3596,14,9,bpbppppb,52.84697508896797,b,b,1,48.83720930232558
a592534d-13eb-47f1-9cfc-11e3a0271e53,3596,15,9,pbppppbb,50.35335689045937,b,p,0,47.36842105263158
a592534d-13eb-47f1-9cfc-11e3a0271e53,3596,16,9,bppppbbp,51.49911816578483,b,b,1,33.333333333333336
a592534d-13eb-47f1-9cfc-11e3a0271e53,3596,17,9,pbbpbppb,51.54109589041096,b,p,0,43.333333333333336
a592534d-13eb-47f1-9cfc-11e3a0271e53,3596,18,9,bpbppbpb,50.0,b,b,1,50.0
a592534d-13eb-47f1-9cfc-11e3a0271e53,3596,19,9,pbppbpbb,51.214953271028044,p,p,1,45.45454545454545
a592534d-13eb-47f1-9cfc-11e3a0271e53,3596,21,9,pbpbbpbp,51.971326164874554,p,b,0,48.717948717948715
a592534d-13eb-47f1-9cfc-11e3a0271e53,3596,22,9,bpbbpbpb,52.83018867924528,p,p,1,48.148148148148145
a592534d-13eb-47f1-9cfc-11e3a0271e53,3596,23,9,pbbpbpbp,51.33779264214047,p,p,1,30.76923076923077
a592534d-13eb-47f1-9cfc-11e3a0271e53,3596,25,9,pbpbpppb,53.38208409506399,b,b,1,41.666666666666664
a592534d-13eb-47f1-9cfc-11e3a0271e53,3596,26,9,bpbpppbb,50.85616438356164,p,b,0,36.666666666666664
a592534d-13eb-47f1-9cfc-11e3a0271e53,3596,29,9,pbbbpbpb,52.10084033613446,p,b,0,53.7037037037037
a592534d-13eb-47f1-9cfc-11e3a0271e53,3596,31,9,pbpbbbbb,51.01351351351351,b,p,0,55.0
a592534d-13eb-47f1-9cfc-11e3a0271e53,3596,32,9,bpbbbbbp,52.03539823008849,p,p,1,47.82608695652174
a592534d-13eb-47f1-9cfc-11e3a0271e53,3596,33,9,pbbbbbpp,51.816443594646266,p,b,0,53.191489361702125
a592534d-13eb-47f1-9cfc-11e3a0271e53,3597,1,9,bpbpppbp,52.69230769230769,b,p,0,44.827586206896555
a592534d-13eb-47f1-9cfc-11e3a0271e53,3597,2,9,pbpppbpp,51.03969754253308,p,b,0,57.142857142857146
a592534d-13eb-47f1-9cfc-11e3a0271e53,3597,3,9,bpppbppb,50.287907869481764,b,p,0,50.0
a592534d-13eb-47f1-9cfc-11e3a0271e53,3597,4,9,pbppbpbb,51.214953271028044,p,p,1,45.45454545454545
a592534d-13eb-47f1-9cfc-11e3a0271e53,3597,6,9,pbpbbpbp,51.971326164874554,p,p,1,48.717948717948715
a592534d-13eb-47f1-9cfc-11e3a0271e53,3597,8,9,pbbpbppb,51.54109589041096,b,b,1,43.333333333333336
a592534d-13eb-47f1-9cfc-11e3a0271e53,3597,9,9,bpbppbbb,51.174496644295296,p,p,1,46.42857142857143
a592534d-13eb-47f1-9cfc-11e3a0271e53,3597,10,9,pbppbbbp,52.767527675276746,b,b,1,46.15384615384615
a592534d-13eb-47f1-9cfc-11e3a0271e53,3597,11,9,bppbbbpb,52.38095238095239,b,p,0,48.484848484848484
a592534d-13eb-47f1-9cfc-11e3a0271e53,3597,12,9,pbbbpbpp,50.67698259187621,p,p,1,40.0
a592534d-13eb-47f1-9cfc-11e3a0271e53,3597,13,9,bpbppppb,52.84697508896797,b,b,1,48.83720930232558
a592534d-13eb-47f1-9cfc-11e3a0271e53,3597,14,9,pbppppbb,50.35335689045937,b,p,0,47.36842105263158
a592534d-13eb-47f1-9cfc-11e3a0271e53,3597,15,9,bppppbbp,51.49911816578483,b,p,0,33.333333333333336
a592534d-13eb-47f1-9cfc-11e3a0271e53,3597,16,9,pbbppppb,54.054054054054056,p,p,1,46.666666666666664
a592534d-13eb-47f1-9cfc-11e3a0271e53,3598,1,9,pbbbbppp,50.1953125,b,p,0,50.0
a592534d-13eb-47f1-9cfc-11e3a0271e53,3598,2,9,bppppbbb,51.14942528735632,b,b,1,48.275862068965516
a592534d-13eb-47f1-9cfc-11e3a0271e53,3598,3,9,pbbbbbpb,51.01289134438306,b,b,1,54.83870967741935
a592534d-13eb-47f1-9cfc-11e3a0271e53,3598,4,9,bpbbpppp,52.29007633587786,b,p,0,37.93103448275862
a592534d-13eb-47f1-9cfc-11e3a0271e53,3598,5,9,pbbppppp,50.201612903225815,b,b,1,43.47826086956522
a592534d-13eb-47f1-9cfc-11e3a0271e53,3598,6,9,bpppppbb,52.661596958174904,p,p,1,48.148148148148145
a592534d-13eb-47f1-9cfc-11e3a0271e53,3598,7,9,pbbpbbpb,50.0763358778626,b,p,0,56.0
a592534d-13eb-47f1-9cfc-11e3a0271e53,3598,8,9,bpbbpbpb,52.83018867924528,p,b,0,48.148148148148145
a592534d-13eb-47f1-9cfc-11e3a0271e53,3598,9,9,pbbpbpbb,52.50431778929189,b,p,0,56.09756097560975
a592534d-13eb-47f1-9cfc-11e3a0271e53,3598,10,9,bpbpbbpp,50.0,b,b,1,58.62068965517241
a592534d-13eb-47f1-9cfc-11e3a0271e53,3598,12,9,bpbbppbp,51.26353790613718,b,b,1,45.16129032258065
a592534d-13eb-47f1-9cfc-11e3a0271e53,3598,13,9,pbbppbpb,51.65217391304348,b,b,1,37.83783783783784
a592534d-13eb-47f1-9cfc-11e3a0271e53,3598,15,9,pbpbbpbp,51.971326164874554,p,b,0,48.717948717948715
a592534d-13eb-47f1-9cfc-11e3a0271e53,3598,16,9,bpbbpbpb,52.83018867924528,p,p,1,48.148148148148145
a592534d-13eb-47f1-9cfc-11e3a0271e53,3598,17,9,pbbpbpbp,51.33779264214047,p,p,1,30.76923076923077
a592534d-13eb-47f1-9cfc-11e3a0271e53,3598,18,9,bpbpbppb,56.75213675213675,b,b,1,43.333333333333336
a592534d-13eb-47f1-9cfc-11e3a0271e53,3598,19,9,pbpbppbb,51.07794361525705,p,b,0,47.61904761904762
a592534d-13eb-47f1-9cfc-11e3a0271e53,3598,20,9,bpbppbbb,51.174496644295296,p,p,1,46.42857142857143
a592534d-13eb-47f1-9cfc-11e3a0271e53,3598,21,9,pbppbbbp,52.767527675276746,b,p,0,46.15384615384615
a592534d-13eb-47f1-9cfc-11e3a0271e53,3598,22,9,bppbbbpp,50.495049504950494,b,p,0,50.0
a592534d-13eb-47f1-9cfc-11e3a0271e53,3598,23,9,pbbbpppb,50.96153846153846,p,p,1,44.0
a592534d-13eb-47f1-9cfc-11e3a0271e53,3598,24,9,bpppbppb,50.287907869481764,b,b,1,50.0
a592534d-13eb-47f1-9cfc-11e3a0271e53,3599,1,9,pbbbbbpp,51.816443594646266,p,b,0,53.191489361702125
a592534d-13eb-47f1-9cfc-11e3a0271e53,3599,2,9,bppbbpbb,50.172413793103445,b,p,0,45.16129032258065
a592534d-13eb-47f1-9cfc-11e3a0271e53,3599,3,9,pbbpbbpb,50.0763358778626,b,b,1,56.0
a592534d-13eb-47f1-9cfc-11e3a0271e53,3599,4,9,bpbbpbbp,55.96330275229357,b,p,0,47.916666666666664
a592534d-13eb-47f1-9cfc-11e3a0271e53,3599,5,9,pbbpbbpp,50.88652482269504,p,b,0,56.25
a592534d-13eb-47f1-9cfc-11e3a0271e53,3599,6,9,bpbbppbp,51.26353790613718,b,b,1,45.16129032258065
a592534d-13eb-47f1-9cfc-11e3a0271e53,3599,7,9,pbbppbpb,51.65217391304348,b,b,1,37.83783783783784
a592534d-13eb-47f1-9cfc-11e3a0271e53,3599,9,9,pbpbbpbp,51.971326164874554,p,b,0,48.717948717948715
a592534d-13eb-47f1-9cfc-11e3a0271e53,3599,10,9,bpbbpbpb,52.83018867924528,p,p,1,48.148148148148145
a592534d-13eb-47f1-9cfc-11e3a0271e53,3599,11,9,pbbpbpbp,51.33779264214047,p,b,0,30.76923076923077
a592534d-13eb-47f1-9cfc-11e3a0271e53,3599,12,9,bpbpbpbb,50.080775444264944,p,b,0,47.05882352941177
a592534d-13eb-47f1-9cfc-11e3a0271e53,3599,13,9,pbpbpbbb,50.588235294117645,p,p,1,48.0
a592534d-13eb-47f1-9cfc-11e3a0271e53,3599,15,9,pbpbbbpp,53.333333333333336,b,b,1,48.888888888888886
a592534d-13eb-47f1-9cfc-11e3a0271e53,3599,16,9,bpbbbppb,52.12224108658744,p,b,0,40.90909090909091
a592534d-13eb-47f1-9cfc-11e3a0271e53,3599,17,9,pbbbppbb,53.084112149532714,b,p,0,41.935483870967744
a592534d-13eb-47f1-9cfc-11e3a0271e53,3599,18,9,bppbbppb,50.086355785837654,b,p,0,41.1764705882353
a592534d-13eb-47f1-9cfc-11e3a0271e53,3600,1,9,bppppbpb,52.10526315789473,b,b,1,53.44827586206897
a592534d-13eb-47f1-9cfc-11e3a0271e53,3600,3,9,bpbbppbp,51.26353790613718,b,p,0,45.16129032258065
a592534d-13eb-47f1-9cfc-11e3a0271e53,3600,5,9,bppbpppb,51.04364326375711,b,p,0,50.0
a592534d-13eb-47f1-9cfc-11e3a0271e53,3600,6,9,pbpppbpb,50.38022813688213,b,b,1,42.10526315789474
a592534d-13eb-47f1-9cfc-11e3a0271e53,3600,7,9,bpppbpbb,50.26548672566372,p,b,0,36.36363636363637
a592534d-13eb-47f1-9cfc-11e3a0271e53,3600,8,9,pbpbbbpp,53.333333333333336,b,b,1,48.888888888888886
a592534d-13eb-47f1-9cfc-11e3a0271e53,3600,9,9,bpbbbppb,52.12224108658744,p,p,1,40.90909090909091
a592534d-13eb-47f1-9cfc-11e3a0271e53,3600,10,9,pbbbppbp,51.80722891566265,b,b,1,42.10526315789474
a592534d-13eb-47f1-9cfc-11e3a0271e53,3600,12,9,pbpbbppp,55.258467023172905,b,p,0,33.333333333333336
a592534d-13eb-47f1-9cfc-11e3a0271e53,3600,13,9,bpbbpppp,52.29007633587786,b,b,1,37.93103448275862
a592534d-13eb-47f1-9cfc-11e3a0271e53,3600,14,9,pbbppppb,54.054054054054056,p,p,1,46.666666666666664
a592534d-13eb-47f1-9cfc-11e3a0271e53,3600,15,9,bppppbpb,52.10526315789473,b,b,1,53.44827586206897
a592534d-13eb-47f1-9cfc-11e3a0271e53,3600,16,9,pbpbbbbp,53.75939849624061,b,b,1,47.22222222222222
a592534d-13eb-47f1-9cfc-11e3a0271e53,3600,17,9,bpbbbbpb,50.081300813008134,b,b,1,59.57446808510638
a592534d-13eb-47f1-9cfc-11e3a0271e53,3600,18,9,pbbbbpbb,53.00171526586621,p,b,0,38.46153846153846
a592534d-13eb-47f1-9cfc-11e3a0271e53,3600,20,9,pbbbbbbp,51.971326164874554,p,p,1,46.875
a592534d-13eb-47f1-9cfc-11e3a0271e53,3601,2,9,bpbpbpbb,50.080775444264944,p,b,0,47.05882352941177
a592534d-13eb-47f1-9cfc-11e3a0271e53,3601,3,9,pbpbpbbb,50.588235294117645,p,p,1,48.0
a592534d-13eb-47f1-9cfc-11e3a0271e53,3601,5,9,pbpbbbpb,52.89389067524116,b,b,1,50.943396226415096
a592534d-13eb-47f1-9cfc-11e3a0271e53,3601,6,9,bpbbbpbb,50.153846153846146,b,b,1,44.44444444444444
a592534d-13eb-47f1-9cfc-11e3a0271e53,3601,7,9,pbbbpbbb,50.99667774086378,p,p,1,36.8421052631579
a592534d-13eb-47f1-9cfc-11e3a0271e53,3601,8,9,bpbbbppp,50.28901734104046,p,b,0,36.8421052631579
a592534d-13eb-47f1-9cfc-11e3a0271e53,3601,9,9,pbbbpppb,50.96153846153846,p,b,0,44.0
a592534d-13eb-47f1-9cfc-11e3a0271e53,3601,10,9,bpppbbbb,50.09074410163339,p,p,1,39.285714285714285
a592534d-13eb-47f1-9cfc-11e3a0271e53,3601,11,9,pbbbbppp,50.1953125,b,p,0,50.0
a592534d-13eb-47f1-9cfc-11e3a0271e53,3601,12,9,bppppppp,51.689860834990064,b,b,1,40.0
a592534d-13eb-47f1-9cfc-11e3a0271e53,3601,13,9,pbpbpbbb,50.588235294117645,p,p,1,48.0
a592534d-13eb-47f1-9cfc-11e3a0271e53,3601,15,9,pbpbbbpb,52.89389067524116,b,p,0,50.943396226415096
a592534d-13eb-47f1-9cfc-11e3a0271e53,3601,16,9,bpbbbpbp,51.182432432432435,b,p,0,46.42857142857143
a592534d-13eb-47f1-9cfc-11e3a0271e53,3601,17,9,pbbbpbpp,50.67698259187621,p,p,1,40.0
a592534d-13eb-47f1-9cfc-11e3a0271e53,3601,18,9,bpbpppbb,50.85616438356164,p,b,0,36.666666666666664
a592534d-13eb-47f1-9cfc-11e3a0271e53,3601,20,9,bpppbbbb,50.09074410163339,p,p,1,39.285714285714285
a592534d-13eb-47f1-9cfc-11e3a0271e53,3601,21,9,pbbbbpbb,53.00171526586621,p,b,0,38.46153846153846
a592534d-13eb-47f1-9cfc-11e3a0271e53,3601,22,9,bpbbbpbb,50.153846153846146,b,b,1,44.44444444444444
a592534d-13eb-47f1-9cfc-11e3a0271e53,3601,23,9,pbbbpbbb,50.99667774086378,p,b,0,36.8421052631579
a592534d-13eb-47f1-9cfc-11e3a0271e53,3601,24,9,bpbbbbpp,50.825688073394495,b,b,1,40.54054054054054
a592534d-13eb-47f1-9cfc-11e3a0271e53,3602,1,9,bpbpbppb,56.75213675213675,b,p,0,43.333333333333336
a592534d-13eb-47f1-9cfc-11e3a0271e53,3602,2,9,pbpbppbp,52.083333333333336,b,b,1,55.76923076923077
a592534d-13eb-47f1-9cfc-11e3a0271e53,3602,3,9,bpbppbpb,50.0,b,b,1,50.0
a592534d-13eb-47f1-9cfc-11e3a0271e53,3602,4,9,pbppbpbb,51.214953271028044,p,p,1,45.45454545454545
a592534d-13eb-47f1-9cfc-11e3a0271e53,3602,6,9,pbpbbpbb,50.847457627118644,p,p,1,39.02439024390244
a592534d-13eb-47f1-9cfc-11e3a0271e53,3602,7,9,bpbbpbbp,55.96330275229357,b,b,1,47.916666666666664
a592534d-13eb-47f1-9cfc-11e3a0271e53,3602,8,9,pbbpbbpb,50.0763358778626,b,p,0,56.0
a592534d-13eb-47f1-9cfc-11e3a0271e53,3602,9,9,bpbbpbpb,52.83018867924528,p,p,1,48.148148148148145
a592534d-13eb-47f1-9cfc-11e3a0271e53,3602,10,9,pbbpbpbp,51.33779264214047,p,b,0,30.76923076923077
a592534d-13eb-47f1-9cfc-11e3a0271e53,3602,11,9,bpbpbpbp,50.18518518518519,p,p,1,48.38709677419355
a592534d-13eb-47f1-9cfc-11e3a0271e53,3602,12,9,pbpbpbpp,52.67857142857143,b,b,1,53.57142857142857
a592534d-13eb-47f1-9cfc-11e3a0271e53,3602,13,9,bpbpbppb,56.75213675213675,b,b,1,43.333333333333336
a592534d-13eb-47f1-9cfc-11e3a0271e53,3602,14,9,pbpbppbb,51.07794361525705,p,p,1,47.61904761904762
a592534d-13eb-47f1-9cfc-11e3a0271e53,3602,15,9,bpbppbbp,52.0618556701031,b,b,1,48.38709677419355
a592534d-13eb-47f1-9cfc-11e3a0271e53,3602,16,9,pbppbbpb,51.932773109243705,p,p,1,45.833333333333336
a592534d-13eb-47f1-9cfc-11e3a0271e53,3602,17,9,bppbbpbp,50.35087719298246,p,p,1,60.714285714285715
a592534d-13eb-47f1-9cfc-11e3a0271e53,3602,18,9,pbbpbppp,50.76923076923077,p,p,1,46.42857142857143
a592534d-13eb-47f1-9cfc-11e3a0271e53,3602,19,9,bpbppppp,52.29007633587786,b,b,1,42.857142857142854
a592534d-13eb-47f1-9cfc-11e3a0271e53,3602,20,9,pbpppppb,50.09671179883946,b,p,0,62.5
a592534d-13eb-47f1-9cfc-11e3a0271e53,3602,21,9,bpppppbp,50.38910505836576,b,b,1,55.172413793103445
a592534d-13eb-47f1-9cfc-11e3a0271e53,3602,22,9,pbpbpbbp,51.50976909413855,p,b,0,41.37931034482759
a592534d-13eb-47f1-9cfc-11e3a0271e53,3602,23,9,bpbpbbpb,51.32275132275132,b,p,0,45.16129032258065
a592534d-13eb-47f1-9cfc-11e3a0271e53,3602,24,9,pbpbbpbp,51.971326164874554,p,b,0,48.717948717948715
a592534d-13eb-47f1-9cfc-11e3a0271e53,3602,25,9,bpbbpbpb,52.83018867924528,p,b,0,48.148148148148145
a592534d-13eb-47f1-9cfc-11e3a0271e53,3602,26,9,pbbpbpbb,52.50431778929189,b,p,0,56.09756097560975
a592534d-13eb-47f1-9cfc-11e3a0271e53,3602,27,9,bpbpbbpb,51.32275132275132,b,b,1,45.16129032258065
a592534d-13eb-47f1-9cfc-11e3a0271e53,3602,28,9,pbpbbpbb,50.847457627118644,p,p,1,39.02439024390244
a592534d-13eb-47f1-9cfc-11e3a0271e53,3602,29,9,bpbbpbbp,55.96330275229357,b,p,0,47.916666666666664
a592534d-13eb-47f1-9cfc-11e3a0271e53,3602,30,9,pbbpbbpp,50.88652482269504,p,p,1,56.25
a592534d-13eb-47f1-9cfc-11e3a0271e53,3602,31,9,bpbbpppb,51.94174757281553,b,b,1,45.833333333333336
a592534d-13eb-47f1-9cfc-11e3a0271e53,3602,33,9,bpppbbpp,50.0,p,p,1,53.84615384615385
a592534d-13eb-47f1-9cfc-11e3a0271e53,3603,1,9,bpbppppb,52.84697508896797,b,b,1,48.83720930232558
a592534d-13eb-47f1-9cfc-11e3a0271e53,3603,2,9,pbppppbb,50.35335689045937,b,p,0,47.36842105263158
a592534d-13eb-47f1-9cfc-11e3a0271e53,3603,3,9,bppppbbp,51.49911816578483,b,p,0,33.333333333333336
a592534d-13eb-47f1-9cfc-11e3a0271e53,3603,4,9,pbbppppp,50.201612903225815,b,b,1,43.47826086956522
a592534d-13eb-47f1-9cfc-11e3a0271e53,3603,5,9,bpppppbb,52.661596958174904,p,p,1,48.148148148148145
a592534d-13eb-47f1-9cfc-11e3a0271e53,3603,6,9,pbbppbbb,50.602409638554214,b,b,1,60.714285714285715
a592534d-13eb-47f1-9cfc-11e3a0271e53,3603,7,9,bppbbbbb,56.41025641025641,b,b,1,40.0
a592534d-13eb-47f1-9cfc-11e3a0271e53,3603,8,9,pbbbbbbp,51.971326164874554,p,p,1,46.875
a592534d-13eb-47f1-9cfc-11e3a0271e53,3603,9,9,bppbbbpb,52.38095238095239,b,p,0,48.484848484848484
a592534d-13eb-47f1-9cfc-11e3a0271e53,3603,10,9,pbbbpbpp,50.67698259187621,p,p,1,40.0
a592534d-13eb-47f1-9cfc-11e3a0271e53,3603,11,9,bpbpppbb,50.85616438356164,p,p,1,36.666666666666664
a592534d-13eb-47f1-9cfc-11e3a0271e53,3603,12,9,pbpppbbp,51.386321626617374,b,p,0,52.17391304347826
a592534d-13eb-47f1-9cfc-11e3a0271e53,3603,13,9,bpppbbpp,50.0,p,p,1,53.84615384615385
a592534d-13eb-47f1-9cfc-11e3a0271e53,3603,14,9,pbbppppb,54.054054054054056,p,b,0,46.666666666666664
a592534d-13eb-47f1-9cfc-11e3a0271e53,3603,15,9,bppppbbp,51.49911816578483,b,b,1,33.333333333333336
a592534d-13eb-47f1-9cfc-11e3a0271e53,3603,16,9,pbbpbpbp,51.33779264214047,p,b,0,30.76923076923077
a592534d-13eb-47f1-9cfc-11e3a0271e53,3603,17,9,bpbpbpbb,50.080775444264944,p,p,1,47.05882352941177
a592534d-13eb-47f1-9cfc-11e3a0271e53,3603,18,9,pbpbpbbp,51.50976909413855,p,b,0,41.37931034482759
a592534d-13eb-47f1-9cfc-11e3a0271e53,3603,19,9,bpbpbbpb,51.32275132275132,b,p,0,45.16129032258065
a592534d-13eb-47f1-9cfc-11e3a0271e53,3603,20,9,pbpbbpbp,51.971326164874554,p,p,1,48.717948717948715
a592534d-13eb-47f1-9cfc-11e3a0271e53,3604,2,9,bppbpppb,51.04364326375711,b,p,0,50.0
a592534d-13eb-47f1-9cfc-11e3a0271e53,3604,3,9,pbpppbpb,50.38022813688213,b,b,1,42.10526315789474
a592534d-13eb-47f1-9cfc-11e3a0271e53,3604,4,9,bpppbpbb,50.26548672566372,p,b,0,36.36363636363637
a592534d-13eb-47f1-9cfc-11e3a0271e53,3604,5,9,pbpbbbbp,53.75939849624061,b,b,1,47.22222222222222
a592534d-13eb-47f1-9cfc-11e3a0271e53,3604,6,9,bpbbbbpb,50.081300813008134,b,b,1,59.57446808510638
a592534d-13eb-47f1-9cfc-11e3a0271e53,3604,7,9,pbbbbpbb,53.00171526586621,p,b,0,38.46153846153846
a592534d-13eb-47f1-9cfc-11e3a0271e53,3604,8,9,bpbbbppb,52.12224108658744,p,b,0,40.90909090909091
a592534d-13eb-47f1-9cfc-11e3a0271e53,3604,9,9,pbbbppbb,53.084112149532714,b,p,0,41.935483870967744
a592534d-13eb-47f1-9cfc-11e3a0271e53,3604,10,9,bppbbpbp,50.35087719298246,p,p,1,60.714285714285715
a592534d-13eb-47f1-9cfc-11e3a0271e53,3604,11,9,pbbpbppb,51.54109589041096,b,p,0,43.333333333333336
a592534d-13eb-47f1-9cfc-11e3a0271e53,3604,12,9,bpbppbpb,50.0,b,p,0,50.0
a592534d-13eb-47f1-9cfc-11e3a0271e53,3604,13,9,pbppbpbp,51.21527777777778,p,b,0,57.89473684210526
a592534d-13eb-47f1-9cfc-11e3a0271e53,3604,14,9,bppbpbpb,50.727272727272734,p,b,0,57.142857142857146
a592534d-13eb-47f1-9cfc-11e3a0271e53,3604,15,9,pbpbpbbp,51.50976909413855,p,b,0,41.37931034482759
a592534d-13eb-47f1-9cfc-11e3a0271e53,3604,16,9,bpbpbbpb,51.32275132275132,b,p,0,45.16129032258065
a592534d-13eb-47f1-9cfc-11e3a0271e53,3604,17,9,pbpbbpbp,51.971326164874554,p,p,1,48.717948717948715
a592534d-13eb-47f1-9cfc-11e3a0271e53,3604,19,9,pbbpbppb,51.54109589041096,b,p,0,43.333333333333336
a592534d-13eb-47f1-9cfc-11e3a0271e53,3604,20,9,bpbppbpp,50.093808630394,b,p,0,44.827586206896555
a592534d-13eb-47f1-9cfc-11e3a0271e53,3604,22,9,bppbpppp,51.016260162601625,b,b,1,53.48837209302326
9f594e2c-0257-44d1-be29-e9a981eb0d68,3605,1,9,bpbbbpbp,51.09612141652614,b,b,1,46.42857142857143
9f594e2c-0257-44d1-be29-e9a981eb0d68,3605,2,9,pbbbpbpb,52.013422818791945,p,p,1,53.7037037037037
9f594e2c-0257-44d1-be29-e9a981eb0d68,3605,3,9,bpbpbpbp,50.27726432532348,p,p,1,48.38709677419355
9f594e2c-0257-44d1-be29-e9a981eb0d68,3605,4,9,pbpbpbpp,52.76292335115864,b,b,1,53.57142857142857
9f594e2c-0257-44d1-be29-e9a981eb0d68,3605,5,9,bpbpbppb,56.80272108843537,b,p,0,43.333333333333336
9f594e2c-0257-44d1-be29-e9a981eb0d68,3605,6,9,pbpbppbp,52.17391304347826,b,p,0,55.76923076923077
9f594e2c-0257-44d1-be29-e9a981eb0d68,3605,7,9,bpbppbpp,50.09345794392524,b,p,0,44.827586206896555
9f594e2c-0257-44d1-be29-e9a981eb0d68,3605,9,9,bppbpppb,50.75471698113208,b,p,0,50.0
9f594e2c-0257-44d1-be29-e9a981eb0d68,3605,10,9,pbpppbpb,50.4725897920605,b,p,0,42.10526315789474
9f594e2c-0257-44d1-be29-e9a981eb0d68,3605,11,9,bpppbpbp,51.940850277264325,b,p,0,46.15384615384615
9f594e2c-0257-44d1-be29-e9a981eb0d68,3605,12,9,pbpbppbb,51.074380165289256,p,p,1,47.61904761904762
9f594e2c-0257-44d1-be29-e9a981eb0d68,3605,13,9,bpbppbbp,52.14408233276158,b,p,0,48.38709677419355
9f594e2c-0257-44d1-be29-e9a981eb0d68,3605,14,9,pbppbbpp,52.93072824156305,b,b,1,41.935483870967744
9f594e2c-0257-44d1-be29-e9a981eb0d68,3605,15,9,bppbbppb,50.0,p,b,0,41.1764705882353
9f594e2c-0257-44d1-be29-e9a981eb0d68,3605,16,9,pbbppbbb,50.60034305317325,b,p,0,60.714285714285715
9f594e2c-0257-44d1-be29-e9a981eb0d68,3605,17,9,bppbbbpb,52.20338983050847,b,p,0,48.484848484848484
9f594e2c-0257-44d1-be29-e9a981eb0d68,3605,18,9,pbbbpbpp,50.96153846153846,p,p,1,40.0
9f594e2c-0257-44d1-be29-e9a981eb0d68,3605,19,9,bpbpppbp,52.5911708253359,b,b,1,44.827586206896555
9f594e2c-0257-44d1-be29-e9a981eb0d68,3605,20,9,pbpppbpb,50.4725897920605,b,b,1,42.10526315789474
9f594e2c-0257-44d1-be29-e9a981eb0d68,3605,21,9,bpppbpbb,50.08818342151675,p,b,0,36.36363636363637
9f594e2c-0257-44d1-be29-e9a981eb0d68,3605,22,9,pbpbbbpb,52.88461538461539,b,b,1,50.943396226415096
9f594e2c-0257-44d1-be29-e9a981eb0d68,3605,23,9,bpbbbpbb,50.306748466257666,b,p,0,44.44444444444444
9f594e2c-0257-44d1-be29-e9a981eb0d68,3605,24,9,pbbbpbbp,51.307189542483655,b,b,1,52.54237288135593
9f594e2c-0257-44d1-be29-e9a981eb0d68,3605,25,9,bpbbpbbp,55.8599695585997,b,p,0,47.916666666666664
9f594e2c-0257-44d1-be29-e9a981eb0d68,3605,26,9,pbbpbbpp,50.8833922261484,p,b,0,56.25
9f594e2c-0257-44d1-be29-e9a981eb0d68,3605,27,9,bpbbppbp,51.34649910233393,b,b,1,45.16129032258065
9f594e2c-0257-44d1-be29-e9a981eb0d68,3605,28,9,pbbppbpb,51.81975736568457,b,p,0,37.83783783783784
9f594e2c-0257-44d1-be29-e9a981eb0d68,3605,31,9,bpbppppb,53.09734513274337,b,p,0,48.83720930232558
9f594e2c-0257-44d1-be29-e9a981eb0d68,3605,32,9,pbppppbp,52.455795677799614,b,b,1,40.0
9f594e2c-0257-44d1-be29-e9a981eb0d68,3605,33,9,bppppbpb,52.27272727272727,b,b,1,53.44827586206897
9f594e2c-0257-44d1-be29-e9a981eb0d68,3606,1,9,bpbbpbpb,52.88135593220339,p,p,1,48.148148148148145
9f594e2c-0257-44d1-be29-e9a981eb0d68,3606,2,9,pbbpbpbp,51.243781094527364,p,p,1,30.76923076923077
9f594e2c-0257-44d1-be29-e9a981eb0d68,3606,3,9,bpbpbppb,56.80272108843537,b,b,1,43.333333333333336
9f594e2c-0257-44d1-be29-e9a981eb0d68,3606,4,9,pbpbppbb,51.074380165289256,p,p,1,47.61904761904762
9f594e2c-0257-44d1-be29-e9a981eb0d68,3606,5,9,bpbppbbp,52.14408233276158,b,p,0,48.38709677419355
9f594e2c-0257-44d1-be29-e9a981eb0d68,3606,6,9,pbppbbpp,52.93072824156305,b,b,1,41.935483870967744
9f594e2c-0257-44d1-be29-e9a981eb0d68,3606,7,9,bppbbppb,50.0,p,p,1,41.1764705882353
9f594e2c-0257-44d1-be29-e9a981eb0d68,3606,9,9,bppbpppb,50.75471698113208,b,b,1,50.0
9f594e2c-0257-44d1-be29-e9a981eb0d68,3606,10,9,pbpppbbp,51.291512915129154,b,b,1,52.17391304347826
9f594e2c-0257-44d1-be29-e9a981eb0d68,3606,11,9,bpppbbpb,50.16891891891891,p,b,0,60.714285714285715
9f594e2c-0257-44d1-be29-e9a981eb0d68,3606,12,9,pbbpbbbp,52.04778156996587,b,b,1,43.24324324324324
9f594e2c-0257-44d1-be29-e9a981eb0d68,3606,13,9,bpbbbpbb,50.306748466257666,b,p,0,44.44444444444444
9f594e2c-0257-44d1-be29-e9a981eb0d68,3606,14,9,pbbbpbbp,51.307189542483655,b,p,0,52.54237288135593
9f594e2c-0257-44d1-be29-e9a981eb0d68,3606,15,9,bpbbpppp,52.28136882129277,b,p,0,37.93103448275862
9f594e2c-0257-44d1-be29-e9a981eb0d68,3606,16,9,pbbppppp,50.401606425702816,b,p,0,43.47826086956522
9f594e2c-0257-44d1-be29-e9a981eb0d68,3606,17,9,bppppppp,51.78571428571429,b,p,0,40.0
9f594e2c-0257-44d1-be29-e9a981eb0d68,3607,1,9,pbbbpbbp,51.307189542483655,b,b,1,52.54237288135593
9f594e2c-0257-44d1-be29-e9a981eb0d68,3607,2,9,bpbbpbbp,55.8599695585997,b,b,1,47.916666666666664
9f594e2c-0257-44d1-be29-e9a981eb0d68,3607,3,9,pbbpbbpb,50.07587253414264,p,b,0,56.0
9f594e2c-0257-44d1-be29-e9a981eb0d68,3607,4,9,bpbbpbbp,55.8599695585997,b,p,0,47.916666666666664
9f594e2c-0257-44d1-be29-e9a981eb0d68,3607,5,9,pbbpbbpp,50.8833922261484,p,b,0,56.25
9f594e2c-0257-44d1-be29-e9a981eb0d68,3607,6,9,bpbbppbb,51.4480408858603,p,b,0,44.0
9f594e2c-0257-44d1-be29-e9a981eb0d68,3607,7,9,pbbppbbb,50.60034305317325,b,p,0,60.714285714285715
9f594e2c-0257-44d1-be29-e9a981eb0d68,3607,8,9,bppbbbpb,52.20338983050847,b,p,0,48.484848484848484
9f594e2c-0257-44d1-be29-e9a981eb0d68,3607,9,9,pbbbpbpb,52.013422818791945,p,p,1,53.7037037037037
9f594e2c-0257-44d1-be29-e9a981eb0d68,3607,10,9,bpbpbppb,56.80272108843537,b,b,1,43.333333333333336
9f594e2c-0257-44d1-be29-e9a981eb0d68,3607,11,9,pbpbppbb,51.074380165289256,p,b,0,47.61904761904762
9f594e2c-0257-44d1-be29-e9a981eb0d68,3607,12,9,bpbppbbb,51.33779264214047,p,b,0,46.42857142857143
9f594e2c-0257-44d1-be29-e9a981eb0d68,3607,14,9,bppbbbbp,51.13438045375218,b,b,1,46.666666666666664
9f594e2c-0257-44d1-be29-e9a981eb0d68,3607,15,9,pbbbbpbp,51.21107266435986,p,p,1,46.42857142857143
9f594e2c-0257-44d1-be29-e9a981eb0d68,3607,16,9,bpbppppp,52.28136882129277,b,p,0,42.857142857142854
9f594e2c-0257-44d1-be29-e9a981eb0d68,3608,1,9,bpppbbpb,50.16891891891891,p,p,1,60.714285714285715
9f594e2c-0257-44d1-be29-e9a981eb0d68,3608,2,9,pbbpbpbp,51.243781094527364,p,b,0,30.76923076923077
9f594e2c-0257-44d1-be29-e9a981eb0d68,3608,3,9,bpbpbpbp,50.27726432532348,p,p,1,48.38709677419355
9f594e2c-0257-44d1-be29-e9a981eb0d68,3608,4,9,pbpbpbpp,52.76292335115864,b,b,1,53.57142857142857
9f594e2c-0257-44d1-be29-e9a981eb0d68,3608,5,9,bpbpbppb,56.80272108843537,b,b,1,43.333333333333336
9f594e2c-0257-44d1-be29-e9a981eb0d68,3608,6,9,pbpbppbb,51.074380165289256,p,b,0,47.61904761904762
9f594e2c-0257-44d1-be29-e9a981eb0d68,3608,7,9,bpbppbbb,51.33779264214047,p,b,0,46.42857142857143
9f594e2c-0257-44d1-be29-e9a981eb0d68,3608,9,9,bppbbbbb,56.48994515539305,b,b,1,40.0
9f594e2c-0257-44d1-be29-e9a981eb0d68,3608,10,9,pbbbbbbp,52.22816399286988,p,p,1,46.875
9f594e2c-0257-44d1-be29-e9a981eb0d68,3608,11,9,bpppbbpp,50.18796992481202,p,p,1,53.84615384615385
9f594e2c-0257-44d1-be29-e9a981eb0d68,3608,12,9,pbbpppbp,55.06003430531733,b,p,0,47.22222222222222
9f594e2c-0257-44d1-be29-e9a981eb0d68,3608,13,9,bpppbppp,51.8796992481203,b,p,0,34.48275862068966
9f594e2c-0257-44d1-be29-e9a981eb0d68,3608,14,9,pbpppppp,50.198412698412696,p,b,0,69.56521739130434
9f594e2c-0257-44d1-be29-e9a981eb0d68,3608,15,9,bppppppb,50.602409638554214,b,b,1,41.666666666666664
9f594e2c-0257-44d1-be29-e9a981eb0d68,3608,16,9,pbbbbbbb,50.0,p,b,0,55.55555555555556
9f594e2c-0257-44d1-be29-e9a981eb0d68,3608,17,9,bppbbbbb,56.48994515539305,b,b,1,40.0
9f594e2c-0257-44d1-be29-e9a981eb0d68,3608,18,9,pbbbbbbb,50.0,p,b,0,55.55555555555556
9f594e2c-0257-44d1-be29-e9a981eb0d68,3609,1,9,bpbbpppb,52.019386106623585,b,p,0,45.833333333333336
9f594e2c-0257-44d1-be29-e9a981eb0d68,3609,2,9,pbbpppbp,55.06003430531733,b,b,1,47.22222222222222
9f594e2c-0257-44d1-be29-e9a981eb0d68,3609,3,9,bpppbpbb,50.08818342151675,p,b,0,36.36363636363637
9f594e2c-0257-44d1-be29-e9a981eb0d68,3609,4,9,pbpbbbpb,52.88461538461539,b,b,1,50.943396226415096
9f594e2c-0257-44d1-be29-e9a981eb0d68,3609,5,9,bpbbbpbb,50.306748466257666,b,b,1,44.44444444444444
9f594e2c-0257-44d1-be29-e9a981eb0d68,3609,6,9,pbbbpbbb,50.993377483443716,p,b,0,36.8421052631579
9f594e2c-0257-44d1-be29-e9a981eb0d68,3609,7,9,bpbbbbpb,50.323624595469255,b,b,1,59.57446808510638
9f594e2c-0257-44d1-be29-e9a981eb0d68,3609,8,9,pbbbbpbb,52.81090289608177,p,b,0,38.46153846153846
9f594e2c-0257-44d1-be29-e9a981eb0d68,3609,9,9,bpbbbbbp,52.120141342756185,p,p,1,47.82608695652174
9f594e2c-0257-44d1-be29-e9a981eb0d68,3609,10,9,pbbbbbpp,51.61904761904762,p,b,0,53.191489361702125
9f594e2c-0257-44d1-be29-e9a981eb0d68,3609,12,9,pbpbppbb,51.074380165289256,p,p,1,47.61904761904762
9f594e2c-0257-44d1-be29-e9a981eb0d68,3609,13,9,bpbppbbp,52.14408233276158,b,p,0,48.38709677419355
9f594e2c-0257-44d1-be29-e9a981eb0d68,3609,14,9,pbppbbpp,52.93072824156305,b,p,0,41.935483870967744
9f594e2c-0257-44d1-be29-e9a981eb0d68,3609,15,9,bppbbppp,53.584229390681,b,b,1,26.666666666666668
9f594e2c-0257-44d1-be29-e9a981eb0d68,3609,16,9,pbbpppbp,55.06003430531733,b,b,1,47.22222222222222
9f594e2c-0257-44d1-be29-e9a981eb0d68,3609,17,9,bpppbpbp,51.940850277264325,b,b,1,46.15384615384615
9f594e2c-0257-44d1-be29-e9a981eb0d68,3609,18,9,pbpbpbpp,52.76292335115864,b,p,0,53.57142857142857
9f594e2c-0257-44d1-be29-e9a981eb0d68,3609,20,9,pbpbpppb,53.46715328467153,b,p,0,41.666666666666664
9f594e2c-0257-44d1-be29-e9a981eb0d68,3609,21,9,bpbpppbp,52.5911708253359,b,b,1,44.827586206896555
9f594e2c-0257-44d1-be29-e9a981eb0d68,3609,22,9,pbpppbpb,50.4725897920605,b,p,0,42.10526315789474
9f594e2c-0257-44d1-be29-e9a981eb0d68,3609,23,9,bpppbpbp,51.940850277264325,b,b,1,46.15384615384615
9f594e2c-0257-44d1-be29-e9a981eb0d68,3609,24,9,pbpbpbbb,50.836120401337794,p,b,0,48.0
9f594e2c-0257-44d1-be29-e9a981eb0d68,3609,26,9,pbpbbbbp,53.93258426966292,b,p,0,47.22222222222222
9f594e2c-0257-44d1-be29-e9a981eb0d68,3609,27,9,bpbbbbpp,50.91575091575091,b,p,0,40.54054054054054
9f594e2c-0257-44d1-be29-e9a981eb0d68,3609,28,9,pbbbbppp,50.0,b,b,1,50.0
9f594e2c-0257-44d1-be29-e9a981eb0d68,3609,29,9,bpppbppp,51.8796992481203,b,b,1,34.48275862068966
9f594e2c-0257-44d1-be29-e9a981eb0d68,3610,1,9,pbbppbbp,50.25466893039049,p,b,0,46.42857142857143
9f594e2c-0257-44d1-be29-e9a981eb0d68,3610,2,9,bppbbpbb,50.08605851979346,b,b,1,45.16129032258065
9f594e2c-0257-44d1-be29-e9a981eb0d68,3610,3,9,pbbpbbbb,55.51839464882943,p,p,1,42.42424242424242
9f594e2c-0257-44d1-be29-e9a981eb0d68,3610,4,9,bpbbbbpb,50.323624595469255,b,p,0,59.57446808510638
9f594e2c-0257-44d1-be29-e9a981eb0d68,3610,5,9,pbbbbpbp,51.21107266435986,p,p,1,46.42857142857143
9f594e2c-0257-44d1-be29-e9a981eb0d68,3610,6,9,bpbpppbp,52.5911708253359,b,p,0,44.827586206896555
9f594e2c-0257-44d1-be29-e9a981eb0d68,3610,7,9,pbpppbpp,50.943396226415096,p,p,1,57.142857142857146
9f594e2c-0257-44d1-be29-e9a981eb0d68,3610,8,9,bpppbppp,51.8796992481203,b,b,1,34.48275862068966
9f594e2c-0257-44d1-be29-e9a981eb0d68,3610,10,9,bpppbbbb,50.27124773960217,p,p,1,39.285714285714285
9f594e2c-0257-44d1-be29-e9a981eb0d68,3610,11,9,pbbbbppp,50.0,b,b,1,50.0
9f594e2c-0257-44d1-be29-e9a981eb0d68,3610,13,9,pbbbpbbp,51.307189542483655,b,b,1,52.54237288135593
9f594e2c-0257-44d1-be29-e9a981eb0d68,3610,14,9,bpbbpbbp,55.8599695585997,b,p,0,47.916666666666664
9f594e2c-0257-44d1-be29-e9a981eb0d68,3610,15,9,pbbpbbpp,50.8833922261484,p,p,1,56.25
9f594e2c-0257-44d1-be29-e9a981eb0d68,3610,16,9,bpbbpppp,52.28136882129277,b,p,0,37.93103448275862
9f594e2c-0257-44d1-be29-e9a981eb0d68,3610,17,9,pbbppppp,50.401606425702816,b,p,0,43.47826086956522
9f594e2c-0257-44d1-be29-e9a981eb0d68,3610,18,9,bppppppb,50.602409638554214,b,b,1,41.666666666666664
9f594e2c-0257-44d1-be29-e9a981eb0d68,3610,19,9,pbbbpbpp,50.96153846153846,p,b,0,40.0
9f594e2c-0257-44d1-be29-e9a981eb0d68,3610,20,9,bpbppbpb,50.09107468123861,b,b,1,50.0
9f594e2c-0257-44d1-be29-e9a981eb0d68,3610,21,9,pbppbpbb,51.486988847583646,p,p,1,45.45454545454545
9f594e2c-0257-44d1-be29-e9a981eb0d68,3610,23,9,pbpbbppb,51.33689839572193,b,p,0,50.0
9f594e2c-0257-44d1-be29-e9a981eb0d68,3610,24,9,bpbbppbp,51.34649910233393,b,b,1,45.16129032258065
9f594e2c-0257-44d1-be29-e9a981eb0d68,3610,25,9,pbbppbpb,51.81975736568457,b,b,1,37.83783783783784
9f594e2c-0257-44d1-be29-e9a981eb0d68,3611,1,9,pbbpbpbb,52.315608919382505,b,b,1,56.09756097560975
9f594e2c-0257-44d1-be29-e9a981eb0d68,3611,3,9,pbpbbbbp,53.93258426966292,b,p,0,47.22222222222222
9f594e2c-0257-44d1-be29-e9a981eb0d68,3611,4,9,bpbbbbpp,50.91575091575091,b,p,0,40.54054054054054
9f594e2c-0257-44d1-be29-e9a981eb0d68,3611,5,9,pbbbbppp,50.0,b,p,0,50.0
9f594e2c-0257-44d1-be29-e9a981eb0d68,3611,6,9,bppppbbp,51.48861646234676,b,p,0,33.333333333333336
9f594e2c-0257-44d1-be29-e9a981eb0d68,3611,7,9,pbbpppbp,55.06003430531733,b,p,0,47.22222222222222
9f594e2c-0257-44d1-be29-e9a981eb0d68,3611,8,9,bpppbppb,50.2868068833652,b,p,0,50.0
9f594e2c-0257-44d1-be29-e9a981eb0d68,3611,10,9,bppbpppp,51.115618661257614,b,b,1,53.48837209302326
9f594e2c-0257-44d1-be29-e9a981eb0d68,3611,11,9,pbppppbb,50.08787346221442,b,b,1,47.36842105263158
9f594e2c-0257-44d1-be29-e9a981eb0d68,3611,12,9,bppppbbb,51.24282982791587,b,b,1,48.275862068965516
9f594e2c-0257-44d1-be29-e9a981eb0d68,3611,15,9,pbpbbbbb,51.010101010101,b,p,0,55.0
9f594e2c-0257-44d1-be29-e9a981eb0d68,3611,16,9,bpbbbbbp,52.120141342756185,p,p,1,47.82608695652174
9f594e2c-0257-44d1-be29-e9a981eb0d68,3611,17,9,pbbbbbpp,51.61904761904762,p,b,0,53.191489361702125
9f594e2c-0257-44d1-be29-e9a981eb0d68,3611,18,9,bppbbppp,53.584229390681,b,p,0,26.666666666666668
9f594e2c-0257-44d1-be29-e9a981eb0d68,3611,19,9,pbbppppb,54.121863799283155,p,b,0,46.666666666666664
9f594e2c-0257-44d1-be29-e9a981eb0d68,3611,20,9,bppppbbp,51.48861646234676,b,b,1,33.333333333333336
9f594e2c-0257-44d1-be29-e9a981eb0d68,3613,1,9,bpbbpppb,52.019386106623585,b,p,0,45.833333333333336
9f594e2c-0257-44d1-be29-e9a981eb0d68,3613,2,9,pbbpppbp,55.06003430531733,b,p,0,47.22222222222222
9f594e2c-0257-44d1-be29-e9a981eb0d68,3613,3,9,bpppbppp,51.8796992481203,b,p,0,34.48275862068966
9f594e2c-0257-44d1-be29-e9a981eb0d68,3613,4,9,pbpppppb,50.0,p,b,0,62.5
9f594e2c-0257-44d1-be29-e9a981eb0d68,3613,5,9,bpppppbb,52.84090909090909,p,b,0,48.148148148148145
9f594e2c-0257-44d1-be29-e9a981eb0d68,3613,6,9,pbbbpbpb,52.013422818791945,p,p,1,53.7037037037037
9f594e2c-0257-44d1-be29-e9a981eb0d68,3613,7,9,bpbpbpbb,50.0,p,p,1,47.05882352941177
9f594e2c-0257-44d1-be29-e9a981eb0d68,3613,8,9,pbpbpbbp,51.14638447971781,p,p,1,41.37931034482759
9f594e2c-0257-44d1-be29-e9a981eb0d68,3613,9,9,bpbpbbpp,50.086355785837654,b,p,0,58.62068965517241
9f594e2c-0257-44d1-be29-e9a981eb0d68,3613,10,9,pbpbbppp,55.16014234875445,b,b,1,33.333333333333336
9f594e2c-0257-44d1-be29-e9a981eb0d68,3613,11,9,bpbbpppb,52.019386106623585,b,b,1,45.833333333333336
9f594e2c-0257-44d1-be29-e9a981eb0d68,3613,13,9,bpppbbpb,50.16891891891891,p,p,1,60.714285714285715
9f594e2c-0257-44d1-be29-e9a981eb0d68,3613,14,9,pbbpbpbb,52.315608919382505,b,p,0,56.09756097560975
9f594e2c-0257-44d1-be29-e9a981eb0d68,3613,15,9,bpbpbbpb,51.13438045375218,b,p,0,45.16129032258065
9f594e2c-0257-44d1-be29-e9a981eb0d68,3613,16,9,pbpbbpbp,51.9434628975265,p,p,1,48.717948717948715
9f594e2c-0257-44d1-be29-e9a981eb0d68,3613,18,9,pbbpbppp,50.936967632027255,p,p,1,46.42857142857143
9f594e2c-0257-44d1-be29-e9a981eb0d68,3613,19,9,bpbppppb,53.09734513274337,b,b,1,48.83720930232558
9f594e2c-0257-44d1-be29-e9a981eb0d68,3613,20,9,pbppppbb,50.08787346221442,b,b,1,47.36842105263158
9f594e2c-0257-44d1-be29-e9a981eb0d68,3613,21,9,bppppbbb,51.24282982791587,b,p,0,48.275862068965516
9f594e2c-0257-44d1-be29-e9a981eb0d68,3613,22,9,pbbbpppb,50.95785440613027,p,p,1,44.0
9f594e2c-0257-44d1-be29-e9a981eb0d68,3613,23,9,bpppbppp,51.8796992481203,b,p,0,34.48275862068966
9f594e2c-0257-44d1-be29-e9a981eb0d68,3613,24,9,pbpppppb,50.0,p,b,0,62.5
9f594e2c-0257-44d1-be29-e9a981eb0d68,3613,25,9,bpppppbb,52.84090909090909,p,b,0,48.148148148148145
9f594e2c-0257-44d1-be29-e9a981eb0d68,3613,26,9,pbbbbbbb,50.0,p,b,0,55.55555555555556
9f594e2c-0257-44d1-be29-e9a981eb0d68,3613,27,9,bpbbbbpb,50.323624595469255,b,p,0,59.57446808510638
9f594e2c-0257-44d1-be29-e9a981eb0d68,3613,28,9,pbbbbpbp,51.21107266435986,p,b,0,46.42857142857143
9f594e2c-0257-44d1-be29-e9a981eb0d68,3614,1,9,bpppbpbb,50.08818342151675,p,p,1,36.36363636363637
9f594e2c-0257-44d1-be29-e9a981eb0d68,3614,2,9,pbpbbppb,51.33689839572193,b,b,1,50.0
9f594e2c-0257-44d1-be29-e9a981eb0d68,3614,3,9,bpbbppbb,51.4480408858603,p,b,0,44.0
9f594e2c-0257-44d1-be29-e9a981eb0d68,3614,4,9,pbbppbbb,50.60034305317325,b,b,1,60.714285714285715
9f594e2c-0257-44d1-be29-e9a981eb0d68,3614,5,9,bppbbbbp,51.13438045375218,b,p,0,46.666666666666664
9f594e2c-0257-44d1-be29-e9a981eb0d68,3614,6,9,pbbbbppp,50.0,b,b,1,50.0
9f594e2c-0257-44d1-be29-e9a981eb0d68,3614,7,9,bpppbbpb,50.16891891891891,p,p,1,60.714285714285715
9f594e2c-0257-44d1-be29-e9a981eb0d68,3614,8,9,pbbpbpbp,51.243781094527364,p,b,0,30.76923076923077
9f594e2c-0257-44d1-be29-e9a981eb0d68,3614,9,9,bpbpbpbp,50.27726432532348,p,b,0,48.38709677419355
9f594e2c-0257-44d1-be29-e9a981eb0d68,3614,11,9,bpbpbpbp,50.27726432532348,p,p,1,48.38709677419355
9f594e2c-0257-44d1-be29-e9a981eb0d68,3614,12,9,pbpbpbpp,52.76292335115864,b,p,0,53.57142857142857
9f594e2c-0257-44d1-be29-e9a981eb0d68,3614,15,9,bpbppppp,52.28136882129277,b,b,1,42.857142857142854
9f594e2c-0257-44d1-be29-e9a981eb0d68,3614,16,9,pbpppppb,50.0,p,b,0,62.5
9f594e2c-0257-44d1-be29-e9a981eb0d68,3614,17,9,bpppppbb,52.84090909090909,p,b,0,48.148148148148145
9f594e2c-0257-44d1-be29-e9a981eb0d68,3614,18,9,pbbbbbpp,51.61904761904762,p,b,0,53.191489361702125
9f594e2c-0257-44d1-be29-e9a981eb0d68,3614,19,9,bppbbpbp,50.522648083623686,p,b,0,60.714285714285715
9f594e2c-0257-44d1-be29-e9a981eb0d68,3614,20,9,pbbpbpbp,51.243781094527364,p,p,1,30.76923076923077
9f594e2c-0257-44d1-be29-e9a981eb0d68,3614,21,9,bpbpbppb,56.80272108843537,b,b,1,43.333333333333336
9f594e2c-0257-44d1-be29-e9a981eb0d68,3614,22,9,pbpbppbb,51.074380165289256,p,p,1,47.61904761904762
9f594e2c-0257-44d1-be29-e9a981eb0d68,3614,23,9,bpbppbbp,52.14408233276158,b,p,0,48.38709677419355
9f594e2c-0257-44d1-be29-e9a981eb0d68,3614,24,9,pbppbbpp,52.93072824156305,b,b,1,41.935483870967744
9f594e2c-0257-44d1-be29-e9a981eb0d68,3614,25,9,bppbbppb,50.0,p,b,0,41.1764705882353
9f594e2c-0257-44d1-be29-e9a981eb0d68,3614,26,9,pbbppbbp,50.25466893039049,p,p,1,46.42857142857143
9f594e2c-0257-44d1-be29-e9a981eb0d68,3614,27,9,bppbbppb,50.0,p,p,1,41.1764705882353
9f594e2c-0257-44d1-be29-e9a981eb0d68,3614,29,9,bppbpppb,50.75471698113208,b,p,0,50.0
9f594e2c-0257-44d1-be29-e9a981eb0d68,3614,30,9,pbpppbpb,50.4725897920605,b,b,1,42.10526315789474
9f594e2c-0257-44d1-be29-e9a981eb0d68,3615,3,9,pbbbpbbp,51.307189542483655,b,p,0,52.54237288135593
9f594e2c-0257-44d1-be29-e9a981eb0d68,3615,4,9,bpbbppbp,51.34649910233393,b,p,0,45.16129032258065
9f594e2c-0257-44d1-be29-e9a981eb0d68,3615,6,9,bppbpppb,50.75471698113208,b,p,0,50.0
9f594e2c-0257-44d1-be29-e9a981eb0d68,3615,7,9,pbpppbpb,50.4725897920605,b,p,0,42.10526315789474
9f594e2c-0257-44d1-be29-e9a981eb0d68,3615,8,9,bpppbpbp,51.940850277264325,b,p,0,46.15384615384615
9f594e2c-0257-44d1-be29-e9a981eb0d68,3615,10,9,bpbppppp,52.28136882129277,b,p,0,42.857142857142854
9f594e2c-0257-44d1-be29-e9a981eb0d68,3615,11,9,pbpppppp,50.198412698412696,p,b,0,69.56521739130434
9f594e2c-0257-44d1-be29-e9a981eb0d68,3615,12,9,bppppppb,50.602409638554214,b,p,0,41.666666666666664
9f594e2c-0257-44d1-be29-e9a981eb0d68,3615,13,9,pbpbppbp,52.17391304347826,b,b,1,55.76923076923077
9f594e2c-0257-44d1-be29-e9a981eb0d68,3615,14,9,bpbppbpb,50.09107468123861,b,b,1,50.0
9f594e2c-0257-44d1-be29-e9a981eb0d68,3615,15,9,pbppbpbb,51.486988847583646,p,b,0,45.45454545454545
9f594e2c-0257-44d1-be29-e9a981eb0d68,3615,17,9,pbpbbbbp,53.93258426966292,b,p,0,47.22222222222222
9f594e2c-0257-44d1-be29-e9a981eb0d68,3615,18,9,bpbbbbpp,50.91575091575091,b,p,0,40.54054054054054
9f594e2c-0257-44d1-be29-e9a981eb0d68,3615,19,9,pbbbbppp,50.0,b,p,0,50.0
9f594e2c-0257-44d1-be29-e9a981eb0d68,3615,20,9,bppppppp,51.78571428571429,b,p,0,40.0
9daab770-d2f9-4694-a5eb-57a210218e3b,3616,1,9,bppppbpp,50.09276437847866,p,b,0,47.22222222222222
9daab770-d2f9-4694-a5eb-57a210218e3b,3616,3,9,bppbbbbb,56.64845173041895,b,b,1,40.0
9daab770-d2f9-4694-a5eb-57a210218e3b,3616,4,9,pbbbbbbb,50.24077046548957,b,b,1,55.55555555555556
9daab770-d2f9-4694-a5eb-57a210218e3b,3616,6,9,pbppppbp,52.54901960784314,b,b,1,40.0
9daab770-d2f9-4694-a5eb-57a210218e3b,3616,8,9,pbpbpbbb,50.75125208681135,p,p,1,48.0
9daab770-d2f9-4694-a5eb-57a210218e3b,3616,11,9,bpbbbppb,52.02702702702703,p,b,0,40.90909090909091
9daab770-d2f9-4694-a5eb-57a210218e3b,3616,12,9,pbbbppbb,52.886405959031656,b,b,1,41.935483870967744
9daab770-d2f9-4694-a5eb-57a210218e3b,3616,13,9,bppbbbpb,52.02702702702703,b,p,0,48.484848484848484
9daab770-d2f9-4694-a5eb-57a210218e3b,3616,17,9,bpbppppp,52.17391304347826,b,p,0,42.857142857142854
9daab770-d2f9-4694-a5eb-57a210218e3b,3617,1,9,pbpbpbbp,51.232394366197184,p,p,1,41.37931034482759
9daab770-d2f9-4694-a5eb-57a210218e3b,3617,2,9,bpbpbbpp,50.0,b,b,1,58.62068965517241
9daab770-d2f9-4694-a5eb-57a210218e3b,3617,4,9,bpbbppbp,51.42857142857142,b,p,0,45.16129032258065
9daab770-d2f9-4694-a5eb-57a210218e3b,3617,8,9,bppbpppb,50.56179775280899,b,b,1,50.0
9daab770-d2f9-4694-a5eb-57a210218e3b,3617,10,9,bpppbbpp,50.28142589118198,p,b,0,53.84615384615385
9daab770-d2f9-4694-a5eb-57a210218e3b,3617,11,9,pbbppbpb,51.813471502590666,b,p,0,37.83783783783784
9daab770-d2f9-4694-a5eb-57a210218e3b,3617,12,9,bppbpbpb,50.635208711433755,p,p,1,57.142857142857146
9daab770-d2f9-4694-a5eb-57a210218e3b,3617,14,9,bpbpbpbb,50.08025682182986,p,b,0,47.05882352941177
9daab770-d2f9-4694-a5eb-57a210218e3b,3617,15,9,pbpbpbbb,50.75125208681135,p,b,0,48.0
9daab770-d2f9-4694-a5eb-57a210218e3b,3617,17,9,pbpbbbbb,50.924369747899156,b,b,1,55.0
9daab770-d2f9-4694-a5eb-57a210218e3b,3617,19,9,pbbbbbbb,50.24077046548957,b,p,0,55.55555555555556
9daab770-d2f9-4694-a5eb-57a210218e3b,3617,21,9,pbbbbbbb,50.24077046548957,b,p,0,55.55555555555556
9daab770-d2f9-4694-a5eb-57a210218e3b,3617,22,9,bppbpppb,50.56179775280899,b,p,0,50.0
9daab770-d2f9-4694-a5eb-57a210218e3b,3617,23,9,pbpppbpb,50.37453183520599,b,b,1,42.10526315789474
9daab770-d2f9-4694-a5eb-57a210218e3b,3617,24,9,bpppbpbb,50.0,p,b,0,36.36363636363637
9daab770-d2f9-4694-a5eb-57a210218e3b,3618,1,9,bppbpppp,51.21457489878543,b,p,0,53.48837209302326
9daab770-d2f9-4694-a5eb-57a210218e3b,3618,2,9,pbpppppp,50.0,p,b,0,69.56521739130434
9daab770-d2f9-4694-a5eb-57a210218e3b,3618,3,9,bppppppb,50.69860279441117,b,p,0,41.666666666666664
9daab770-d2f9-4694-a5eb-57a210218e3b,3618,4,9,pbppbbpb,52.09380234505863,p,p,1,45.833333333333336
9daab770-d2f9-4694-a5eb-57a210218e3b,3618,5,9,bppbbpbp,50.43478260869565,p,b,0,60.714285714285715
9daab770-d2f9-4694-a5eb-57a210218e3b,3618,6,9,pbbpbpbp,51.23558484349259,p,p,1,30.76923076923077
9daab770-d2f9-4694-a5eb-57a210218e3b,3618,7,9,bpbpbppb,56.99831365935919,b,p,0,43.333333333333336
9daab770-d2f9-4694-a5eb-57a210218e3b,3618,9,9,bpbppbpp,50.0,p,p,1,44.827586206896555
9daab770-d2f9-4694-a5eb-57a210218e3b,3618,11,9,bppbpppb,50.56179775280899,b,p,0,50.0
9daab770-d2f9-4694-a5eb-57a210218e3b,3618,12,9,pbpppbpp,51.03578154425612,p,p,1,57.142857142857146
9daab770-d2f9-4694-a5eb-57a210218e3b,3618,13,9,bpppbppp,51.76908752327747,b,b,1,34.48275862068966
9daab770-d2f9-4694-a5eb-57a210218e3b,3618,14,9,pbpppbpb,50.37453183520599,b,b,1,42.10526315789474
9daab770-d2f9-4694-a5eb-57a210218e3b,3618,15,9,bpppbpbb,50.0,p,p,1,36.36363636363637
9daab770-d2f9-4694-a5eb-57a210218e3b,3618,16,9,pbpbbppp,55.23978685612788,b,p,0,33.333333333333336
9daab770-d2f9-4694-a5eb-57a210218e3b,3618,17,9,bpbbpppp,52.083333333333336,b,b,1,37.93103448275862
9daab770-d2f9-4694-a5eb-57a210218e3b,3618,19,9,bppppbbb,51.23809523809524,b,p,0,48.275862068965516
9daab770-d2f9-4694-a5eb-57a210218e3b,3618,20,9,pbbbppbb,52.886405959031656,b,b,1,41.935483870967744
9daab770-d2f9-4694-a5eb-57a210218e3b,3618,21,9,bppbbbpb,52.02702702702703,b,b,1,48.484848484848484
9daab770-d2f9-4694-a5eb-57a210218e3b,3619,1,9,pbbbbbpb,51.10294117647059,b,p,0,54.83870967741935
9daab770-d2f9-4694-a5eb-57a210218e3b,3619,2,9,bpbppbpb,50.27223230490018,b,b,1,50.0
9daab770-d2f9-4694-a5eb-57a210218e3b,3619,3,9,pbppbpbb,51.48148148148148,p,b,0,45.45454545454545
9daab770-d2f9-4694-a5eb-57a210218e3b,3619,5,9,pbpbbbbb,50.924369747899156,b,p,0,55.0
9daab770-d2f9-4694-a5eb-57a210218e3b,3619,6,9,bpbbbbbp,52.2887323943662,p,b,0,47.82608695652174
9daab770-d2f9-4694-a5eb-57a210218e3b,3619,7,9,pbbbbbpb,51.10294117647059,b,b,1,54.83870967741935
9daab770-d2f9-4694-a5eb-57a210218e3b,3619,8,9,bpbbppbb,51.273344651952456,p,p,1,44.0
9daab770-d2f9-4694-a5eb-57a210218e3b,3619,9,9,pbbppbbp,50.25380710659898,p,p,1,46.42857142857143
9daab770-d2f9-4694-a5eb-57a210218e3b,3619,10,9,bppbbppb,50.0,p,b,0,41.1764705882353
9daab770-d2f9-4694-a5eb-57a210218e3b,3619,11,9,pbbppbbp,50.25380710659898,p,p,1,46.42857142857143
9daab770-d2f9-4694-a5eb-57a210218e3b,3619,12,9,bppbbppb,50.0,p,b,0,41.1764705882353
9daab770-d2f9-4694-a5eb-57a210218e3b,3619,13,9,pbbppbbp,50.25380710659898,p,p,1,46.42857142857143
9daab770-d2f9-4694-a5eb-57a210218e3b,3619,14,9,bppbbppb,50.0,p,p,1,41.1764705882353
9daab770-d2f9-4694-a5eb-57a210218e3b,3619,15,9,pbbppbpb,51.813471502590666,b,b,1,37.83783783783784
9daab770-d2f9-4694-a5eb-57a210218e3b,3619,17,9,pbpbbppp,55.23978685612788,b,p,0,33.333333333333336
9daab770-d2f9-4694-a5eb-57a210218e3b,3619,18,9,bpbbpppp,52.083333333333336,b,p,0,37.93103448275862
9daab770-d2f9-4694-a5eb-57a210218e3b,3619,19,9,pbbppppp,50.2,b,b,1,43.47826086956522
9daab770-d2f9-4694-a5eb-57a210218e3b,3619,20,9,bpppppbp,50.58139534883721,b,b,1,55.172413793103445
9daab770-d2f9-4694-a5eb-57a210218e3b,3620,1,9,pbpppbpb,50.37453183520599,b,b,1,42.10526315789474
9daab770-d2f9-4694-a5eb-57a210218e3b,3620,2,9,bpppbpbb,50.0,p,p,1,36.36363636363637
9daab770-d2f9-4694-a5eb-57a210218e3b,3620,3,9,pbpbbppp,55.23978685612788,b,p,0,33.333333333333336
9daab770-d2f9-4694-a5eb-57a210218e3b,3620,4,9,bpbbpppp,52.083333333333336,b,b,1,37.93103448275862
9daab770-d2f9-4694-a5eb-57a210218e3b,3620,6,9,bppppbbb,51.23809523809524,b,b,1,48.275862068965516
9daab770-d2f9-4694-a5eb-57a210218e3b,3620,9,9,pbpbppbb,51.227495908346974,p,p,1,47.61904761904762
9daab770-d2f9-4694-a5eb-57a210218e3b,3620,10,9,bpbppbbp,51.78875638841567,b,p,0,48.38709677419355
9daab770-d2f9-4694-a5eb-57a210218e3b,3620,11,9,pbppbbpp,53.086419753086425,b,b,1,41.935483870967744
9daab770-d2f9-4694-a5eb-57a210218e3b,3620,12,9,bppbbppb,50.0,p,p,1,41.1764705882353
9daab770-d2f9-4694-a5eb-57a210218e3b,3620,13,9,pbbppbpb,51.813471502590666,b,b,1,37.83783783783784
9daab770-d2f9-4694-a5eb-57a210218e3b,3620,15,9,pbpbbbbp,53.63128491620112,b,b,1,47.22222222222222
9daab770-d2f9-4694-a5eb-57a210218e3b,3620,16,9,bpbbbbpb,50.24154589371981,b,b,1,59.57446808510638
9daab770-d2f9-4694-a5eb-57a210218e3b,3620,17,9,pbbbbpbb,52.721088435374156,p,b,0,38.46153846153846
9daab770-d2f9-4694-a5eb-57a210218e3b,3621,1,9,pbppbbbp,52.75735294117647,b,p,0,46.15384615384615
9daab770-d2f9-4694-a5eb-57a210218e3b,3621,2,9,bppbbbpp,50.29585798816568,b,b,1,50.0
9daab770-d2f9-4694-a5eb-57a210218e3b,3621,3,9,pbbbppbb,52.886405959031656,b,p,0,41.935483870967744
9daab770-d2f9-4694-a5eb-57a210218e3b,3621,4,9,bppbbppb,50.0,p,b,0,41.1764705882353
9daab770-d2f9-4694-a5eb-57a210218e3b,3621,5,9,pbbppbbp,50.25380710659898,p,b,0,46.42857142857143
9daab770-d2f9-4694-a5eb-57a210218e3b,3621,6,9,bppbbpbb,50.171821305841924,b,p,0,45.16129032258065
9daab770-d2f9-4694-a5eb-57a210218e3b,3621,7,9,pbbpbbpb,50.0,p,b,0,56.0
9daab770-d2f9-4694-a5eb-57a210218e3b,3621,8,9,bpbbpbbb,52.84280936454849,b,b,1,36.36363636363637
9daab770-d2f9-4694-a5eb-57a210218e3b,3621,9,9,pbbpbbbb,55.59265442404006,p,b,0,42.42424242424242
9daab770-d2f9-4694-a5eb-57a210218e3b,3621,11,9,pbbbbbbb,50.24077046548957,b,b,1,55.55555555555556
9daab770-d2f9-4694-a5eb-57a210218e3b,3621,13,9,pbppbbpp,53.086419753086425,b,b,1,41.935483870967744
9daab770-d2f9-4694-a5eb-57a210218e3b,3621,14,9,bppbbppb,50.0,p,p,1,41.1764705882353
9daab770-d2f9-4694-a5eb-57a210218e3b,3621,15,9,pbbppbpb,51.813471502590666,b,b,1,37.83783783783784
9daab770-d2f9-4694-a5eb-57a210218e3b,3621,17,9,pbpbbpbb,50.92748735244519,p,b,0,39.02439024390244
9daab770-d2f9-4694-a5eb-57a210218e3b,3621,18,9,bpbbpbbb,52.84280936454849,b,p,0,36.36363636363637
9daab770-d2f9-4694-a5eb-57a210218e3b,3621,19,9,pbbpbbbp,52.12947189097103,b,b,1,43.24324324324324
9daab770-d2f9-4694-a5eb-57a210218e3b,3621,20,9,bpbbbpbp,51.178451178451176,b,b,1,46.42857142857143
9daab770-d2f9-4694-a5eb-57a210218e3b,3621,22,9,bpbpbppb,56.99831365935919,b,p,0,43.333333333333336
9daab770-d2f9-4694-a5eb-57a210218e3b,3621,24,9,bpbppbpb,50.27223230490018,b,p,0,50.0
9daab770-d2f9-4694-a5eb-57a210218e3b,3621,25,9,pbppbpbp,51.12651646447141,p,p,1,57.89473684210526
9daab770-d2f9-4694-a5eb-57a210218e3b,3622,1,9,pbbbpbbb,50.90909090909091,p,p,1,36.8421052631579
9daab770-d2f9-4694-a5eb-57a210218e3b,3622,2,9,bpbbbppb,52.02702702702703,p,p,1,40.90909090909091
9daab770-d2f9-4694-a5eb-57a210218e3b,3622,3,9,pbbbppbp,51.890034364261176,b,p,0,42.10526315789474
9daab770-d2f9-4694-a5eb-57a210218e3b,3622,5,9,pbppbppb,54.08921933085502,b,p,0,46.42857142857143
9daab770-d2f9-4694-a5eb-57a210218e3b,3622,8,9,bppbpppb,50.56179775280899,b,p,0,50.0
9daab770-d2f9-4694-a5eb-57a210218e3b,3622,9,9,pbpppbpb,50.37453183520599,b,b,1,42.10526315789474
9daab770-d2f9-4694-a5eb-57a210218e3b,3622,10,9,bpppbpbb,50.0,p,p,1,36.36363636363637
9daab770-d2f9-4694-a5eb-57a210218e3b,3622,11,9,pbpbbpbb,50.92748735244519,p,b,0,39.02439024390244
9daab770-d2f9-4694-a5eb-57a210218e3b,3622,12,9,bpbbpbbb,52.84280936454849,b,p,0,36.36363636363637
9daab770-d2f9-4694-a5eb-57a210218e3b,3622,13,9,pbbpbbbp,52.12947189097103,b,b,1,43.24324324324324
9daab770-d2f9-4694-a5eb-57a210218e3b,3622,14,9,bpbbbpbp,51.178451178451176,b,p,0,46.42857142857143
9daab770-d2f9-4694-a5eb-57a210218e3b,3622,15,9,pbbbpbpp,50.95785440613027,p,b,0,40.0
9daab770-d2f9-4694-a5eb-57a210218e3b,3622,16,9,bpbppbpp,50.0,p,b,0,44.827586206896555
9daab770-d2f9-4694-a5eb-57a210218e3b,3622,17,9,pbppbppb,54.08921933085502,b,p,0,46.42857142857143
9daab770-d2f9-4694-a5eb-57a210218e3b,3622,19,9,pbppbpbb,51.48148148148148,p,p,1,45.45454545454545
9daab770-d2f9-4694-a5eb-57a210218e3b,3622,21,9,pbpbbppp,55.23978685612788,b,b,1,33.333333333333336
9daab770-d2f9-4694-a5eb-57a210218e3b,3622,22,9,bpbbpppb,51.929260450160776,b,b,1,45.833333333333336
9daab770-d2f9-4694-a5eb-57a210218e3b,3622,25,9,pbbbpppp,54.61393596986818,b,b,1,47.82608695652174
9daab770-d2f9-4694-a5eb-57a210218e3b,3623,1,9,bppppppb,50.69860279441117,b,b,1,41.666666666666664
9daab770-d2f9-4694-a5eb-57a210218e3b,3623,2,9,pbbbppbp,51.890034364261176,b,p,0,42.10526315789474
9daab770-d2f9-4694-a5eb-57a210218e3b,3623,3,9,bppbpppp,51.21457489878543,b,p,0,53.48837209302326
9daab770-d2f9-4694-a5eb-57a210218e3b,3623,4,9,pbpppppp,50.0,p,p,1,69.56521739130434
9daab770-d2f9-4694-a5eb-57a210218e3b,3623,5,9,bppppppp,51.581027667984195,b,b,1,40.0
9daab770-d2f9-4694-a5eb-57a210218e3b,3623,6,9,pbbpbbbp,52.12947189097103,b,b,1,43.24324324324324
9daab770-d2f9-4694-a5eb-57a210218e3b,3623,7,9,bpbbbpbb,50.229007633587784,b,p,0,44.44444444444444
9daab770-d2f9-4694-a5eb-57a210218e3b,3623,10,9,pbbpbppb,51.273344651952456,b,b,1,43.333333333333336
9daab770-d2f9-4694-a5eb-57a210218e3b,3623,11,9,bpbppbbp,51.78875638841567,b,b,1,48.38709677419355
9daab770-d2f9-4694-a5eb-57a210218e3b,3623,12,9,pbppbbpb,52.09380234505863,p,b,0,45.833333333333336
9daab770-d2f9-4694-a5eb-57a210218e3b,3623,13,9,bppbbpbb,50.171821305841924,b,p,0,45.16129032258065
9daab770-d2f9-4694-a5eb-57a210218e3b,3623,14,9,pbbpbbpp,50.790861159929705,p,b,0,56.25
9daab770-d2f9-4694-a5eb-57a210218e3b,3624,1,9,pbbpbppb,51.273344651952456,b,b,1,43.333333333333336
9daab770-d2f9-4694-a5eb-57a210218e3b,3624,2,9,bpbppbbb,51.16666666666667,p,p,1,46.42857142857143
9daab770-d2f9-4694-a5eb-57a210218e3b,3624,3,9,pbppbbbp,52.75735294117647,b,p,0,46.15384615384615
9daab770-d2f9-4694-a5eb-57a210218e3b,3624,4,9,bppbbbpp,50.29585798816568,b,b,1,50.0
9daab770-d2f9-4694-a5eb-57a210218e3b,3624,5,9,pbbbppbp,51.890034364261176,b,p,0,42.10526315789474
9daab770-d2f9-4694-a5eb-57a210218e3b,3624,6,9,bppbpppp,51.21457489878543,b,p,0,53.48837209302326
9daab770-d2f9-4694-a5eb-57a210218e3b,3624,7,9,pbpppppp,50.0,p,b,0,69.56521739130434
9daab770-d2f9-4694-a5eb-57a210218e3b,3624,8,9,bppppppb,50.69860279441117,b,p,0,41.666666666666664
9daab770-d2f9-4694-a5eb-57a210218e3b,3624,9,9,pbppbpbp,51.12651646447141,p,b,0,57.89473684210526
9daab770-d2f9-4694-a5eb-57a210218e3b,3624,10,9,bppbpbpb,50.635208711433755,p,b,0,57.142857142857146
9daab770-d2f9-4694-a5eb-57a210218e3b,3624,11,9,pbpbpbbb,50.75125208681135,p,b,0,48.0
9daab770-d2f9-4694-a5eb-57a210218e3b,3624,13,9,pbpbbbbp,53.63128491620112,b,b,1,47.22222222222222
9daab770-d2f9-4694-a5eb-57a210218e3b,3624,14,9,bpbbbbpb,50.24154589371981,b,b,1,59.57446808510638
9daab770-d2f9-4694-a5eb-57a210218e3b,3624,15,9,pbbbbpbb,52.721088435374156,p,b,0,38.46153846153846
9daab770-d2f9-4694-a5eb-57a210218e3b,3624,16,9,bpbbbpbb,50.229007633587784,b,b,1,44.44444444444444
9daab770-d2f9-4694-a5eb-57a210218e3b,3624,17,9,pbbbpbbb,50.90909090909091,p,b,0,36.8421052631579
9daab770-d2f9-4694-a5eb-57a210218e3b,3624,18,9,bpbbbbbp,52.2887323943662,p,p,1,47.82608695652174
9daab770-d2f9-4694-a5eb-57a210218e3b,3624,20,9,bppbbbpp,50.29585798816568,b,b,1,50.0
9daab770-d2f9-4694-a5eb-57a210218e3b,3624,21,9,pbbbppbb,52.886405959031656,b,b,1,41.935483870967744
9daab770-d2f9-4694-a5eb-57a210218e3b,3624,22,9,bppbbbpp,50.29585798816568,b,b,1,50.0
9daab770-d2f9-4694-a5eb-57a210218e3b,3624,23,9,pbbbppbp,51.890034364261176,b,b,1,42.10526315789474
9daab770-d2f9-4694-a5eb-57a210218e3b,3625,1,9,pbppppbb,50.26269702276708,b,b,1,47.36842105263158
9daab770-d2f9-4694-a5eb-57a210218e3b,3625,2,9,bppppbbb,51.23809523809524,b,b,1,48.275862068965516
9daab770-d2f9-4694-a5eb-57a210218e3b,3625,3,9,pbbbbpbp,51.29087779690189,p,p,1,46.42857142857143
9daab770-d2f9-4694-a5eb-57a210218e3b,3625,4,9,bpbppbbp,51.78875638841567,b,p,0,48.38709677419355
9daab770-d2f9-4694-a5eb-57a210218e3b,3625,5,9,pbppbbpp,53.086419753086425,b,p,0,41.935483870967744
9daab770-d2f9-4694-a5eb-57a210218e3b,3625,6,9,bppbbppp,53.57142857142857,b,p,0,26.666666666666668
9daab770-d2f9-4694-a5eb-57a210218e3b,3625,8,9,bppppbbb,51.23809523809524,b,b,1,48.275862068965516
9daab770-d2f9-4694-a5eb-57a210218e3b,3625,11,9,pbpbbpbb,50.92748735244519,p,p,1,39.02439024390244
9daab770-d2f9-4694-a5eb-57a210218e3b,3625,13,9,pbbpbbpp,50.790861159929705,p,p,1,56.25
9daab770-d2f9-4694-a5eb-57a210218e3b,3625,14,9,bpbbpppb,51.929260450160776,b,b,1,45.833333333333336
9daab770-d2f9-4694-a5eb-57a210218e3b,3625,16,9,bpppbbpp,50.28142589118198,p,p,1,53.84615384615385
9daab770-d2f9-4694-a5eb-57a210218e3b,3625,17,9,pbbppppp,50.2,b,b,1,43.47826086956522
9daab770-d2f9-4694-a5eb-57a210218e3b,3625,19,9,pbbbbpbp,51.29087779690189,p,b,0,46.42857142857143
9daab770-d2f9-4694-a5eb-57a210218e3b,3625,20,9,bpbpbpbb,50.08025682182986,p,p,1,47.05882352941177
9daab770-d2f9-4694-a5eb-57a210218e3b,3625,21,9,pbpbpbbp,51.232394366197184,p,b,0,41.37931034482759
9daab770-d2f9-4694-a5eb-57a210218e3b,3625,22,9,bpbpbbpb,51.045296167247386,b,b,1,45.16129032258065
9daab770-d2f9-4694-a5eb-57a210218e3b,3625,23,9,pbpbbpbb,50.92748735244519,p,b,0,39.02439024390244
9daab770-d2f9-4694-a5eb-57a210218e3b,3625,24,9,bpbbpbbb,52.84280936454849,b,b,1,36.36363636363637
9daab770-d2f9-4694-a5eb-57a210218e3b,3625,25,9,pbbpbbbb,55.59265442404006,p,b,0,42.42424242424242
9daab770-d2f9-4694-a5eb-57a210218e3b,3626,1,9,bppbbbpp,50.29585798816568,b,b,1,50.0
9daab770-d2f9-4694-a5eb-57a210218e3b,3626,2,9,pbbbppbb,52.886405959031656,b,b,1,41.935483870967744
9daab770-d2f9-4694-a5eb-57a210218e3b,3626,3,9,bppbbbbb,56.64845173041895,b,p,0,40.0
9daab770-d2f9-4694-a5eb-57a210218e3b,3626,4,9,pbbbbbpb,51.10294117647059,b,p,0,54.83870967741935
9daab770-d2f9-4694-a5eb-57a210218e3b,3626,5,9,bpbpppbb,50.76660988074957,p,p,1,36.666666666666664
9daab770-d2f9-4694-a5eb-57a210218e3b,3626,7,9,bpppbbpb,50.33557046979866,p,b,0,60.714285714285715
9daab770-d2f9-4694-a5eb-57a210218e3b,3626,8,9,pbbpbbbp,52.12947189097103,b,b,1,43.24324324324324
9daab770-d2f9-4694-a5eb-57a210218e3b,3626,9,9,bpbbbpbb,50.229007633587784,b,b,1,44.44444444444444
9daab770-d2f9-4694-a5eb-57a210218e3b,3626,10,9,pbbbpbbb,50.90909090909091,p,p,1,36.8421052631579
9daab770-d2f9-4694-a5eb-57a210218e3b,3626,11,9,bpbbbpbp,51.178451178451176,b,b,1,46.42857142857143
9daab770-d2f9-4694-a5eb-57a210218e3b,3626,14,9,pbpbpppb,53.36976320582878,b,p,0,41.666666666666664
9daab770-d2f9-4694-a5eb-57a210218e3b,3626,15,9,bpbpppbp,52.67175572519084,b,p,0,44.827586206896555
9daab770-d2f9-4694-a5eb-57a210218e3b,3626,16,9,pbpppbpp,51.03578154425612,p,p,1,57.142857142857146
9daab770-d2f9-4694-a5eb-57a210218e3b,3626,17,9,bpppbppp,51.76908752327747,b,b,1,34.48275862068966
9daab770-d2f9-4694-a5eb-57a210218e3b,3626,18,9,pbpppbpb,50.37453183520599,b,b,1,42.10526315789474
9daab770-d2f9-4694-a5eb-57a210218e3b,3626,19,9,bpppbpbb,50.0,p,b,0,36.36363636363637
9daab770-d2f9-4694-a5eb-57a210218e3b,3626,20,9,pbpbbbbb,50.924369747899156,b,p,0,55.0
9daab770-d2f9-4694-a5eb-57a210218e3b,3626,21,9,bpbbbbbp,52.2887323943662,p,p,1,47.82608695652174
9daab770-d2f9-4694-a5eb-57a210218e3b,3627,1,9,bpbbbppb,52.02702702702703,p,b,0,40.90909090909091
9daab770-d2f9-4694-a5eb-57a210218e3b,3627,2,9,pbbbppbb,52.886405959031656,b,b,1,41.935483870967744
9daab770-d2f9-4694-a5eb-57a210218e3b,3627,3,9,bppbbbpb,52.02702702702703,b,b,1,48.484848484848484
9daab770-d2f9-4694-a5eb-57a210218e3b,3627,5,9,bpbbpbbb,52.84280936454849,b,b,1,36.36363636363637
9daab770-d2f9-4694-a5eb-57a210218e3b,3627,6,9,pbbpbbbb,55.59265442404006,p,b,0,42.42424242424242
9daab770-d2f9-4694-a5eb-57a210218e3b,3627,7,9,bpbbbbbp,52.2887323943662,p,b,0,47.82608695652174
9daab770-d2f9-4694-a5eb-57a210218e3b,3627,8,9,pbbbbbpb,51.10294117647059,b,p,0,54.83870967741935
9daab770-d2f9-4694-a5eb-57a210218e3b,3627,9,9,bpbpbpbp,50.45871559633027,p,p,1,48.38709677419355
9daab770-d2f9-4694-a5eb-57a210218e3b,3627,11,9,bpbpbppb,56.99831365935919,b,p,0,43.333333333333336
9daab770-d2f9-4694-a5eb-57a210218e3b,3627,13,9,bpbppbpb,50.27223230490018,b,p,0,50.0
9daab770-d2f9-4694-a5eb-57a210218e3b,3627,14,9,pbppbpbp,51.12651646447141,p,b,0,57.89473684210526
9daab770-d2f9-4694-a5eb-57a210218e3b,3627,15,9,bppbpbpb,50.635208711433755,p,b,0,57.142857142857146
9daab770-d2f9-4694-a5eb-57a210218e3b,3627,16,9,pbpbpbbb,50.75125208681135,p,b,0,48.0
9daab770-d2f9-4694-a5eb-57a210218e3b,3627,18,9,pbpbbbbp,53.63128491620112,b,b,1,47.22222222222222
9daab770-d2f9-4694-a5eb-57a210218e3b,3627,19,9,bpbbbbpb,50.24154589371981,b,b,1,59.57446808510638
9daab770-d2f9-4694-a5eb-57a210218e3b,3627,20,9,pbbbbpbb,52.721088435374156,p,b,0,38.46153846153846
9daab770-d2f9-4694-a5eb-57a210218e3b,3627,21,9,bpbbbbpp,50.63752276867031,b,p,0,40.54054054054054
9daab770-d2f9-4694-a5eb-57a210218e3b,3627,22,9,pbbbbppp,50.09633911368015,b,p,0,50.0
9daab770-d2f9-4694-a5eb-57a210218e3b,3627,23,9,bppppbbb,51.23809523809524,b,p,0,48.275862068965516
9daab770-d2f9-4694-a5eb-57a210218e3b,3627,24,9,pbbbppbp,51.890034364261176,b,b,1,42.10526315789474
ed93de65-b70f-4d6a-b955-7f1f32d26ceb,3628,1,9,bpppbppp,51.94805194805194,b,p,0,34.48275862068966
ed93de65-b70f-4d6a-b955-7f1f32d26ceb,3628,2,9,pbppppbb,50.349650349650354,b,p,0,47.36842105263158
ed93de65-b70f-4d6a-b955-7f1f32d26ceb,3628,3,9,bppppbbp,51.48342059336824,b,p,0,33.333333333333336
ed93de65-b70f-4d6a-b955-7f1f32d26ceb,3628,4,9,pbbppppb,53.736654804270465,p,p,1,46.666666666666664
ed93de65-b70f-4d6a-b955-7f1f32d26ceb,3628,6,9,pbpbbbbb,50.836120401337794,b,p,0,55.0
ed93de65-b70f-4d6a-b955-7f1f32d26ceb,3628,7,9,bpbbbbbp,52.27272727272727,p,b,0,47.82608695652174
ed93de65-b70f-4d6a-b955-7f1f32d26ceb,3628,8,9,pbbbbbpb,50.912408759124084,b,b,1,54.83870967741935
ed93de65-b70f-4d6a-b955-7f1f32d26ceb,3628,10,9,pbbpbbpp,50.78809106830122,p,p,1,56.25
ed93de65-b70f-4d6a-b955-7f1f32d26ceb,3628,11,9,bpbbpppb,52.083333333333336,b,b,1,45.833333333333336
ed93de65-b70f-4d6a-b955-7f1f32d26ceb,3628,13,9,bpppbbpp,50.280373831775705,p,b,0,53.84615384615385
ed93de65-b70f-4d6a-b955-7f1f32d26ceb,3628,16,9,pbppbpbb,51.476014760147606,p,b,0,45.45454545454545
ed93de65-b70f-4d6a-b955-7f1f32d26ceb,3628,17,9,bppbpbbb,52.961672473867594,p,b,0,48.93617021276596
ed93de65-b70f-4d6a-b955-7f1f32d26ceb,3628,18,9,pbpbbbbb,50.836120401337794,b,p,0,55.0
ed93de65-b70f-4d6a-b955-7f1f32d26ceb,3628,19,9,bpbbbbbp,52.27272727272727,p,b,0,47.82608695652174
ed93de65-b70f-4d6a-b955-7f1f32d26ceb,3628,20,9,pbbbbbpb,50.912408759124084,b,p,0,54.83870967741935
ed93de65-b70f-4d6a-b955-7f1f32d26ceb,3628,21,9,bpbppppb,52.99295774647887,b,b,1,48.83720930232558
ed93de65-b70f-4d6a-b955-7f1f32d26ceb,3628,22,9,pbppppbb,50.349650349650354,b,p,0,47.36842105263158
ed93de65-b70f-4d6a-b955-7f1f32d26ceb,3628,23,9,bppppbbp,51.48342059336824,b,b,1,33.333333333333336
ed93de65-b70f-4d6a-b955-7f1f32d26ceb,3628,24,9,pbbpbpbp,51.31578947368421,p,p,1,30.76923076923077
ed93de65-b70f-4d6a-b955-7f1f32d26ceb,3628,25,9,bpbpbppb,56.711409395973156,b,p,0,43.333333333333336
ed93de65-b70f-4d6a-b955-7f1f32d26ceb,3629,1,9,pbpbbpbb,50.753768844221106,p,b,0,39.02439024390244
ed93de65-b70f-4d6a-b955-7f1f32d26ceb,3629,2,9,bpbbpbbb,52.90215588723052,b,b,1,36.36363636363637
ed93de65-b70f-4d6a-b955-7f1f32d26ceb,3629,3,9,pbbpbbbb,55.3156146179402,p,b,0,42.42424242424242
ed93de65-b70f-4d6a-b955-7f1f32d26ceb,3629,5,9,pbbbbbbp,52.313167259786475,p,b,0,46.875
ed93de65-b70f-4d6a-b955-7f1f32d26ceb,3629,6,9,bpbbbbbp,52.27272727272727,p,b,0,47.82608695652174
ed93de65-b70f-4d6a-b955-7f1f32d26ceb,3629,7,9,pbbbbbpb,50.912408759124084,b,b,1,54.83870967741935
ed93de65-b70f-4d6a-b955-7f1f32d26ceb,3629,8,9,bpbbbppb,51.932773109243705,p,p,1,40.90909090909091
ed93de65-b70f-4d6a-b955-7f1f32d26ceb,3629,9,9,pbbbppbp,51.78875638841567,b,p,0,42.10526315789474
ed93de65-b70f-4d6a-b955-7f1f32d26ceb,3629,11,9,pbppbbpb,52.08681135225376,p,b,0,45.833333333333336
ed93de65-b70f-4d6a-b955-7f1f32d26ceb,3629,12,9,bppbbpbb,50.0,p,b,0,45.16129032258065
ed93de65-b70f-4d6a-b955-7f1f32d26ceb,3629,13,9,pbbpbbbp,52.45346869712352,b,p,0,43.24324324324324
ed93de65-b70f-4d6a-b955-7f1f32d26ceb,3629,14,9,bpbbbppp,50.19230769230769,p,p,1,36.8421052631579
ed93de65-b70f-4d6a-b955-7f1f32d26ceb,3629,15,9,pbbbpppp,54.699248120300744,b,b,1,47.82608695652174
ed93de65-b70f-4d6a-b955-7f1f32d26ceb,3629,16,9,bppppbpp,50.0,p,p,1,47.22222222222222
ed93de65-b70f-4d6a-b955-7f1f32d26ceb,3629,18,9,bpppbbpb,50.25125628140703,p,p,1,60.714285714285715
ed93de65-b70f-4d6a-b955-7f1f32d26ceb,3629,19,9,pbbpbppp,51.02040816326531,p,p,1,46.42857142857143
ed93de65-b70f-4d6a-b955-7f1f32d26ceb,3629,20,9,bpbppppp,52.075471698113205,b,b,1,42.857142857142854
ed93de65-b70f-4d6a-b955-7f1f32d26ceb,3629,21,9,pbpppppb,50.287907869481764,b,b,1,62.5
ed93de65-b70f-4d6a-b955-7f1f32d26ceb,3629,22,9,bpppppbb,52.443609022556394,p,b,0,48.148148148148145
ed93de65-b70f-4d6a-b955-7f1f32d26ceb,3629,23,9,pbbbpbbb,50.98684210526315,p,b,0,36.8421052631579
ed93de65-b70f-4d6a-b955-7f1f32d26ceb,3629,24,9,bpbbbbpp,50.54545454545455,b,p,0,40.54054054054054
ed93de65-b70f-4d6a-b955-7f1f32d26ceb,3629,25,9,pbbbbppp,50.0,b,b,1,50.0
ed93de65-b70f-4d6a-b955-7f1f32d26ceb,3630,2,9,bpppbbpb,50.25125628140703,p,b,0,60.714285714285715
ed93de65-b70f-4d6a-b955-7f1f32d26ceb,3630,3,9,pbbpbbbb,55.3156146179402,p,p,1,42.42424242424242
ed93de65-b70f-4d6a-b955-7f1f32d26ceb,3630,4,9,bpbbbbpb,50.480769230769226,b,p,0,59.57446808510638
ed93de65-b70f-4d6a-b955-7f1f32d26ceb,3630,5,9,pbbbbpbp,51.286449399656945,p,p,1,46.42857142857143
ed93de65-b70f-4d6a-b955-7f1f32d26ceb,3630,6,9,bpbppbbb,51.24792013311148,p,b,0,46.42857142857143
ed93de65-b70f-4d6a-b955-7f1f32d26ceb,3630,8,9,bppbbbbb,56.62431941923774,b,p,0,40.0
ed93de65-b70f-4d6a-b955-7f1f32d26ceb,3630,9,9,pbbbbbpb,50.912408759124084,b,p,0,54.83870967741935
ed93de65-b70f-4d6a-b955-7f1f32d26ceb,3630,10,9,bpbppbbb,51.24792013311148,p,p,1,46.42857142857143
ed93de65-b70f-4d6a-b955-7f1f32d26ceb,3630,11,9,pbppbbbp,52.56410256410257,b,p,0,46.15384615384615
ed93de65-b70f-4d6a-b955-7f1f32d26ceb,3630,12,9,bppbbbpp,50.78125,b,p,0,50.0
ed93de65-b70f-4d6a-b955-7f1f32d26ceb,3630,13,9,pbbbpppb,51.05162523900574,p,b,0,44.0
ed93de65-b70f-4d6a-b955-7f1f32d26ceb,3630,14,9,bpppbbpp,50.280373831775705,p,p,1,53.84615384615385
ed93de65-b70f-4d6a-b955-7f1f32d26ceb,3630,15,9,pbbppppb,53.736654804270465,p,b,0,46.666666666666664
ed93de65-b70f-4d6a-b955-7f1f32d26ceb,3630,16,9,bppppbbp,51.48342059336824,b,p,0,33.333333333333336
ed93de65-b70f-4d6a-b955-7f1f32d26ceb,3630,17,9,pbbppbbp,50.42016806722689,p,b,0,46.42857142857143
ed93de65-b70f-4d6a-b955-7f1f32d26ceb,3630,18,9,bppbbpbp,50.34722222222222,p,p,1,60.714285714285715
ed93de65-b70f-4d6a-b955-7f1f32d26ceb,3630,19,9,pbbpbppb,51.438240270727576,b,p,0,43.333333333333336
ed93de65-b70f-4d6a-b955-7f1f32d26ceb,3630,20,9,bpbppbpp,50.0,p,b,0,44.827586206896555
ed93de65-b70f-4d6a-b955-7f1f32d26ceb,3630,21,9,pbppbppb,53.888888888888886,b,p,0,46.42857142857143
ed93de65-b70f-4d6a-b955-7f1f32d26ceb,3630,24,9,bppbpppb,50.371747211895915,b,p,0,50.0
ed93de65-b70f-4d6a-b955-7f1f32d26ceb,3630,25,9,pbpppbpb,50.83487940630798,b,p,0,42.10526315789474
ed93de65-b70f-4d6a-b955-7f1f32d26ceb,3630,26,9,bpppbpbp,51.92660550458715,b,b,1,46.15384615384615
ed93de65-b70f-4d6a-b955-7f1f32d26ceb,3630,27,9,pbpbpbbb,50.58043117744611,p,p,1,48.0
ed93de65-b70f-4d6a-b955-7f1f32d26ceb,3630,30,9,bpbbbppb,51.932773109243705,p,p,1,40.90909090909091
ed93de65-b70f-4d6a-b955-7f1f32d26ceb,3630,31,9,pbbbppbp,51.78875638841567,b,b,1,42.10526315789474
ed93de65-b70f-4d6a-b955-7f1f32d26ceb,3631,1,9,bppbbbbb,56.62431941923774,b,b,1,40.0
ed93de65-b70f-4d6a-b955-7f1f32d26ceb,3631,2,9,pbbbbbbp,52.313167259786475,p,b,0,46.875
ed93de65-b70f-4d6a-b955-7f1f32d26ceb,3631,3,9,bpbbbpbp,51.256281407035175,b,b,1,46.42857142857143
ed93de65-b70f-4d6a-b955-7f1f32d26ceb,3631,7,9,bpbppppp,52.075471698113205,b,b,1,42.857142857142854
ed93de65-b70f-4d6a-b955-7f1f32d26ceb,3631,8,9,pbpppppb,50.287907869481764,b,p,0,62.5
ed93de65-b70f-4d6a-b955-7f1f32d26ceb,3631,9,9,bpppppbp,50.67698259187621,b,p,0,55.172413793103445
ed93de65-b70f-4d6a-b955-7f1f32d26ceb,3631,10,9,pbpppbpb,50.83487940630798,b,p,0,42.10526315789474
ed93de65-b70f-4d6a-b955-7f1f32d26ceb,3631,11,9,bpppbpbp,51.92660550458715,b,p,0,46.15384615384615
ed93de65-b70f-4d6a-b955-7f1f32d26ceb,3631,13,9,bpbppbbb,51.24792013311148,p,p,1,46.42857142857143
ed93de65-b70f-4d6a-b955-7f1f32d26ceb,3631,14,9,pbppbbbp,52.56410256410257,b,p,0,46.15384615384615
ed93de65-b70f-4d6a-b955-7f1f32d26ceb,3631,15,9,bppbbbpp,50.78125,b,p,0,50.0
ed93de65-b70f-4d6a-b955-7f1f32d26ceb,3631,16,9,pbbbpppp,54.699248120300744,b,b,1,47.82608695652174
ed93de65-b70f-4d6a-b955-7f1f32d26ceb,3631,18,9,pbpbpppb,53.27272727272727,b,p,0,41.666666666666664
ed93de65-b70f-4d6a-b955-7f1f32d26ceb,3631,19,9,bpbpppbp,52.57142857142857,b,b,1,44.827586206896555
ed93de65-b70f-4d6a-b955-7f1f32d26ceb,3631,20,9,pbpppbpb,50.83487940630798,b,p,0,42.10526315789474
ed93de65-b70f-4d6a-b955-7f1f32d26ceb,3631,21,9,bpppbpbp,51.92660550458715,b,b,1,46.15384615384615
ed93de65-b70f-4d6a-b955-7f1f32d26ceb,3632,2,9,pbpbbbbb,50.836120401337794,b,p,0,55.0
ed93de65-b70f-4d6a-b955-7f1f32d26ceb,3632,3,9,bpbbbbbp,52.27272727272727,p,p,1,47.82608695652174
ed93de65-b70f-4d6a-b955-7f1f32d26ceb,3632,5,9,bppbpbpb,50.54151624548736,p,b,0,57.142857142857146
ed93de65-b70f-4d6a-b955-7f1f32d26ceb,3632,6,9,pbpbpbbp,51.2280701754386,p,p,1,41.37931034482759
ed93de65-b70f-4d6a-b955-7f1f32d26ceb,3632,7,9,bpbpbbpp,50.08605851979346,b,p,0,58.62068965517241
ed93de65-b70f-4d6a-b955-7f1f32d26ceb,3632,8,9,pbpbbppp,55.026455026455025,b,b,1,33.333333333333336
ed93de65-b70f-4d6a-b955-7f1f32d26ceb,3632,9,9,bpbbpppb,52.083333333333336,b,p,0,45.833333333333336
ed93de65-b70f-4d6a-b955-7f1f32d26ceb,3632,10,9,pbbpppbp,54.93197278911565,b,b,1,47.22222222222222
ed93de65-b70f-4d6a-b955-7f1f32d26ceb,3632,11,9,bpppbpbp,51.92660550458715,b,p,0,46.15384615384615
ed93de65-b70f-4d6a-b955-7f1f32d26ceb,3632,13,9,bpbppppp,52.075471698113205,b,b,1,42.857142857142854
ed93de65-b70f-4d6a-b955-7f1f32d26ceb,3632,14,9,pbpppppb,50.287907869481764,b,p,0,62.5
ed93de65-b70f-4d6a-b955-7f1f32d26ceb,3632,15,9,bpppppbp,50.67698259187621,b,p,0,55.172413793103445
ed93de65-b70f-4d6a-b955-7f1f32d26ceb,3632,16,9,pbppbppb,53.888888888888886,b,b,1,46.42857142857143
ed93de65-b70f-4d6a-b955-7f1f32d26ceb,3632,18,9,pbppbbpb,52.08681135225376,p,p,1,45.833333333333336
ed93de65-b70f-4d6a-b955-7f1f32d26ceb,3633,1,9,bpppppbp,50.67698259187621,b,p,0,55.172413793103445
ed93de65-b70f-4d6a-b955-7f1f32d26ceb,3633,2,9,pbpppppb,50.287907869481764,b,p,0,62.5
ed93de65-b70f-4d6a-b955-7f1f32d26ceb,3633,3,9,bpppppbp,50.67698259187621,b,b,1,55.172413793103445
ed93de65-b70f-4d6a-b955-7f1f32d26ceb,3633,5,9,bpbppbpb,50.18050541516246,b,p,0,50.0
ed93de65-b70f-4d6a-b955-7f1f32d26ceb,3633,6,9,pbppbpbp,51.03448275862069,p,p,1,57.89473684210526
ed93de65-b70f-4d6a-b955-7f1f32d26ceb,3633,9,9,bpbppbpb,50.18050541516246,b,b,1,50.0
ed93de65-b70f-4d6a-b955-7f1f32d26ceb,3633,10,9,pbppbpbb,51.476014760147606,p,p,1,45.45454545454545
ed93de65-b70f-4d6a-b955-7f1f32d26ceb,3633,13,9,bpbbpbpb,52.96108291032149,p,p,1,48.148148148148145
ed93de65-b70f-4d6a-b955-7f1f32d26ceb,3633,14,9,pbbpbpbp,51.31578947368421,p,b,0,30.76923076923077
ed93de65-b70f-4d6a-b955-7f1f32d26ceb,3633,15,9,bpbpbpbb,50.080000000000005,p,p,1,47.05882352941177
ed93de65-b70f-4d6a-b955-7f1f32d26ceb,3633,16,9,pbpbpbbp,51.2280701754386,p,p,1,41.37931034482759
ed93de65-b70f-4d6a-b955-7f1f32d26ceb,3633,17,9,bpbpbbpp,50.08605851979346,b,b,1,58.62068965517241
ed93de65-b70f-4d6a-b955-7f1f32d26ceb,3633,18,9,pbpbbppb,51.24113475177305,b,p,0,50.0
ed93de65-b70f-4d6a-b955-7f1f32d26ceb,3633,19,9,bpbbppbp,51.33689839572193,b,b,1,45.16129032258065
ed93de65-b70f-4d6a-b955-7f1f32d26ceb,3633,20,9,pbbppbpb,51.97255574614065,b,b,1,37.83783783783784
ed93de65-b70f-4d6a-b955-7f1f32d26ceb,3633,21,9,bppbpbbb,52.961672473867594,p,b,0,48.93617021276596
ed93de65-b70f-4d6a-b955-7f1f32d26ceb,3633,22,9,pbpbbbbp,53.888888888888886,b,b,1,47.22222222222222
ed93de65-b70f-4d6a-b955-7f1f32d26ceb,3633,23,9,bpbbbbpb,50.480769230769226,b,b,1,59.57446808510638
ed93de65-b70f-4d6a-b955-7f1f32d26ceb,3633,24,9,pbbbbpbb,52.45346869712352,p,p,1,38.46153846153846
ed93de65-b70f-4d6a-b955-7f1f32d26ceb,3634,1,9,bpbpbpbp,50.54945054945055,p,p,1,48.38709677419355
ed93de65-b70f-4d6a-b955-7f1f32d26ceb,3634,3,9,bpbpbppb,56.711409395973156,b,b,1,43.333333333333336
ed93de65-b70f-4d6a-b955-7f1f32d26ceb,3634,5,9,bpbppbbb,51.24792013311148,p,p,1,46.42857142857143
ed93de65-b70f-4d6a-b955-7f1f32d26ceb,3634,6,9,pbppbbbp,52.56410256410257,b,p,0,46.15384615384615
ed93de65-b70f-4d6a-b955-7f1f32d26ceb,3634,7,9,bppbbbpp,50.78125,b,b,1,50.0
ed93de65-b70f-4d6a-b955-7f1f32d26ceb,3634,8,9,pbbbppbp,51.78875638841567,b,b,1,42.10526315789474
ed93de65-b70f-4d6a-b955-7f1f32d26ceb,3634,9,9,bppbpbpb,50.54151624548736,p,b,0,57.142857142857146
ed93de65-b70f-4d6a-b955-7f1f32d26ceb,3634,10,9,pbpbpbbb,50.58043117744611,p,p,1,48.0
ed93de65-b70f-4d6a-b955-7f1f32d26ceb,3634,13,9,bpbbbppp,50.19230769230769,p,b,0,36.8421052631579
ed93de65-b70f-4d6a-b955-7f1f32d26ceb,3634,14,9,pbbbpppb,51.05162523900574,p,p,1,44.0
ed93de65-b70f-4d6a-b955-7f1f32d26ceb,3634,15,9,bpppbppb,50.19083969465649,b,b,1,50.0
ed93de65-b70f-4d6a-b955-7f1f32d26ceb,3634,16,9,pbppbbpp,53.1578947368421,b,b,1,41.935483870967744
ed93de65-b70f-4d6a-b955-7f1f32d26ceb,3634,17,9,bppbbppb,50.0,p,b,0,41.1764705882353
ed93de65-b70f-4d6a-b955-7f1f32d26ceb,3634,18,9,pbbppbbp,50.42016806722689,p,b,0,46.42857142857143
ed93de65-b70f-4d6a-b955-7f1f32d26ceb,3634,19,9,bppbbpbb,50.0,p,b,0,45.16129032258065
ed93de65-b70f-4d6a-b955-7f1f32d26ceb,3634,20,9,pbbpbbbb,55.3156146179402,p,p,1,42.42424242424242
ed93de65-b70f-4d6a-b955-7f1f32d26ceb,3635,2,9,bpbbbpbb,50.30395136778115,b,p,0,44.44444444444444
ed93de65-b70f-4d6a-b955-7f1f32d26ceb,3635,4,9,bpbbpbbb,52.90215588723052,b,b,1,36.36363636363637
ed93de65-b70f-4d6a-b955-7f1f32d26ceb,3635,5,9,pbbpbbbb,55.3156146179402,p,p,1,42.42424242424242
ed93de65-b70f-4d6a-b955-7f1f32d26ceb,3635,6,9,bpbbbbpb,50.480769230769226,b,b,1,59.57446808510638
ed93de65-b70f-4d6a-b955-7f1f32d26ceb,3635,7,9,pbbbbpbb,52.45346869712352,p,p,1,38.46153846153846
ed93de65-b70f-4d6a-b955-7f1f32d26ceb,3635,8,9,bpbbpppp,52.16572504708098,b,b,1,37.93103448275862
ed93de65-b70f-4d6a-b955-7f1f32d26ceb,3635,9,9,pbbppppb,53.736654804270465,p,p,1,46.666666666666664
ed93de65-b70f-4d6a-b955-7f1f32d26ceb,3635,11,9,pbpbbbbb,50.836120401337794,b,b,1,55.0
ed93de65-b70f-4d6a-b955-7f1f32d26ceb,3635,13,9,pbbbbbbp,52.313167259786475,p,p,1,46.875
ed93de65-b70f-4d6a-b955-7f1f32d26ceb,3635,14,9,bpppbbpb,50.25125628140703,p,p,1,60.714285714285715
ed93de65-b70f-4d6a-b955-7f1f32d26ceb,3636,1,9,pbbbbppp,50.0,b,p,0,50.0
ed93de65-b70f-4d6a-b955-7f1f32d26ceb,3636,2,9,bppppbbb,51.320754716981135,b,p,0,48.275862068965516
ed93de65-b70f-4d6a-b955-7f1f32d26ceb,3636,4,9,bpbbpppb,52.083333333333336,b,p,0,45.833333333333336
ed93de65-b70f-4d6a-b955-7f1f32d26ceb,3636,5,9,pbbpppbp,54.93197278911565,b,p,0,47.22222222222222
ed93de65-b70f-4d6a-b955-7f1f32d26ceb,3636,6,9,bpppbppb,50.19083969465649,b,b,1,50.0
ed93de65-b70f-4d6a-b955-7f1f32d26ceb,3636,7,9,pbppbbbp,52.56410256410257,b,b,1,46.15384615384615
ed93de65-b70f-4d6a-b955-7f1f32d26ceb,3636,8,9,bppbbbpb,52.10084033613446,b,b,1,48.484848484848484
ed93de65-b70f-4d6a-b955-7f1f32d26ceb,3636,11,9,pbbpbbpp,50.78809106830122,p,b,0,56.25
ed93de65-b70f-4d6a-b955-7f1f32d26ceb,3636,12,9,bpbbppbp,51.33689839572193,b,b,1,45.16129032258065
ed93de65-b70f-4d6a-b955-7f1f32d26ceb,3636,13,9,pbbppbpb,51.97255574614065,b,b,1,37.83783783783784
ed93de65-b70f-4d6a-b955-7f1f32d26ceb,3636,17,9,pbbpbppp,51.02040816326531,p,p,1,46.42857142857143
ed93de65-b70f-4d6a-b955-7f1f32d26ceb,3636,18,9,bpbppppp,52.075471698113205,b,b,1,42.857142857142854
ed93de65-b70f-4d6a-b955-7f1f32d26ceb,3636,19,9,pbpppppb,50.287907869481764,b,b,1,62.5
ed93de65-b70f-4d6a-b955-7f1f32d26ceb,3636,20,9,bpppppbb,52.443609022556394,p,p,1,48.148148148148145
ed93de65-b70f-4d6a-b955-7f1f32d26ceb,3636,21,9,pbbpppbp,54.93197278911565,b,p,0,47.22222222222222
ed93de65-b70f-4d6a-b955-7f1f32d26ceb,3637,1,9,bpppbppb,50.19083969465649,b,b,1,50.0
ed93de65-b70f-4d6a-b955-7f1f32d26ceb,3637,2,9,pbppbbpb,52.08681135225376,p,p,1,45.833333333333336
ed93de65-b70f-4d6a-b955-7f1f32d26ceb,3637,3,9,bppbbpbp,50.34722222222222,p,p,1,60.714285714285715
ed93de65-b70f-4d6a-b955-7f1f32d26ceb,3637,4,9,pbbpbppb,51.438240270727576,b,b,1,43.333333333333336
ed93de65-b70f-4d6a-b955-7f1f32d26ceb,3637,5,9,bpbppbbb,51.24792013311148,p,p,1,46.42857142857143
ed93de65-b70f-4d6a-b955-7f1f32d26ceb,3637,6,9,pbppbbbp,52.56410256410257,b,p,0,46.15384615384615
ed93de65-b70f-4d6a-b955-7f1f32d26ceb,3637,7,9,bppbbbpp,50.78125,b,b,1,50.0
ed93de65-b70f-4d6a-b955-7f1f32d26ceb,3637,8,9,pbbbppbb,53.22283609576427,b,b,1,41.935483870967744
ed93de65-b70f-4d6a-b955-7f1f32d26ceb,3637,9,9,bppbbbpp,50.78125,b,p,0,50.0
ed93de65-b70f-4d6a-b955-7f1f32d26ceb,3637,10,9,pbbbpppp,54.699248120300744,b,p,0,47.82608695652174
ed93de65-b70f-4d6a-b955-7f1f32d26ceb,3637,11,9,bpppppbp,50.67698259187621,b,b,1,55.172413793103445
ed93de65-b70f-4d6a-b955-7f1f32d26ceb,3637,13,9,bpbppbpb,50.18050541516246,b,p,0,50.0
ed93de65-b70f-4d6a-b955-7f1f32d26ceb,3637,14,9,pbppbpbp,51.03448275862069,p,b,0,57.89473684210526
ed93de65-b70f-4d6a-b955-7f1f32d26ceb,3637,15,9,bppbpbpb,50.54151624548736,p,p,1,57.142857142857146
ed93de65-b70f-4d6a-b955-7f1f32d26ceb,3637,17,9,bpbpbppb,56.711409395973156,b,b,1,43.333333333333336
ed93de65-b70f-4d6a-b955-7f1f32d26ceb,3637,19,9,bpbppbbb,51.24792013311148,p,b,0,46.42857142857143
ed93de65-b70f-4d6a-b955-7f1f32d26ceb,3637,21,9,bppbbbbp,51.13043478260869,b,p,0,46.666666666666664
ed93de65-b70f-4d6a-b955-7f1f32d26ceb,3638,1,9,pbpbbbbp,53.888888888888886,b,b,1,47.22222222222222
ed93de65-b70f-4d6a-b955-7f1f32d26ceb,3638,2,9,bpbbbbpb,50.480769230769226,b,b,1,59.57446808510638
ed93de65-b70f-4d6a-b955-7f1f32d26ceb,3638,3,9,pbbbbpbb,52.45346869712352,p,b,0,38.46153846153846
ed93de65-b70f-4d6a-b955-7f1f32d26ceb,3638,4,9,bpbbbppb,51.932773109243705,p,p,1,40.90909090909091
ed93de65-b70f-4d6a-b955-7f1f32d26ceb,3638,5,9,pbbbppbp,51.78875638841567,b,b,1,42.10526315789474
ed93de65-b70f-4d6a-b955-7f1f32d26ceb,3638,6,9,bppbpbpb,50.54151624548736,p,p,1,57.142857142857146
ed93de65-b70f-4d6a-b955-7f1f32d26ceb,3638,8,9,bpbpbppb,56.711409395973156,b,p,0,43.333333333333336
ed93de65-b70f-4d6a-b955-7f1f32d26ceb,3638,10,9,bpbppbpp,50.0,p,b,0,44.827586206896555
ed93de65-b70f-4d6a-b955-7f1f32d26ceb,3638,11,9,pbppbppb,53.888888888888886,b,b,1,46.42857142857143
ed93de65-b70f-4d6a-b955-7f1f32d26ceb,3638,13,9,pbppbbbp,52.56410256410257,b,p,0,46.15384615384615
ed93de65-b70f-4d6a-b955-7f1f32d26ceb,3638,14,9,bppbbbpp,50.78125,b,p,0,50.0
ed93de65-b70f-4d6a-b955-7f1f32d26ceb,3638,15,9,pbbbpppp,54.699248120300744,b,b,1,47.82608695652174
ed93de65-b70f-4d6a-b955-7f1f32d26ceb,3638,16,9,bppppbbb,51.320754716981135,b,b,1,48.275862068965516
ed93de65-b70f-4d6a-b955-7f1f32d26ceb,3638,17,9,pbbbbpbp,51.286449399656945,p,b,0,46.42857142857143
ed93de65-b70f-4d6a-b955-7f1f32d26ceb,3638,18,9,bpbpbpbp,50.54945054945055,p,b,0,48.38709677419355
ed93de65-b70f-4d6a-b955-7f1f32d26ceb,3638,20,9,bpbpbpbp,50.54945054945055,p,p,1,48.38709677419355
ed93de65-b70f-4d6a-b955-7f1f32d26ceb,3638,22,9,bpbpbppb,56.711409395973156,b,p,0,43.333333333333336
76b5e69a-1189-43a9-8884-05dc0bcff1ca,3639,1,9,bppppppp,51.67652859960552,b,b,1,40.0
76b5e69a-1189-43a9-8884-05dc0bcff1ca,3639,2,9,pbpbbppp,55.1056338028169,b,b,1,33.333333333333336
76b5e69a-1189-43a9-8884-05dc0bcff1ca,3639,3,9,bpbbpppb,51.993620414673046,b,p,0,45.833333333333336
76b5e69a-1189-43a9-8884-05dc0bcff1ca,3639,4,9,pbbpppbp,54.82233502538071,b,p,0,47.22222222222222
76b5e69a-1189-43a9-8884-05dc0bcff1ca,3639,5,9,bpppbppb,50.47438330170778,b,p,0,50.0
76b5e69a-1189-43a9-8884-05dc0bcff1ca,3639,6,9,pbppbpbp,51.03092783505154,p,p,1,57.89473684210526
76b5e69a-1189-43a9-8884-05dc0bcff1ca,3639,9,9,bpbppbpb,50.08976660682226,b,b,1,50.0
76b5e69a-1189-43a9-8884-05dc0bcff1ca,3639,10,9,pbppbpbb,51.470588235294116,p,b,0,45.45454545454545
76b5e69a-1189-43a9-8884-05dc0bcff1ca,3639,11,9,bppbpbbb,52.77777777777778,p,p,1,48.93617021276596
76b5e69a-1189-43a9-8884-05dc0bcff1ca,3639,13,9,bpbbbppp,50.191570881226056,p,b,0,36.8421052631579
76b5e69a-1189-43a9-8884-05dc0bcff1ca,3639,14,9,pbbbpppb,51.04761904761905,p,p,1,44.0
76b5e69a-1189-43a9-8884-05dc0bcff1ca,3639,15,9,bpppbppp,51.85185185185185,b,b,1,34.48275862068966
76b5e69a-1189-43a9-8884-05dc0bcff1ca,3639,17,9,bpppbbpp,50.27932960893855,p,p,1,53.84615384615385
76b5e69a-1189-43a9-8884-05dc0bcff1ca,3639,18,9,pbbppppb,53.80530973451327,p,p,1,46.666666666666664
76b5e69a-1189-43a9-8884-05dc0bcff1ca,3639,19,9,bppppbpp,50.09242144177449,p,b,0,47.22222222222222
76b5e69a-1189-43a9-8884-05dc0bcff1ca,3640,1,9,pbbbbbpp,51.2241054613936,p,b,0,53.191489361702125
76b5e69a-1189-43a9-8884-05dc0bcff1ca,3640,2,9,bppbpppb,50.278293135435995,b,b,1,50.0
76b5e69a-1189-43a9-8884-05dc0bcff1ca,3640,4,9,bpppbbbb,50.361010830324915,p,p,1,39.285714285714285
76b5e69a-1189-43a9-8884-05dc0bcff1ca,3640,5,9,pbbbbppp,50.0,b,b,1,50.0
76b5e69a-1189-43a9-8884-05dc0bcff1ca,3640,6,9,bpppbbpb,50.33333333333333,p,p,1,60.714285714285715
76b5e69a-1189-43a9-8884-05dc0bcff1ca,3640,8,9,bpbpbbpp,50.08576329331046,b,b,1,58.62068965517241
76b5e69a-1189-43a9-8884-05dc0bcff1ca,3640,9,9,pbpbbppb,51.1504424778761,b,p,0,50.0
76b5e69a-1189-43a9-8884-05dc0bcff1ca,3640,10,9,bpbbppbp,51.50976909413855,b,p,0,45.16129032258065
76b5e69a-1189-43a9-8884-05dc0bcff1ca,3640,13,9,pbppbbpp,53.239929947460595,b,b,1,41.935483870967744
76b5e69a-1189-43a9-8884-05dc0bcff1ca,3640,14,9,bppbbppb,50.08460236886633,b,b,1,41.1764705882353
76b5e69a-1189-43a9-8884-05dc0bcff1ca,3640,15,9,pbbppbbb,50.51194539249146,b,p,0,60.714285714285715
76b5e69a-1189-43a9-8884-05dc0bcff1ca,3640,16,9,bppbbbpb,52.18120805369127,b,p,0,48.484848484848484
76b5e69a-1189-43a9-8884-05dc0bcff1ca,3640,18,9,bpbpbpbb,50.159744408945684,p,p,1,47.05882352941177
76b5e69a-1189-43a9-8884-05dc0bcff1ca,3640,19,9,pbpbpbbp,51.39860139860139,p,p,1,41.37931034482759
76b5e69a-1189-43a9-8884-05dc0bcff1ca,3640,20,9,bpbpbbpp,50.08576329331046,b,b,1,58.62068965517241
76b5e69a-1189-43a9-8884-05dc0bcff1ca,3640,21,9,pbpbbppb,51.1504424778761,b,p,0,50.0
76b5e69a-1189-43a9-8884-05dc0bcff1ca,3641,1,9,pbppppbp,52.64187866927593,b,b,1,40.0
76b5e69a-1189-43a9-8884-05dc0bcff1ca,3641,3,9,pbpbbppb,51.1504424778761,b,b,1,50.0
76b5e69a-1189-43a9-8884-05dc0bcff1ca,3641,4,9,bpbbppbb,51.355932203389834,p,p,1,44.0
76b5e69a-1189-43a9-8884-05dc0bcff1ca,3641,5,9,pbbppbbp,50.25125628140703,p,p,1,46.42857142857143
76b5e69a-1189-43a9-8884-05dc0bcff1ca,3641,6,9,bppbbppb,50.08460236886633,b,b,1,41.1764705882353
76b5e69a-1189-43a9-8884-05dc0bcff1ca,3641,7,9,pbbppbbp,50.25125628140703,p,p,1,46.42857142857143
76b5e69a-1189-43a9-8884-05dc0bcff1ca,3641,8,9,bppbbppb,50.08460236886633,b,p,0,41.1764705882353
76b5e69a-1189-43a9-8884-05dc0bcff1ca,3641,10,9,bppbpppb,50.278293135435995,b,b,1,50.0
76b5e69a-1189-43a9-8884-05dc0bcff1ca,3641,12,9,bpppbbpb,50.33333333333333,p,p,1,60.714285714285715
76b5e69a-1189-43a9-8884-05dc0bcff1ca,3641,13,9,pbbpbpbp,51.31147540983606,p,p,1,30.76923076923077
76b5e69a-1189-43a9-8884-05dc0bcff1ca,3641,16,9,bpbppppp,52.43445692883895,b,p,0,42.857142857142854
76b5e69a-1189-43a9-8884-05dc0bcff1ca,3641,17,9,pbpppppp,50.09823182711198,b,b,1,69.56521739130434
76b5e69a-1189-43a9-8884-05dc0bcff1ca,3641,18,9,bppppppb,50.595238095238095,b,b,1,41.666666666666664
76b5e69a-1189-43a9-8884-05dc0bcff1ca,3641,19,9,pbbppppb,53.80530973451327,p,p,1,46.666666666666664
76b5e69a-1189-43a9-8884-05dc0bcff1ca,3641,20,9,bppppbpp,50.09242144177449,p,b,0,47.22222222222222
76b5e69a-1189-43a9-8884-05dc0bcff1ca,3641,21,9,pbppbpbb,51.470588235294116,p,p,1,45.45454545454545
76b5e69a-1189-43a9-8884-05dc0bcff1ca,3641,23,9,pbpbbpbb,50.668896321070235,p,p,1,39.02439024390244
76b5e69a-1189-43a9-8884-05dc0bcff1ca,3642,1,9,bpbpbppb,56.57237936772047,b,p,0,43.333333333333336
76b5e69a-1189-43a9-8884-05dc0bcff1ca,3642,3,9,bpbppbpb,50.08976660682226,b,p,0,50.0
76b5e69a-1189-43a9-8884-05dc0bcff1ca,3642,4,9,pbppbpbp,51.03092783505154,p,p,1,57.89473684210526
76b5e69a-1189-43a9-8884-05dc0bcff1ca,3642,6,9,pbpbpppb,53.17604355716878,b,b,1,41.666666666666664
76b5e69a-1189-43a9-8884-05dc0bcff1ca,3642,7,9,bpbpppbb,50.85034013605442,p,p,1,36.666666666666664
76b5e69a-1189-43a9-8884-05dc0bcff1ca,3642,9,9,bpppbbpp,50.27932960893855,p,p,1,53.84615384615385
76b5e69a-1189-43a9-8884-05dc0bcff1ca,3642,10,9,pbbppppp,50.39840637450199,b,b,1,43.47826086956522
76b5e69a-1189-43a9-8884-05dc0bcff1ca,3642,11,9,bpppppbp,50.57471264367817,b,b,1,55.172413793103445
76b5e69a-1189-43a9-8884-05dc0bcff1ca,3642,14,9,pbbpbppb,51.433389544688026,b,p,0,43.333333333333336
76b5e69a-1189-43a9-8884-05dc0bcff1ca,3642,15,9,bpbppbpp,50.18518518518519,b,p,0,44.827586206896555
76b5e69a-1189-43a9-8884-05dc0bcff1ca,3642,17,9,bppbpppb,50.278293135435995,b,p,0,50.0
76b5e69a-1189-43a9-8884-05dc0bcff1ca,3642,18,9,pbpppbpp,51.21951219512195,p,b,0,57.142857142857146
76b5e69a-1189-43a9-8884-05dc0bcff1ca,3642,19,9,bpppbppb,50.47438330170778,b,b,1,50.0
76b5e69a-1189-43a9-8884-05dc0bcff1ca,3642,20,9,pbppbbpp,53.239929947460595,b,p,0,41.935483870967744
76b5e69a-1189-43a9-8884-05dc0bcff1ca,3642,21,9,bppbbppp,53.475935828877006,b,b,1,26.666666666666668
76b5e69a-1189-43a9-8884-05dc0bcff1ca,3642,23,9,bpppbbbb,50.361010830324915,p,p,1,39.285714285714285
76b5e69a-1189-43a9-8884-05dc0bcff1ca,3643,1,9,pbbbbbbb,50.23923444976076,b,p,0,55.55555555555556
76b5e69a-1189-43a9-8884-05dc0bcff1ca,3643,2,9,bppppbpp,50.09242144177449,p,p,1,47.22222222222222
76b5e69a-1189-43a9-8884-05dc0bcff1ca,3643,3,9,pbpppppb,50.19011406844106,b,p,0,62.5
76b5e69a-1189-43a9-8884-05dc0bcff1ca,3643,4,9,bpppppbp,50.57471264367817,b,b,1,55.172413793103445
76b5e69a-1189-43a9-8884-05dc0bcff1ca,3643,5,9,pbpbpppb,53.17604355716878,b,p,0,41.666666666666664
76b5e69a-1189-43a9-8884-05dc0bcff1ca,3643,6,9,bpbpppbp,52.661596958174904,b,b,1,44.827586206896555
76b5e69a-1189-43a9-8884-05dc0bcff1ca,3643,7,9,pbpppbpb,50.55350553505535,b,b,1,42.10526315789474
76b5e69a-1189-43a9-8884-05dc0bcff1ca,3643,8,9,bpppbpbb,50.08695652173913,p,p,1,36.36363636363637
76b5e69a-1189-43a9-8884-05dc0bcff1ca,3643,9,9,pbpbbppb,51.1504424778761,b,p,0,50.0
76b5e69a-1189-43a9-8884-05dc0bcff1ca,3643,10,9,bpbbppbp,51.50976909413855,b,b,1,45.16129032258065
76b5e69a-1189-43a9-8884-05dc0bcff1ca,3643,11,9,pbbppbpb,52.13675213675214,b,p,0,37.83783783783784
76b5e69a-1189-43a9-8884-05dc0bcff1ca,3643,12,9,bppbpbpb,50.53763440860215,p,b,0,57.142857142857146
76b5e69a-1189-43a9-8884-05dc0bcff1ca,3643,13,9,pbpbpbbp,51.39860139860139,p,b,0,41.37931034482759
76b5e69a-1189-43a9-8884-05dc0bcff1ca,3643,14,9,bpbpbbpb,51.13043478260869,b,p,0,45.16129032258065
76b5e69a-1189-43a9-8884-05dc0bcff1ca,3643,17,9,pbbpbppb,51.433389544688026,b,b,1,43.333333333333336
76b5e69a-1189-43a9-8884-05dc0bcff1ca,3643,18,9,bpbppbbb,51.40032948929159,p,p,1,46.42857142857143
76b5e69a-1189-43a9-8884-05dc0bcff1ca,3643,19,9,pbppbbbp,52.17391304347826,b,p,0,46.15384615384615
76b5e69a-1189-43a9-8884-05dc0bcff1ca,3643,20,9,bppbbbpp,50.57915057915058,b,p,0,50.0
76b5e69a-1189-43a9-8884-05dc0bcff1ca,3643,21,9,pbbbpppp,54.850746268656714,b,b,1,47.82608695652174
76b5e69a-1189-43a9-8884-05dc0bcff1ca,3643,22,9,bppppbpp,50.09242144177449,p,b,0,47.22222222222222
76b5e69a-1189-43a9-8884-05dc0bcff1ca,3643,23,9,pbppbbpb,52.159468438538205,p,b,0,45.833333333333336
76b5e69a-1189-43a9-8884-05dc0bcff1ca,3643,24,9,bppbbpbb,50.170648464163826,b,p,0,45.16129032258065
76b5e69a-1189-43a9-8884-05dc0bcff1ca,3643,25,9,pbbpbbpb,50.07564296520424,b,p,0,56.0
76b5e69a-1189-43a9-8884-05dc0bcff1ca,3643,27,9,pbbpbppp,51.186440677966104,p,p,1,46.42857142857143
76b5e69a-1189-43a9-8884-05dc0bcff1ca,3644,2,9,pbpbbbbb,50.66445182724253,b,p,0,55.0
76b5e69a-1189-43a9-8884-05dc0bcff1ca,3644,3,9,bpbbbbbp,52.083333333333336,p,b,0,47.82608695652174
76b5e69a-1189-43a9-8884-05dc0bcff1ca,3644,4,9,pbbbbbpb,50.90579710144928,b,b,1,54.83870967741935
76b5e69a-1189-43a9-8884-05dc0bcff1ca,3644,5,9,bpbbpbpb,53.04054054054054,p,p,1,48.148148148148145
76b5e69a-1189-43a9-8884-05dc0bcff1ca,3644,6,9,pbbpbpbp,51.31147540983606,p,p,1,30.76923076923077
76b5e69a-1189-43a9-8884-05dc0bcff1ca,3644,8,9,pbpbpppb,53.17604355716878,b,b,1,41.666666666666664
76b5e69a-1189-43a9-8884-05dc0bcff1ca,3644,9,9,bpbpppbb,50.85034013605442,p,b,0,36.666666666666664
76b5e69a-1189-43a9-8884-05dc0bcff1ca,3644,11,9,bpppbbbb,50.361010830324915,p,b,0,39.285714285714285
76b5e69a-1189-43a9-8884-05dc0bcff1ca,3644,12,9,pbbbbbpb,50.90579710144928,b,p,0,54.83870967741935
76b5e69a-1189-43a9-8884-05dc0bcff1ca,3644,13,9,bpbppbpp,50.18518518518519,b,p,0,44.827586206896555
76b5e69a-1189-43a9-8884-05dc0bcff1ca,3644,15,9,bppbpppb,50.278293135435995,b,b,1,50.0
76b5e69a-1189-43a9-8884-05dc0bcff1ca,3644,17,9,bpppbbpp,50.27932960893855,p,b,0,53.84615384615385
76b5e69a-1189-43a9-8884-05dc0bcff1ca,3644,20,9,pbppbppb,53.95948434622467,b,b,1,46.42857142857143
76b5e69a-1189-43a9-8884-05dc0bcff1ca,3644,22,9,pbppbbpb,52.159468438538205,p,b,0,45.833333333333336
76b5e69a-1189-43a9-8884-05dc0bcff1ca,3645,1,9,bppbbpbb,50.170648464163826,b,b,1,45.16129032258065
76b5e69a-1189-43a9-8884-05dc0bcff1ca,3645,2,9,pbbpbbbb,55.44554455445545,p,p,1,42.42424242424242
76b5e69a-1189-43a9-8884-05dc0bcff1ca,3645,3,9,bpbbbbpb,50.63694267515923,b,p,0,59.57446808510638
76b5e69a-1189-43a9-8884-05dc0bcff1ca,3645,4,9,pbbbbpbp,51.28205128205128,p,p,1,46.42857142857143
76b5e69a-1189-43a9-8884-05dc0bcff1ca,3645,5,9,bpbpppbb,50.85034013605442,p,b,0,36.666666666666664
76b5e69a-1189-43a9-8884-05dc0bcff1ca,3645,7,9,bpppbbbb,50.361010830324915,p,b,0,39.285714285714285
76b5e69a-1189-43a9-8884-05dc0bcff1ca,3645,8,9,pbbbbbbp,52.21238938053098,p,p,1,46.875
76b5e69a-1189-43a9-8884-05dc0bcff1ca,3645,9,9,bppppbbb,51.31578947368421,b,b,1,48.275862068965516
76b5e69a-1189-43a9-8884-05dc0bcff1ca,3645,10,9,pbbbbppp,50.0,b,b,1,50.0
76b5e69a-1189-43a9-8884-05dc0bcff1ca,3645,11,9,bpppbpbb,50.08695652173913,p,p,1,36.36363636363637
76b5e69a-1189-43a9-8884-05dc0bcff1ca,3645,12,9,pbpbbppb,51.1504424778761,b,p,0,50.0
76b5e69a-1189-43a9-8884-05dc0bcff1ca,3645,13,9,bpbbppbp,51.50976909413855,b,b,1,45.16129032258065
76b5e69a-1189-43a9-8884-05dc0bcff1ca,3645,14,9,pbbppbpb,52.13675213675214,b,b,1,37.83783783783784
76b5e69a-1189-43a9-8884-05dc0bcff1ca,3645,15,9,bppbpbbb,52.77777777777778,p,b,0,48.93617021276596
76b5e69a-1189-43a9-8884-05dc0bcff1ca,3645,16,9,pbpbbbbp,54.05904059040591,b,p,0,47.22222222222222
76b5e69a-1189-43a9-8884-05dc0bcff1ca,3645,17,9,bpbbbbpp,50.45372050816697,b,p,0,40.54054054054054
76b5e69a-1189-43a9-8884-05dc0bcff1ca,3645,18,9,pbbbbppp,50.0,b,p,0,50.0
76b5e69a-1189-43a9-8884-05dc0bcff1ca,3645,19,9,bpppppbp,50.57471264367817,b,b,1,55.172413793103445
76b5e69a-1189-43a9-8884-05dc0bcff1ca,3645,20,9,pbpbbbbp,54.05904059040591,b,p,0,47.22222222222222
76b5e69a-1189-43a9-8884-05dc0bcff1ca,3645,21,9,bpbbbbpp,50.45372050816697,b,b,1,40.54054054054054
76b5e69a-1189-43a9-8884-05dc0bcff1ca,3646,1,9,pbppbbpp,53.239929947460595,b,b,1,41.935483870967744
76b5e69a-1189-43a9-8884-05dc0bcff1ca,3646,2,9,bppbbppb,50.08460236886633,b,p,0,41.1764705882353
76b5e69a-1189-43a9-8884-05dc0bcff1ca,3646,5,9,pbppbppb,53.95948434622467,b,b,1,46.42857142857143
76b5e69a-1189-43a9-8884-05dc0bcff1ca,3646,7,9,pbppbbpb,52.159468438538205,p,b,0,45.833333333333336
76b5e69a-1189-43a9-8884-05dc0bcff1ca,3646,8,9,bppbbpbb,50.170648464163826,b,p,0,45.16129032258065
76b5e69a-1189-43a9-8884-05dc0bcff1ca,3646,9,9,pbbpbbpp,50.78534031413613,p,b,0,56.25
76b5e69a-1189-43a9-8884-05dc0bcff1ca,3646,10,9,bpbbppbb,51.355932203389834,p,p,1,44.0
76b5e69a-1189-43a9-8884-05dc0bcff1ca,3646,11,9,pbbppbbp,50.25125628140703,p,p,1,46.42857142857143
76b5e69a-1189-43a9-8884-05dc0bcff1ca,3646,12,9,bppbbppp,53.475935828877006,b,p,0,26.666666666666668
76b5e69a-1189-43a9-8884-05dc0bcff1ca,3646,13,9,pbbppppp,50.39840637450199,b,b,1,43.47826086956522
76b5e69a-1189-43a9-8884-05dc0bcff1ca,3646,14,9,bpppppbp,50.57471264367817,b,p,0,55.172413793103445
76b5e69a-1189-43a9-8884-05dc0bcff1ca,3646,15,9,pbppppbp,52.64187866927593,b,p,0,40.0
76b5e69a-1189-43a9-8884-05dc0bcff1ca,3646,16,9,bppppbpp,50.09242144177449,p,p,1,47.22222222222222
76b5e69a-1189-43a9-8884-05dc0bcff1ca,3646,17,9,pbppppbp,52.64187866927593,b,b,1,40.0
76b5e69a-1189-43a9-8884-05dc0bcff1ca,3646,19,9,pbpbpppb,53.17604355716878,b,p,0,41.666666666666664
76b5e69a-1189-43a9-8884-05dc0bcff1ca,3646,20,9,bpbpppbp,52.661596958174904,b,b,1,44.827586206896555
76b5e69a-1189-43a9-8884-05dc0bcff1ca,3646,21,9,pbpppbpb,50.55350553505535,b,b,1,42.10526315789474
76b5e69a-1189-43a9-8884-05dc0bcff1ca,3646,22,9,bpppbpbb,50.08695652173913,p,p,1,36.36363636363637
76b5e69a-1189-43a9-8884-05dc0bcff1ca,3646,23,9,pbpbbppb,51.1504424778761,b,b,1,50.0
76b5e69a-1189-43a9-8884-05dc0bcff1ca,3646,24,9,bpbbppbb,51.355932203389834,p,p,1,44.0
76b5e69a-1189-43a9-8884-05dc0bcff1ca,3646,25,9,pbbppbbp,50.25125628140703,p,b,0,46.42857142857143
76b5e69a-1189-43a9-8884-05dc0bcff1ca,3646,26,9,bppbbpbp,50.51903114186851,p,b,0,60.714285714285715
76b5e69a-1189-43a9-8884-05dc0bcff1ca,3648,2,9,pbbbpbbb,50.90311986863711,p,p,1,36.8421052631579
76b5e69a-1189-43a9-8884-05dc0bcff1ca,3648,3,9,bpbbbppp,50.191570881226056,p,b,0,36.8421052631579
76b5e69a-1189-43a9-8884-05dc0bcff1ca,3648,4,9,pbbbpppb,51.04761904761905,p,p,1,44.0
76b5e69a-1189-43a9-8884-05dc0bcff1ca,3648,5,9,bpppbpbb,50.08695652173913,p,p,1,36.36363636363637
76b5e69a-1189-43a9-8884-05dc0bcff1ca,3648,6,9,pbpbbppp,55.1056338028169,b,p,0,33.333333333333336
76b5e69a-1189-43a9-8884-05dc0bcff1ca,3648,7,9,bpbbpppp,52.255639097744364,b,b,1,37.93103448275862
76b5e69a-1189-43a9-8884-05dc0bcff1ca,3648,8,9,pbbppppb,53.80530973451327,p,p,1,46.666666666666664
76b5e69a-1189-43a9-8884-05dc0bcff1ca,3648,9,9,bppppbpp,50.09242144177449,p,b,0,47.22222222222222
76b5e69a-1189-43a9-8884-05dc0bcff1ca,3648,10,9,pbppbbbp,52.17391304347826,b,b,1,46.15384615384615
76b5e69a-1189-43a9-8884-05dc0bcff1ca,3648,11,9,bppbbbpb,52.18120805369127,b,b,1,48.484848484848484
76b5e69a-1189-43a9-8884-05dc0bcff1ca,3648,13,9,bpbbpppp,52.255639097744364,b,b,1,37.93103448275862
76b5e69a-1189-43a9-8884-05dc0bcff1ca,3648,14,9,pbbppppb,53.80530973451327,p,p,1,46.666666666666664
76b5e69a-1189-43a9-8884-05dc0bcff1ca,3648,16,9,pbpbbbbp,54.05904059040591,b,p,0,47.22222222222222
76b5e69a-1189-43a9-8884-05dc0bcff1ca,3648,17,9,bpbbbbpp,50.45372050816697,b,p,0,40.54054054054054
76b5e69a-1189-43a9-8884-05dc0bcff1ca,3648,18,9,pbbbbppp,50.0,b,p,0,50.0
8d30f436-05f5-47d9-b9b4-09a4516a312e,3649,1,9,pbbppbbb,50.4258943781942,b,p,0,60.714285714285715
8d30f436-05f5-47d9-b9b4-09a4516a312e,3649,2,9,bppbbbpb,52.17391304347826,b,b,1,48.484848484848484
8d30f436-05f5-47d9-b9b4-09a4516a312e,3649,3,9,pbbbpbbb,50.98360655737705,p,p,1,36.8421052631579
8d30f436-05f5-47d9-b9b4-09a4516a312e,3649,4,9,bpbbbpbp,51.33779264214047,b,p,0,46.42857142857143
8d30f436-05f5-47d9-b9b4-09a4516a312e,3649,5,9,pbbbpbpp,50.860420650095605,p,b,0,40.0
8d30f436-05f5-47d9-b9b4-09a4516a312e,3649,6,9,bpbppbpb,50.089445438282645,b,p,0,50.0
8d30f436-05f5-47d9-b9b4-09a4516a312e,3649,7,9,pbppbpbp,51.1986301369863,p,p,1,57.89473684210526
8d30f436-05f5-47d9-b9b4-09a4516a312e,3649,10,9,bpbppppb,53.075571177504386,b,p,0,48.83720930232558
8d30f436-05f5-47d9-b9b4-09a4516a312e,3649,11,9,pbppppbp,52.723735408560316,b,b,1,40.0
8d30f436-05f5-47d9-b9b4-09a4516a312e,3649,14,9,bpbppppb,53.075571177504386,b,p,0,48.83720930232558
8d30f436-05f5-47d9-b9b4-09a4516a312e,3649,15,9,pbppppbp,52.723735408560316,b,b,1,40.0
8d30f436-05f5-47d9-b9b4-09a4516a312e,3649,17,9,pbpbbpbb,50.75125208681135,p,p,1,39.02439024390244
8d30f436-05f5-47d9-b9b4-09a4516a312e,3649,18,9,bpbbpbbp,55.42168674698795,b,b,1,47.916666666666664
8d30f436-05f5-47d9-b9b4-09a4516a312e,3649,19,9,pbbpbbpb,50.0,p,b,0,56.0
8d30f436-05f5-47d9-b9b4-09a4516a312e,3649,20,9,bpbbpbbb,53.05785123966942,b,p,0,36.36363636363637
8d30f436-05f5-47d9-b9b4-09a4516a312e,3649,21,9,pbbpbbbp,52.36486486486487,b,b,1,43.24324324324324
8d30f436-05f5-47d9-b9b4-09a4516a312e,3649,22,9,bpbbbpbb,50.22761760242792,b,p,0,44.44444444444444
8d30f436-05f5-47d9-b9b4-09a4516a312e,3649,24,9,bpbbpbpb,53.119730185497474,p,p,1,48.148148148148145
8d30f436-05f5-47d9-b9b4-09a4516a312e,3649,25,9,pbbpbpbp,51.470588235294116,p,p,1,30.76923076923077
8d30f436-05f5-47d9-b9b4-09a4516a312e,3649,26,9,bpbpbppb,56.47840531561462,b,b,1,43.333333333333336
8d30f436-05f5-47d9-b9b4-09a4516a312e,3649,27,9,pbpbppbb,51.056910569105696,p,b,0,47.61904761904762
8d30f436-05f5-47d9-b9b4-09a4516a312e,3649,28,9,bpbppbbb,51.48026315789473,p,p,1,46.42857142857143
8d30f436-05f5-47d9-b9b4-09a4516a312e,3649,29,9,pbppbbbp,52.166064981949454,b,b,1,46.15384615384615
8d30f436-05f5-47d9-b9b4-09a4516a312e,3649,30,9,bppbbbpb,52.17391304347826,b,b,1,48.484848484848484
8d30f436-05f5-47d9-b9b4-09a4516a312e,3649,32,9,bpbbpppb,51.910828025477706,b,p,0,45.833333333333336
8d30f436-05f5-47d9-b9b4-09a4516a312e,3649,33,9,pbbpppbp,54.729729729729726,b,p,0,47.22222222222222
8d30f436-05f5-47d9-b9b4-09a4516a312e,3649,34,9,bpppbppp,51.940850277264325,b,p,0,34.48275862068966
8d30f436-05f5-47d9-b9b4-09a4516a312e,3650,3,9,bpbbbppp,50.0,p,p,1,36.8421052631579
8d30f436-05f5-47d9-b9b4-09a4516a312e,3650,4,9,pbbbpppp,54.93482309124767,b,p,0,47.82608695652174
8d30f436-05f5-47d9-b9b4-09a4516a312e,3650,5,9,bppppppb,50.693069306930695,b,p,0,41.666666666666664
8d30f436-05f5-47d9-b9b4-09a4516a312e,3650,6,9,pbppbbpp,53.31010452961672,b,b,1,41.935483870967744
8d30f436-05f5-47d9-b9b4-09a4516a312e,3650,7,9,bppbbppb,50.08403361344538,b,b,1,41.1764705882353
8d30f436-05f5-47d9-b9b4-09a4516a312e,3650,8,9,pbbppbbb,50.4258943781942,b,b,1,60.714285714285715
8d30f436-05f5-47d9-b9b4-09a4516a312e,3650,9,9,bppbbbbp,51.041666666666664,b,b,1,46.666666666666664
8d30f436-05f5-47d9-b9b4-09a4516a312e,3650,10,9,pbbbbpbp,51.365187713310576,p,p,1,46.42857142857143
8d30f436-05f5-47d9-b9b4-09a4516a312e,3650,11,9,bpbppbpp,50.0,p,b,0,44.827586206896555
8d30f436-05f5-47d9-b9b4-09a4516a312e,3650,12,9,pbppbppb,54.12844036697248,b,b,1,46.42857142857143
8d30f436-05f5-47d9-b9b4-09a4516a312e,3650,15,9,bppbbbbb,56.6003616636528,b,p,0,40.0
8d30f436-05f5-47d9-b9b4-09a4516a312e,3650,16,9,pbbbbbpp,51.127819548872175,p,p,1,53.191489361702125
8d30f436-05f5-47d9-b9b4-09a4516a312e,3650,17,9,bpppbbbb,50.358422939068106,p,b,0,39.285714285714285
8d30f436-05f5-47d9-b9b4-09a4516a312e,3650,18,9,pbbbbbpp,51.127819548872175,p,p,1,53.191489361702125
8d30f436-05f5-47d9-b9b4-09a4516a312e,3650,19,9,bpppbppb,50.4725897920605,b,p,0,50.0
8d30f436-05f5-47d9-b9b4-09a4516a312e,3650,20,9,pbppbppb,54.12844036697248,b,b,1,46.42857142857143
8d30f436-05f5-47d9-b9b4-09a4516a312e,3650,22,9,pbppbbbp,52.166064981949454,b,p,0,46.15384615384615
8d30f436-05f5-47d9-b9b4-09a4516a312e,3650,23,9,bppbbbpp,50.481695568400774,b,p,0,50.0
8d30f436-05f5-47d9-b9b4-09a4516a312e,3650,24,9,pbbbpppb,51.23339658444023,p,b,0,44.0
8d30f436-05f5-47d9-b9b4-09a4516a312e,3651,1,9,bppbbppp,53.46358792184724,b,p,0,26.666666666666668
8d30f436-05f5-47d9-b9b4-09a4516a312e,3651,2,9,pbbppppp,50.595238095238095,b,p,0,43.47826086956522
8d30f436-05f5-47d9-b9b4-09a4516a312e,3651,3,9,bppppppp,51.77165354330708,b,p,0,40.0
8d30f436-05f5-47d9-b9b4-09a4516a312e,3651,4,9,pbpbpbbp,51.393728222996515,p,p,1,41.37931034482759
8d30f436-05f5-47d9-b9b4-09a4516a312e,3651,5,9,bpbpbbpp,50.256410256410255,b,p,0,58.62068965517241
8d30f436-05f5-47d9-b9b4-09a4516a312e,3651,6,9,pbpbbppp,55.08771929824562,b,p,0,33.333333333333336
8d30f436-05f5-47d9-b9b4-09a4516a312e,3651,7,9,bpbbpppp,52.43445692883895,b,p,0,37.93103448275862
8d30f436-05f5-47d9-b9b4-09a4516a312e,3651,8,9,pbbppppp,50.595238095238095,b,p,0,43.47826086956522
8d30f436-05f5-47d9-b9b4-09a4516a312e,3651,9,9,bppppppb,50.693069306930695,b,p,0,41.666666666666664
8d30f436-05f5-47d9-b9b4-09a4516a312e,3651,10,9,pbppbpbp,51.1986301369863,p,b,0,57.89473684210526
8d30f436-05f5-47d9-b9b4-09a4516a312e,3651,11,9,bppbpbpb,50.44722719141323,p,b,0,57.142857142857146
8d30f436-05f5-47d9-b9b4-09a4516a312e,3651,12,9,pbpbpbbb,50.743801652892564,p,p,1,48.0
8d30f436-05f5-47d9-b9b4-09a4516a312e,3651,15,9,bpbbbppp,50.0,p,p,1,36.8421052631579
8d30f436-05f5-47d9-b9b4-09a4516a312e,3651,16,9,pbbbpppp,54.93482309124767,b,p,0,47.82608695652174
8d30f436-05f5-47d9-b9b4-09a4516a312e,3652,1,9,bppbbppb,50.08403361344538,b,b,1,41.1764705882353
8d30f436-05f5-47d9-b9b4-09a4516a312e,3652,2,9,pbbppbbp,50.41597337770383,p,b,0,46.42857142857143
8d30f436-05f5-47d9-b9b4-09a4516a312e,3652,3,9,bppbbpbb,50.08488964346349,b,p,0,45.16129032258065
8d30f436-05f5-47d9-b9b4-09a4516a312e,3652,4,9,pbbpbbpp,50.696864111498265,p,b,0,56.25
8d30f436-05f5-47d9-b9b4-09a4516a312e,3652,5,9,bpbbppbb,51.602023608768974,p,p,1,44.0
8d30f436-05f5-47d9-b9b4-09a4516a312e,3652,6,9,pbbppbbp,50.41597337770383,p,p,1,46.42857142857143
8d30f436-05f5-47d9-b9b4-09a4516a312e,3652,7,9,bppbbppp,53.46358792184724,b,p,0,26.666666666666668
8d30f436-05f5-47d9-b9b4-09a4516a312e,3652,8,9,pbbppppp,50.595238095238095,b,p,0,43.47826086956522
8d30f436-05f5-47d9-b9b4-09a4516a312e,3652,9,9,bppppppp,51.77165354330708,b,b,1,40.0
8d30f436-05f5-47d9-b9b4-09a4516a312e,3652,11,9,bpbppppp,52.336448598130836,b,p,0,42.857142857142854
8d30f436-05f5-47d9-b9b4-09a4516a312e,3652,12,9,pbpppppp,50.19607843137255,b,p,0,69.56521739130434
8d30f436-05f5-47d9-b9b4-09a4516a312e,3652,13,9,bppppppp,51.77165354330708,b,p,0,40.0
8d30f436-05f5-47d9-b9b4-09a4516a312e,3652,14,9,pbppbbpb,51.90082644628099,p,p,1,45.833333333333336
8d30f436-05f5-47d9-b9b4-09a4516a312e,3652,15,9,bppbbpbp,50.431778929188255,p,b,0,60.714285714285715
8d30f436-05f5-47d9-b9b4-09a4516a312e,3652,16,9,pbbpbpbp,51.470588235294116,p,p,1,30.76923076923077
8d30f436-05f5-47d9-b9b4-09a4516a312e,3652,17,9,bpbpbppb,56.47840531561462,b,b,1,43.333333333333336
8d30f436-05f5-47d9-b9b4-09a4516a312e,3652,18,9,pbpbppbb,51.056910569105696,p,p,1,47.61904761904762
8d30f436-05f5-47d9-b9b4-09a4516a312e,3652,19,9,bpbppbbp,51.69491525423729,b,b,1,48.38709677419355
8d30f436-05f5-47d9-b9b4-09a4516a312e,3652,20,9,pbppbbpb,51.90082644628099,p,p,1,45.833333333333336
8d30f436-05f5-47d9-b9b4-09a4516a312e,3652,21,9,bppbbpbp,50.431778929188255,p,b,0,60.714285714285715
8d30f436-05f5-47d9-b9b4-09a4516a312e,3652,22,9,pbbpbpbp,51.470588235294116,p,p,1,30.76923076923077
8d30f436-05f5-47d9-b9b4-09a4516a312e,3652,23,9,bpbpbppb,56.47840531561462,b,p,0,43.333333333333336
8d30f436-05f5-47d9-b9b4-09a4516a312e,3652,25,9,bpbppbpp,50.0,p,b,0,44.827586206896555
8d30f436-05f5-47d9-b9b4-09a4516a312e,3652,26,9,pbppbppb,54.12844036697248,b,p,0,46.42857142857143
8d30f436-05f5-47d9-b9b4-09a4516a312e,3652,28,9,pbppbppb,54.12844036697248,b,p,0,46.42857142857143
8d30f436-05f5-47d9-b9b4-09a4516a312e,3652,30,9,pbppbpbp,51.1986301369863,p,p,1,57.89473684210526
8d30f436-05f5-47d9-b9b4-09a4516a312e,3653,1,9,pbpbbppp,55.08771929824562,b,b,1,33.333333333333336
8d30f436-05f5-47d9-b9b4-09a4516a312e,3653,2,9,bpbbpppb,51.910828025477706,b,p,0,45.833333333333336
8d30f436-05f5-47d9-b9b4-09a4516a312e,3653,3,9,pbbpppbp,54.729729729729726,b,p,0,47.22222222222222
8d30f436-05f5-47d9-b9b4-09a4516a312e,3653,4,9,bpppbppb,50.4725897920605,b,p,0,50.0
8d30f436-05f5-47d9-b9b4-09a4516a312e,3653,5,9,pbppbpbb,51.46520146520146,p,p,1,45.45454545454545
8d30f436-05f5-47d9-b9b4-09a4516a312e,3653,7,9,pbpbbppb,50.96322241681261,b,p,0,50.0
8d30f436-05f5-47d9-b9b4-09a4516a312e,3653,8,9,bpbbppbp,51.590106007067135,b,p,0,45.16129032258065
8d30f436-05f5-47d9-b9b4-09a4516a312e,3653,10,9,bppbpppp,50.905432595573444,b,p,0,53.48837209302326
8d30f436-05f5-47d9-b9b4-09a4516a312e,3653,11,9,pbpppppb,50.094876660341555,b,b,1,62.5
8d30f436-05f5-47d9-b9b4-09a4516a312e,3653,12,9,bpppppbb,52.43445692883895,p,b,0,48.148148148148145
8d30f436-05f5-47d9-b9b4-09a4516a312e,3653,13,9,pbbbbbbp,52.29681978798587,p,b,0,46.875
8d30f436-05f5-47d9-b9b4-09a4516a312e,3653,14,9,bpbppbpp,50.0,p,p,1,44.827586206896555
8d30f436-05f5-47d9-b9b4-09a4516a312e,3653,16,9,bppbpppb,50.46040515653776,b,b,1,50.0
8d30f436-05f5-47d9-b9b4-09a4516a312e,3653,18,9,bpppbbbb,50.358422939068106,p,b,0,39.285714285714285
8d30f436-05f5-47d9-b9b4-09a4516a312e,3653,19,9,pbbbbbpp,51.127819548872175,p,b,0,53.191489361702125
8d30f436-05f5-47d9-b9b4-09a4516a312e,3654,1,9,bpbpbpbb,50.23923444976076,p,b,0,47.05882352941177
8d30f436-05f5-47d9-b9b4-09a4516a312e,3654,2,9,pbpbpbbb,50.743801652892564,p,p,1,48.0
8d30f436-05f5-47d9-b9b4-09a4516a312e,3654,5,9,bpbbbpbb,50.22761760242792,b,p,0,44.44444444444444
8d30f436-05f5-47d9-b9b4-09a4516a312e,3654,7,9,bpbbpbbb,53.05785123966942,b,b,1,36.36363636363637
8d30f436-05f5-47d9-b9b4-09a4516a312e,3654,8,9,pbbpbbbb,55.51894563426688,p,b,0,42.42424242424242
8d30f436-05f5-47d9-b9b4-09a4516a312e,3654,9,9,bpbbbbbp,51.99306759098788,p,p,1,47.82608695652174
8d30f436-05f5-47d9-b9b4-09a4516a312e,3654,10,9,pbbbbbpp,51.127819548872175,p,p,1,53.191489361702125
8d30f436-05f5-47d9-b9b4-09a4516a312e,3654,11,9,bpppppbb,52.43445692883895,p,b,0,48.148148148148145
8d30f436-05f5-47d9-b9b4-09a4516a312e,3654,12,9,pbbbpppb,51.23339658444023,p,b,0,44.0
8d30f436-05f5-47d9-b9b4-09a4516a312e,3654,14,9,pbbbppbp,51.945854483925544,b,p,0,42.10526315789474
8d30f436-05f5-47d9-b9b4-09a4516a312e,3654,15,9,bppbpppb,50.46040515653776,b,p,0,50.0
8d30f436-05f5-47d9-b9b4-09a4516a312e,3654,16,9,pbpppbpp,51.12359550561798,p,b,0,57.142857142857146
8d30f436-05f5-47d9-b9b4-09a4516a312e,3654,17,9,bpppbppb,50.4725897920605,b,p,0,50.0
8d30f436-05f5-47d9-b9b4-09a4516a312e,3655,1,9,bpbbbpbb,50.22761760242792,b,b,1,44.44444444444444
8d30f436-05f5-47d9-b9b4-09a4516a312e,3655,2,9,pbbbpbbb,50.98360655737705,p,b,0,36.8421052631579
8d30f436-05f5-47d9-b9b4-09a4516a312e,3655,3,9,bpbbbbbp,51.99306759098788,p,p,1,47.82608695652174
8d30f436-05f5-47d9-b9b4-09a4516a312e,3655,4,9,pbbbbbpp,51.127819548872175,p,p,1,53.191489361702125
8d30f436-05f5-47d9-b9b4-09a4516a312e,3655,5,9,bpppbbpp,50.37037037037037,p,p,1,53.84615384615385
8d30f436-05f5-47d9-b9b4-09a4516a312e,3655,6,9,pbbppppp,50.595238095238095,b,p,0,43.47826086956522
8d30f436-05f5-47d9-b9b4-09a4516a312e,3655,7,9,bppppppb,50.693069306930695,b,b,1,41.666666666666664
8d30f436-05f5-47d9-b9b4-09a4516a312e,3655,8,9,pbbppppb,54.13005272407732,p,b,0,46.666666666666664
8d30f436-05f5-47d9-b9b4-09a4516a312e,3655,9,9,bppppbbb,51.40712945590994,b,b,1,48.275862068965516
8d30f436-05f5-47d9-b9b4-09a4516a312e,3655,12,9,pbppbbpb,51.90082644628099,p,p,1,45.833333333333336
8d30f436-05f5-47d9-b9b4-09a4516a312e,3655,13,9,bppbbpbp,50.431778929188255,p,p,1,60.714285714285715
8d30f436-05f5-47d9-b9b4-09a4516a312e,3655,14,9,pbbpbppp,51.26903553299492,p,p,1,46.42857142857143
8d30f436-05f5-47d9-b9b4-09a4516a312e,3655,15,9,bpbppppb,53.075571177504386,b,b,1,48.83720930232558
8d30f436-05f5-47d9-b9b4-09a4516a312e,3655,16,9,pbppppbb,50.174216027874564,b,p,0,47.36842105263158
8d30f436-05f5-47d9-b9b4-09a4516a312e,3655,17,9,bppppbbp,51.388888888888886,b,b,1,33.333333333333336
8d30f436-05f5-47d9-b9b4-09a4516a312e,3656,1,9,pbpbppbb,51.056910569105696,p,p,1,47.61904761904762
8d30f436-05f5-47d9-b9b4-09a4516a312e,3656,2,9,bpbppbbp,51.69491525423729,b,p,0,48.38709677419355
8d30f436-05f5-47d9-b9b4-09a4516a312e,3656,3,9,pbppbbpp,53.31010452961672,b,b,1,41.935483870967744
8d30f436-05f5-47d9-b9b4-09a4516a312e,3656,4,9,bppbbppb,50.08403361344538,b,p,0,41.1764705882353
8d30f436-05f5-47d9-b9b4-09a4516a312e,3656,6,9,bppbpppb,50.46040515653776,b,p,0,50.0
8d30f436-05f5-47d9-b9b4-09a4516a312e,3656,7,9,pbpppbpb,50.73529411764706,b,p,0,42.10526315789474
8d30f436-05f5-47d9-b9b4-09a4516a312e,3656,8,9,bpppbpbp,51.91256830601093,b,b,1,46.15384615384615
8d30f436-05f5-47d9-b9b4-09a4516a312e,3656,10,9,bpbpbppb,56.47840531561462,b,p,0,43.333333333333336
8d30f436-05f5-47d9-b9b4-09a4516a312e,3656,12,9,bpbppbpp,50.0,p,p,1,44.827586206896555
8d30f436-05f5-47d9-b9b4-09a4516a312e,3656,14,9,bppbpppp,50.905432595573444,b,p,0,53.48837209302326
8d30f436-05f5-47d9-b9b4-09a4516a312e,3656,15,9,pbpppppb,50.094876660341555,b,p,0,62.5
8d30f436-05f5-47d9-b9b4-09a4516a312e,3656,16,9,bpppppbp,50.760456273764255,b,p,0,55.172413793103445
8d30f436-05f5-47d9-b9b4-09a4516a312e,3656,19,9,pbbbpbbb,50.98360655737705,p,p,1,36.8421052631579
8d30f436-05f5-47d9-b9b4-09a4516a312e,3656,20,9,bpbbbppb,52.17391304347826,p,p,1,40.90909090909091
8d30f436-05f5-47d9-b9b4-09a4516a312e,3656,21,9,pbbbppbp,51.945854483925544,b,p,0,42.10526315789474
8d30f436-05f5-47d9-b9b4-09a4516a312e,3656,22,9,bppbpppb,50.46040515653776,b,p,0,50.0
8d30f436-05f5-47d9-b9b4-09a4516a312e,3657,2,9,bpbpbpbp,50.63752276867031,p,p,1,48.38709677419355
8d30f436-05f5-47d9-b9b4-09a4516a312e,3657,5,9,pbpbpppb,53.153153153153156,b,b,1,41.666666666666664
8d30f436-05f5-47d9-b9b4-09a4516a312e,3657,6,9,bpbpppbb,50.76142131979695,p,p,1,36.666666666666664
8d30f436-05f5-47d9-b9b4-09a4516a312e,3657,7,9,pbpppbbp,51.272727272727266,b,p,0,52.17391304347826
8d30f436-05f5-47d9-b9b4-09a4516a312e,3657,8,9,bpppbbpp,50.37037037037037,p,p,1,53.84615384615385
8d30f436-05f5-47d9-b9b4-09a4516a312e,3657,9,9,pbbppppp,50.595238095238095,b,b,1,43.47826086956522
8d30f436-05f5-47d9-b9b4-09a4516a312e,3657,10,9,bpppppbb,52.43445692883895,p,b,0,48.148148148148145
8d30f436-05f5-47d9-b9b4-09a4516a312e,3657,11,9,pbbbpbbb,50.98360655737705,p,p,1,36.8421052631579
8d30f436-05f5-47d9-b9b4-09a4516a312e,3657,12,9,bpbbbpbp,51.33779264214047,b,p,0,46.42857142857143
8d30f436-05f5-47d9-b9b4-09a4516a312e,3657,13,9,pbbbpbpp,50.860420650095605,p,b,0,40.0
8d30f436-05f5-47d9-b9b4-09a4516a312e,3657,14,9,bpbppbpb,50.089445438282645,b,b,1,50.0
8d30f436-05f5-47d9-b9b4-09a4516a312e,3657,15,9,pbppbpbb,51.46520146520146,p,p,1,45.45454545454545
8d30f436-05f5-47d9-b9b4-09a4516a312e,3658,1,9,pbpppbpb,50.73529411764706,b,p,0,42.10526315789474
8d30f436-05f5-47d9-b9b4-09a4516a312e,3658,2,9,bpppbpbp,51.91256830601093,b,b,1,46.15384615384615
8d30f436-05f5-47d9-b9b4-09a4516a312e,3658,3,9,pbpbpbbp,51.393728222996515,p,p,1,41.37931034482759
8d30f436-05f5-47d9-b9b4-09a4516a312e,3658,4,9,bpbpbbpp,50.256410256410255,b,p,0,58.62068965517241
8d30f436-05f5-47d9-b9b4-09a4516a312e,3658,5,9,pbpbbppp,55.08771929824562,b,p,0,33.333333333333336
8d30f436-05f5-47d9-b9b4-09a4516a312e,3658,6,9,bpbbpppp,52.43445692883895,b,b,1,37.93103448275862
8d30f436-05f5-47d9-b9b4-09a4516a312e,3658,7,9,pbbppppb,54.13005272407732,p,p,1,46.666666666666664
8d30f436-05f5-47d9-b9b4-09a4516a312e,3658,10,9,bpbbbppb,52.17391304347826,p,p,1,40.90909090909091
8d30f436-05f5-47d9-b9b4-09a4516a312e,3658,11,9,pbbbppbp,51.945854483925544,b,b,1,42.10526315789474
8d30f436-05f5-47d9-b9b4-09a4516a312e,3658,13,9,pbpbbppb,50.96322241681261,b,p,0,50.0
8d30f436-05f5-47d9-b9b4-09a4516a312e,3658,14,9,bpbbppbp,51.590106007067135,b,p,0,45.16129032258065
8d30f436-05f5-47d9-b9b4-09a4516a312e,3658,17,9,pbppbppb,54.12844036697248,b,p,0,46.42857142857143
8d30f436-05f5-47d9-b9b4-09a4516a312e,3658,19,9,pbppbpbb,51.46520146520146,p,p,1,45.45454545454545
8d30f436-05f5-47d9-b9b4-09a4516a312e,3658,21,9,pbpbbpbb,50.75125208681135,p,b,0,39.02439024390244
8d30f436-05f5-47d9-b9b4-09a4516a312e,3658,22,9,bpbbpbbb,53.05785123966942,b,b,1,36.36363636363637
8d30f436-05f5-47d9-b9b4-09a4516a312e,3658,23,9,pbbpbbbb,55.51894563426688,p,b,0,42.42424242424242
8d30f436-05f5-47d9-b9b4-09a4516a312e,3658,24,9,bpbbbbbp,51.99306759098788,p,b,0,47.82608695652174
8d30f436-05f5-47d9-b9b4-09a4516a312e,3658,25,9,pbbbbbpb,50.90252707581227,b,b,1,54.83870967741935
8d30f436-05f5-47d9-b9b4-09a4516a312e,3658,26,9,bpbbpppp,52.43445692883895,b,p,0,37.93103448275862
8d30f436-05f5-47d9-b9b4-09a4516a312e,3658,27,9,pbbppppp,50.595238095238095,b,p,0,43.47826086956522
8d30f436-05f5-47d9-b9b4-09a4516a312e,3658,28,9,bppppppb,50.693069306930695,b,b,1,41.666666666666664
8d30f436-05f5-47d9-b9b4-09a4516a312e,3659,1,9,bppbbbpb,52.17391304347826,b,b,1,48.484848484848484
8d30f436-05f5-47d9-b9b4-09a4516a312e,3659,3,9,bpbbpppb,51.910828025477706,b,b,1,45.833333333333336
8d30f436-05f5-47d9-b9b4-09a4516a312e,3659,5,9,bpppbbbb,50.358422939068106,p,p,1,39.285714285714285
8d30f436-05f5-47d9-b9b4-09a4516a312e,3659,6,9,pbbbbpbb,52.52525252525253,p,p,1,38.46153846153846
8d30f436-05f5-47d9-b9b4-09a4516a312e,3659,7,9,bpbbpbpb,53.119730185497474,p,b,0,48.148148148148145
8d30f436-05f5-47d9-b9b4-09a4516a312e,3659,10,9,pbpbbbbp,53.76146788990825,b,p,0,47.22222222222222
8d30f436-05f5-47d9-b9b4-09a4516a312e,3659,11,9,bpbbbbpp,50.361010830324915,b,p,0,40.54054054054054
8d30f436-05f5-47d9-b9b4-09a4516a312e,3659,12,9,pbbbbppp,50.0,b,b,1,50.0
8d30f436-05f5-47d9-b9b4-09a4516a312e,3659,13,9,bpppbbpp,50.37037037037037,p,b,0,53.84615384615385
8d30f436-05f5-47d9-b9b4-09a4516a312e,3659,14,9,pbbppbpb,52.12947189097103,b,b,1,37.83783783783784
8d30f436-05f5-47d9-b9b4-09a4516a312e,3659,15,9,bppbpbbb,52.7681660899654,p,b,0,48.93617021276596
8d30f436-05f5-47d9-b9b4-09a4516a312e,3659,16,9,pbpbbbbp,53.76146788990825,b,b,1,47.22222222222222
8d30f436-05f5-47d9-b9b4-09a4516a312e,3659,17,9,bpbbbbpb,50.5564387917329,b,b,1,59.57446808510638
8d30f436-05f5-47d9-b9b4-09a4516a312e,3659,18,9,pbbbbpbb,52.52525252525253,p,b,0,38.46153846153846
8d30f436-05f5-47d9-b9b4-09a4516a312e,3659,19,9,bpbbbppb,52.17391304347826,p,p,1,40.90909090909091
8d30f436-05f5-47d9-b9b4-09a4516a312e,3659,20,9,pbbbppbp,51.945854483925544,b,b,1,42.10526315789474
8d30f436-05f5-47d9-b9b4-09a4516a312e,3659,21,9,bppbpbbb,52.7681660899654,p,b,0,48.93617021276596
8d30f436-05f5-47d9-b9b4-09a4516a312e,3660,1,9,bpbbppbb,51.602023608768974,p,p,1,44.0
8d30f436-05f5-47d9-b9b4-09a4516a312e,3660,2,9,pbbppbbp,50.41597337770383,p,b,0,46.42857142857143
8d30f436-05f5-47d9-b9b4-09a4516a312e,3660,3,9,bppbbpbb,50.08488964346349,b,p,0,45.16129032258065
8d30f436-05f5-47d9-b9b4-09a4516a312e,3660,4,9,pbbpbbpb,50.0,p,b,0,56.0
8d30f436-05f5-47d9-b9b4-09a4516a312e,3660,5,9,bpbbpbbp,55.42168674698795,b,p,0,47.916666666666664
8d30f436-05f5-47d9-b9b4-09a4516a312e,3660,6,9,pbbpbbpp,50.696864111498265,p,p,1,56.25
8d30f436-05f5-47d9-b9b4-09a4516a312e,3660,7,9,bpbbpppb,51.910828025477706,b,b,1,45.833333333333336
8d30f436-05f5-47d9-b9b4-09a4516a312e,3660,9,9,bpppbbpp,50.37037037037037,p,p,1,53.84615384615385
8d30f436-05f5-47d9-b9b4-09a4516a312e,3660,12,9,pbbbpbpp,50.860420650095605,p,p,1,40.0
8d30f436-05f5-47d9-b9b4-09a4516a312e,3660,13,9,bpbppppp,52.336448598130836,b,p,0,42.857142857142854
8d30f436-05f5-47d9-b9b4-09a4516a312e,3660,14,9,pbpppppp,50.19607843137255,b,b,1,69.56521739130434
8d30f436-05f5-47d9-b9b4-09a4516a312e,3660,15,9,bppppppb,50.693069306930695,b,p,0,41.666666666666664
8d30f436-05f5-47d9-b9b4-09a4516a312e,3660,16,9,pbpppbpp,51.12359550561798,p,b,0,57.142857142857146
8d30f436-05f5-47d9-b9b4-09a4516a312e,3660,17,9,bpppbppb,50.4725897920605,b,p,0,50.0
8d30f436-05f5-47d9-b9b4-09a4516a312e,3661,4,9,bpbbpbpb,53.119730185497474,p,p,1,48.148148148148145
8d30f436-05f5-47d9-b9b4-09a4516a312e,3661,5,9,pbbpbpbp,51.470588235294116,p,b,0,30.76923076923077
8d30f436-05f5-47d9-b9b4-09a4516a312e,3661,6,9,bpbpbpbp,50.63752276867031,p,p,1,48.38709677419355
8d30f436-05f5-47d9-b9b4-09a4516a312e,3661,8,9,bpbpbppb,56.47840531561462,b,p,0,43.333333333333336
8d30f436-05f5-47d9-b9b4-09a4516a312e,3661,10,9,bpbppbpb,50.089445438282645,b,p,0,50.0
8d30f436-05f5-47d9-b9b4-09a4516a312e,3661,11,9,pbppbpbp,51.1986301369863,p,b,0,57.89473684210526
8d30f436-05f5-47d9-b9b4-09a4516a312e,3661,12,9,bppbpbpb,50.44722719141323,p,b,0,57.142857142857146
8d30f436-05f5-47d9-b9b4-09a4516a312e,3661,13,9,pbpbpbbb,50.743801652892564,p,p,1,48.0
8d30f436-05f5-47d9-b9b4-09a4516a312e,3661,16,9,bpbbbpbb,50.22761760242792,b,p,0,44.44444444444444
8d30f436-05f5-47d9-b9b4-09a4516a312e,3661,18,9,bpbbpppp,52.43445692883895,b,p,0,37.93103448275862
8d30f436-05f5-47d9-b9b4-09a4516a312e,3661,19,9,pbbppppp,50.595238095238095,b,p,0,43.47826086956522
8d30f436-05f5-47d9-b9b4-09a4516a312e,3661,20,9,bppppppb,50.693069306930695,b,b,1,41.666666666666664
8d30f436-05f5-47d9-b9b4-09a4516a312e,3661,21,9,pbbbbpbb,52.52525252525253,p,p,1,38.46153846153846
8d30f436-05f5-47d9-b9b4-09a4516a312e,3661,22,9,bpbbpbbp,55.42168674698795,b,p,0,47.916666666666664
8d30f436-05f5-47d9-b9b4-09a4516a312e,3661,23,9,pbbpbbpp,50.696864111498265,p,p,1,56.25
8d30f436-05f5-47d9-b9b4-09a4516a312e,3661,24,9,bpbbpppp,52.43445692883895,b,b,1,37.93103448275862
8d30f436-05f5-47d9-b9b4-09a4516a312e,3661,25,9,pbbppppb,54.13005272407732,p,p,1,46.666666666666664
8d30f436-05f5-47d9-b9b4-09a4516a312e,3662,1,9,bppbbppb,50.08403361344538,b,p,0,41.1764705882353
8d30f436-05f5-47d9-b9b4-09a4516a312e,3662,2,9,pbbppbpb,52.12947189097103,b,b,1,37.83783783783784
8d30f436-05f5-47d9-b9b4-09a4516a312e,3662,4,9,pbpbbppp,55.08771929824562,b,p,0,33.333333333333336
8d30f436-05f5-47d9-b9b4-09a4516a312e,3662,5,9,bpbbpppp,52.43445692883895,b,p,0,37.93103448275862
8d30f436-05f5-47d9-b9b4-09a4516a312e,3662,6,9,pbbppppp,50.595238095238095,b,p,0,43.47826086956522
8d30f436-05f5-47d9-b9b4-09a4516a312e,3662,7,9,bppppppp,51.77165354330708,b,p,0,40.0
8d30f436-05f5-47d9-b9b4-09a4516a312e,3662,9,9,bpbppppp,52.336448598130836,b,p,0,42.857142857142854
8d30f436-05f5-47d9-b9b4-09a4516a312e,3662,10,9,pbpppppp,50.19607843137255,b,b,1,69.56521739130434
8d30f436-05f5-47d9-b9b4-09a4516a312e,3662,11,9,bppppppb,50.693069306930695,b,b,1,41.666666666666664
8d30f436-05f5-47d9-b9b4-09a4516a312e,3662,12,9,pbbpbpbp,51.470588235294116,p,p,1,30.76923076923077
8d30f436-05f5-47d9-b9b4-09a4516a312e,3662,14,9,pbpbpppb,53.153153153153156,b,p,0,41.666666666666664
8d30f436-05f5-47d9-b9b4-09a4516a312e,3662,15,9,bpbpppbp,52.84090909090909,b,p,0,44.827586206896555
8d30f436-05f5-47d9-b9b4-09a4516a312e,3662,16,9,pbpppbpp,51.12359550561798,p,p,1,57.142857142857146
8d30f436-05f5-47d9-b9b4-09a4516a312e,3662,17,9,bpppbppp,51.940850277264325,b,b,1,34.48275862068966
8d30f436-05f5-47d9-b9b4-09a4516a312e,3662,19,9,bpppbbbb,50.358422939068106,p,b,0,39.285714285714285
e2e71ca0-122c-4c0c-bd41-f77d2ba869a9,3663,1,9,bpbbpbpb,53.187919463087255,p,b,0,48.148148148148145
e2e71ca0-122c-4c0c-bd41-f77d2ba869a9,3663,4,9,pbpbbbpp,53.36787564766839,b,p,0,48.888888888888886
e2e71ca0-122c-4c0c-bd41-f77d2ba869a9,3663,5,9,bpbbbppp,50.19011406844106,p,b,0,36.8421052631579
e2e71ca0-122c-4c0c-bd41-f77d2ba869a9,3663,6,9,pbbbpppb,51.03969754253308,p,p,1,44.0
e2e71ca0-122c-4c0c-bd41-f77d2ba869a9,3663,7,9,bpppbppp,51.93370165745856,b,b,1,34.48275862068966
e2e71ca0-122c-4c0c-bd41-f77d2ba869a9,3663,8,9,pbpppbpb,50.54945054945055,b,p,0,42.10526315789474
e2e71ca0-122c-4c0c-bd41-f77d2ba869a9,3663,9,9,bpppbpbp,52.08711433756806,b,b,1,46.15384615384615
e2e71ca0-122c-4c0c-bd41-f77d2ba869a9,3663,10,9,pbpbpbbb,50.98684210526315,p,b,0,48.0
e2e71ca0-122c-4c0c-bd41-f77d2ba869a9,3663,12,9,pbpbbbbb,50.58043117744611,b,b,1,55.0
e2e71ca0-122c-4c0c-bd41-f77d2ba869a9,3663,14,9,pbbbbbbp,52.20458553791887,p,b,0,46.875
e2e71ca0-122c-4c0c-bd41-f77d2ba869a9,3663,15,9,bpbpbpbp,50.81669691470054,p,b,0,48.38709677419355
e2e71ca0-122c-4c0c-bd41-f77d2ba869a9,3663,17,9,bpbpbpbb,50.15923566878981,p,b,0,47.05882352941177
e2e71ca0-122c-4c0c-bd41-f77d2ba869a9,3663,18,9,pbpbpbbb,50.98684210526315,p,p,1,48.0
e2e71ca0-122c-4c0c-bd41-f77d2ba869a9,3663,21,9,bpbbbpbp,51.16666666666667,b,p,0,46.42857142857143
e2e71ca0-122c-4c0c-bd41-f77d2ba869a9,3663,22,9,pbbbpbpp,50.760456273764255,p,b,0,40.0
e2e71ca0-122c-4c0c-bd41-f77d2ba869a9,3663,23,9,bpbppbbp,51.689189189189186,b,p,0,48.38709677419355
e2e71ca0-122c-4c0c-bd41-f77d2ba869a9,3663,24,9,pbppbbpp,53.47222222222222,b,b,1,41.935483870967744
e2e71ca0-122c-4c0c-bd41-f77d2ba869a9,3663,25,9,bppbbppb,50.08347245409015,b,b,1,41.1764705882353
e2e71ca0-122c-4c0c-bd41-f77d2ba869a9,3663,26,9,pbbppbbp,50.331125827814574,p,p,1,46.42857142857143
e2e71ca0-122c-4c0c-bd41-f77d2ba869a9,3663,27,9,bppbbppb,50.08347245409015,b,b,1,41.1764705882353
e2e71ca0-122c-4c0c-bd41-f77d2ba869a9,3664,2,9,bpbpbppb,56.34266886326195,b,b,1,43.333333333333336
e2e71ca0-122c-4c0c-bd41-f77d2ba869a9,3664,3,9,pbpbppbb,51.1326860841424,p,p,1,47.61904761904762
e2e71ca0-122c-4c0c-bd41-f77d2ba869a9,3664,4,9,bpbppbbp,51.689189189189186,b,p,0,48.38709677419355
e2e71ca0-122c-4c0c-bd41-f77d2ba869a9,3664,5,9,pbppbbpp,53.47222222222222,b,b,1,41.935483870967744
e2e71ca0-122c-4c0c-bd41-f77d2ba869a9,3664,6,9,bppbbppb,50.08347245409015,b,p,0,41.1764705882353
e2e71ca0-122c-4c0c-bd41-f77d2ba869a9,3664,8,9,bppbpppb,50.27422303473492,b,b,1,50.0
e2e71ca0-122c-4c0c-bd41-f77d2ba869a9,3664,11,9,pbbbpbbb,51.14006514657981,p,p,1,36.8421052631579
e2e71ca0-122c-4c0c-bd41-f77d2ba869a9,3664,12,9,bpbbbppp,50.19011406844106,p,b,0,36.8421052631579
e2e71ca0-122c-4c0c-bd41-f77d2ba869a9,3664,13,9,pbbbpppb,51.03969754253308,p,p,1,44.0
e2e71ca0-122c-4c0c-bd41-f77d2ba869a9,3664,14,9,bpppbppp,51.93370165745856,b,p,0,34.48275862068966
e2e71ca0-122c-4c0c-bd41-f77d2ba869a9,3664,15,9,pbppppbp,52.90697674418605,b,p,0,40.0
e2e71ca0-122c-4c0c-bd41-f77d2ba869a9,3664,16,9,bppppbpp,50.09140767824497,b,b,1,47.22222222222222
e2e71ca0-122c-4c0c-bd41-f77d2ba869a9,3665,1,9,bppbpbbb,52.58620689655172,p,b,0,48.93617021276596
e2e71ca0-122c-4c0c-bd41-f77d2ba869a9,3665,2,9,pbpbbbbp,53.74771480804388,b,b,1,47.22222222222222
e2e71ca0-122c-4c0c-bd41-f77d2ba869a9,3665,3,9,bpbbbbpb,50.63492063492063,b,b,1,59.57446808510638
e2e71ca0-122c-4c0c-bd41-f77d2ba869a9,3665,4,9,pbbbbpbb,52.596314907872696,p,b,0,38.46153846153846
e2e71ca0-122c-4c0c-bd41-f77d2ba869a9,3665,5,9,bpbbbbbp,52.06896551724138,p,b,0,47.82608695652174
e2e71ca0-122c-4c0c-bd41-f77d2ba869a9,3665,6,9,pbbbbbpb,50.990990990990994,b,p,0,54.83870967741935
e2e71ca0-122c-4c0c-bd41-f77d2ba869a9,3665,7,9,bpbpbppb,56.34266886326195,b,p,0,43.333333333333336
e2e71ca0-122c-4c0c-bd41-f77d2ba869a9,3665,9,9,bpbppbpp,50.0,p,b,0,44.827586206896555
e2e71ca0-122c-4c0c-bd41-f77d2ba869a9,3665,10,9,pbppbppb,54.0,b,p,0,46.42857142857143
e2e71ca0-122c-4c0c-bd41-f77d2ba869a9,3665,12,9,pbppbpbb,51.73041894353369,p,p,1,45.45454545454545
e2e71ca0-122c-4c0c-bd41-f77d2ba869a9,3665,16,9,pbbpbppb,51.42857142857142,b,b,1,43.333333333333336
e2e71ca0-122c-4c0c-bd41-f77d2ba869a9,3665,17,9,bpbppbbb,51.55993431855501,p,b,0,46.42857142857143
e2e71ca0-122c-4c0c-bd41-f77d2ba869a9,3665,19,9,bppbbbbp,51.12651646447141,b,p,0,46.666666666666664
e2e71ca0-122c-4c0c-bd41-f77d2ba869a9,3665,20,9,pbbbbppp,50.094876660341555,b,b,1,50.0
e2e71ca0-122c-4c0c-bd41-f77d2ba869a9,3665,21,9,bpppbbpp,50.55147058823529,p,b,0,53.84615384615385
e2e71ca0-122c-4c0c-bd41-f77d2ba869a9,3665,23,9,bppbpppb,50.27422303473492,b,p,0,50.0
e2e71ca0-122c-4c0c-bd41-f77d2ba869a9,3665,24,9,pbpppbpb,50.54945054945055,b,b,1,42.10526315789474
e2e71ca0-122c-4c0c-bd41-f77d2ba869a9,3665,25,9,bpppbpbb,50.431778929188255,p,p,1,36.36363636363637
e2e71ca0-122c-4c0c-bd41-f77d2ba869a9,3665,26,9,pbpbbppp,54.87804878048781,b,b,1,33.333333333333336
e2e71ca0-122c-4c0c-bd41-f77d2ba869a9,3665,27,9,bpbbpppb,51.89873417721519,b,b,1,45.833333333333336
e2e71ca0-122c-4c0c-bd41-f77d2ba869a9,3666,1,9,pbbbpbpp,50.760456273764255,p,p,1,40.0
e2e71ca0-122c-4c0c-bd41-f77d2ba869a9,3666,2,9,bpbppppp,52.04460966542751,b,p,0,42.857142857142854
e2e71ca0-122c-4c0c-bd41-f77d2ba869a9,3666,3,9,pbpppppp,50.29239766081871,b,p,0,69.56521739130434
e2e71ca0-122c-4c0c-bd41-f77d2ba869a9,3666,4,9,bppppppp,51.5625,b,b,1,40.0
e2e71ca0-122c-4c0c-bd41-f77d2ba869a9,3666,6,9,bpbpppbb,50.8445945945946,p,p,1,36.666666666666664
e2e71ca0-122c-4c0c-bd41-f77d2ba869a9,3666,7,9,pbpppbbp,51.17967332123412,b,p,0,52.17391304347826
e2e71ca0-122c-4c0c-bd41-f77d2ba869a9,3666,8,9,bpppbbpp,50.55147058823529,p,p,1,53.84615384615385
e2e71ca0-122c-4c0c-bd41-f77d2ba869a9,3666,9,9,pbbpppbp,54.54545454545454,b,p,0,47.22222222222222
e2e71ca0-122c-4c0c-bd41-f77d2ba869a9,3666,10,9,bpppbppb,50.093808630394,b,p,0,50.0
e2e71ca0-122c-4c0c-bd41-f77d2ba869a9,3666,12,9,bppbpppb,50.27422303473492,b,b,1,50.0
e2e71ca0-122c-4c0c-bd41-f77d2ba869a9,3666,13,9,pbpppbbp,51.17967332123412,b,b,1,52.17391304347826
e2e71ca0-122c-4c0c-bd41-f77d2ba869a9,3666,14,9,bpppbbpb,50.498338870431894,p,b,0,60.714285714285715
e2e71ca0-122c-4c0c-bd41-f77d2ba869a9,3666,15,9,pbbpbbpp,50.77989601386482,p,p,1,56.25
e2e71ca0-122c-4c0c-bd41-f77d2ba869a9,3666,16,9,bpbbpppp,52.22222222222223,b,b,1,37.93103448275862
e2e71ca0-122c-4c0c-bd41-f77d2ba869a9,3666,17,9,pbbppppb,54.1958041958042,p,p,1,46.666666666666664
e2e71ca0-122c-4c0c-bd41-f77d2ba869a9,3667,2,9,pbbbppbb,53.30882352941176,b,b,1,41.935483870967744
e2e71ca0-122c-4c0c-bd41-f77d2ba869a9,3667,3,9,bppbbbbp,51.12651646447141,b,b,1,46.666666666666664
e2e71ca0-122c-4c0c-bd41-f77d2ba869a9,3667,4,9,pbbbbpbp,51.4480408858603,p,b,0,46.42857142857143
e2e71ca0-122c-4c0c-bd41-f77d2ba869a9,3667,5,9,bpbpbppb,56.34266886326195,b,b,1,43.333333333333336
e2e71ca0-122c-4c0c-bd41-f77d2ba869a9,3667,6,9,pbpbppbb,51.1326860841424,p,p,1,47.61904761904762
e2e71ca0-122c-4c0c-bd41-f77d2ba869a9,3667,7,9,bpbppbbp,51.689189189189186,b,b,1,48.38709677419355
e2e71ca0-122c-4c0c-bd41-f77d2ba869a9,3667,8,9,pbppbbpb,52.13815789473685,p,b,0,45.833333333333336
e2e71ca0-122c-4c0c-bd41-f77d2ba869a9,3667,9,9,bppbbpbb,50.08460236886633,p,p,1,45.16129032258065
e2e71ca0-122c-4c0c-bd41-f77d2ba869a9,3667,10,9,pbbpbbpb,50.15060240963856,b,p,0,56.0
e2e71ca0-122c-4c0c-bd41-f77d2ba869a9,3667,13,9,bpbpppbb,50.8445945945946,p,b,0,36.666666666666664
e2e71ca0-122c-4c0c-bd41-f77d2ba869a9,3667,16,9,pbbbpppb,51.03969754253308,p,p,1,44.0
e2e71ca0-122c-4c0c-bd41-f77d2ba869a9,3667,17,9,bpppbpbb,50.431778929188255,p,b,0,36.36363636363637
e2e71ca0-122c-4c0c-bd41-f77d2ba869a9,3667,19,9,bpbbbpbb,50.075414781297134,b,p,0,44.44444444444444
e2e71ca0-122c-4c0c-bd41-f77d2ba869a9,3667,21,9,bpbbpbbp,55.322338830584705,b,b,1,47.916666666666664
e2e71ca0-122c-4c0c-bd41-f77d2ba869a9,3668,1,9,pbpbbbbp,53.74771480804388,b,b,1,47.22222222222222
e2e71ca0-122c-4c0c-bd41-f77d2ba869a9,3668,2,9,bpbbbbpb,50.63492063492063,b,b,1,59.57446808510638
e2e71ca0-122c-4c0c-bd41-f77d2ba869a9,3668,3,9,pbbbbpbb,52.596314907872696,p,p,1,38.46153846153846
e2e71ca0-122c-4c0c-bd41-f77d2ba869a9,3668,4,9,bpbbppbb,51.76470588235295,p,b,0,44.0
e2e71ca0-122c-4c0c-bd41-f77d2ba869a9,3668,5,9,pbbppbbb,50.42444821731748,b,b,1,60.714285714285715
e2e71ca0-122c-4c0c-bd41-f77d2ba869a9,3668,6,9,bppbbbbb,56.49819494584838,b,p,0,40.0
e2e71ca0-122c-4c0c-bd41-f77d2ba869a9,3668,8,9,bpppbbpp,50.55147058823529,p,b,0,53.84615384615385
e2e71ca0-122c-4c0c-bd41-f77d2ba869a9,3668,9,9,pbbppbbb,50.42444821731748,b,p,0,60.714285714285715
e2e71ca0-122c-4c0c-bd41-f77d2ba869a9,3668,10,9,bppbbbpb,52.412645590682196,b,p,0,48.484848484848484
e2e71ca0-122c-4c0c-bd41-f77d2ba869a9,3668,12,9,bpbpbppb,56.34266886326195,b,b,1,43.333333333333336
e2e71ca0-122c-4c0c-bd41-f77d2ba869a9,3668,13,9,pbpbppbb,51.1326860841424,p,p,1,47.61904761904762
e2e71ca0-122c-4c0c-bd41-f77d2ba869a9,3668,14,9,bpbppbbp,51.689189189189186,b,p,0,48.38709677419355
e2e71ca0-122c-4c0c-bd41-f77d2ba869a9,3668,15,9,pbppbbpp,53.47222222222222,b,p,0,41.935483870967744
e2e71ca0-122c-4c0c-bd41-f77d2ba869a9,3668,16,9,bppbbppp,53.27433628318584,b,b,1,26.666666666666668
e2e71ca0-122c-4c0c-bd41-f77d2ba869a9,3668,18,9,bpppbbpp,50.55147058823529,p,p,1,53.84615384615385
e2e71ca0-122c-4c0c-bd41-f77d2ba869a9,3668,19,9,pbbpppbp,54.54545454545454,b,p,0,47.22222222222222
e2e71ca0-122c-4c0c-bd41-f77d2ba869a9,3668,20,9,bpppbppb,50.093808630394,b,b,1,50.0
e2e71ca0-122c-4c0c-bd41-f77d2ba869a9,3668,22,9,bppbbbbp,51.12651646447141,b,p,0,46.666666666666664
e2e71ca0-122c-4c0c-bd41-f77d2ba869a9,3669,1,9,bppppbbp,51.47313691507799,b,b,1,33.333333333333336
e2e71ca0-122c-4c0c-bd41-f77d2ba869a9,3669,2,9,pbbpbbbb,55.33661740558292,p,p,1,42.42424242424242
e2e71ca0-122c-4c0c-bd41-f77d2ba869a9,3669,3,9,bpbbbbpb,50.63492063492063,b,b,1,59.57446808510638
e2e71ca0-122c-4c0c-bd41-f77d2ba869a9,3669,4,9,pbbbbpbb,52.596314907872696,p,p,1,38.46153846153846
e2e71ca0-122c-4c0c-bd41-f77d2ba869a9,3669,5,9,bpbbpbpb,53.187919463087255,p,p,1,48.148148148148145
e2e71ca0-122c-4c0c-bd41-f77d2ba869a9,3669,6,9,pbbpbpbp,51.70178282009724,p,b,0,30.76923076923077
e2e71ca0-122c-4c0c-bd41-f77d2ba869a9,3669,7,9,bpbpbpbb,50.15923566878981,p,b,0,47.05882352941177
e2e71ca0-122c-4c0c-bd41-f77d2ba869a9,3669,8,9,pbpbpbbb,50.98684210526315,p,p,1,48.0
e2e71ca0-122c-4c0c-bd41-f77d2ba869a9,3669,10,9,pbpbbbpp,53.36787564766839,b,p,0,48.888888888888886
e2e71ca0-122c-4c0c-bd41-f77d2ba869a9,3669,11,9,bpbbbppp,50.19011406844106,p,p,1,36.8421052631579
e2e71ca0-122c-4c0c-bd41-f77d2ba869a9,3669,12,9,pbbbpppp,54.73098330241187,b,b,1,47.82608695652174
e2e71ca0-122c-4c0c-bd41-f77d2ba869a9,3669,13,9,bppppbpp,50.09140767824497,b,b,1,47.22222222222222
e2e71ca0-122c-4c0c-bd41-f77d2ba869a9,3669,14,9,pbppbpbp,51.19047619047619,p,p,1,57.89473684210526
e2e71ca0-122c-4c0c-bd41-f77d2ba869a9,3669,16,9,pbpbppbb,51.1326860841424,p,p,1,47.61904761904762
e2e71ca0-122c-4c0c-bd41-f77d2ba869a9,3669,17,9,bpbppbbp,51.689189189189186,b,b,1,48.38709677419355
e2e71ca0-122c-4c0c-bd41-f77d2ba869a9,3669,18,9,pbppbbpb,52.13815789473685,p,b,0,45.833333333333336
e2e71ca0-122c-4c0c-bd41-f77d2ba869a9,3669,19,9,bppbbpbb,50.08460236886633,p,p,1,45.16129032258065
e2e71ca0-122c-4c0c-bd41-f77d2ba869a9,3669,20,9,pbbpbbpb,50.15060240963856,b,b,1,56.0
e2e71ca0-122c-4c0c-bd41-f77d2ba869a9,3669,21,9,bpbbpbbp,55.322338830584705,b,b,1,47.916666666666664
e2e71ca0-122c-4c0c-bd41-f77d2ba869a9,3669,22,9,pbbpbbpb,50.15060240963856,b,b,1,56.0
e2e71ca0-122c-4c0c-bd41-f77d2ba869a9,3669,23,9,bpbbpbbb,53.125,b,p,0,36.36363636363637
e2e71ca0-122c-4c0c-bd41-f77d2ba869a9,3669,24,9,pbbpbbbp,52.4451939291737,b,p,0,43.24324324324324
e2e71ca0-122c-4c0c-bd41-f77d2ba869a9,3669,25,9,bpbbbppp,50.19011406844106,p,p,1,36.8421052631579
e2e71ca0-122c-4c0c-bd41-f77d2ba869a9,3669,26,9,pbbbpppp,54.73098330241187,b,b,1,47.82608695652174
e2e71ca0-122c-4c0c-bd41-f77d2ba869a9,3669,27,9,bppppbbb,51.49812734082397,b,p,0,48.275862068965516
e2e71ca0-122c-4c0c-bd41-f77d2ba869a9,3669,28,9,pbbbpppb,51.03969754253308,p,b,0,44.0
e2e71ca0-122c-4c0c-bd41-f77d2ba869a9,3669,29,9,bpppbbpb,50.498338870431894,p,b,0,60.714285714285715
e2e71ca0-122c-4c0c-bd41-f77d2ba869a9,3669,30,9,pbbpbbbb,55.33661740558292,p,b,0,42.42424242424242
e2e71ca0-122c-4c0c-bd41-f77d2ba869a9,3670,1,9,bpbppbpb,50.0,b,b,1,50.0
e2e71ca0-122c-4c0c-bd41-f77d2ba869a9,3670,2,9,pbppbpbb,51.73041894353369,p,b,0,45.45454545454545
e2e71ca0-122c-4c0c-bd41-f77d2ba869a9,3670,3,9,bppbpbbb,52.58620689655172,p,p,1,48.93617021276596
e2e71ca0-122c-4c0c-bd41-f77d2ba869a9,3670,5,9,bpbbbpbb,50.075414781297134,b,b,1,44.44444444444444
e2e71ca0-122c-4c0c-bd41-f77d2ba869a9,3670,6,9,pbbbpbbb,51.14006514657981,p,b,0,36.8421052631579
e2e71ca0-122c-4c0c-bd41-f77d2ba869a9,3670,7,9,bpbbbbpp,50.27027027027027,b,b,1,40.54054054054054
e2e71ca0-122c-4c0c-bd41-f77d2ba869a9,3670,10,9,pbppbbpp,53.47222222222222,b,p,0,41.935483870967744
e2e71ca0-122c-4c0c-bd41-f77d2ba869a9,3670,11,9,bppbbppp,53.27433628318584,b,p,0,26.666666666666668
e2e71ca0-122c-4c0c-bd41-f77d2ba869a9,3670,12,9,pbbppppb,54.1958041958042,p,p,1,46.666666666666664
e2e71ca0-122c-4c0c-bd41-f77d2ba869a9,3670,13,9,bppppbpp,50.09140767824497,b,p,0,47.22222222222222
e2e71ca0-122c-4c0c-bd41-f77d2ba869a9,3670,14,9,pbpppppp,50.29239766081871,b,b,1,69.56521739130434
e2e71ca0-122c-4c0c-bd41-f77d2ba869a9,3670,15,9,bppppppb,50.78125,b,b,1,41.666666666666664
e2e71ca0-122c-4c0c-bd41-f77d2ba869a9,3670,16,9,pbbppbbp,50.331125827814574,p,b,0,46.42857142857143
e2e71ca0-122c-4c0c-bd41-f77d2ba869a9,3670,17,9,bppbbpbb,50.08460236886633,p,b,0,45.16129032258065
e2e71ca0-122c-4c0c-bd41-f77d2ba869a9,3670,18,9,pbbpbbbp,52.4451939291737,b,p,0,43.24324324324324
e2e71ca0-122c-4c0c-bd41-f77d2ba869a9,3670,19,9,bpbbbppb,52.412645590682196,p,p,1,40.90909090909091
e2e71ca0-122c-4c0c-bd41-f77d2ba869a9,3670,20,9,pbbbppbp,51.932773109243705,b,b,1,42.10526315789474
e2e71ca0-122c-4c0c-bd41-f77d2ba869a9,3670,21,9,bppbpbpb,50.26737967914438,p,b,0,57.142857142857146
e2e71ca0-122c-4c0c-bd41-f77d2ba869a9,3670,22,9,pbpbpbbp,51.5625,p,b,0,41.37931034482759
e2e71ca0-122c-4c0c-bd41-f77d2ba869a9,3670,23,9,bpbpbbpb,51.041666666666664,b,p,0,45.16129032258065
e2e71ca0-122c-4c0c-bd41-f77d2ba869a9,3670,25,9,bpbbpbpb,53.187919463087255,p,p,1,48.148148148148145
e2e71ca0-122c-4c0c-bd41-f77d2ba869a9,3670,26,9,pbbpbpbp,51.70178282009724,p,b,0,30.76923076923077
e2e71ca0-122c-4c0c-bd41-f77d2ba869a9,3670,27,9,bpbpbpbb,50.15923566878981,p,b,0,47.05882352941177
e2e71ca0-122c-4c0c-bd41-f77d2ba869a9,3670,28,9,pbpbpbbb,50.98684210526315,p,b,0,48.0
e2e71ca0-122c-4c0c-bd41-f77d2ba869a9,3671,1,9,pbbbbppp,50.094876660341555,b,p,0,50.0
e2e71ca0-122c-4c0c-bd41-f77d2ba869a9,3671,2,9,bppppbbb,51.49812734082397,b,p,0,48.275862068965516
e2e71ca0-122c-4c0c-bd41-f77d2ba869a9,3671,3,9,pbbbpbpp,50.760456273764255,p,p,1,40.0
e2e71ca0-122c-4c0c-bd41-f77d2ba869a9,3671,4,9,bpbppppb,52.972027972027966,b,p,0,48.83720930232558
e2e71ca0-122c-4c0c-bd41-f77d2ba869a9,3671,5,9,pbppppbp,52.90697674418605,b,p,0,40.0
e2e71ca0-122c-4c0c-bd41-f77d2ba869a9,3671,6,9,bppppbpp,50.09140767824497,b,b,1,47.22222222222222
e2e71ca0-122c-4c0c-bd41-f77d2ba869a9,3671,7,9,pbppbbpb,52.13815789473685,p,b,0,45.833333333333336
e2e71ca0-122c-4c0c-bd41-f77d2ba869a9,3671,8,9,bppbbpbb,50.08460236886633,p,b,0,45.16129032258065
e2e71ca0-122c-4c0c-bd41-f77d2ba869a9,3671,9,9,pbbpbbbp,52.4451939291737,b,p,0,43.24324324324324
e2e71ca0-122c-4c0c-bd41-f77d2ba869a9,3671,10,9,bpbbbppb,52.412645590682196,p,b,0,40.90909090909091
e2e71ca0-122c-4c0c-bd41-f77d2ba869a9,3671,11,9,pbbbppbb,53.30882352941176,b,b,1,41.935483870967744
e2e71ca0-122c-4c0c-bd41-f77d2ba869a9,3671,12,9,bppbbbbb,56.49819494584838,b,p,0,40.0
e2e71ca0-122c-4c0c-bd41-f77d2ba869a9,3671,13,9,pbbbbbpb,50.990990990990994,b,b,1,54.83870967741935
e2e71ca0-122c-4c0c-bd41-f77d2ba869a9,3671,14,9,bpbbbbpp,50.27027027027027,b,p,0,40.54054054054054
e2e71ca0-122c-4c0c-bd41-f77d2ba869a9,3671,15,9,pbbbbppp,50.094876660341555,b,p,0,50.0
e2e71ca0-122c-4c0c-bd41-f77d2ba869a9,3671,16,9,bppppppp,51.5625,b,p,0,40.0
e2e71ca0-122c-4c0c-bd41-f77d2ba869a9,3672,1,9,bppbpbpb,50.26737967914438,p,p,1,57.142857142857146
e2e71ca0-122c-4c0c-bd41-f77d2ba869a9,3672,5,9,bpbppppp,52.04460966542751,b,p,0,42.857142857142854
e2e71ca0-122c-4c0c-bd41-f77d2ba869a9,3672,6,9,pbpppppp,50.29239766081871,b,p,0,69.56521739130434
e2e71ca0-122c-4c0c-bd41-f77d2ba869a9,3672,7,9,bppppppp,51.5625,b,b,1,40.0
e2e71ca0-122c-4c0c-bd41-f77d2ba869a9,3672,8,9,pbbbpppp,54.73098330241187,b,p,0,47.82608695652174
e2e71ca0-122c-4c0c-bd41-f77d2ba869a9,3672,9,9,bppppppb,50.78125,b,p,0,41.666666666666664
e2e71ca0-122c-4c0c-bd41-f77d2ba869a9,3672,10,9,pbppbbpb,52.13815789473685,p,p,1,45.833333333333336
e2e71ca0-122c-4c0c-bd41-f77d2ba869a9,3672,11,9,bppbbpbp,50.34364261168385,p,b,0,60.714285714285715
e2e71ca0-122c-4c0c-bd41-f77d2ba869a9,3672,12,9,pbbpbpbp,51.70178282009724,p,b,0,30.76923076923077
e2e71ca0-122c-4c0c-bd41-f77d2ba869a9,3672,13,9,bpbpbpbp,50.81669691470054,p,p,1,48.38709677419355
e2e71ca0-122c-4c0c-bd41-f77d2ba869a9,3672,15,9,bpbpbppb,56.34266886326195,b,p,0,43.333333333333336
e2e71ca0-122c-4c0c-bd41-f77d2ba869a9,3672,17,9,bpbppbpb,50.0,b,b,1,50.0
e2e71ca0-122c-4c0c-bd41-f77d2ba869a9,3672,18,9,pbppbpbb,51.73041894353369,p,p,1,45.45454545454545
e2e71ca0-122c-4c0c-bd41-f77d2ba869a9,3672,20,9,pbpbbppp,54.87804878048781,b,p,0,33.333333333333336
e2e71ca0-122c-4c0c-bd41-f77d2ba869a9,3672,21,9,bpbbpppp,52.22222222222223,b,b,1,37.93103448275862
e2e71ca0-122c-4c0c-bd41-f77d2ba869a9,3672,22,9,pbbppppb,54.1958041958042,p,b,0,46.666666666666664
e2e71ca0-122c-4c0c-bd41-f77d2ba869a9,3672,23,9,bppppbbp,51.47313691507799,b,b,1,33.333333333333336
e2e71ca0-122c-4c0c-bd41-f77d2ba869a9,3672,24,9,pbbpbbbb,55.33661740558292,p,p,1,42.42424242424242
e2e71ca0-122c-4c0c-bd41-f77d2ba869a9,3672,25,9,bpbbbbpb,50.63492063492063,b,p,0,59.57446808510638
e2e71ca0-122c-4c0c-bd41-f77d2ba869a9,3672,26,9,pbbbbpbp,51.4480408858603,p,b,0,46.42857142857143
e2e71ca0-122c-4c0c-bd41-f77d2ba869a9,3673,2,9,bpbpbpbp,50.81669691470054,p,p,1,48.38709677419355
e2e71ca0-122c-4c0c-bd41-f77d2ba869a9,3673,4,9,bpbpbppb,56.34266886326195,b,p,0,43.333333333333336
e2e71ca0-122c-4c0c-bd41-f77d2ba869a9,3673,6,9,bpbppbpp,50.0,p,p,1,44.827586206896555
e2e71ca0-122c-4c0c-bd41-f77d2ba869a9,3673,8,9,bppbpppp,50.70140280561122,b,p,0,53.48837209302326
e2e71ca0-122c-4c0c-bd41-f77d2ba869a9,3673,9,9,pbpppppp,50.29239766081871,b,b,1,69.56521739130434
e2e71ca0-122c-4c0c-bd41-f77d2ba869a9,3673,10,9,bppppppb,50.78125,b,b,1,41.666666666666664
e2e71ca0-122c-4c0c-bd41-f77d2ba869a9,3673,12,9,bppppppp,51.5625,b,p,0,40.0
e2e71ca0-122c-4c0c-bd41-f77d2ba869a9,3673,13,9,pbppppbb,50.08695652173913,b,p,0,47.36842105263158
e2e71ca0-122c-4c0c-bd41-f77d2ba869a9,3673,14,9,bppppbbp,51.47313691507799,b,b,1,33.333333333333336
e2e71ca0-122c-4c0c-bd41-f77d2ba869a9,3673,18,9,bpbbbpbp,51.16666666666667,b,b,1,46.42857142857143
e2e71ca0-122c-4c0c-bd41-f77d2ba869a9,3673,21,9,pbpbpppb,53.14183123877917,b,b,1,41.666666666666664
e2e71ca0-122c-4c0c-bd41-f77d2ba869a9,3673,22,9,bpbpppbb,50.8445945945946,p,b,0,36.666666666666664
e2e71ca0-122c-4c0c-bd41-f77d2ba869a9,3673,26,9,bpbpbppb,56.34266886326195,b,b,1,43.333333333333336
e2e71ca0-122c-4c0c-bd41-f77d2ba869a9,3673,27,9,pbpbppbb,51.1326860841424,p,b,0,47.61904761904762
b75ec299-d8e8-4a3f-8984-20502e89ec98,3674,1,9,bppbpppb,50.36363636363637,b,p,0,50.0
b75ec299-d8e8-4a3f-8984-20502e89ec98,3674,2,9,pbpppbpb,50.54744525547446,b,b,1,42.10526315789474
b75ec299-d8e8-4a3f-8984-20502e89ec98,3674,3,9,bpppbpbb,50.4302925989673,p,b,0,36.36363636363637
b75ec299-d8e8-4a3f-8984-20502e89ec98,3674,5,9,bpbbbpbp,51.162790697674424,b,b,1,46.42857142857143
b75ec299-d8e8-4a3f-8984-20502e89ec98,3674,8,9,pbpbbbpp,53.184165232358005,b,b,1,48.888888888888886
b75ec299-d8e8-4a3f-8984-20502e89ec98,3674,9,9,bpbbbppb,52.40464344941957,p,b,0,40.90909090909091
b75ec299-d8e8-4a3f-8984-20502e89ec98,3674,10,9,pbbbppbb,53.47985347985348,b,p,0,41.935483870967744
b75ec299-d8e8-4a3f-8984-20502e89ec98,3674,11,9,bppbbpbb,50.08403361344538,p,p,1,45.16129032258065
b75ec299-d8e8-4a3f-8984-20502e89ec98,3674,12,9,pbbpbbpb,50.22488755622189,b,p,0,56.0
b75ec299-d8e8-4a3f-8984-20502e89ec98,3674,13,9,bpbbpbpb,53.255425709515855,p,b,0,48.148148148148145
b75ec299-d8e8-4a3f-8984-20502e89ec98,3674,16,9,pbpbbbbb,50.66225165562914,b,b,1,55.0
b75ec299-d8e8-4a3f-8984-20502e89ec98,3674,18,9,pbbbbbbb,50.15923566878981,b,p,0,55.55555555555556
b75ec299-d8e8-4a3f-8984-20502e89ec98,3674,19,9,bpppbbbb,50.177935943060504,p,b,0,39.285714285714285
b75ec299-d8e8-4a3f-8984-20502e89ec98,3674,20,9,pbbbbbpb,50.987432675044886,b,p,0,54.83870967741935
b75ec299-d8e8-4a3f-8984-20502e89ec98,3675,1,9,bpppbpbp,52.17391304347826,b,p,0,46.15384615384615
b75ec299-d8e8-4a3f-8984-20502e89ec98,3675,3,9,bpbppbpb,50.177304964539005,b,p,0,50.0
b75ec299-d8e8-4a3f-8984-20502e89ec98,3675,4,9,pbppbpbp,51.273344651952456,p,b,0,57.89473684210526
b75ec299-d8e8-4a3f-8984-20502e89ec98,3675,5,9,bppbpbpb,50.26642984014209,p,b,0,57.142857142857146
b75ec299-d8e8-4a3f-8984-20502e89ec98,3675,6,9,pbpbpbbb,50.98039215686274,p,p,1,48.0
b75ec299-d8e8-4a3f-8984-20502e89ec98,3675,9,9,bpbbbpbp,51.162790697674424,b,b,1,46.42857142857143
b75ec299-d8e8-4a3f-8984-20502e89ec98,3675,12,9,pbpbbbbb,50.66225165562914,b,p,0,55.0
b75ec299-d8e8-4a3f-8984-20502e89ec98,3675,13,9,bpbbbbbp,51.97934595524957,p,b,0,47.82608695652174
b75ec299-d8e8-4a3f-8984-20502e89ec98,3675,14,9,pbbbbbpb,50.987432675044886,b,b,1,54.83870967741935
b75ec299-d8e8-4a3f-8984-20502e89ec98,3675,15,9,bpbbpppb,51.97472353870458,b,p,0,45.833333333333336
b75ec299-d8e8-4a3f-8984-20502e89ec98,3675,16,9,pbbpppbp,54.36241610738255,b,p,0,47.22222222222222
b75ec299-d8e8-4a3f-8984-20502e89ec98,3675,17,9,bpppbppp,51.92660550458715,b,b,1,34.48275862068966
b75ec299-d8e8-4a3f-8984-20502e89ec98,3675,18,9,pbpppbpp,51.02420856610801,p,b,0,57.142857142857146
b75ec299-d8e8-4a3f-8984-20502e89ec98,3675,19,9,bpppbppb,50.09345794392524,b,p,0,50.0
b75ec299-d8e8-4a3f-8984-20502e89ec98,3675,21,9,bppbpppb,50.36363636363637,b,p,0,50.0
b75ec299-d8e8-4a3f-8984-20502e89ec98,3675,22,9,pbpppbpb,50.54744525547446,b,p,0,42.10526315789474
b75ec299-d8e8-4a3f-8984-20502e89ec98,3676,1,9,bpbbppbb,51.67785234899329,p,b,0,44.0
b75ec299-d8e8-4a3f-8984-20502e89ec98,3676,2,9,pbbppbbb,50.42301184433165,b,b,1,60.714285714285715
b75ec299-d8e8-4a3f-8984-20502e89ec98,3676,3,9,bppbbbbb,56.29496402877698,b,p,0,40.0
b75ec299-d8e8-4a3f-8984-20502e89ec98,3676,5,9,bppppppp,51.55038759689923,b,b,1,40.0
b75ec299-d8e8-4a3f-8984-20502e89ec98,3676,7,9,bpbpbpbb,50.079239302694134,b,p,0,47.05882352941177
b75ec299-d8e8-4a3f-8984-20502e89ec98,3676,8,9,pbpbpbbp,51.47313691507799,p,p,1,41.37931034482759
b75ec299-d8e8-4a3f-8984-20502e89ec98,3676,9,9,bpbpbbpp,50.08517887563884,b,b,1,58.62068965517241
b75ec299-d8e8-4a3f-8984-20502e89ec98,3676,10,9,pbpbbppb,50.78534031413613,b,b,1,50.0
b75ec299-d8e8-4a3f-8984-20502e89ec98,3676,11,9,bpbbppbb,51.67785234899329,p,p,1,44.0
b75ec299-d8e8-4a3f-8984-20502e89ec98,3676,12,9,pbbppbbp,50.330033003300336,p,p,1,46.42857142857143
b75ec299-d8e8-4a3f-8984-20502e89ec98,3676,13,9,bppbbppp,53.26278659611992,b,p,0,26.666666666666668
b75ec299-d8e8-4a3f-8984-20502e89ec98,3676,14,9,pbbppppb,54.2608695652174,p,b,0,46.666666666666664
b75ec299-d8e8-4a3f-8984-20502e89ec98,3676,15,9,bppppbbp,51.724137931034484,b,p,0,33.333333333333336
b75ec299-d8e8-4a3f-8984-20502e89ec98,3677,3,9,pbbpbppp,51.178451178451176,p,p,1,46.42857142857143
b75ec299-d8e8-4a3f-8984-20502e89ec98,3677,4,9,bpbppppb,52.879581151832454,b,p,0,48.83720930232558
b75ec299-d8e8-4a3f-8984-20502e89ec98,3677,5,9,pbppppbp,52.702702702702695,b,b,1,40.0
b75ec299-d8e8-4a3f-8984-20502e89ec98,3677,8,9,bpbppbbb,51.47540983606558,p,b,0,46.42857142857143
b75ec299-d8e8-4a3f-8984-20502e89ec98,3677,10,9,bppbbbbp,51.03448275862069,b,p,0,46.666666666666664
b75ec299-d8e8-4a3f-8984-20502e89ec98,3677,11,9,pbbbbppp,50.0,b,p,0,50.0
b75ec299-d8e8-4a3f-8984-20502e89ec98,3677,12,9,bppppbbb,51.30597014925373,b,p,0,48.275862068965516
b75ec299-d8e8-4a3f-8984-20502e89ec98,3677,13,9,pbbbpppb,51.21951219512195,p,b,0,44.0
b75ec299-d8e8-4a3f-8984-20502e89ec98,3677,14,9,bpppbbpp,50.54744525547446,p,p,1,53.84615384615385
b75ec299-d8e8-4a3f-8984-20502e89ec98,3677,16,9,bpppbbbb,50.177935943060504,p,b,0,39.285714285714285
b75ec299-d8e8-4a3f-8984-20502e89ec98,3677,17,9,pbbbbbbb,50.15923566878981,b,p,0,55.55555555555556
b75ec299-d8e8-4a3f-8984-20502e89ec98,3677,19,9,pbbbpbbb,51.13636363636363,p,p,1,36.8421052631579
b75ec299-d8e8-4a3f-8984-20502e89ec98,3677,20,9,bpbbbpbp,51.162790697674424,b,p,0,46.42857142857143
b75ec299-d8e8-4a3f-8984-20502e89ec98,3677,21,9,pbbbpbpp,50.85066162570888,p,b,0,40.0
b75ec299-d8e8-4a3f-8984-20502e89ec98,3677,22,9,bpbppbpp,50.0,p,b,0,44.827586206896555
b75ec299-d8e8-4a3f-8984-20502e89ec98,3677,23,9,pbppbppb,53.901996370235935,b,p,0,46.42857142857143
b75ec299-d8e8-4a3f-8984-20502e89ec98,3678,1,9,bppbbbbb,56.29496402877698,b,b,1,40.0
b75ec299-d8e8-4a3f-8984-20502e89ec98,3678,2,9,pbbbbbbp,52.112676056338024,p,p,1,46.875
b75ec299-d8e8-4a3f-8984-20502e89ec98,3678,3,9,bpppbpbb,50.4302925989673,p,b,0,36.36363636363637
b75ec299-d8e8-4a3f-8984-20502e89ec98,3678,4,9,pbpbbbbp,53.916211293260474,b,b,1,47.22222222222222
b75ec299-d8e8-4a3f-8984-20502e89ec98,3678,5,9,bpbbbbpb,50.78864353312302,b,b,1,59.57446808510638
b75ec299-d8e8-4a3f-8984-20502e89ec98,3678,6,9,pbbbbpbb,52.666666666666664,p,p,1,38.46153846153846
b75ec299-d8e8-4a3f-8984-20502e89ec98,3678,7,9,bpbbpbpb,53.255425709515855,p,p,1,48.148148148148145
b75ec299-d8e8-4a3f-8984-20502e89ec98,3678,8,9,pbbpbpbp,51.45161290322581,p,b,0,30.76923076923077
b75ec299-d8e8-4a3f-8984-20502e89ec98,3678,9,9,bpbpbpbb,50.079239302694134,b,b,1,47.05882352941177
b75ec299-d8e8-4a3f-8984-20502e89ec98,3678,10,9,pbpbpbbb,50.98039215686274,p,b,0,48.0
b75ec299-d8e8-4a3f-8984-20502e89ec98,3678,12,9,pbpbbbbp,53.916211293260474,b,b,1,47.22222222222222
b75ec299-d8e8-4a3f-8984-20502e89ec98,3678,13,9,bpbbbbpb,50.78864353312302,b,p,0,59.57446808510638
b75ec299-d8e8-4a3f-8984-20502e89ec98,3678,14,9,pbbbbpbp,51.273344651952456,p,p,1,46.42857142857143
b75ec299-d8e8-4a3f-8984-20502e89ec98,3678,15,9,bpbpppbb,50.7563025210084,p,p,1,36.666666666666664
b75ec299-d8e8-4a3f-8984-20502e89ec98,3678,16,9,pbpppbbp,51.17540687160941,b,b,1,52.17391304347826
b75ec299-d8e8-4a3f-8984-20502e89ec98,3678,17,9,bpppbbpb,50.331125827814574,p,p,1,60.714285714285715
b75ec299-d8e8-4a3f-8984-20502e89ec98,3678,18,9,pbbpbppb,51.51006711409396,b,p,0,43.333333333333336
b75ec299-d8e8-4a3f-8984-20502e89ec98,3678,19,9,bpbppbpb,50.177304964539005,b,b,1,50.0
b75ec299-d8e8-4a3f-8984-20502e89ec98,3678,20,9,pbppbpbb,51.81159420289855,p,p,1,45.45454545454545
b75ec299-d8e8-4a3f-8984-20502e89ec98,3678,22,9,pbpbbppb,50.78534031413613,b,p,0,50.0
b75ec299-d8e8-4a3f-8984-20502e89ec98,3678,23,9,bpbbppbp,51.40845070422535,b,b,1,45.16129032258065
b75ec299-d8e8-4a3f-8984-20502e89ec98,3679,1,9,pbbbbbbp,52.112676056338024,p,b,0,46.875
b75ec299-d8e8-4a3f-8984-20502e89ec98,3679,3,9,pbbpbppp,51.178451178451176,p,b,0,46.42857142857143
b75ec299-d8e8-4a3f-8984-20502e89ec98,3679,4,9,bpbpppbp,52.74102079395085,b,p,0,44.827586206896555
b75ec299-d8e8-4a3f-8984-20502e89ec98,3679,5,9,pbpppbpp,51.02420856610801,p,b,0,57.142857142857146
b75ec299-d8e8-4a3f-8984-20502e89ec98,3679,6,9,bpppbppb,50.09345794392524,b,b,1,50.0
b75ec299-d8e8-4a3f-8984-20502e89ec98,3679,8,9,bppbbbbp,51.03448275862069,b,b,1,46.666666666666664
b75ec299-d8e8-4a3f-8984-20502e89ec98,3679,9,9,pbbbbpbb,52.666666666666664,p,b,0,38.46153846153846
b75ec299-d8e8-4a3f-8984-20502e89ec98,3679,10,9,bpbbbbpb,50.78864353312302,b,b,1,59.57446808510638
b75ec299-d8e8-4a3f-8984-20502e89ec98,3679,11,9,pbbbbpbb,52.666666666666664,p,p,1,38.46153846153846
b75ec299-d8e8-4a3f-8984-20502e89ec98,3679,13,9,pbbpbppp,51.178451178451176,p,p,1,46.42857142857143
b75ec299-d8e8-4a3f-8984-20502e89ec98,3679,14,9,bpbppppp,51.85185185185185,b,p,0,42.857142857142854
b75ec299-d8e8-4a3f-8984-20502e89ec98,3679,15,9,pbpppppp,50.29013539651837,b,p,0,69.56521739130434
b75ec299-d8e8-4a3f-8984-20502e89ec98,3679,16,9,bppppppp,51.55038759689923,b,b,1,40.0
b75ec299-d8e8-4a3f-8984-20502e89ec98,3680,2,9,bpbppppb,52.879581151832454,b,b,1,48.83720930232558
b75ec299-d8e8-4a3f-8984-20502e89ec98,3680,3,9,pbppppbb,50.0,b,b,1,47.36842105263158
b75ec299-d8e8-4a3f-8984-20502e89ec98,3680,4,9,bppppbbb,51.30597014925373,b,p,0,48.275862068965516
b75ec299-d8e8-4a3f-8984-20502e89ec98,3680,6,9,bpbbpppp,52.398523985239855,b,b,1,37.93103448275862
b75ec299-d8e8-4a3f-8984-20502e89ec98,3680,7,9,pbbppppb,54.2608695652174,p,b,0,46.666666666666664
b75ec299-d8e8-4a3f-8984-20502e89ec98,3680,8,9,bppppbbb,51.30597014925373,b,b,1,48.275862068965516
b75ec299-d8e8-4a3f-8984-20502e89ec98,3680,10,9,bppbpbpb,50.26642984014209,p,p,1,57.142857142857146
b75ec299-d8e8-4a3f-8984-20502e89ec98,3680,12,9,bpbpbpbp,50.90252707581227,p,p,1,48.38709677419355
b75ec299-d8e8-4a3f-8984-20502e89ec98,3680,16,9,bpbppppb,52.879581151832454,b,b,1,48.83720930232558
b75ec299-d8e8-4a3f-8984-20502e89ec98,3680,17,9,pbppppbb,50.0,b,b,1,47.36842105263158
b75ec299-d8e8-4a3f-8984-20502e89ec98,3680,18,9,bppppbbb,51.30597014925373,b,p,0,48.275862068965516
b75ec299-d8e8-4a3f-8984-20502e89ec98,3680,19,9,pbbbpbpp,50.85066162570888,p,b,0,40.0
b75ec299-d8e8-4a3f-8984-20502e89ec98,3680,20,9,bpbppbpb,50.177304964539005,b,p,0,50.0
b75ec299-d8e8-4a3f-8984-20502e89ec98,3680,21,9,pbppbpbp,51.273344651952456,p,b,0,57.89473684210526
b75ec299-d8e8-4a3f-8984-20502e89ec98,3680,22,9,bppbpbpb,50.26642984014209,p,b,0,57.142857142857146
b75ec299-d8e8-4a3f-8984-20502e89ec98,3680,23,9,pbpbpbbb,50.98039215686274,p,b,0,48.0
b75ec299-d8e8-4a3f-8984-20502e89ec98,3680,25,9,pbpbbbbb,50.66225165562914,b,p,0,55.0
b75ec299-d8e8-4a3f-8984-20502e89ec98,3680,26,9,bpbbbbbp,51.97934595524957,p,b,0,47.82608695652174
b75ec299-d8e8-4a3f-8984-20502e89ec98,3680,27,9,pbbbbbpb,50.987432675044886,b,p,0,54.83870967741935
b75ec299-d8e8-4a3f-8984-20502e89ec98,3680,28,9,bpbpbpbp,50.90252707581227,p,b,0,48.38709677419355
b75ec299-d8e8-4a3f-8984-20502e89ec98,3680,30,9,bpbpbpbb,50.079239302694134,b,b,1,47.05882352941177
b75ec299-d8e8-4a3f-8984-20502e89ec98,3680,31,9,pbpbpbbb,50.98039215686274,p,p,1,48.0
b75ec299-d8e8-4a3f-8984-20502e89ec98,3680,34,9,bpbbbpbb,50.07518796992482,b,b,1,44.44444444444444
b75ec299-d8e8-4a3f-8984-20502e89ec98,3680,35,9,pbbbpbbb,51.13636363636363,p,b,0,36.8421052631579
b75ec299-d8e8-4a3f-8984-20502e89ec98,3681,1,9,pbppbppb,53.901996370235935,b,b,1,46.42857142857143
b75ec299-d8e8-4a3f-8984-20502e89ec98,3681,3,9,pbppbbpp,53.44827586206896,b,b,1,41.935483870967744
b75ec299-d8e8-4a3f-8984-20502e89ec98,3681,4,9,bppbbppb,50.16611295681063,b,b,1,41.1764705882353
b75ec299-d8e8-4a3f-8984-20502e89ec98,3681,5,9,pbbppbbp,50.330033003300336,p,p,1,46.42857142857143
b75ec299-d8e8-4a3f-8984-20502e89ec98,3681,6,9,bppbbppp,53.26278659611992,b,b,1,26.666666666666668
b75ec299-d8e8-4a3f-8984-20502e89ec98,3681,8,9,bpppbbpb,50.331125827814574,p,p,1,60.714285714285715
b75ec299-d8e8-4a3f-8984-20502e89ec98,3681,9,9,pbbpbpbp,51.45161290322581,p,b,0,30.76923076923077
b75ec299-d8e8-4a3f-8984-20502e89ec98,3681,10,9,bpbpbpbp,50.90252707581227,p,b,0,48.38709677419355
b75ec299-d8e8-4a3f-8984-20502e89ec98,3681,12,9,bpbpbpbb,50.079239302694134,b,p,0,47.05882352941177
b75ec299-d8e8-4a3f-8984-20502e89ec98,3681,13,9,pbpbpbbp,51.47313691507799,p,b,0,41.37931034482759
b75ec299-d8e8-4a3f-8984-20502e89ec98,3681,14,9,bpbpbbpb,50.95320623916811,b,p,0,45.16129032258065
b75ec299-d8e8-4a3f-8984-20502e89ec98,3681,17,9,pbbpbppp,51.178451178451176,p,b,0,46.42857142857143
b75ec299-d8e8-4a3f-8984-20502e89ec98,3681,18,9,bpbpppbb,50.7563025210084,p,b,0,36.666666666666664
b75ec299-d8e8-4a3f-8984-20502e89ec98,3681,24,9,bpbppppb,52.879581151832454,b,p,0,48.83720930232558
b75ec299-d8e8-4a3f-8984-20502e89ec98,3681,25,9,pbppppbp,52.702702702702695,b,b,1,40.0
b75ec299-d8e8-4a3f-8984-20502e89ec98,3681,27,9,pbpbbbbp,53.916211293260474,b,b,1,47.22222222222222
b75ec299-d8e8-4a3f-8984-20502e89ec98,3681,28,9,bpbbbbpb,50.78864353312302,b,b,1,59.57446808510638
b75ec299-d8e8-4a3f-8984-20502e89ec98,3681,29,9,pbbbbpbb,52.666666666666664,p,b,0,38.46153846153846
b75ec299-d8e8-4a3f-8984-20502e89ec98,3682,1,9,pbbbbbbp,52.112676056338024,p,p,1,46.875
b75ec299-d8e8-4a3f-8984-20502e89ec98,3682,3,9,pbpbbppb,50.78534031413613,b,p,0,50.0
b75ec299-d8e8-4a3f-8984-20502e89ec98,3682,4,9,bpbbppbp,51.40845070422535,b,p,0,45.16129032258065
b75ec299-d8e8-4a3f-8984-20502e89ec98,3682,7,9,pbppbppb,53.901996370235935,b,p,0,46.42857142857143
b75ec299-d8e8-4a3f-8984-20502e89ec98,3682,9,9,pbppbpbp,51.273344651952456,p,p,1,57.89473684210526
b75ec299-d8e8-4a3f-8984-20502e89ec98,3682,11,9,pbpbpppb,53.2258064516129,b,p,0,41.666666666666664
b75ec299-d8e8-4a3f-8984-20502e89ec98,3682,12,9,bpbpppbp,52.74102079395085,b,b,1,44.827586206896555
b75ec299-d8e8-4a3f-8984-20502e89ec98,3682,13,9,pbpppbpb,50.54744525547446,b,p,0,42.10526315789474
b75ec299-d8e8-4a3f-8984-20502e89ec98,3682,14,9,bpppbpbp,52.17391304347826,b,p,0,46.15384615384615
b75ec299-d8e8-4a3f-8984-20502e89ec98,3682,16,9,bpbppbpp,50.0,p,b,0,44.827586206896555
b75ec299-d8e8-4a3f-8984-20502e89ec98,3682,17,9,pbppbppb,53.901996370235935,b,p,0,46.42857142857143
b75ec299-d8e8-4a3f-8984-20502e89ec98,3682,19,9,pbppbpbb,51.81159420289855,p,b,0,45.45454545454545
b75ec299-d8e8-4a3f-8984-20502e89ec98,3682,20,9,bppbpbbb,52.57731958762887,p,b,0,48.93617021276596
b75ec299-d8e8-4a3f-8984-20502e89ec98,3682,21,9,pbpbbbbb,50.66225165562914,b,b,1,55.0
b75ec299-d8e8-4a3f-8984-20502e89ec98,3682,23,9,pbbbbbbp,52.112676056338024,p,b,0,46.875
b75ec299-d8e8-4a3f-8984-20502e89ec98,3682,24,9,bpbpbppb,56.35179153094463,b,p,0,43.333333333333336
b75ec299-d8e8-4a3f-8984-20502e89ec98,3682,26,9,bpbppbpb,50.177304964539005,b,p,0,50.0
b75ec299-d8e8-4a3f-8984-20502e89ec98,3682,27,9,pbppbpbp,51.273344651952456,p,p,1,57.89473684210526
b75ec299-d8e8-4a3f-8984-20502e89ec98,3682,30,9,bpbppbbb,51.47540983606558,p,p,1,46.42857142857143
b75ec299-d8e8-4a3f-8984-20502e89ec98,3683,1,9,pbpppbbp,51.17540687160941,b,b,1,52.17391304347826
b75ec299-d8e8-4a3f-8984-20502e89ec98,3683,2,9,bpppbbpb,50.331125827814574,p,p,1,60.714285714285715
b75ec299-d8e8-4a3f-8984-20502e89ec98,3683,6,9,bpbbbpbb,50.07518796992482,b,b,1,44.44444444444444
b75ec299-d8e8-4a3f-8984-20502e89ec98,3683,7,9,pbbbpbbb,51.13636363636363,p,b,0,36.8421052631579
b75ec299-d8e8-4a3f-8984-20502e89ec98,3683,8,9,bpbbbbpp,50.269299820466784,b,p,0,40.54054054054054
b75ec299-d8e8-4a3f-8984-20502e89ec98,3683,9,9,pbbbbppp,50.0,b,b,1,50.0
b75ec299-d8e8-4a3f-8984-20502e89ec98,3683,10,9,bpppbbpp,50.54744525547446,p,b,0,53.84615384615385
b75ec299-d8e8-4a3f-8984-20502e89ec98,3683,11,9,pbbppbbp,50.330033003300336,p,p,1,46.42857142857143
b75ec299-d8e8-4a3f-8984-20502e89ec98,3683,12,9,bppbbppb,50.16611295681063,b,p,0,41.1764705882353
b75ec299-d8e8-4a3f-8984-20502e89ec98,3683,13,9,pbbppbpb,52.29202037351443,b,b,1,37.83783783783784
b75ec299-d8e8-4a3f-8984-20502e89ec98,3683,14,9,bppbpbbb,52.57731958762887,p,b,0,48.93617021276596
b75ec299-d8e8-4a3f-8984-20502e89ec98,3683,15,9,pbpbbbbb,50.66225165562914,b,b,1,55.0
b75ec299-d8e8-4a3f-8984-20502e89ec98,3683,17,9,pbbbbbbp,52.112676056338024,p,p,1,46.875
b75ec299-d8e8-4a3f-8984-20502e89ec98,3683,18,9,bppbbbpb,52.32558139534884,b,b,1,48.484848484848484
b75ec299-d8e8-4a3f-8984-20502e89ec98,3683,19,9,pbbbpbbb,51.13636363636363,p,p,1,36.8421052631579
b75ec299-d8e8-4a3f-8984-20502e89ec98,3683,20,9,bpbbbppp,50.18867924528302,p,p,1,36.8421052631579
b75ec299-d8e8-4a3f-8984-20502e89ec98,3683,21,9,pbbbpppp,54.79704797047971,b,p,0,47.82608695652174
b75ec299-d8e8-4a3f-8984-20502e89ec98,3683,22,9,bppppppp,51.55038759689923,b,b,1,40.0
6eb419a0-01b3-4c46-ba49-5f04d5669153,3684,2,9,bpppbbbb,50.0,p,p,1,39.285714285714285
6eb419a0-01b3-4c46-ba49-5f04d5669153,3684,5,9,pbpbbppp,54.861111111111114,b,p,0,33.333333333333336
6eb419a0-01b3-4c46-ba49-5f04d5669153,3684,6,9,bpbbpppp,52.48618784530387,b,p,0,37.93103448275862
6eb419a0-01b3-4c46-ba49-5f04d5669153,3684,7,9,pbbppppp,50.0,b,b,1,43.47826086956522
6eb419a0-01b3-4c46-ba49-5f04d5669153,3684,8,9,bpppppbp,50.664136622390885,b,b,1,55.172413793103445
6eb419a0-01b3-4c46-ba49-5f04d5669153,3684,10,9,bpbbbpbb,50.22488755622189,b,b,1,44.44444444444444
6eb419a0-01b3-4c46-ba49-5f04d5669153,3684,11,9,pbbbpbbb,51.12903225806451,p,p,1,36.8421052631579
6eb419a0-01b3-4c46-ba49-5f04d5669153,3684,12,9,bpbbbpbp,51.2396694214876,b,b,1,46.42857142857143
6eb419a0-01b3-4c46-ba49-5f04d5669153,3684,14,9,bpbpbbpb,50.86505190311419,b,b,1,45.16129032258065
6eb419a0-01b3-4c46-ba49-5f04d5669153,3684,15,9,pbpbbpbb,50.74875207986689,p,b,0,39.02439024390244
6eb419a0-01b3-4c46-ba49-5f04d5669153,3685,1,9,pbbbbpbp,51.355932203389834,p,p,1,46.42857142857143
6eb419a0-01b3-4c46-ba49-5f04d5669153,3685,2,9,bpbpppbb,50.753768844221106,p,b,0,36.666666666666664
6eb419a0-01b3-4c46-ba49-5f04d5669153,3685,5,9,pbbbpbbb,51.12903225806451,p,b,0,36.8421052631579
6eb419a0-01b3-4c46-ba49-5f04d5669153,3685,6,9,bpbbbbbp,51.80102915951973,p,b,0,47.82608695652174
6eb419a0-01b3-4c46-ba49-5f04d5669153,3685,7,9,pbbbbbpb,50.89285714285714,b,p,0,54.83870967741935
6eb419a0-01b3-4c46-ba49-5f04d5669153,3685,9,9,pbpbpppb,53.13059033989267,b,b,1,41.666666666666664
6eb419a0-01b3-4c46-ba49-5f04d5669153,3685,10,9,bpbpppbb,50.753768844221106,p,p,1,36.666666666666664
6eb419a0-01b3-4c46-ba49-5f04d5669153,3685,12,9,bpppbbpb,50.57660626029654,p,b,0,60.714285714285715
6eb419a0-01b3-4c46-ba49-5f04d5669153,3685,13,9,pbbpbbbp,52.18120805369127,b,p,0,43.24324324324324
6eb419a0-01b3-4c46-ba49-5f04d5669153,3685,14,9,bpbbbppp,50.282485875706215,p,p,1,36.8421052631579
6eb419a0-01b3-4c46-ba49-5f04d5669153,3685,15,9,pbbbpppp,54.69613259668509,b,b,1,47.82608695652174
6eb419a0-01b3-4c46-ba49-5f04d5669153,3685,16,9,bppppbbb,51.11111111111111,b,p,0,48.275862068965516
6eb419a0-01b3-4c46-ba49-5f04d5669153,3685,17,9,pbbbppbb,53.38208409506399,b,p,0,41.935483870967744
6eb419a0-01b3-4c46-ba49-5f04d5669153,3686,1,9,bppbpbbb,52.3972602739726,p,p,1,48.93617021276596
6eb419a0-01b3-4c46-ba49-5f04d5669153,3686,3,9,bpbbbpbb,50.22488755622189,b,b,1,44.44444444444444
6eb419a0-01b3-4c46-ba49-5f04d5669153,3686,4,9,pbbbpbbb,51.12903225806451,p,b,0,36.8421052631579
6eb419a0-01b3-4c46-ba49-5f04d5669153,3686,6,9,pbbbbbbp,52.18150087260035,p,b,0,46.875
6eb419a0-01b3-4c46-ba49-5f04d5669153,3686,7,9,bpbbbbpb,50.94043887147336,b,b,1,59.57446808510638
6eb419a0-01b3-4c46-ba49-5f04d5669153,3686,8,9,pbbbbpbb,52.64900662251656,p,p,1,38.46153846153846
6eb419a0-01b3-4c46-ba49-5f04d5669153,3686,10,9,pbbpbppb,51.42378559463987,b,p,0,43.333333333333336
6eb419a0-01b3-4c46-ba49-5f04d5669153,3686,11,9,bpbppbpp,50.18181818181818,b,p,0,44.827586206896555
6eb419a0-01b3-4c46-ba49-5f04d5669153,3686,13,9,bppbpppp,50.6,b,p,0,53.48837209302326
6eb419a0-01b3-4c46-ba49-5f04d5669153,3686,14,9,pbpppppp,50.19305019305019,b,p,0,69.56521739130434
6eb419a0-01b3-4c46-ba49-5f04d5669153,3686,15,9,bppppppp,51.83044315992292,b,p,0,40.0
6eb419a0-01b3-4c46-ba49-5f04d5669153,3686,18,9,pbpbpppb,53.13059033989267,b,b,1,41.666666666666664
6eb419a0-01b3-4c46-ba49-5f04d5669153,3686,19,9,bpbpppbb,50.753768844221106,p,p,1,36.666666666666664
6eb419a0-01b3-4c46-ba49-5f04d5669153,3686,21,9,bpppbbpb,50.57660626029654,p,p,1,60.714285714285715
6eb419a0-01b3-4c46-ba49-5f04d5669153,3686,22,9,pbbpbppb,51.42378559463987,b,p,0,43.333333333333336
6eb419a0-01b3-4c46-ba49-5f04d5669153,3686,23,9,bpbppbpb,50.0,b,p,0,50.0
6eb419a0-01b3-4c46-ba49-5f04d5669153,3686,24,9,pbppbpbp,51.264755480607086,p,p,1,57.89473684210526
6eb419a0-01b3-4c46-ba49-5f04d5669153,3686,27,9,bpbppppb,52.85961871750433,b,b,1,48.83720930232558
6eb419a0-01b3-4c46-ba49-5f04d5669153,3686,28,9,pbppppbb,50.17301038062284,b,b,1,47.36842105263158
6eb419a0-01b3-4c46-ba49-5f04d5669153,3686,29,9,bppppbbb,51.11111111111111,b,b,1,48.275862068965516
6eb419a0-01b3-4c46-ba49-5f04d5669153,3687,1,9,bppppbpp,50.27223230490018,b,p,0,47.22222222222222
6eb419a0-01b3-4c46-ba49-5f04d5669153,3687,3,9,bpppbbpp,50.54545454545455,p,p,1,53.84615384615385
6eb419a0-01b3-4c46-ba49-5f04d5669153,3687,6,9,pbbbppbb,53.38208409506399,b,p,0,41.935483870967744
6eb419a0-01b3-4c46-ba49-5f04d5669153,3687,7,9,bppbbpbp,50.25728987993139,p,p,1,60.714285714285715
6eb419a0-01b3-4c46-ba49-5f04d5669153,3687,8,9,pbbpbppp,51.17056856187291,p,p,1,46.42857142857143
6eb419a0-01b3-4c46-ba49-5f04d5669153,3687,9,9,bpbppppb,52.85961871750433,b,b,1,48.83720930232558
6eb419a0-01b3-4c46-ba49-5f04d5669153,3687,10,9,pbppppbb,50.17301038062284,b,p,0,47.36842105263158
6eb419a0-01b3-4c46-ba49-5f04d5669153,3687,11,9,bppppbbp,51.63511187607573,b,p,0,33.333333333333336
6eb419a0-01b3-4c46-ba49-5f04d5669153,3687,12,9,pbbppppb,54.07279029462738,p,p,1,46.666666666666664
6eb419a0-01b3-4c46-ba49-5f04d5669153,3687,15,9,bpbpbpbb,50.07874015748032,b,p,0,47.05882352941177
6eb419a0-01b3-4c46-ba49-5f04d5669153,3687,16,9,pbpbpbbp,51.46804835924007,p,b,0,41.37931034482759
6eb419a0-01b3-4c46-ba49-5f04d5669153,3687,17,9,bpbpbbpb,50.86505190311419,b,b,1,45.16129032258065
6eb419a0-01b3-4c46-ba49-5f04d5669153,3688,1,9,pbpbbbbp,54.166666666666664,b,b,1,47.22222222222222
6eb419a0-01b3-4c46-ba49-5f04d5669153,3688,2,9,bpbbbbpb,50.94043887147336,b,b,1,59.57446808510638
6eb419a0-01b3-4c46-ba49-5f04d5669153,3688,3,9,pbbbbpbb,52.64900662251656,p,b,0,38.46153846153846
6eb419a0-01b3-4c46-ba49-5f04d5669153,3688,4,9,bpbbbppp,50.282485875706215,p,p,1,36.8421052631579
6eb419a0-01b3-4c46-ba49-5f04d5669153,3688,5,9,pbbbpppp,54.69613259668509,b,p,0,47.82608695652174
6eb419a0-01b3-4c46-ba49-5f04d5669153,3688,6,9,bpppppbb,52.1415270018622,p,p,1,48.148148148148145
6eb419a0-01b3-4c46-ba49-5f04d5669153,3688,9,9,pbppbpbb,51.80505415162455,p,b,0,45.45454545454545
6eb419a0-01b3-4c46-ba49-5f04d5669153,3688,10,9,bppbpbbb,52.3972602739726,p,b,0,48.93617021276596
6eb419a0-01b3-4c46-ba49-5f04d5669153,3688,11,9,pbpbbbbb,50.73891625615764,b,b,1,55.0
6eb419a0-01b3-4c46-ba49-5f04d5669153,3688,13,9,pbbbbbbp,52.18150087260035,p,p,1,46.875
6eb419a0-01b3-4c46-ba49-5f04d5669153,3688,14,9,bppbpbbb,52.3972602739726,p,b,0,48.93617021276596
6eb419a0-01b3-4c46-ba49-5f04d5669153,3688,15,9,pbpbbbbb,50.73891625615764,b,p,0,55.0
6eb419a0-01b3-4c46-ba49-5f04d5669153,3688,16,9,bpbbbbbp,51.80102915951973,p,b,0,47.82608695652174
6eb419a0-01b3-4c46-ba49-5f04d5669153,3688,17,9,pbbbbbpb,50.89285714285714,b,p,0,54.83870967741935
6eb419a0-01b3-4c46-ba49-5f04d5669153,3688,18,9,bpbppbbp,51.59128978224455,b,p,0,48.38709677419355
6eb419a0-01b3-4c46-ba49-5f04d5669153,3688,19,9,pbppbbpp,53.528399311531835,b,b,1,41.935483870967744
6eb419a0-01b3-4c46-ba49-5f04d5669153,3689,3,9,bpbppppb,52.85961871750433,b,p,0,48.83720930232558
6eb419a0-01b3-4c46-ba49-5f04d5669153,3689,4,9,pbppppbp,52.88461538461539,b,b,1,40.0
6eb419a0-01b3-4c46-ba49-5f04d5669153,3689,6,9,pbpbbbbp,54.166666666666664,b,p,0,47.22222222222222
6eb419a0-01b3-4c46-ba49-5f04d5669153,3689,7,9,bpbbbbpp,50.179211469534046,b,p,0,40.54054054054054
6eb419a0-01b3-4c46-ba49-5f04d5669153,3689,8,9,pbbbbppp,50.0,b,p,0,50.0
6eb419a0-01b3-4c46-ba49-5f04d5669153,3689,9,9,bppppppb,50.873786407766985,b,p,0,41.666666666666664
6eb419a0-01b3-4c46-ba49-5f04d5669153,3689,11,9,bppbpppb,50.18115942028986,b,p,0,50.0
6eb419a0-01b3-4c46-ba49-5f04d5669153,3689,12,9,pbpppbpb,50.45372050816697,b,p,0,42.10526315789474
6eb419a0-01b3-4c46-ba49-5f04d5669153,3689,13,9,bpppbpbp,51.985559566786996,b,p,0,46.15384615384615
6eb419a0-01b3-4c46-ba49-5f04d5669153,3689,14,9,pbpbpppb,53.13059033989267,b,p,0,41.666666666666664
6eb419a0-01b3-4c46-ba49-5f04d5669153,3689,15,9,bpbpppbp,52.730696798493405,b,p,0,44.827586206896555
6eb419a0-01b3-4c46-ba49-5f04d5669153,3689,16,9,pbpppbpp,50.83487940630798,p,b,0,57.142857142857146
6eb419a0-01b3-4c46-ba49-5f04d5669153,3689,17,9,bpppbppb,50.09310986964618,b,b,1,50.0
6eb419a0-01b3-4c46-ba49-5f04d5669153,3689,18,9,pbppbbpp,53.528399311531835,b,p,0,41.935483870967744
6eb419a0-01b3-4c46-ba49-5f04d5669153,3689,19,9,bppbbppp,53.25131810193322,b,p,0,26.666666666666668
6eb419a0-01b3-4c46-ba49-5f04d5669153,3690,1,9,pbbbbbbb,50.0,p,b,0,55.55555555555556
6eb419a0-01b3-4c46-ba49-5f04d5669153,3690,2,9,bpbppbpb,50.0,b,b,1,50.0
6eb419a0-01b3-4c46-ba49-5f04d5669153,3690,3,9,pbppbpbb,51.80505415162455,p,p,1,45.45454545454545
6eb419a0-01b3-4c46-ba49-5f04d5669153,3690,5,9,pbpbbpbb,50.74875207986689,p,p,1,39.02439024390244
6eb419a0-01b3-4c46-ba49-5f04d5669153,3690,6,9,bpbbpbbp,55.4559043348281,b,p,0,47.916666666666664
6eb419a0-01b3-4c46-ba49-5f04d5669153,3690,7,9,pbbpbbpp,50.86505190311419,p,p,1,56.25
6eb419a0-01b3-4c46-ba49-5f04d5669153,3690,8,9,bpbbpppp,52.48618784530387,b,p,0,37.93103448275862
6eb419a0-01b3-4c46-ba49-5f04d5669153,3690,9,9,pbbppppp,50.0,b,p,0,43.47826086956522
6eb419a0-01b3-4c46-ba49-5f04d5669153,3690,10,9,bppppppb,50.873786407766985,b,p,0,41.666666666666664
6eb419a0-01b3-4c46-ba49-5f04d5669153,3690,13,9,pbpbpppb,53.13059033989267,b,b,1,41.666666666666664
6eb419a0-01b3-4c46-ba49-5f04d5669153,3690,14,9,bpbpppbb,50.753768844221106,p,b,0,36.666666666666664
6eb419a0-01b3-4c46-ba49-5f04d5669153,3690,16,9,bpppbbbb,50.0,p,b,0,39.285714285714285
6eb419a0-01b3-4c46-ba49-5f04d5669153,3690,17,9,pbbbbbpb,50.89285714285714,b,p,0,54.83870967741935
6eb419a0-01b3-4c46-ba49-5f04d5669153,3691,1,9,bpbppbbp,51.59128978224455,b,p,0,48.38709677419355
6eb419a0-01b3-4c46-ba49-5f04d5669153,3691,2,9,pbppbbpp,53.528399311531835,b,p,0,41.935483870967744
6eb419a0-01b3-4c46-ba49-5f04d5669153,3691,3,9,bppbbppp,53.25131810193322,b,b,1,26.666666666666668
6eb419a0-01b3-4c46-ba49-5f04d5669153,3691,7,9,bpbpbbpb,50.86505190311419,b,p,0,45.16129032258065
6eb419a0-01b3-4c46-ba49-5f04d5669153,3691,9,9,bpbbpbpb,53.244592346089846,p,p,1,48.148148148148145
6eb419a0-01b3-4c46-ba49-5f04d5669153,3691,10,9,pbbpbpbp,51.28617363344051,p,p,1,30.76923076923077
6eb419a0-01b3-4c46-ba49-5f04d5669153,3691,11,9,bpbpbppb,56.26016260162602,b,b,1,43.333333333333336
6eb419a0-01b3-4c46-ba49-5f04d5669153,3691,12,9,pbpbppbb,51.2,p,p,1,47.61904761904762
6eb419a0-01b3-4c46-ba49-5f04d5669153,3691,13,9,bpbppbbp,51.59128978224455,b,b,1,48.38709677419355
6eb419a0-01b3-4c46-ba49-5f04d5669153,3691,14,9,pbppbbpb,51.9607843137255,p,p,1,45.833333333333336
6eb419a0-01b3-4c46-ba49-5f04d5669153,3691,15,9,bppbbpbp,50.25728987993139,p,b,0,60.714285714285715
6eb419a0-01b3-4c46-ba49-5f04d5669153,3691,18,9,pbpbbbbp,54.166666666666664,b,b,1,47.22222222222222
6eb419a0-01b3-4c46-ba49-5f04d5669153,3691,19,9,bpbbbbpb,50.94043887147336,b,b,1,59.57446808510638
6eb419a0-01b3-4c46-ba49-5f04d5669153,3691,20,9,pbbbbpbb,52.64900662251656,p,p,1,38.46153846153846
10f3034f-fcc1-48bb-8bc5-2ee4ba738da3,3692,1,9,bpppppbp,50.75757575757576,b,p,0,55.172413793103445
10f3034f-fcc1-48bb-8bc5-2ee4ba738da3,3692,2,9,pbppbppb,53.69369369369369,b,b,1,46.42857142857143
10f3034f-fcc1-48bb-8bc5-2ee4ba738da3,3692,4,9,pbppbbpp,53.42465753424658,b,b,1,41.935483870967744
10f3034f-fcc1-48bb-8bc5-2ee4ba738da3,3692,5,9,bppbbppb,50.16556291390728,b,p,0,41.1764705882353
10f3034f-fcc1-48bb-8bc5-2ee4ba738da3,3692,7,9,bppbpppp,50.49900199600798,b,p,0,53.48837209302326
10f3034f-fcc1-48bb-8bc5-2ee4ba738da3,3692,8,9,pbpppppp,50.09633911368015,b,b,1,69.56521739130434
10f3034f-fcc1-48bb-8bc5-2ee4ba738da3,3692,9,9,bppppppb,50.67698259187621,b,b,1,41.666666666666664
10f3034f-fcc1-48bb-8bc5-2ee4ba738da3,3692,11,9,bppbpppb,50.09041591320072,b,p,0,50.0
10f3034f-fcc1-48bb-8bc5-2ee4ba738da3,3692,12,9,pbpppbpp,50.74074074074074,p,b,0,57.142857142857146
10f3034f-fcc1-48bb-8bc5-2ee4ba738da3,3692,13,9,bpppbppb,50.18587360594795,b,p,0,50.0
10f3034f-fcc1-48bb-8bc5-2ee4ba738da3,3692,14,9,pbppbpbb,51.798561151079134,p,p,1,45.45454545454545
10f3034f-fcc1-48bb-8bc5-2ee4ba738da3,3692,17,9,bpbbpbpb,53.32225913621262,p,p,1,48.148148148148145
10f3034f-fcc1-48bb-8bc5-2ee4ba738da3,3692,18,9,pbbpbpbp,51.36436597110754,p,b,0,30.76923076923077
10f3034f-fcc1-48bb-8bc5-2ee4ba738da3,3692,19,9,bpbpbpbp,50.80789946140036,p,b,0,48.38709677419355
10f3034f-fcc1-48bb-8bc5-2ee4ba738da3,3692,21,9,bpbpbpbp,50.80789946140036,p,b,0,48.38709677419355
10f3034f-fcc1-48bb-8bc5-2ee4ba738da3,3692,23,9,bpbpbpbb,50.0,p,p,1,47.05882352941177
10f3034f-fcc1-48bb-8bc5-2ee4ba738da3,3692,24,9,pbpbpbbp,51.37931034482759,p,b,0,41.37931034482759
10f3034f-fcc1-48bb-8bc5-2ee4ba738da3,3692,25,9,bpbpbbpb,50.94664371772806,b,p,0,45.16129032258065
10f3034f-fcc1-48bb-8bc5-2ee4ba738da3,3692,28,9,pbbpbppb,51.25208681135225,b,b,1,43.333333333333336
10f3034f-fcc1-48bb-8bc5-2ee4ba738da3,3692,29,9,bpbppbbp,51.5,b,b,1,48.38709677419355
10f3034f-fcc1-48bb-8bc5-2ee4ba738da3,3693,1,9,bpbpbpbb,50.0,p,b,0,47.05882352941177
10f3034f-fcc1-48bb-8bc5-2ee4ba738da3,3693,2,9,pbpbpbbb,50.97402597402597,p,p,1,48.0
10f3034f-fcc1-48bb-8bc5-2ee4ba738da3,3693,5,9,bpbbbpbp,51.320132013201324,b,b,1,46.42857142857143
10f3034f-fcc1-48bb-8bc5-2ee4ba738da3,3693,7,9,bpbpbpbb,50.0,p,p,1,47.05882352941177
10f3034f-fcc1-48bb-8bc5-2ee4ba738da3,3693,8,9,pbpbpbbp,51.37931034482759,p,b,0,41.37931034482759
10f3034f-fcc1-48bb-8bc5-2ee4ba738da3,3693,9,9,bpbpbbpb,50.94664371772806,b,b,1,45.16129032258065
10f3034f-fcc1-48bb-8bc5-2ee4ba738da3,3693,10,9,pbpbbpbb,50.74626865671642,p,p,1,39.02439024390244
10f3034f-fcc1-48bb-8bc5-2ee4ba738da3,3693,11,9,bpbbpbbp,55.37313432835821,b,p,0,47.916666666666664
10f3034f-fcc1-48bb-8bc5-2ee4ba738da3,3693,12,9,pbbpbbpp,50.94991364421416,p,b,0,56.25
10f3034f-fcc1-48bb-8bc5-2ee4ba738da3,3693,13,9,bpbbppbb,51.67224080267558,p,p,1,44.0
10f3034f-fcc1-48bb-8bc5-2ee4ba738da3,3693,14,9,pbbppbbp,50.57471264367817,p,p,1,46.42857142857143
10f3034f-fcc1-48bb-8bc5-2ee4ba738da3,3693,15,9,bppbbppb,50.16556291390728,b,b,1,41.1764705882353
10f3034f-fcc1-48bb-8bc5-2ee4ba738da3,3693,16,9,pbbppbbp,50.57471264367817,p,p,1,46.42857142857143
10f3034f-fcc1-48bb-8bc5-2ee4ba738da3,3693,17,9,bppbbppp,53.239929947460595,b,b,1,26.666666666666668
10f3034f-fcc1-48bb-8bc5-2ee4ba738da3,3693,18,9,pbbpppbp,54.2713567839196,b,b,1,47.22222222222222
10f3034f-fcc1-48bb-8bc5-2ee4ba738da3,3693,19,9,bpppbpbp,51.891891891891895,b,b,1,46.15384615384615
10f3034f-fcc1-48bb-8bc5-2ee4ba738da3,3693,21,9,bpbpbpbp,50.80789946140036,p,b,0,48.38709677419355
10f3034f-fcc1-48bb-8bc5-2ee4ba738da3,3693,23,9,bpbpbpbp,50.80789946140036,p,p,1,48.38709677419355
10f3034f-fcc1-48bb-8bc5-2ee4ba738da3,3693,26,9,pbpbpppb,53.285968028419184,b,b,1,41.666666666666664
10f3034f-fcc1-48bb-8bc5-2ee4ba738da3,3693,27,9,bpbpppbb,50.74875207986689,p,p,1,36.666666666666664
10f3034f-fcc1-48bb-8bc5-2ee4ba738da3,3693,29,9,bpppbbpb,50.57471264367817,p,b,0,60.714285714285715
10f3034f-fcc1-48bb-8bc5-2ee4ba738da3,3693,30,9,pbbpbbpb,50.1497005988024,b,b,1,56.0
10f3034f-fcc1-48bb-8bc5-2ee4ba738da3,3693,31,9,bpbbpbbp,55.37313432835821,b,b,1,47.916666666666664
10f3034f-fcc1-48bb-8bc5-2ee4ba738da3,3694,2,9,bpbbbpbp,51.320132013201324,b,p,0,46.42857142857143
10f3034f-fcc1-48bb-8bc5-2ee4ba738da3,3694,3,9,pbbbpbpp,50.65913370998116,p,p,1,40.0
10f3034f-fcc1-48bb-8bc5-2ee4ba738da3,3694,4,9,bpbpppbp,52.63157894736842,b,b,1,44.827586206896555
10f3034f-fcc1-48bb-8bc5-2ee4ba738da3,3694,5,9,pbpppbpb,50.36231884057971,b,p,0,42.10526315789474
10f3034f-fcc1-48bb-8bc5-2ee4ba738da3,3694,6,9,bpppbpbp,51.891891891891895,b,b,1,46.15384615384615
10f3034f-fcc1-48bb-8bc5-2ee4ba738da3,3694,8,9,bpbpbpbp,50.80789946140036,p,b,0,48.38709677419355
10f3034f-fcc1-48bb-8bc5-2ee4ba738da3,3694,10,9,bpbpbpbb,50.0,p,b,0,47.05882352941177
10f3034f-fcc1-48bb-8bc5-2ee4ba738da3,3694,11,9,pbpbpbbb,50.97402597402597,p,p,1,48.0
10f3034f-fcc1-48bb-8bc5-2ee4ba738da3,3694,14,9,bpbbbpbp,51.320132013201324,b,b,1,46.42857142857143
10f3034f-fcc1-48bb-8bc5-2ee4ba738da3,3694,16,9,bpbpbpbb,50.0,p,p,1,47.05882352941177
10f3034f-fcc1-48bb-8bc5-2ee4ba738da3,3694,17,9,pbpbpbbp,51.37931034482759,p,b,0,41.37931034482759
10f3034f-fcc1-48bb-8bc5-2ee4ba738da3,3694,18,9,bpbpbbpb,50.94664371772806,b,b,1,45.16129032258065
10f3034f-fcc1-48bb-8bc5-2ee4ba738da3,3694,19,9,pbpbbpbb,50.74626865671642,p,b,0,39.02439024390244
10f3034f-fcc1-48bb-8bc5-2ee4ba738da3,3695,1,9,pbppbpbb,51.798561151079134,p,b,0,45.45454545454545
10f3034f-fcc1-48bb-8bc5-2ee4ba738da3,3695,2,9,bppbpbbb,52.29982964224872,p,p,1,48.93617021276596
10f3034f-fcc1-48bb-8bc5-2ee4ba738da3,3695,4,9,bpbbbpbp,51.320132013201324,b,p,0,46.42857142857143
10f3034f-fcc1-48bb-8bc5-2ee4ba738da3,3695,5,9,pbbbpbpp,50.65913370998116,p,p,1,40.0
10f3034f-fcc1-48bb-8bc5-2ee4ba738da3,3695,6,9,bpbppppp,51.75600739371534,b,p,0,42.857142857142854
10f3034f-fcc1-48bb-8bc5-2ee4ba738da3,3695,7,9,pbpppppp,50.09633911368015,b,b,1,69.56521739130434
10f3034f-fcc1-48bb-8bc5-2ee4ba738da3,3695,8,9,bppppppb,50.67698259187621,b,b,1,41.666666666666664
10f3034f-fcc1-48bb-8bc5-2ee4ba738da3,3695,9,9,pbbppppp,50.0,b,b,1,43.47826086956522
10f3034f-fcc1-48bb-8bc5-2ee4ba738da3,3695,10,9,bpppppbp,50.75757575757576,b,p,0,55.172413793103445
10f3034f-fcc1-48bb-8bc5-2ee4ba738da3,3695,11,9,pbppbppb,53.69369369369369,b,b,1,46.42857142857143
10f3034f-fcc1-48bb-8bc5-2ee4ba738da3,3695,13,9,pbppbbpb,52.039151712887445,p,b,0,45.833333333333336
10f3034f-fcc1-48bb-8bc5-2ee4ba738da3,3695,14,9,bppbbpbb,50.167785234899334,p,p,1,45.16129032258065
10f3034f-fcc1-48bb-8bc5-2ee4ba738da3,3695,15,9,pbbpbbpb,50.1497005988024,b,p,0,56.0
10f3034f-fcc1-48bb-8bc5-2ee4ba738da3,3695,16,9,bpbbpbpb,53.32225913621262,p,p,1,48.148148148148145
10f3034f-fcc1-48bb-8bc5-2ee4ba738da3,3695,17,9,pbbpbpbp,51.36436597110754,p,p,1,30.76923076923077
10f3034f-fcc1-48bb-8bc5-2ee4ba738da3,3696,1,9,pbppbbpb,52.039151712887445,p,p,1,45.833333333333336
10f3034f-fcc1-48bb-8bc5-2ee4ba738da3,3696,2,9,bppbbpbp,50.256410256410255,p,b,0,60.714285714285715
10f3034f-fcc1-48bb-8bc5-2ee4ba738da3,3696,3,9,pbbpbpbp,51.36436597110754,p,b,0,30.76923076923077
10f3034f-fcc1-48bb-8bc5-2ee4ba738da3,3696,4,9,bpbpbpbp,50.80789946140036,p,b,0,48.38709677419355
10f3034f-fcc1-48bb-8bc5-2ee4ba738da3,3696,6,9,bpbpbpbb,50.0,p,b,0,47.05882352941177
10f3034f-fcc1-48bb-8bc5-2ee4ba738da3,3696,7,9,pbpbpbbb,50.97402597402597,p,p,1,48.0
10f3034f-fcc1-48bb-8bc5-2ee4ba738da3,3696,9,9,pbpbbbpp,53.264604810996566,b,b,1,48.888888888888886
10f3034f-fcc1-48bb-8bc5-2ee4ba738da3,3696,10,9,bpbbbppb,52.317880794701985,p,b,0,40.90909090909091
10f3034f-fcc1-48bb-8bc5-2ee4ba738da3,3696,11,9,pbbbppbb,53.18761384335154,b,p,0,41.935483870967744
10f3034f-fcc1-48bb-8bc5-2ee4ba738da3,3696,12,9,bppbbppb,50.16556291390728,b,b,1,41.1764705882353
10f3034f-fcc1-48bb-8bc5-2ee4ba738da3,3696,13,9,pbbppbbb,50.50675675675676,b,p,0,60.714285714285715
10f3034f-fcc1-48bb-8bc5-2ee4ba738da3,3696,14,9,bppbbbpb,52.40464344941957,b,b,1,48.484848484848484
10f3034f-fcc1-48bb-8bc5-2ee4ba738da3,3696,16,9,bpbbppbp,51.40350877192983,b,p,0,45.16129032258065
10f3034f-fcc1-48bb-8bc5-2ee4ba738da3,3696,18,9,bppbpppb,50.09041591320072,b,b,1,50.0
10f3034f-fcc1-48bb-8bc5-2ee4ba738da3,3696,20,9,bpppbbpb,50.57471264367817,p,b,0,60.714285714285715
10f3034f-fcc1-48bb-8bc5-2ee4ba738da3,3696,21,9,pbbpbbpb,50.1497005988024,b,b,1,56.0
10f3034f-fcc1-48bb-8bc5-2ee4ba738da3,3696,22,9,bpbbpbbb,53.03776683087028,b,p,0,36.36363636363637
10f3034f-fcc1-48bb-8bc5-2ee4ba738da3,3696,23,9,pbbpbbbp,52.09380234505863,b,b,1,43.24324324324324
10f3034f-fcc1-48bb-8bc5-2ee4ba738da3,3697,1,9,pbppbbpb,52.039151712887445,p,p,1,45.833333333333336
10f3034f-fcc1-48bb-8bc5-2ee4ba738da3,3697,2,9,bppbbpbp,50.256410256410255,p,p,1,60.714285714285715
10f3034f-fcc1-48bb-8bc5-2ee4ba738da3,3697,3,9,pbbpbppb,51.25208681135225,b,b,1,43.333333333333336
10f3034f-fcc1-48bb-8bc5-2ee4ba738da3,3697,4,9,bpbppbbp,51.5,b,p,0,48.38709677419355
10f3034f-fcc1-48bb-8bc5-2ee4ba738da3,3697,5,9,pbppbbpp,53.42465753424658,b,p,0,41.935483870967744
10f3034f-fcc1-48bb-8bc5-2ee4ba738da3,3697,6,9,bppbbppp,53.239929947460595,b,p,0,26.666666666666668
10f3034f-fcc1-48bb-8bc5-2ee4ba738da3,3697,7,9,pbbppppb,54.15224913494809,p,b,0,46.666666666666664
10f3034f-fcc1-48bb-8bc5-2ee4ba738da3,3697,8,9,bppppbbb,51.107011070110694,b,p,0,48.275862068965516
10f3034f-fcc1-48bb-8bc5-2ee4ba738da3,3697,9,9,pbbbpppb,51.12359550561798,p,b,0,44.0
10f3034f-fcc1-48bb-8bc5-2ee4ba738da3,3697,10,9,bpppbbpb,50.57471264367817,p,p,1,60.714285714285715
10f3034f-fcc1-48bb-8bc5-2ee4ba738da3,3697,11,9,pbbpbpbp,51.36436597110754,p,b,0,30.76923076923077
10f3034f-fcc1-48bb-8bc5-2ee4ba738da3,3697,12,9,bpbpbpbb,50.0,p,b,0,47.05882352941177
10f3034f-fcc1-48bb-8bc5-2ee4ba738da3,3697,13,9,pbpbpbbb,50.97402597402597,p,p,1,48.0
10f3034f-fcc1-48bb-8bc5-2ee4ba738da3,3697,16,9,bpbbbpbp,51.320132013201324,b,p,0,46.42857142857143
10f3034f-fcc1-48bb-8bc5-2ee4ba738da3,3697,17,9,pbbbpbpp,50.65913370998116,p,p,1,40.0
10f3034f-fcc1-48bb-8bc5-2ee4ba738da3,3697,18,9,bpbpppbp,52.63157894736842,b,p,0,44.827586206896555
10f3034f-fcc1-48bb-8bc5-2ee4ba738da3,3697,19,9,pbpppbpp,50.74074074074074,p,b,0,57.142857142857146
10f3034f-fcc1-48bb-8bc5-2ee4ba738da3,3697,20,9,bpppbppb,50.18587360594795,b,b,1,50.0
10f3034f-fcc1-48bb-8bc5-2ee4ba738da3,3697,21,9,pbppbbpb,52.039151712887445,p,p,1,45.833333333333336
10f3034f-fcc1-48bb-8bc5-2ee4ba738da3,3697,22,9,bppbbpbp,50.256410256410255,p,p,1,60.714285714285715
10f3034f-fcc1-48bb-8bc5-2ee4ba738da3,3697,23,9,pbbpbppp,51.25208681135225,p,b,0,46.42857142857143
10f3034f-fcc1-48bb-8bc5-2ee4ba738da3,3697,24,9,bpbpppbb,50.74875207986689,p,p,1,36.666666666666664
10f3034f-fcc1-48bb-8bc5-2ee4ba738da3,3697,26,9,bpppbbpp,50.635208711433755,p,b,0,53.84615384615385
10f3034f-fcc1-48bb-8bc5-2ee4ba738da3,3697,27,9,pbbppbbp,50.57471264367817,p,b,0,46.42857142857143
10f3034f-fcc1-48bb-8bc5-2ee4ba738da3,3697,28,9,bppbbpbb,50.167785234899334,p,b,0,45.16129032258065
10f3034f-fcc1-48bb-8bc5-2ee4ba738da3,3698,1,9,pbpppbpb,50.36231884057971,b,p,0,42.10526315789474
10f3034f-fcc1-48bb-8bc5-2ee4ba738da3,3698,2,9,bpppbpbp,51.891891891891895,b,b,1,46.15384615384615
10f3034f-fcc1-48bb-8bc5-2ee4ba738da3,3698,4,9,bpbpbpbp,50.80789946140036,p,p,1,48.38709677419355
10f3034f-fcc1-48bb-8bc5-2ee4ba738da3,3698,7,9,pbpbpppb,53.285968028419184,b,p,0,41.666666666666664
10f3034f-fcc1-48bb-8bc5-2ee4ba738da3,3698,8,9,bpbpppbp,52.63157894736842,b,b,1,44.827586206896555
10f3034f-fcc1-48bb-8bc5-2ee4ba738da3,3698,9,9,pbpppbpb,50.36231884057971,b,b,1,42.10526315789474
10f3034f-fcc1-48bb-8bc5-2ee4ba738da3,3698,10,9,bpppbpbb,50.25728987993139,p,b,0,36.36363636363637
10f3034f-fcc1-48bb-8bc5-2ee4ba738da3,3698,11,9,pbpbbbpp,53.264604810996566,b,p,0,48.888888888888886
10f3034f-fcc1-48bb-8bc5-2ee4ba738da3,3698,12,9,bpbbbppp,50.469043151969984,p,p,1,36.8421052631579
10f3034f-fcc1-48bb-8bc5-2ee4ba738da3,3698,13,9,pbbbpppp,54.67889908256881,b,b,1,47.82608695652174
10f3034f-fcc1-48bb-8bc5-2ee4ba738da3,3698,14,9,bppppbbb,51.107011070110694,b,p,0,48.275862068965516
10f3034f-fcc1-48bb-8bc5-2ee4ba738da3,3698,15,9,pbbbpppb,51.12359550561798,p,p,1,44.0
10f3034f-fcc1-48bb-8bc5-2ee4ba738da3,3698,16,9,bpppbppp,52.01465201465202,b,b,1,34.48275862068966
10f3034f-fcc1-48bb-8bc5-2ee4ba738da3,3698,17,9,pbpppbpp,50.74074074074074,p,p,1,57.142857142857146
10f3034f-fcc1-48bb-8bc5-2ee4ba738da3,3698,18,9,bpppbppp,52.01465201465202,b,p,0,34.48275862068966
10f3034f-fcc1-48bb-8bc5-2ee4ba738da3,3698,19,9,pbpppppp,50.09633911368015,b,p,0,69.56521739130434
10f3034f-fcc1-48bb-8bc5-2ee4ba738da3,3698,20,9,bppppppp,51.73076923076923,b,b,1,40.0
10f3034f-fcc1-48bb-8bc5-2ee4ba738da3,3698,21,9,pbbppppb,54.15224913494809,p,b,0,46.666666666666664
10f3034f-fcc1-48bb-8bc5-2ee4ba738da3,3699,2,9,pbpbbbpp,53.264604810996566,b,b,1,48.888888888888886
10f3034f-fcc1-48bb-8bc5-2ee4ba738da3,3699,3,9,bpbbbppb,52.317880794701985,p,p,1,40.90909090909091
10f3034f-fcc1-48bb-8bc5-2ee4ba738da3,3699,4,9,pbbbppbp,52.013422818791945,b,b,1,42.10526315789474
10f3034f-fcc1-48bb-8bc5-2ee4ba738da3,3699,6,9,pbpbbpbb,50.74626865671642,p,b,0,39.02439024390244
10f3034f-fcc1-48bb-8bc5-2ee4ba738da3,3699,7,9,bpbbpbbb,53.03776683087028,b,p,0,36.36363636363637
10f3034f-fcc1-48bb-8bc5-2ee4ba738da3,3699,8,9,pbbpbbbp,52.09380234505863,b,b,1,43.24324324324324
10f3034f-fcc1-48bb-8bc5-2ee4ba738da3,3699,9,9,bpbbbpbb,50.37369207772795,b,b,1,44.44444444444444
10f3034f-fcc1-48bb-8bc5-2ee4ba738da3,3699,10,9,pbbbpbbb,51.04333868378812,p,b,0,36.8421052631579
10f3034f-fcc1-48bb-8bc5-2ee4ba738da3,3699,11,9,bpbbbbpb,51.17004680187207,b,p,0,59.57446808510638
10f3034f-fcc1-48bb-8bc5-2ee4ba738da3,3699,12,9,pbbbbpbp,51.438240270727576,p,b,0,46.42857142857143
10f3034f-fcc1-48bb-8bc5-2ee4ba738da3,3699,13,9,bpbpbpbb,50.0,p,b,0,47.05882352941177
10f3034f-fcc1-48bb-8bc5-2ee4ba738da3,3699,14,9,pbpbpbbb,50.97402597402597,p,b,0,48.0
10f3034f-fcc1-48bb-8bc5-2ee4ba738da3,3699,16,9,pbpbbbbb,50.736497545008184,b,p,0,55.0
10f3034f-fcc1-48bb-8bc5-2ee4ba738da3,3699,17,9,bpbbbbbp,51.62393162393163,p,b,0,47.82608695652174
10f3034f-fcc1-48bb-8bc5-2ee4ba738da3,3699,18,9,pbbbbbpb,50.62166962699822,b,b,1,54.83870967741935
10f3034f-fcc1-48bb-8bc5-2ee4ba738da3,3699,19,9,bpbbbpbp,51.320132013201324,b,p,0,46.42857142857143
10f3034f-fcc1-48bb-8bc5-2ee4ba738da3,3699,20,9,pbbbpbpp,50.65913370998116,p,p,1,40.0
10f3034f-fcc1-48bb-8bc5-2ee4ba738da3,3699,21,9,bpbppppb,52.93103448275862,b,p,0,48.83720930232558
10f3034f-fcc1-48bb-8bc5-2ee4ba738da3,3699,22,9,pbppppbp,52.97504798464492,b,p,0,40.0
10f3034f-fcc1-48bb-8bc5-2ee4ba738da3,3699,23,9,bppppbpp,50.18115942028986,b,b,1,47.22222222222222
10f3034f-fcc1-48bb-8bc5-2ee4ba738da3,3699,24,9,pbppbbpb,52.039151712887445,p,b,0,45.833333333333336
10f3034f-fcc1-48bb-8bc5-2ee4ba738da3,3699,25,9,bppbbpbb,50.167785234899334,p,b,0,45.16129032258065
10f3034f-fcc1-48bb-8bc5-2ee4ba738da3,3699,26,9,pbbpbbbb,55.392156862745104,p,b,0,42.42424242424242
10f3034f-fcc1-48bb-8bc5-2ee4ba738da3,3699,27,9,bpbbbbbp,51.62393162393163,p,b,0,47.82608695652174
10f3034f-fcc1-48bb-8bc5-2ee4ba738da3,3699,28,9,pbbbbbpb,50.62166962699822,b,b,1,54.83870967741935
10f3034f-fcc1-48bb-8bc5-2ee4ba738da3,3700,1,9,bpbpbbpp,50.17006802721088,b,p,0,58.62068965517241
10f3034f-fcc1-48bb-8bc5-2ee4ba738da3,3700,2,9,pbpbbppp,54.76603119584056,b,b,1,33.333333333333336
10f3034f-fcc1-48bb-8bc5-2ee4ba738da3,3700,3,9,bpbbpppb,51.89274447949527,b,p,0,45.833333333333336
10f3034f-fcc1-48bb-8bc5-2ee4ba738da3,3700,4,9,pbbpppbp,54.2713567839196,b,b,1,47.22222222222222
10f3034f-fcc1-48bb-8bc5-2ee4ba738da3,3700,5,9,bpppbpbp,51.891891891891895,b,p,0,46.15384615384615
10f3034f-fcc1-48bb-8bc5-2ee4ba738da3,3700,6,9,pbpbppbb,51.2779552715655,p,b,0,47.61904761904762
10f3034f-fcc1-48bb-8bc5-2ee4ba738da3,3700,7,9,bpbppbbb,51.470588235294116,p,b,0,46.42857142857143
10f3034f-fcc1-48bb-8bc5-2ee4ba738da3,3700,9,9,bppbbbbp,51.03092783505154,b,p,0,46.666666666666664
10f3034f-fcc1-48bb-8bc5-2ee4ba738da3,3700,10,9,pbbbbppp,50.093808630394,p,b,0,50.0
10f3034f-fcc1-48bb-8bc5-2ee4ba738da3,3700,11,9,bpppbbbb,50.0,p,b,0,39.285714285714285
10f3034f-fcc1-48bb-8bc5-2ee4ba738da3,3700,12,9,pbbbbbbb,50.079239302694134,b,b,1,55.55555555555556
10f3034f-fcc1-48bb-8bc5-2ee4ba738da3,3700,13,9,bpbpbppb,56.33116883116883,b,b,1,43.333333333333336
10f3034f-fcc1-48bb-8bc5-2ee4ba738da3,3700,14,9,pbpbppbb,51.2779552715655,p,b,0,47.61904761904762
10f3034f-fcc1-48bb-8bc5-2ee4ba738da3,3700,15,9,bpbppbbb,51.470588235294116,p,b,0,46.42857142857143
10f3034f-fcc1-48bb-8bc5-2ee4ba738da3,3700,17,9,bppbbbbp,51.03092783505154,b,p,0,46.666666666666664
10f3034f-fcc1-48bb-8bc5-2ee4ba738da3,3700,18,9,pbbbbppp,50.093808630394,p,b,0,50.0
10f3034f-fcc1-48bb-8bc5-2ee4ba738da3,3700,19,9,bpppbbpp,50.635208711433755,p,p,1,53.84615384615385
10f3034f-fcc1-48bb-8bc5-2ee4ba738da3,3700,20,9,pbbppppp,50.0,b,p,0,43.47826086956522
10f3034f-fcc1-48bb-8bc5-2ee4ba738da3,3700,21,9,bppppppp,51.73076923076923,b,p,0,40.0
10f3034f-fcc1-48bb-8bc5-2ee4ba738da3,3701,2,9,bpppbbpp,50.635208711433755,p,b,0,53.84615384615385
10f3034f-fcc1-48bb-8bc5-2ee4ba738da3,3701,3,9,pbbppbbb,50.50675675675676,b,b,1,60.714285714285715
10f3034f-fcc1-48bb-8bc5-2ee4ba738da3,3701,4,9,bppbbbbb,56.272401433691755,b,b,1,40.0
10f3034f-fcc1-48bb-8bc5-2ee4ba738da3,3701,5,9,pbbbbbbb,50.079239302694134,b,b,1,55.55555555555556
10f3034f-fcc1-48bb-8bc5-2ee4ba738da3,3701,6,9,bppppbbp,51.546391752577314,b,b,1,33.333333333333336
10f3034f-fcc1-48bb-8bc5-2ee4ba738da3,3701,7,9,pbbpbppb,51.25208681135225,b,p,0,43.333333333333336
10f3034f-fcc1-48bb-8bc5-2ee4ba738da3,3701,8,9,bpbppbpb,50.0,b,b,1,50.0
10f3034f-fcc1-48bb-8bc5-2ee4ba738da3,3701,9,9,pbppbpbb,51.798561151079134,p,b,0,45.45454545454545
10f3034f-fcc1-48bb-8bc5-2ee4ba738da3,3701,10,9,bppbpbbb,52.29982964224872,p,b,0,48.93617021276596
10f3034f-fcc1-48bb-8bc5-2ee4ba738da3,3701,11,9,pbpbbbbp,54.234234234234236,b,b,1,47.22222222222222
10f3034f-fcc1-48bb-8bc5-2ee4ba738da3,3701,12,9,bpbbbbpb,51.17004680187207,b,b,1,59.57446808510638
10f3034f-fcc1-48bb-8bc5-2ee4ba738da3,3701,13,9,pbbbbpbb,52.71828665568369,p,p,1,38.46153846153846
10f3034f-fcc1-48bb-8bc5-2ee4ba738da3,3701,14,9,bpbbpbbb,53.03776683087028,b,p,0,36.36363636363637
10f3034f-fcc1-48bb-8bc5-2ee4ba738da3,3702,1,9,pbppbpbb,51.798561151079134,p,p,1,45.45454545454545
10f3034f-fcc1-48bb-8bc5-2ee4ba738da3,3702,3,9,pbpbbppp,54.76603119584056,b,p,0,33.333333333333336
10f3034f-fcc1-48bb-8bc5-2ee4ba738da3,3702,4,9,bpbbpppp,52.293577981651374,b,p,0,37.93103448275862
10f3034f-fcc1-48bb-8bc5-2ee4ba738da3,3702,5,9,pbbppppp,50.0,b,b,1,43.47826086956522
10f3034f-fcc1-48bb-8bc5-2ee4ba738da3,3702,6,9,bpppppbb,52.23048327137546,p,p,1,48.148148148148145
10f3034f-fcc1-48bb-8bc5-2ee4ba738da3,3702,7,9,pbbppbbb,50.50675675675676,b,p,0,60.714285714285715
10f3034f-fcc1-48bb-8bc5-2ee4ba738da3,3702,8,9,bppbbbpb,52.40464344941957,b,b,1,48.484848484848484
10f3034f-fcc1-48bb-8bc5-2ee4ba738da3,3702,10,9,bpbbpppb,51.89274447949527,b,b,1,45.833333333333336
10f3034f-fcc1-48bb-8bc5-2ee4ba738da3,3702,12,9,bpppbbbp,51.24113475177305,p,b,0,51.92307692307692
10f3034f-fcc1-48bb-8bc5-2ee4ba738da3,3702,13,9,pbbbpbbb,51.04333868378812,p,b,0,36.8421052631579
10f3034f-fcc1-48bb-8bc5-2ee4ba738da3,3702,14,9,bpbbbbpp,50.089445438282645,b,b,1,40.54054054054054
10f3034f-fcc1-48bb-8bc5-2ee4ba738da3,3702,17,9,pbpbbppb,50.69444444444444,b,b,1,50.0
10f3034f-fcc1-48bb-8bc5-2ee4ba738da3,3702,18,9,bpbbppbb,51.67224080267558,p,b,0,44.0
10f3034f-fcc1-48bb-8bc5-2ee4ba738da3,3702,19,9,pbbppbbb,50.50675675675676,b,b,1,60.714285714285715
10f3034f-fcc1-48bb-8bc5-2ee4ba738da3,3702,20,9,bppbbbbb,56.272401433691755,b,p,0,40.0
10f3034f-fcc1-48bb-8bc5-2ee4ba738da3,3702,21,9,pbbbbbpb,50.62166962699822,b,p,0,54.83870967741935
10f3034f-fcc1-48bb-8bc5-2ee4ba738da3,3702,23,9,pbpbbbpp,53.264604810996566,b,p,0,48.888888888888886
10f3034f-fcc1-48bb-8bc5-2ee4ba738da3,3702,24,9,bpbbbppp,50.469043151969984,p,b,0,36.8421052631579
10f3034f-fcc1-48bb-8bc5-2ee4ba738da3,3702,25,9,pbbbpppb,51.12359550561798,p,p,1,44.0
10f3034f-fcc1-48bb-8bc5-2ee4ba738da3,3702,26,9,bpppbppp,52.01465201465202,b,b,1,34.48275862068966
10f3034f-fcc1-48bb-8bc5-2ee4ba738da3,3702,27,9,pbpppbpp,50.74074074074074,p,b,0,57.142857142857146
10f3034f-fcc1-48bb-8bc5-2ee4ba738da3,3703,1,9,pbbpbpbp,51.36436597110754,p,p,1,30.76923076923077
10f3034f-fcc1-48bb-8bc5-2ee4ba738da3,3703,3,9,pbpbpppb,53.285968028419184,b,b,1,41.666666666666664
10f3034f-fcc1-48bb-8bc5-2ee4ba738da3,3703,4,9,bpbpppbb,50.74875207986689,p,p,1,36.666666666666664
10f3034f-fcc1-48bb-8bc5-2ee4ba738da3,3703,6,9,bpppbbpp,50.635208711433755,p,p,1,53.84615384615385
10f3034f-fcc1-48bb-8bc5-2ee4ba738da3,3703,7,9,pbbppppb,54.15224913494809,p,p,1,46.666666666666664
10f3034f-fcc1-48bb-8bc5-2ee4ba738da3,3703,9,9,pbpbbbbb,50.736497545008184,b,p,0,55.0
10f3034f-fcc1-48bb-8bc5-2ee4ba738da3,3703,10,9,bpbbbbbp,51.62393162393163,p,p,1,47.82608695652174
10f3034f-fcc1-48bb-8bc5-2ee4ba738da3,3703,12,9,bppbbbpb,52.40464344941957,b,b,1,48.484848484848484
10f3034f-fcc1-48bb-8bc5-2ee4ba738da3,3703,13,9,pbbbpbbb,51.04333868378812,p,p,1,36.8421052631579
10f3034f-fcc1-48bb-8bc5-2ee4ba738da3,3703,14,9,bpbbbppb,52.317880794701985,p,p,1,40.90909090909091
10f3034f-fcc1-48bb-8bc5-2ee4ba738da3,3703,15,9,pbbbppbp,52.013422818791945,b,p,0,42.10526315789474
10f3034f-fcc1-48bb-8bc5-2ee4ba738da3,3703,17,9,pbppbbpp,53.42465753424658,b,b,1,41.935483870967744
10f3034f-fcc1-48bb-8bc5-2ee4ba738da3,3703,18,9,bppbbppb,50.16556291390728,b,p,0,41.1764705882353
10f3034f-fcc1-48bb-8bc5-2ee4ba738da3,3704,1,9,pbbbbbpb,50.62166962699822,b,b,1,54.83870967741935
10f3034f-fcc1-48bb-8bc5-2ee4ba738da3,3704,2,9,bpbbpbbp,55.37313432835821,b,b,1,47.916666666666664
10f3034f-fcc1-48bb-8bc5-2ee4ba738da3,3704,3,9,pbbpbbpb,50.1497005988024,b,b,1,56.0
10f3034f-fcc1-48bb-8bc5-2ee4ba738da3,3704,4,9,bpbbpbbp,55.37313432835821,b,b,1,47.916666666666664
10f3034f-fcc1-48bb-8bc5-2ee4ba738da3,3704,5,9,pbbpbbpb,50.1497005988024,b,p,0,56.0
10f3034f-fcc1-48bb-8bc5-2ee4ba738da3,3704,6,9,bpbbpbpb,53.32225913621262,p,p,1,48.148148148148145
10f3034f-fcc1-48bb-8bc5-2ee4ba738da3,3704,7,9,pbbpbpbp,51.36436597110754,p,p,1,30.76923076923077
10f3034f-fcc1-48bb-8bc5-2ee4ba738da3,3704,8,9,bpbpbppb,56.33116883116883,b,p,0,43.333333333333336
10f3034f-fcc1-48bb-8bc5-2ee4ba738da3,3704,10,9,bpbppbpp,50.09074410163339,b,p,0,44.827586206896555
10f3034f-fcc1-48bb-8bc5-2ee4ba738da3,3704,12,9,bppbpppb,50.09041591320072,b,p,0,50.0
10f3034f-fcc1-48bb-8bc5-2ee4ba738da3,3704,13,9,pbpppbpp,50.74074074074074,p,p,1,57.142857142857146
10f3034f-fcc1-48bb-8bc5-2ee4ba738da3,3704,14,9,bpppbppp,52.01465201465202,b,b,1,34.48275862068966
10f3034f-fcc1-48bb-8bc5-2ee4ba738da3,3704,16,9,bpppbbpb,50.57471264367817,p,p,1,60.714285714285715
10f3034f-fcc1-48bb-8bc5-2ee4ba738da3,3704,17,9,pbbpbppp,51.25208681135225,p,p,1,46.42857142857143
10f3034f-fcc1-48bb-8bc5-2ee4ba738da3,3704,18,9,bpbppppp,51.75600739371534,b,p,0,42.857142857142854
10f3034f-fcc1-48bb-8bc5-2ee4ba738da3,3704,19,9,pbpppppp,50.09633911368015,b,p,0,69.56521739130434
10f3034f-fcc1-48bb-8bc5-2ee4ba738da3,3704,20,9,bppppppp,51.73076923076923,b,b,1,40.0
10f3034f-fcc1-48bb-8bc5-2ee4ba738da3,3704,21,9,pbbpbppb,51.25208681135225,b,p,0,43.333333333333336
10f3034f-fcc1-48bb-8bc5-2ee4ba738da3,3704,22,9,bpbppbpb,50.0,b,b,1,50.0
10f3034f-fcc1-48bb-8bc5-2ee4ba738da3,3704,23,9,pbppbpbb,51.798561151079134,p,b,0,45.45454545454545
10f3034f-fcc1-48bb-8bc5-2ee4ba738da3,3704,24,9,bppbpbbb,52.29982964224872,p,b,0,48.93617021276596
10f3034f-fcc1-48bb-8bc5-2ee4ba738da3,3704,25,9,pbpbbbbb,50.736497545008184,b,b,1,55.0
10f3034f-fcc1-48bb-8bc5-2ee4ba738da3,3704,26,9,bpbbbbbb,51.16666666666667,b,p,0,52.72727272727273
10f3034f-fcc1-48bb-8bc5-2ee4ba738da3,3704,27,9,pbbbbbbp,52.17391304347826,p,b,0,46.875
10f3034f-fcc1-48bb-8bc5-2ee4ba738da3,3706,2,9,bpppbbpp,50.635208711433755,p,b,0,53.84615384615385
10f3034f-fcc1-48bb-8bc5-2ee4ba738da3,3706,3,9,pbbppbbb,50.50675675675676,b,p,0,60.714285714285715
10f3034f-fcc1-48bb-8bc5-2ee4ba738da3,3706,4,9,bppbbbpp,50.38461538461539,b,p,0,50.0
10f3034f-fcc1-48bb-8bc5-2ee4ba738da3,3706,5,9,pbbbpppb,51.12359550561798,p,b,0,44.0
10f3034f-fcc1-48bb-8bc5-2ee4ba738da3,3706,6,9,bpppbbbb,50.0,p,p,1,39.285714285714285
10f3034f-fcc1-48bb-8bc5-2ee4ba738da3,3706,7,9,pbbbbpbb,52.71828665568369,p,p,1,38.46153846153846
10f3034f-fcc1-48bb-8bc5-2ee4ba738da3,3706,8,9,bpbbppbp,51.40350877192983,b,p,0,45.16129032258065
10f3034f-fcc1-48bb-8bc5-2ee4ba738da3,3706,14,9,bpbppppp,51.75600739371534,b,p,0,42.857142857142854
10f3034f-fcc1-48bb-8bc5-2ee4ba738da3,3706,15,9,pbpppppp,50.09633911368015,b,p,0,69.56521739130434
10f3034f-fcc1-48bb-8bc5-2ee4ba738da3,3706,16,9,bppppppp,51.73076923076923,b,p,0,40.0
10f3034f-fcc1-48bb-8bc5-2ee4ba738da3,3706,17,9,pbpbpppb,53.285968028419184,b,p,0,41.666666666666664
10f3034f-fcc1-48bb-8bc5-2ee4ba738da3,3706,18,9,bpbpppbp,52.63157894736842,b,b,1,44.827586206896555
10f3034f-fcc1-48bb-8bc5-2ee4ba738da3,3706,19,9,pbpppbpb,50.36231884057971,b,p,0,42.10526315789474
10f3034f-fcc1-48bb-8bc5-2ee4ba738da3,3706,20,9,bpppbpbp,51.891891891891895,b,p,0,46.15384615384615
10f3034f-fcc1-48bb-8bc5-2ee4ba738da3,3706,21,9,pbpbpppb,53.285968028419184,b,p,0,41.666666666666664
10f3034f-fcc1-48bb-8bc5-2ee4ba738da3,3707,1,9,bpbbbppb,52.317880794701985,p,b,0,40.90909090909091
10f3034f-fcc1-48bb-8bc5-2ee4ba738da3,3707,2,9,pbbbppbb,53.18761384335154,b,b,1,41.935483870967744
10f3034f-fcc1-48bb-8bc5-2ee4ba738da3,3707,3,9,bppbbbpb,52.40464344941957,b,b,1,48.484848484848484
10f3034f-fcc1-48bb-8bc5-2ee4ba738da3,3707,4,9,pbbbpbbb,51.04333868378812,p,b,0,36.8421052631579
10f3034f-fcc1-48bb-8bc5-2ee4ba738da3,3707,5,9,bpbbbbpb,51.17004680187207,b,p,0,59.57446808510638
10f3034f-fcc1-48bb-8bc5-2ee4ba738da3,3707,6,9,pbbbbpbp,51.438240270727576,p,p,1,46.42857142857143
10f3034f-fcc1-48bb-8bc5-2ee4ba738da3,3707,7,9,bpbpppbp,52.63157894736842,b,b,1,44.827586206896555
10f3034f-fcc1-48bb-8bc5-2ee4ba738da3,3707,8,9,pbpppbpb,50.36231884057971,b,b,1,42.10526315789474
10f3034f-fcc1-48bb-8bc5-2ee4ba738da3,3707,9,9,bpppbpbb,50.25728987993139,p,p,1,36.36363636363637
10f3034f-fcc1-48bb-8bc5-2ee4ba738da3,3707,11,9,bpbbpbpb,53.32225913621262,p,b,0,48.148148148148145
10f3034f-fcc1-48bb-8bc5-2ee4ba738da3,3707,13,9,bpbpbbpb,50.94664371772806,b,b,1,45.16129032258065
10f3034f-fcc1-48bb-8bc5-2ee4ba738da3,3707,14,9,pbpbbpbb,50.74626865671642,p,b,0,39.02439024390244
10f3034f-fcc1-48bb-8bc5-2ee4ba738da3,3707,15,9,bpbbpbbb,53.03776683087028,b,b,1,36.36363636363637
10f3034f-fcc1-48bb-8bc5-2ee4ba738da3,3707,16,9,pbbpbbbb,55.392156862745104,p,b,0,42.42424242424242
10f3034f-fcc1-48bb-8bc5-2ee4ba738da3,3707,17,9,bpbbbbbb,51.16666666666667,b,p,0,52.72727272727273
10f3034f-fcc1-48bb-8bc5-2ee4ba738da3,3707,18,9,pbbbbbbp,52.17391304347826,p,p,1,46.875
10f3034f-fcc1-48bb-8bc5-2ee4ba738da3,3707,19,9,bppppbbp,51.546391752577314,b,b,1,33.333333333333336
10f3034f-fcc1-48bb-8bc5-2ee4ba738da3,3707,20,9,pbbpbbpb,50.1497005988024,b,b,1,56.0
10f3034f-fcc1-48bb-8bc5-2ee4ba738da3,3707,21,9,bpbbpbbb,53.03776683087028,b,p,0,36.36363636363637
10f3034f-fcc1-48bb-8bc5-2ee4ba738da3,3708,1,9,bppbpppp,50.49900199600798,b,b,1,53.48837209302326
10f3034f-fcc1-48bb-8bc5-2ee4ba738da3,3708,2,9,pbppppbb,50.172413793103445,b,p,0,47.36842105263158
10f3034f-fcc1-48bb-8bc5-2ee4ba738da3,3708,3,9,bppppbbp,51.546391752577314,b,b,1,33.333333333333336
10f3034f-fcc1-48bb-8bc5-2ee4ba738da3,3708,4,9,pbbpbbbb,55.392156862745104,p,b,0,42.42424242424242
10f3034f-fcc1-48bb-8bc5-2ee4ba738da3,3708,5,9,bpbbbbbb,51.16666666666667,b,p,0,52.72727272727273
10f3034f-fcc1-48bb-8bc5-2ee4ba738da3,3708,6,9,pbbbbbbp,52.17391304347826,p,b,0,46.875
10f3034f-fcc1-48bb-8bc5-2ee4ba738da3,3708,7,9,bpbbbbbb,51.16666666666667,b,p,0,52.72727272727273
10f3034f-fcc1-48bb-8bc5-2ee4ba738da3,3708,8,9,pbbbbbbp,52.17391304347826,p,b,0,46.875
10f3034f-fcc1-48bb-8bc5-2ee4ba738da3,3708,10,9,pbbpbppb,51.25208681135225,b,p,0,43.333333333333336
10f3034f-fcc1-48bb-8bc5-2ee4ba738da3,3708,11,9,bpbppbpb,50.0,b,b,1,50.0
10f3034f-fcc1-48bb-8bc5-2ee4ba738da3,3708,12,9,pbppbpbb,51.798561151079134,p,p,1,45.45454545454545
10f3034f-fcc1-48bb-8bc5-2ee4ba738da3,3708,14,9,pbpbbppp,54.76603119584056,b,b,1,33.333333333333336
10f3034f-fcc1-48bb-8bc5-2ee4ba738da3,3708,15,9,bpbbpppb,51.89274447949527,b,p,0,45.833333333333336
10f3034f-fcc1-48bb-8bc5-2ee4ba738da3,3708,16,9,pbbpppbp,54.2713567839196,b,b,1,47.22222222222222
10f3034f-fcc1-48bb-8bc5-2ee4ba738da3,3708,17,9,bpppbpbb,50.25728987993139,p,p,1,36.36363636363637
10f3034f-fcc1-48bb-8bc5-2ee4ba738da3,3708,18,9,pbpbbppp,54.76603119584056,b,p,0,33.333333333333336
10f3034f-fcc1-48bb-8bc5-2ee4ba738da3,3708,19,9,bpbbpppp,52.293577981651374,b,p,0,37.93103448275862
10f3034f-fcc1-48bb-8bc5-2ee4ba738da3,3708,20,9,pbbppppp,50.0,b,p,0,43.47826086956522
10f3034f-fcc1-48bb-8bc5-2ee4ba738da3,3708,21,9,bppppppb,50.67698259187621,b,p,0,41.666666666666664
10f3034f-fcc1-48bb-8bc5-2ee4ba738da3,3708,22,9,pbpbppbb,51.2779552715655,p,b,0,47.61904761904762
10f3034f-fcc1-48bb-8bc5-2ee4ba738da3,3708,23,9,bpbppbbb,51.470588235294116,p,b,0,46.42857142857143
10f3034f-fcc1-48bb-8bc5-2ee4ba738da3,3708,25,9,bppbbbbp,51.03092783505154,b,p,0,46.666666666666664
10f3034f-fcc1-48bb-8bc5-2ee4ba738da3,3709,2,9,bppbpppp,50.49900199600798,b,p,0,53.48837209302326
10f3034f-fcc1-48bb-8bc5-2ee4ba738da3,3709,3,9,pbpppppb,50.0945179584121,b,b,1,62.5
10f3034f-fcc1-48bb-8bc5-2ee4ba738da3,3709,4,9,bpppppbb,52.23048327137546,p,p,1,48.148148148148145
10f3034f-fcc1-48bb-8bc5-2ee4ba738da3,3709,7,9,pbppbbpb,52.039151712887445,p,b,0,45.833333333333336
10f3034f-fcc1-48bb-8bc5-2ee4ba738da3,3709,8,9,bppbbpbb,50.167785234899334,p,b,0,45.16129032258065
10f3034f-fcc1-48bb-8bc5-2ee4ba738da3,3709,9,9,pbbpbbbp,52.09380234505863,b,p,0,43.24324324324324
10f3034f-fcc1-48bb-8bc5-2ee4ba738da3,3709,10,9,bpbbbppb,52.317880794701985,p,b,0,40.90909090909091
10f3034f-fcc1-48bb-8bc5-2ee4ba738da3,3709,11,9,pbbbppbb,53.18761384335154,b,b,1,41.935483870967744
10f3034f-fcc1-48bb-8bc5-2ee4ba738da3,3709,12,9,bppbbbpb,52.40464344941957,b,p,0,48.484848484848484
10f3034f-fcc1-48bb-8bc5-2ee4ba738da3,3709,13,9,pbbbpbpp,50.65913370998116,p,p,1,40.0
10f3034f-fcc1-48bb-8bc5-2ee4ba738da3,3709,14,9,bpbppppp,51.75600739371534,b,b,1,42.857142857142854
10f3034f-fcc1-48bb-8bc5-2ee4ba738da3,3709,15,9,pbpppppb,50.0945179584121,b,b,1,62.5
10f3034f-fcc1-48bb-8bc5-2ee4ba738da3,3709,16,9,bpppppbb,52.23048327137546,p,b,0,48.148148148148145
10f3034f-fcc1-48bb-8bc5-2ee4ba738da3,3709,17,9,pbbbbpbp,51.438240270727576,p,p,1,46.42857142857143
10f3034f-fcc1-48bb-8bc5-2ee4ba738da3,3710,1,9,pbpbbbbb,50.736497545008184,b,b,1,55.0
10f3034f-fcc1-48bb-8bc5-2ee4ba738da3,3710,2,9,bpbbbbbb,51.16666666666667,b,p,0,52.72727272727273
10f3034f-fcc1-48bb-8bc5-2ee4ba738da3,3710,3,9,pbbbbbbp,52.17391304347826,p,p,1,46.875
10f3034f-fcc1-48bb-8bc5-2ee4ba738da3,3710,6,9,bpbppppb,52.93103448275862,b,p,0,48.83720930232558
10f3034f-fcc1-48bb-8bc5-2ee4ba738da3,3710,7,9,pbppppbp,52.97504798464492,b,p,0,40.0
10f3034f-fcc1-48bb-8bc5-2ee4ba738da3,3710,8,9,bppppbpp,50.18115942028986,b,p,0,47.22222222222222
10f3034f-fcc1-48bb-8bc5-2ee4ba738da3,3710,9,9,pbppppbp,52.97504798464492,b,p,0,40.0
10f3034f-fcc1-48bb-8bc5-2ee4ba738da3,3710,10,9,bppppbpp,50.18115942028986,b,p,0,47.22222222222222
10f3034f-fcc1-48bb-8bc5-2ee4ba738da3,3710,12,9,bpppbbpb,50.57471264367817,p,p,1,60.714285714285715
10f3034f-fcc1-48bb-8bc5-2ee4ba738da3,3710,13,9,pbbpbppp,51.25208681135225,p,p,1,46.42857142857143
10f3034f-fcc1-48bb-8bc5-2ee4ba738da3,3710,14,9,bpbppppp,51.75600739371534,b,b,1,42.857142857142854
10f3034f-fcc1-48bb-8bc5-2ee4ba738da3,3710,15,9,pbpppppb,50.0945179584121,b,p,0,62.5
10f3034f-fcc1-48bb-8bc5-2ee4ba738da3,3710,16,9,bpppppbp,50.75757575757576,b,p,0,55.172413793103445
10f3034f-fcc1-48bb-8bc5-2ee4ba738da3,3710,17,9,pbpppbpp,50.74074074074074,p,p,1,57.142857142857146
10f3034f-fcc1-48bb-8bc5-2ee4ba738da3,3710,18,9,bpppbppp,52.01465201465202,b,p,0,34.48275862068966
10f3034f-fcc1-48bb-8bc5-2ee4ba738da3,3710,19,9,pbpppppp,50.09633911368015,b,p,0,69.56521739130434
10f3034f-fcc1-48bb-8bc5-2ee4ba738da3,3710,20,9,bppppppp,51.73076923076923,b,p,0,40.0
10f3034f-fcc1-48bb-8bc5-2ee4ba738da3,3711,2,9,bppbpppb,50.09041591320072,b,b,1,50.0
10f3034f-fcc1-48bb-8bc5-2ee4ba738da3,3711,4,9,bpppbbpb,50.57471264367817,p,b,0,60.714285714285715
10f3034f-fcc1-48bb-8bc5-2ee4ba738da3,3711,5,9,pbbpbbpb,50.1497005988024,b,p,0,56.0
10f3034f-fcc1-48bb-8bc5-2ee4ba738da3,3711,6,9,bpbbpbpb,53.32225913621262,p,p,1,48.148148148148145
10f3034f-fcc1-48bb-8bc5-2ee4ba738da3,3711,7,9,pbbpbpbp,51.36436597110754,p,b,0,30.76923076923077
10f3034f-fcc1-48bb-8bc5-2ee4ba738da3,3711,8,9,bpbpbpbp,50.80789946140036,p,b,0,48.38709677419355
10f3034f-fcc1-48bb-8bc5-2ee4ba738da3,3711,10,9,bpbpbpbp,50.80789946140036,p,b,0,48.38709677419355
10f3034f-fcc1-48bb-8bc5-2ee4ba738da3,3711,12,9,bpbpbpbp,50.80789946140036,p,b,0,48.38709677419355
10f3034f-fcc1-48bb-8bc5-2ee4ba738da3,3711,14,9,bpbpbpbb,50.0,p,b,0,47.05882352941177
10f3034f-fcc1-48bb-8bc5-2ee4ba738da3,3711,15,9,pbpbpbbb,50.97402597402597,p,b,0,48.0
10f3034f-fcc1-48bb-8bc5-2ee4ba738da3,3711,17,9,pbpbbbbp,54.234234234234236,b,b,1,47.22222222222222
10f3034f-fcc1-48bb-8bc5-2ee4ba738da3,3711,18,9,bpbbbbpb,51.17004680187207,b,b,1,59.57446808510638
10f3034f-fcc1-48bb-8bc5-2ee4ba738da3,3711,19,9,pbbbbpbb,52.71828665568369,p,p,1,38.46153846153846
10f3034f-fcc1-48bb-8bc5-2ee4ba738da3,3711,20,9,bpbbpbpb,53.32225913621262,p,p,1,48.148148148148145
10f3034f-fcc1-48bb-8bc5-2ee4ba738da3,3711,21,9,pbbpbpbp,51.36436597110754,p,p,1,30.76923076923077
10f3034f-fcc1-48bb-8bc5-2ee4ba738da3,3711,22,9,bpbpbppb,56.33116883116883,b,p,0,43.333333333333336
10f3034f-fcc1-48bb-8bc5-2ee4ba738da3,3711,24,9,bpbppbpb,50.0,b,b,1,50.0
8007aa97-09a1-40cb-8bf8-7190c7abba48,3712,1,9,bpbpbppb,56.219709208400644,b,b,1,43.333333333333336
8007aa97-09a1-40cb-8bf8-7190c7abba48,3712,2,9,pbpbppbb,51.03338632750397,p,p,1,47.61904761904762
8007aa97-09a1-40cb-8bf8-7190c7abba48,3712,3,9,bpbppbbp,51.49501661129568,b,b,1,48.38709677419355
8007aa97-09a1-40cb-8bf8-7190c7abba48,3712,4,9,pbppbbpb,52.019386106623585,p,b,0,45.833333333333336
8007aa97-09a1-40cb-8bf8-7190c7abba48,3712,5,9,bppbbpbb,50.0,p,b,0,45.16129032258065
8007aa97-09a1-40cb-8bf8-7190c7abba48,3712,6,9,pbbpbbbp,52.166666666666664,b,p,0,43.24324324324324
8007aa97-09a1-40cb-8bf8-7190c7abba48,3712,7,9,bpbbbppp,50.467289719626166,p,p,1,36.8421052631579
8007aa97-09a1-40cb-8bf8-7190c7abba48,3712,8,9,pbbbpppp,54.761904761904766,b,b,1,47.82608695652174
8007aa97-09a1-40cb-8bf8-7190c7abba48,3712,9,9,bppppbpp,50.09009009009009,b,b,1,47.22222222222222
8007aa97-09a1-40cb-8bf8-7190c7abba48,3712,10,9,pbppbpbb,51.779359430604984,p,b,0,45.45454545454545
8007aa97-09a1-40cb-8bf8-7190c7abba48,3712,11,9,bppbpbbb,52.20338983050847,p,b,0,48.93617021276596
8007aa97-09a1-40cb-8bf8-7190c7abba48,3712,12,9,pbpbbbbb,50.73170731707317,b,b,1,55.0
8007aa97-09a1-40cb-8bf8-7190c7abba48,3712,13,9,bpbbbbbb,50.743801652892564,b,p,0,52.72727272727273
8007aa97-09a1-40cb-8bf8-7190c7abba48,3712,14,9,pbbbbbbp,52.06896551724138,p,b,0,46.875
8007aa97-09a1-40cb-8bf8-7190c7abba48,3712,15,9,bpbppppb,52.749140893470795,b,p,0,48.83720930232558
8007aa97-09a1-40cb-8bf8-7190c7abba48,3712,16,9,pbppppbp,52.67175572519084,b,b,1,40.0
8007aa97-09a1-40cb-8bf8-7190c7abba48,3712,18,9,pbpbpbbp,51.114922813036024,p,p,1,41.37931034482759
8007aa97-09a1-40cb-8bf8-7190c7abba48,3712,19,9,bpbpbbpp,50.08488964346349,b,p,0,58.62068965517241
8007aa97-09a1-40cb-8bf8-7190c7abba48,3712,20,9,pbpbbppp,54.73321858864028,b,b,1,33.333333333333336
8007aa97-09a1-40cb-8bf8-7190c7abba48,3712,21,9,bpbbpppb,51.80533751962323,b,b,1,45.833333333333336
8007aa97-09a1-40cb-8bf8-7190c7abba48,3712,23,9,bpppbbpp,50.53956834532374,p,b,0,53.84615384615385
8007aa97-09a1-40cb-8bf8-7190c7abba48,3713,1,9,bppbpbbb,52.20338983050847,p,p,1,48.93617021276596
8007aa97-09a1-40cb-8bf8-7190c7abba48,3713,3,9,bpbbbpbp,51.143790849673195,b,b,1,46.42857142857143
8007aa97-09a1-40cb-8bf8-7190c7abba48,3713,5,9,bpbpbbpb,51.11111111111111,b,p,0,45.16129032258065
8007aa97-09a1-40cb-8bf8-7190c7abba48,3713,7,9,bpbbpbpb,53.61842105263158,p,p,1,48.148148148148145
8007aa97-09a1-40cb-8bf8-7190c7abba48,3713,8,9,pbbpbpbp,51.347068145800314,p,p,1,30.76923076923077
8007aa97-09a1-40cb-8bf8-7190c7abba48,3713,11,9,bpbppppb,52.749140893470795,b,b,1,48.83720930232558
8007aa97-09a1-40cb-8bf8-7190c7abba48,3713,12,9,pbppppbb,50.08605851979346,b,b,1,47.36842105263158
8007aa97-09a1-40cb-8bf8-7190c7abba48,3713,13,9,bppppbbb,50.91911764705882,b,p,0,48.275862068965516
8007aa97-09a1-40cb-8bf8-7190c7abba48,3713,14,9,pbbbppbp,52.0066889632107,b,b,1,42.10526315789474
8007aa97-09a1-40cb-8bf8-7190c7abba48,3713,15,9,bppbpbpb,50.17667844522968,p,b,0,57.142857142857146
8007aa97-09a1-40cb-8bf8-7190c7abba48,3713,16,9,pbpbpbbb,51.12540192926045,p,b,0,48.0
8007aa97-09a1-40cb-8bf8-7190c7abba48,3713,18,9,pbpbbbbp,54.39856373429084,b,p,0,47.22222222222222
8007aa97-09a1-40cb-8bf8-7190c7abba48,3713,19,9,bpbbbbpp,50.17857142857143,b,p,0,40.54054054054054
8007aa97-09a1-40cb-8bf8-7190c7abba48,3713,20,9,pbbbbppp,50.09345794392524,b,b,1,50.0
8007aa97-09a1-40cb-8bf8-7190c7abba48,3713,21,9,bpppbbpp,50.53956834532374,p,b,0,53.84615384615385
8007aa97-09a1-40cb-8bf8-7190c7abba48,3713,24,9,pbppbbbp,52.15827338129496,b,p,0,46.15384615384615
8007aa97-09a1-40cb-8bf8-7190c7abba48,3713,25,9,bppbbbpp,50.287907869481764,b,p,0,50.0
8007aa97-09a1-40cb-8bf8-7190c7abba48,3713,26,9,pbbbpppb,51.11524163568774,p,p,1,44.0
8007aa97-09a1-40cb-8bf8-7190c7abba48,3715,1,9,bppbbppb,50.164473684210535,b,p,0,41.1764705882353
8007aa97-09a1-40cb-8bf8-7190c7abba48,3715,3,9,bppbpppb,50.08976660682226,b,p,0,50.0
8007aa97-09a1-40cb-8bf8-7190c7abba48,3715,4,9,pbpppbpb,50.269299820466784,b,p,0,42.10526315789474
8007aa97-09a1-40cb-8bf8-7190c7abba48,3715,5,9,bpppbpbp,51.964285714285715,b,b,1,46.15384615384615
8007aa97-09a1-40cb-8bf8-7190c7abba48,3715,6,9,pbpbpbbp,51.114922813036024,p,b,0,41.37931034482759
8007aa97-09a1-40cb-8bf8-7190c7abba48,3715,7,9,bpbpbbpb,51.11111111111111,b,p,0,45.16129032258065
8007aa97-09a1-40cb-8bf8-7190c7abba48,3715,10,9,pbbpbppb,51.158940397350996,b,b,1,43.333333333333336
8007aa97-09a1-40cb-8bf8-7190c7abba48,3715,11,9,bpbppbbb,51.21951219512195,p,b,0,46.42857142857143
8007aa97-09a1-40cb-8bf8-7190c7abba48,3715,13,9,bppbbbbp,50.76923076923077,b,b,1,46.666666666666664
8007aa97-09a1-40cb-8bf8-7190c7abba48,3715,14,9,pbbbbpbp,51.515151515151516,p,b,0,46.42857142857143
8007aa97-09a1-40cb-8bf8-7190c7abba48,3715,15,9,bpbpbpbp,50.264550264550266,p,b,0,48.38709677419355
8007aa97-09a1-40cb-8bf8-7190c7abba48,3715,17,9,bpbpbpbb,50.23255813953489,b,p,0,47.05882352941177
8007aa97-09a1-40cb-8bf8-7190c7abba48,3715,18,9,pbpbpbbp,51.114922813036024,p,p,1,41.37931034482759
8007aa97-09a1-40cb-8bf8-7190c7abba48,3715,19,9,bpbpbbpp,50.08488964346349,b,p,0,58.62068965517241
8007aa97-09a1-40cb-8bf8-7190c7abba48,3715,20,9,pbpbbppp,54.73321858864028,b,b,1,33.333333333333336
8007aa97-09a1-40cb-8bf8-7190c7abba48,3715,21,9,bpbbpppb,51.80533751962323,b,b,1,45.833333333333336
8007aa97-09a1-40cb-8bf8-7190c7abba48,3715,23,9,bpppbbbb,50.0,p,b,0,39.285714285714285
8007aa97-09a1-40cb-8bf8-7190c7abba48,3715,24,9,pbbbbbpb,50.79365079365079,b,b,1,54.83870967741935
8007aa97-09a1-40cb-8bf8-7190c7abba48,3716,1,9,bpppbppb,50.18518518518519,b,b,1,50.0
8007aa97-09a1-40cb-8bf8-7190c7abba48,3716,2,9,pbppbbpb,52.019386106623585,p,p,1,45.833333333333336
8007aa97-09a1-40cb-8bf8-7190c7abba48,3716,3,9,bppbbpbp,50.34013605442177,p,b,0,60.714285714285715
8007aa97-09a1-40cb-8bf8-7190c7abba48,3716,4,9,pbbpbpbp,51.347068145800314,p,b,0,30.76923076923077
8007aa97-09a1-40cb-8bf8-7190c7abba48,3716,5,9,bpbpbpbb,50.23255813953489,b,p,0,47.05882352941177
8007aa97-09a1-40cb-8bf8-7190c7abba48,3716,6,9,pbpbpbbp,51.114922813036024,p,p,1,41.37931034482759
8007aa97-09a1-40cb-8bf8-7190c7abba48,3716,7,9,bpbpbbpp,50.08488964346349,b,b,1,58.62068965517241
8007aa97-09a1-40cb-8bf8-7190c7abba48,3716,8,9,pbpbbppb,50.77989601386482,b,p,0,50.0
8007aa97-09a1-40cb-8bf8-7190c7abba48,3716,9,9,bpbbppbp,51.22377622377622,b,b,1,45.16129032258065
8007aa97-09a1-40cb-8bf8-7190c7abba48,3716,10,9,pbbppbpb,52.3728813559322,b,p,0,37.83783783783784
8007aa97-09a1-40cb-8bf8-7190c7abba48,3716,11,9,bppbpbpb,50.17667844522968,p,p,1,57.142857142857146
8007aa97-09a1-40cb-8bf8-7190c7abba48,3716,15,9,bpbppppp,51.64835164835166,b,b,1,42.857142857142854
8007aa97-09a1-40cb-8bf8-7190c7abba48,3716,16,9,pbpppppb,50.18796992481202,b,b,1,62.5
8007aa97-09a1-40cb-8bf8-7190c7abba48,3716,17,9,bpppppbb,52.31053604436229,p,p,1,48.148148148148145
8007aa97-09a1-40cb-8bf8-7190c7abba48,3716,18,9,pbbppppp,50.0,b,p,0,43.47826086956522
8007aa97-09a1-40cb-8bf8-7190c7abba48,3716,19,9,bppppppb,50.76923076923077,b,p,0,41.666666666666664
8007aa97-09a1-40cb-8bf8-7190c7abba48,3716,21,9,bpbbpbpb,53.61842105263158,p,b,0,48.148148148148145
8007aa97-09a1-40cb-8bf8-7190c7abba48,3716,23,9,bpbpbbpp,50.08488964346349,b,p,0,58.62068965517241
8007aa97-09a1-40cb-8bf8-7190c7abba48,3716,24,9,pbpbbppp,54.73321858864028,b,b,1,33.333333333333336
8007aa97-09a1-40cb-8bf8-7190c7abba48,3716,25,9,bpbbpppb,51.80533751962323,b,p,0,45.833333333333336
8007aa97-09a1-40cb-8bf8-7190c7abba48,3716,26,9,pbbpppbp,54.50000000000001,b,p,0,47.22222222222222
8007aa97-09a1-40cb-8bf8-7190c7abba48,3717,1,9,bpppbbpb,50.56910569105691,p,p,1,60.714285714285715
8007aa97-09a1-40cb-8bf8-7190c7abba48,3717,2,9,pbbpbppp,51.328903654485046,p,p,1,46.42857142857143
8007aa97-09a1-40cb-8bf8-7190c7abba48,3717,3,9,bpbppppb,52.749140893470795,b,b,1,48.83720930232558
8007aa97-09a1-40cb-8bf8-7190c7abba48,3717,4,9,pbppppbb,50.08605851979346,b,b,1,47.36842105263158
8007aa97-09a1-40cb-8bf8-7190c7abba48,3717,5,9,bppppbbb,50.91911764705882,b,b,1,48.275862068965516
8007aa97-09a1-40cb-8bf8-7190c7abba48,3717,7,9,bppbpppb,50.08976660682226,b,p,0,50.0
8007aa97-09a1-40cb-8bf8-7190c7abba48,3717,8,9,pbpppbpb,50.269299820466784,b,p,0,42.10526315789474
8007aa97-09a1-40cb-8bf8-7190c7abba48,3717,9,9,bpppbpbp,51.964285714285715,b,b,1,46.15384615384615
8007aa97-09a1-40cb-8bf8-7190c7abba48,3717,11,9,bpbpbpbp,50.264550264550266,p,p,1,48.38709677419355
8007aa97-09a1-40cb-8bf8-7190c7abba48,3717,14,9,pbpbpppb,53.16901408450704,b,p,0,41.666666666666664
8007aa97-09a1-40cb-8bf8-7190c7abba48,3717,15,9,bpbpppbp,52.886405959031656,b,p,0,44.827586206896555
8007aa97-09a1-40cb-8bf8-7190c7abba48,3717,16,9,pbpppbpp,50.73260073260073,p,b,0,57.142857142857146
8007aa97-09a1-40cb-8bf8-7190c7abba48,3717,17,9,bpppbppb,50.18518518518519,b,b,1,50.0
8007aa97-09a1-40cb-8bf8-7190c7abba48,3717,18,9,pbppbbbp,52.15827338129496,b,p,0,46.15384615384615
8007aa97-09a1-40cb-8bf8-7190c7abba48,3717,19,9,bppbbbpp,50.287907869481764,b,p,0,50.0
8007aa97-09a1-40cb-8bf8-7190c7abba48,3717,20,9,pbbbpppp,54.761904761904766,b,p,0,47.82608695652174
8007aa97-09a1-40cb-8bf8-7190c7abba48,3717,21,9,bpppppbb,52.31053604436229,p,p,1,48.148148148148145
8007aa97-09a1-40cb-8bf8-7190c7abba48,3717,22,9,pbbpbppb,51.158940397350996,b,b,1,43.333333333333336
8007aa97-09a1-40cb-8bf8-7190c7abba48,3717,23,9,bpbppbbb,51.21951219512195,p,b,0,46.42857142857143
8007aa97-09a1-40cb-8bf8-7190c7abba48,3717,25,9,bppbbbbb,56.25,b,p,0,40.0
8007aa97-09a1-40cb-8bf8-7190c7abba48,3718,1,9,bpppbbbb,50.0,p,p,1,39.285714285714285
8007aa97-09a1-40cb-8bf8-7190c7abba48,3718,4,9,pbpbbppb,50.77989601386482,b,p,0,50.0
8007aa97-09a1-40cb-8bf8-7190c7abba48,3718,5,9,bpbbppbp,51.22377622377622,b,p,0,45.16129032258065
8007aa97-09a1-40cb-8bf8-7190c7abba48,3718,8,9,pbppbppb,53.85996409335727,b,b,1,46.42857142857143
8007aa97-09a1-40cb-8bf8-7190c7abba48,3718,11,9,bppbbbbp,50.76923076923077,b,b,1,46.666666666666664
8007aa97-09a1-40cb-8bf8-7190c7abba48,3718,12,9,pbbbbpbb,52.950819672131146,p,p,1,38.46153846153846
8007aa97-09a1-40cb-8bf8-7190c7abba48,3718,13,9,bpbbpbbb,52.76872964169381,b,b,1,36.36363636363637
8007aa97-09a1-40cb-8bf8-7190c7abba48,3718,14,9,pbbpbbbb,55.1219512195122,p,b,0,42.42424242424242
8007aa97-09a1-40cb-8bf8-7190c7abba48,3718,15,9,bpbbbbbb,50.743801652892564,b,p,0,52.72727272727273
8007aa97-09a1-40cb-8bf8-7190c7abba48,3718,16,9,pbbbbbbp,52.06896551724138,p,b,0,46.875
8007aa97-09a1-40cb-8bf8-7190c7abba48,3718,17,9,bpbpbbpb,51.11111111111111,b,p,0,45.16129032258065
8007aa97-09a1-40cb-8bf8-7190c7abba48,3718,19,9,bpbbpbpb,53.61842105263158,p,p,1,48.148148148148145
8007aa97-09a1-40cb-8bf8-7190c7abba48,3718,20,9,pbbpbpbp,51.347068145800314,p,p,1,30.76923076923077
8007aa97-09a1-40cb-8bf8-7190c7abba48,3718,23,9,bpbppppp,51.64835164835166,b,p,0,42.857142857142854
8007aa97-09a1-40cb-8bf8-7190c7abba48,3718,24,9,pbpppppp,50.095238095238095,p,b,0,69.56521739130434
8007aa97-09a1-40cb-8bf8-7190c7abba48,3718,25,9,bppppppb,50.76923076923077,b,b,1,41.666666666666664
8007aa97-09a1-40cb-8bf8-7190c7abba48,3719,1,9,bpbpppbb,50.993377483443716,p,p,1,36.666666666666664
8007aa97-09a1-40cb-8bf8-7190c7abba48,3719,3,9,bpppbbpp,50.53956834532374,p,b,0,53.84615384615385
8007aa97-09a1-40cb-8bf8-7190c7abba48,3719,4,9,pbbppbbb,50.41876046901172,b,p,0,60.714285714285715
8007aa97-09a1-40cb-8bf8-7190c7abba48,3719,5,9,bppbbbpp,50.287907869481764,b,p,0,50.0
8007aa97-09a1-40cb-8bf8-7190c7abba48,3719,6,9,pbbbpppb,51.11524163568774,p,b,0,44.0
8007aa97-09a1-40cb-8bf8-7190c7abba48,3719,7,9,bpppbbbb,50.0,p,p,1,39.285714285714285
8007aa97-09a1-40cb-8bf8-7190c7abba48,3719,8,9,pbbbbppp,50.09345794392524,b,b,1,50.0
8007aa97-09a1-40cb-8bf8-7190c7abba48,3719,9,9,bpppbpbp,51.964285714285715,b,b,1,46.15384615384615
8007aa97-09a1-40cb-8bf8-7190c7abba48,3719,10,9,pbpbpbbb,51.12540192926045,p,b,0,48.0
8007aa97-09a1-40cb-8bf8-7190c7abba48,3719,12,9,pbpbbbbp,54.39856373429084,b,b,1,47.22222222222222
8007aa97-09a1-40cb-8bf8-7190c7abba48,3719,13,9,bpbbbbpb,51.162790697674424,b,p,0,59.57446808510638
8007aa97-09a1-40cb-8bf8-7190c7abba48,3719,14,9,pbbbbpbp,51.515151515151516,p,p,1,46.42857142857143
8007aa97-09a1-40cb-8bf8-7190c7abba48,3719,15,9,bpbpppbb,50.993377483443716,p,b,0,36.666666666666664
8007aa97-09a1-40cb-8bf8-7190c7abba48,3719,17,9,bpppbbbp,51.1504424778761,p,b,0,51.92307692307692
8007aa97-09a1-40cb-8bf8-7190c7abba48,3719,18,9,pbbbpbpp,51.11940298507462,p,b,0,40.0
8007aa97-09a1-40cb-8bf8-7190c7abba48,3720,1,9,bpbbpppb,51.80533751962323,b,p,0,45.833333333333336
8007aa97-09a1-40cb-8bf8-7190c7abba48,3720,2,9,pbbpppbp,54.50000000000001,b,b,1,47.22222222222222
8007aa97-09a1-40cb-8bf8-7190c7abba48,3720,3,9,bpppbpbp,51.964285714285715,b,p,0,46.15384615384615
8007aa97-09a1-40cb-8bf8-7190c7abba48,3720,4,9,pbpbpppb,53.16901408450704,b,p,0,41.666666666666664
8007aa97-09a1-40cb-8bf8-7190c7abba48,3720,5,9,bpbpppbp,52.886405959031656,b,b,1,44.827586206896555
8007aa97-09a1-40cb-8bf8-7190c7abba48,3720,6,9,pbpppbpb,50.269299820466784,b,b,1,42.10526315789474
8007aa97-09a1-40cb-8bf8-7190c7abba48,3720,7,9,bpppbpbb,50.34129692832765,p,p,1,36.36363636363637
8007aa97-09a1-40cb-8bf8-7190c7abba48,3720,8,9,pbpbbppp,54.73321858864028,b,b,1,33.333333333333336
8007aa97-09a1-40cb-8bf8-7190c7abba48,3720,9,9,bpbbpppb,51.80533751962323,b,b,1,45.833333333333336
8007aa97-09a1-40cb-8bf8-7190c7abba48,3720,11,9,bpppbbbp,51.1504424778761,p,p,1,51.92307692307692
8007aa97-09a1-40cb-8bf8-7190c7abba48,3720,12,9,pbbbpppb,51.11524163568774,p,p,1,44.0
8007aa97-09a1-40cb-8bf8-7190c7abba48,3720,13,9,bpppbpbb,50.34129692832765,p,p,1,36.36363636363637
8007aa97-09a1-40cb-8bf8-7190c7abba48,3720,14,9,pbpbbppb,50.77989601386482,b,p,0,50.0
8007aa97-09a1-40cb-8bf8-7190c7abba48,3720,15,9,bpbbppbp,51.22377622377622,b,p,0,45.16129032258065
8007aa97-09a1-40cb-8bf8-7190c7abba48,3720,19,9,bppbbbbp,50.76923076923077,b,p,0,46.666666666666664
912a63fa-78ef-4ece-bcb3-f16a4bc02ca8,3760,1,9,pbbppbbb,50.16611295681063,b,p,0,60.714285714285715
912a63fa-78ef-4ece-bcb3-f16a4bc02ca8,3760,2,9,bppbbbpb,52.76872964169381,b,p,0,48.484848484848484
912a63fa-78ef-4ece-bcb3-f16a4bc02ca8,3760,5,9,pbpbbbbb,51.12903225806451,b,p,0,55.0
912a63fa-78ef-4ece-bcb3-f16a4bc02ca8,3760,6,9,bpbbbbbp,51.69491525423729,p,b,0,47.82608695652174
912a63fa-78ef-4ece-bcb3-f16a4bc02ca8,3760,7,9,pbbbbbpb,50.78809106830122,b,p,0,54.83870967741935
912a63fa-78ef-4ece-bcb3-f16a4bc02ca8,3760,8,9,bpbppbpp,50.5338078291815,p,p,1,44.827586206896555
912a63fa-78ef-4ece-bcb3-f16a4bc02ca8,3760,10,9,bppbpppp,50.09784735812133,b,b,1,53.48837209302326
912a63fa-78ef-4ece-bcb3-f16a4bc02ca8,3760,11,9,pbppppbb,50.25466893039049,b,b,1,47.36842105263158
912a63fa-78ef-4ece-bcb3-f16a4bc02ca8,3760,12,9,bppppbbb,51.26353790613718,b,p,0,48.275862068965516
912a63fa-78ef-4ece-bcb3-f16a4bc02ca8,3760,13,9,pbbbpppb,51.19266055045871,p,p,1,44.0
912a63fa-78ef-4ece-bcb3-f16a4bc02ca8,3760,14,9,bpppbpbb,50.588235294117645,p,p,1,36.36363636363637
912a63fa-78ef-4ece-bcb3-f16a4bc02ca8,3760,17,9,pbbpbppb,50.89722675367048,b,p,0,43.333333333333336
912a63fa-78ef-4ece-bcb3-f16a4bc02ca8,3760,18,9,bpbppbpb,50.0,b,p,0,50.0
912a63fa-78ef-4ece-bcb3-f16a4bc02ca8,3760,21,9,pbpbpppb,52.951388888888886,b,b,1,41.666666666666664
912a63fa-78ef-4ece-bcb3-f16a4bc02ca8,3760,22,9,bpbpppbb,50.81699346405229,p,b,0,36.666666666666664
912a63fa-78ef-4ece-bcb3-f16a4bc02ca8,3760,24,9,bpppbbbb,50.34843205574913,p,b,0,39.285714285714285
912a63fa-78ef-4ece-bcb3-f16a4bc02ca8,3760,26,9,bpppbpbp,52.196836555360285,b,p,0,46.15384615384615
912a63fa-78ef-4ece-bcb3-f16a4bc02ca8,3760,28,9,bpbppbpp,50.5338078291815,p,b,0,44.827586206896555
912a63fa-78ef-4ece-bcb3-f16a4bc02ca8,3760,29,9,pbppbppb,54.02504472271914,b,p,0,46.42857142857143
912a63fa-78ef-4ece-bcb3-f16a4bc02ca8,3761,1,9,pbpbbpbb,50.49342105263158,p,p,1,39.02439024390244
912a63fa-78ef-4ece-bcb3-f16a4bc02ca8,3761,2,9,bpbbpbbp,55.55555555555556,b,b,1,47.916666666666664
912a63fa-78ef-4ece-bcb3-f16a4bc02ca8,3761,3,9,pbbpbbpb,50.14749262536873,b,p,0,56.0
912a63fa-78ef-4ece-bcb3-f16a4bc02ca8,3761,4,9,bpbbpbpb,53.40909090909091,p,p,1,48.148148148148145
912a63fa-78ef-4ece-bcb3-f16a4bc02ca8,3761,5,9,pbbpbpbp,51.41509433962265,p,b,0,30.76923076923077
912a63fa-78ef-4ece-bcb3-f16a4bc02ca8,3761,6,9,bpbpbpbp,50.173611111111114,p,b,0,48.38709677419355
912a63fa-78ef-4ece-bcb3-f16a4bc02ca8,3761,8,9,bpbpbpbp,50.173611111111114,p,b,0,48.38709677419355
912a63fa-78ef-4ece-bcb3-f16a4bc02ca8,3761,10,9,bpbpbpbb,50.076569678407346,p,p,1,47.05882352941177
912a63fa-78ef-4ece-bcb3-f16a4bc02ca8,3761,11,9,pbpbpbbp,51.51006711409396,p,p,1,41.37931034482759
912a63fa-78ef-4ece-bcb3-f16a4bc02ca8,3761,12,9,bpbpbbpp,50.08319467554077,p,p,1,58.62068965517241
912a63fa-78ef-4ece-bcb3-f16a4bc02ca8,3761,13,9,pbpbbppp,54.74576271186441,b,p,0,33.333333333333336
912a63fa-78ef-4ece-bcb3-f16a4bc02ca8,3761,14,9,bpbbpppp,51.891891891891895,b,b,1,37.93103448275862
912a63fa-78ef-4ece-bcb3-f16a4bc02ca8,3761,15,9,pbbppppb,53.66269165247019,p,p,1,46.666666666666664
912a63fa-78ef-4ece-bcb3-f16a4bc02ca8,3761,17,9,pbpbpbbb,50.79617834394905,p,p,1,48.0
912a63fa-78ef-4ece-bcb3-f16a4bc02ca8,3761,19,9,pbpbbbpp,53.15161839863713,b,b,1,48.888888888888886
912a63fa-78ef-4ece-bcb3-f16a4bc02ca8,3762,1,9,pbbbppbp,51.65562913907284,b,p,0,42.10526315789474
912a63fa-78ef-4ece-bcb3-f16a4bc02ca8,3762,2,9,bppbpppb,50.44091710758377,p,p,1,50.0
912a63fa-78ef-4ece-bcb3-f16a4bc02ca8,3762,3,9,pbpppbpp,50.810810810810814,p,b,0,57.142857142857146
912a63fa-78ef-4ece-bcb3-f16a4bc02ca8,3762,4,9,bpppbppb,50.54945054945055,b,b,1,50.0
912a63fa-78ef-4ece-bcb3-f16a4bc02ca8,3762,5,9,pbppbbpb,51.75718849840255,p,p,1,45.833333333333336
912a63fa-78ef-4ece-bcb3-f16a4bc02ca8,3762,6,9,bppbbpbp,50.42016806722689,p,p,1,60.714285714285715
912a63fa-78ef-4ece-bcb3-f16a4bc02ca8,3762,7,9,pbbpbppb,50.89722675367048,b,p,0,43.333333333333336
912a63fa-78ef-4ece-bcb3-f16a4bc02ca8,3762,8,9,bpbppbpb,50.0,b,p,0,50.0
912a63fa-78ef-4ece-bcb3-f16a4bc02ca8,3762,10,9,bppbpbpb,50.43478260869565,p,b,0,57.142857142857146
912a63fa-78ef-4ece-bcb3-f16a4bc02ca8,3762,11,9,pbpbpbbp,51.51006711409396,p,p,1,41.37931034482759
912a63fa-78ef-4ece-bcb3-f16a4bc02ca8,3762,12,9,bpbpbbpp,50.08319467554077,p,b,0,58.62068965517241
912a63fa-78ef-4ece-bcb3-f16a4bc02ca8,3762,13,9,pbpbbppb,50.68259385665529,b,b,1,50.0
912a63fa-78ef-4ece-bcb3-f16a4bc02ca8,3762,14,9,bpbbppbb,51.735537190082646,p,b,0,44.0
912a63fa-78ef-4ece-bcb3-f16a4bc02ca8,3762,15,9,pbbppbbb,50.16611295681063,b,p,0,60.714285714285715
912a63fa-78ef-4ece-bcb3-f16a4bc02ca8,3762,16,9,bppbbbpb,52.76872964169381,b,p,0,48.484848484848484
912a63fa-78ef-4ece-bcb3-f16a4bc02ca8,3762,17,9,pbbbpbpp,51.559633027522935,p,p,1,40.0
912a63fa-78ef-4ece-bcb3-f16a4bc02ca8,3762,18,9,bpbpppbb,50.81699346405229,p,b,0,36.666666666666664
912a63fa-78ef-4ece-bcb3-f16a4bc02ca8,3762,20,9,bpppbbbb,50.34843205574913,p,b,0,39.285714285714285
912a63fa-78ef-4ece-bcb3-f16a4bc02ca8,3762,21,9,pbbbbbpb,50.78809106830122,b,b,1,54.83870967741935
912a63fa-78ef-4ece-bcb3-f16a4bc02ca8,3762,22,9,bpbbbbpb,51.07361963190185,b,b,1,59.57446808510638
912a63fa-78ef-4ece-bcb3-f16a4bc02ca8,3762,23,9,pbbbbpbb,53.07443365695793,p,b,0,38.46153846153846
912a63fa-78ef-4ece-bcb3-f16a4bc02ca8,3762,24,9,bpbbbbpb,51.07361963190185,b,b,1,59.57446808510638
912a63fa-78ef-4ece-bcb3-f16a4bc02ca8,3762,25,9,pbbbbpbb,53.07443365695793,p,p,1,38.46153846153846
912a63fa-78ef-4ece-bcb3-f16a4bc02ca8,3763,1,9,bpbpbbpb,50.67567567567568,b,b,1,45.16129032258065
912a63fa-78ef-4ece-bcb3-f16a4bc02ca8,3763,2,9,pbpbbpbb,50.49342105263158,p,b,0,39.02439024390244
912a63fa-78ef-4ece-bcb3-f16a4bc02ca8,3763,3,9,bpbbpbbb,52.836304700162074,b,p,0,36.36363636363637
912a63fa-78ef-4ece-bcb3-f16a4bc02ca8,3763,4,9,pbbpbbbp,51.90082644628099,b,b,1,43.24324324324324
912a63fa-78ef-4ece-bcb3-f16a4bc02ca8,3763,5,9,bpbbbpbb,50.59347181008902,b,b,1,44.44444444444444
912a63fa-78ef-4ece-bcb3-f16a4bc02ca8,3763,6,9,pbbbpbbb,50.78864353312302,p,p,1,36.8421052631579
912a63fa-78ef-4ece-bcb3-f16a4bc02ca8,3763,7,9,bpbbbpbb,50.59347181008902,b,p,0,44.44444444444444
912a63fa-78ef-4ece-bcb3-f16a4bc02ca8,3763,9,9,bpbbpbpb,53.40909090909091,p,p,1,48.148148148148145
912a63fa-78ef-4ece-bcb3-f16a4bc02ca8,3763,10,9,pbbpbpbp,51.41509433962265,p,b,0,30.76923076923077
912a63fa-78ef-4ece-bcb3-f16a4bc02ca8,3763,11,9,bpbpbpbp,50.173611111111114,p,p,1,48.38709677419355
912a63fa-78ef-4ece-bcb3-f16a4bc02ca8,3763,13,9,bpbpbppb,55.80286168521462,b,p,0,43.333333333333336
912a63fa-78ef-4ece-bcb3-f16a4bc02ca8,3763,15,9,bpbppbpb,50.0,b,p,0,50.0
912a63fa-78ef-4ece-bcb3-f16a4bc02ca8,3763,18,9,pbpbpppb,52.951388888888886,b,p,0,41.666666666666664
912a63fa-78ef-4ece-bcb3-f16a4bc02ca8,3763,19,9,bpbpppbp,53.199268738574034,b,b,1,44.827586206896555
912a63fa-78ef-4ece-bcb3-f16a4bc02ca8,3763,20,9,pbpppbpb,50.175438596491226,b,b,1,42.10526315789474
912a63fa-78ef-4ece-bcb3-f16a4bc02ca8,3763,21,9,bpppbpbb,50.588235294117645,p,p,1,36.36363636363637
912a63fa-78ef-4ece-bcb3-f16a4bc02ca8,3763,23,9,bpbbpbpb,53.40909090909091,p,p,1,48.148148148148145
912a63fa-78ef-4ece-bcb3-f16a4bc02ca8,3763,24,9,pbbpbpbp,51.41509433962265,p,b,0,30.76923076923077
912a63fa-78ef-4ece-bcb3-f16a4bc02ca8,3764,1,9,bpbppbbb,50.964630225080384,p,p,1,46.42857142857143
912a63fa-78ef-4ece-bcb3-f16a4bc02ca8,3764,2,9,pbppbbbp,51.95035460992907,b,p,0,46.15384615384615
912a63fa-78ef-4ece-bcb3-f16a4bc02ca8,3764,3,9,bppbbbpp,50.0,b,b,1,50.0
912a63fa-78ef-4ece-bcb3-f16a4bc02ca8,3764,4,9,pbbbppbp,51.65562913907284,b,b,1,42.10526315789474
912a63fa-78ef-4ece-bcb3-f16a4bc02ca8,3764,7,9,bpbbpbpb,53.40909090909091,p,p,1,48.148148148148145
912a63fa-78ef-4ece-bcb3-f16a4bc02ca8,3764,8,9,pbbpbpbp,51.41509433962265,p,p,1,30.76923076923077
912a63fa-78ef-4ece-bcb3-f16a4bc02ca8,3764,9,9,bpbpbppb,55.80286168521462,b,p,0,43.333333333333336
912a63fa-78ef-4ece-bcb3-f16a4bc02ca8,3764,11,9,bpbppbpb,50.0,b,b,1,50.0
912a63fa-78ef-4ece-bcb3-f16a4bc02ca8,3764,12,9,pbppbpbb,51.49911816578483,p,p,1,45.45454545454545
912a63fa-78ef-4ece-bcb3-f16a4bc02ca8,3764,14,9,pbpbbpbb,50.49342105263158,p,b,0,39.02439024390244
912a63fa-78ef-4ece-bcb3-f16a4bc02ca8,3764,15,9,bpbbpbbb,52.836304700162074,b,p,0,36.36363636363637
912a63fa-78ef-4ece-bcb3-f16a4bc02ca8,3764,16,9,pbbpbbbp,51.90082644628099,b,b,1,43.24324324324324
912a63fa-78ef-4ece-bcb3-f16a4bc02ca8,3764,17,9,bpbbbpbb,50.59347181008902,b,b,1,44.44444444444444
912a63fa-78ef-4ece-bcb3-f16a4bc02ca8,3764,18,9,pbbbpbbb,50.78864353312302,p,p,1,36.8421052631579
912a63fa-78ef-4ece-bcb3-f16a4bc02ca8,3764,19,9,bpbbbpbb,50.59347181008902,b,b,1,44.44444444444444
912a63fa-78ef-4ece-bcb3-f16a4bc02ca8,3764,20,9,pbbbpbbb,50.78864353312302,p,p,1,36.8421052631579
912a63fa-78ef-4ece-bcb3-f16a4bc02ca8,3764,21,9,bpbbbppb,52.20228384991843,p,b,0,40.90909090909091
912a63fa-78ef-4ece-bcb3-f16a4bc02ca8,3764,22,9,pbbbppbb,53.14183123877917,b,b,1,41.935483870967744
912a63fa-78ef-4ece-bcb3-f16a4bc02ca8,3764,23,9,bppbbbpb,52.76872964169381,b,p,0,48.484848484848484
912a63fa-78ef-4ece-bcb3-f16a4bc02ca8,3764,24,9,pbbbpbpp,51.559633027522935,p,b,0,40.0
912a63fa-78ef-4ece-bcb3-f16a4bc02ca8,3764,25,9,bpbppbbb,50.964630225080384,p,p,1,46.42857142857143
912a63fa-78ef-4ece-bcb3-f16a4bc02ca8,3764,26,9,pbppbbbp,51.95035460992907,b,b,1,46.15384615384615
912a63fa-78ef-4ece-bcb3-f16a4bc02ca8,3765,1,9,pbbpbppb,50.89722675367048,b,b,1,43.333333333333336
912a63fa-78ef-4ece-bcb3-f16a4bc02ca8,3765,2,9,bpbppbbp,51.48514851485149,b,b,1,48.38709677419355
912a63fa-78ef-4ece-bcb3-f16a4bc02ca8,3765,3,9,pbppbbpb,51.75718849840255,p,b,0,45.833333333333336
912a63fa-78ef-4ece-bcb3-f16a4bc02ca8,3765,4,9,bppbbpbb,50.24711696869851,b,p,0,45.16129032258065
912a63fa-78ef-4ece-bcb3-f16a4bc02ca8,3765,5,9,pbbpbbpp,51.03092783505154,p,p,1,56.25
912a63fa-78ef-4ece-bcb3-f16a4bc02ca8,3765,6,9,bpbbpppp,51.891891891891895,b,p,0,37.93103448275862
912a63fa-78ef-4ece-bcb3-f16a4bc02ca8,3765,7,9,pbbppppp,50.37593984962406,p,p,1,43.47826086956522
912a63fa-78ef-4ece-bcb3-f16a4bc02ca8,3765,8,9,bppppppp,51.31086142322098,b,b,1,40.0
912a63fa-78ef-4ece-bcb3-f16a4bc02ca8,3765,10,9,bpbppppb,52.77310924369748,b,b,1,48.83720930232558
912a63fa-78ef-4ece-bcb3-f16a4bc02ca8,3765,11,9,pbppppbb,50.25466893039049,b,b,1,47.36842105263158
912a63fa-78ef-4ece-bcb3-f16a4bc02ca8,3765,12,9,bppppbbb,51.26353790613718,b,p,0,48.275862068965516
912a63fa-78ef-4ece-bcb3-f16a4bc02ca8,3765,15,9,pbpbbbbb,51.12903225806451,b,b,1,55.0
912a63fa-78ef-4ece-bcb3-f16a4bc02ca8,3765,16,9,bpbbbbbb,50.4885993485342,b,p,0,52.72727272727273
912a63fa-78ef-4ece-bcb3-f16a4bc02ca8,3765,17,9,pbbbbbbp,51.78875638841567,p,b,0,46.875
912a63fa-78ef-4ece-bcb3-f16a4bc02ca8,3765,18,9,bpbbbbbb,50.4885993485342,b,b,1,52.72727272727273
912a63fa-78ef-4ece-bcb3-f16a4bc02ca8,3765,19,9,pbbbbbbb,50.07824726134585,p,b,0,55.55555555555556
912a63fa-78ef-4ece-bcb3-f16a4bc02ca8,3766,1,9,bpbbbbpp,50.35335689045937,b,b,1,40.54054054054054
912a63fa-78ef-4ece-bcb3-f16a4bc02ca8,3766,3,9,bppbbbpb,52.76872964169381,b,p,0,48.484848484848484
912a63fa-78ef-4ece-bcb3-f16a4bc02ca8,3766,4,9,pbbbpbpp,51.559633027522935,p,b,0,40.0
912a63fa-78ef-4ece-bcb3-f16a4bc02ca8,3766,5,9,bpbppbpp,50.5338078291815,p,b,0,44.827586206896555
912a63fa-78ef-4ece-bcb3-f16a4bc02ca8,3766,6,9,pbppbppb,54.02504472271914,b,b,1,46.42857142857143
912a63fa-78ef-4ece-bcb3-f16a4bc02ca8,3766,8,9,pbppbbpb,51.75718849840255,p,b,0,45.833333333333336
912a63fa-78ef-4ece-bcb3-f16a4bc02ca8,3766,9,9,bppbbpbb,50.24711696869851,b,p,0,45.16129032258065
912a63fa-78ef-4ece-bcb3-f16a4bc02ca8,3766,10,9,pbbpbbpb,50.14749262536873,b,b,1,56.0
912a63fa-78ef-4ece-bcb3-f16a4bc02ca8,3766,11,9,bpbbpbbp,55.55555555555556,b,b,1,47.916666666666664
912a63fa-78ef-4ece-bcb3-f16a4bc02ca8,3766,12,9,pbbpbbpb,50.14749262536873,b,b,1,56.0
912a63fa-78ef-4ece-bcb3-f16a4bc02ca8,3766,13,9,bpbbpbbp,55.55555555555556,b,b,1,47.916666666666664
912a63fa-78ef-4ece-bcb3-f16a4bc02ca8,3766,14,9,pbbpbbpb,50.14749262536873,b,b,1,56.0
912a63fa-78ef-4ece-bcb3-f16a4bc02ca8,3766,15,9,bpbbpbbb,52.836304700162074,b,b,1,36.36363636363637
912a63fa-78ef-4ece-bcb3-f16a4bc02ca8,3766,16,9,pbbpbbbb,55.08885298869144,p,b,0,42.42424242424242
912a63fa-78ef-4ece-bcb3-f16a4bc02ca8,3766,17,9,bpbbbbbb,50.4885993485342,b,p,0,52.72727272727273
912a63fa-78ef-4ece-bcb3-f16a4bc02ca8,3766,18,9,pbbbbbbp,51.78875638841567,p,p,1,46.875
912a63fa-78ef-4ece-bcb3-f16a4bc02ca8,3766,19,9,bppbbbbb,56.08465608465608,b,b,1,40.0
912a63fa-78ef-4ece-bcb3-f16a4bc02ca8,3766,20,9,pbbbbbbp,51.78875638841567,p,b,0,46.875
912a63fa-78ef-4ece-bcb3-f16a4bc02ca8,3766,21,9,bpbbbpbb,50.59347181008902,b,p,0,44.44444444444444
912a63fa-78ef-4ece-bcb3-f16a4bc02ca8,3766,23,9,bpbbpbpb,53.40909090909091,p,p,1,48.148148148148145
912a63fa-78ef-4ece-bcb3-f16a4bc02ca8,3766,24,9,pbbpbpbp,51.41509433962265,p,p,1,30.76923076923077
912a63fa-78ef-4ece-bcb3-f16a4bc02ca8,3767,1,9,pbbbbbpb,50.78809106830122,b,p,0,54.83870967741935
912a63fa-78ef-4ece-bcb3-f16a4bc02ca8,3767,2,9,bpbppbpp,50.5338078291815,p,p,1,44.827586206896555
912a63fa-78ef-4ece-bcb3-f16a4bc02ca8,3767,4,9,bppbpppp,50.09784735812133,b,p,0,53.48837209302326
912a63fa-78ef-4ece-bcb3-f16a4bc02ca8,3767,5,9,pbpppppb,50.46554934823091,b,p,0,62.5
912a63fa-78ef-4ece-bcb3-f16a4bc02ca8,3767,6,9,bpppppbp,50.37453183520599,b,b,1,55.172413793103445
912a63fa-78ef-4ece-bcb3-f16a4bc02ca8,3767,8,9,bpbppppp,51.449275362318836,b,b,1,42.857142857142854
912a63fa-78ef-4ece-bcb3-f16a4bc02ca8,3767,9,9,pbpppppb,50.46554934823091,b,b,1,62.5
912a63fa-78ef-4ece-bcb3-f16a4bc02ca8,3767,10,9,bpppppbb,52.28519195612431,p,b,0,48.148148148148145
912a63fa-78ef-4ece-bcb3-f16a4bc02ca8,3767,11,9,pbbbbbpb,50.78809106830122,b,p,0,54.83870967741935
912a63fa-78ef-4ece-bcb3-f16a4bc02ca8,3767,12,9,bpbpbbpp,50.08319467554077,p,p,1,58.62068965517241
912a63fa-78ef-4ece-bcb3-f16a4bc02ca8,3767,13,9,pbpbbppp,54.74576271186441,b,p,0,33.333333333333336
912a63fa-78ef-4ece-bcb3-f16a4bc02ca8,3767,14,9,bpbbpppp,51.891891891891895,b,b,1,37.93103448275862
912a63fa-78ef-4ece-bcb3-f16a4bc02ca8,3767,15,9,pbbppppb,53.66269165247019,p,p,1,46.666666666666664
912a63fa-78ef-4ece-bcb3-f16a4bc02ca8,3767,16,9,bppppbpp,50.5338078291815,b,b,1,47.22222222222222
912a63fa-78ef-4ece-bcb3-f16a4bc02ca8,3768,1,9,bpbbpbbp,55.55555555555556,b,b,1,47.916666666666664
912a63fa-78ef-4ece-bcb3-f16a4bc02ca8,3768,2,9,pbbpbbpb,50.14749262536873,b,p,0,56.0
912a63fa-78ef-4ece-bcb3-f16a4bc02ca8,3768,4,9,pbbpbppb,50.89722675367048,b,p,0,43.333333333333336
912a63fa-78ef-4ece-bcb3-f16a4bc02ca8,3768,5,9,bpbppbpp,50.5338078291815,p,b,0,44.827586206896555
912a63fa-78ef-4ece-bcb3-f16a4bc02ca8,3768,6,9,pbppbppb,54.02504472271914,b,b,1,46.42857142857143
912a63fa-78ef-4ece-bcb3-f16a4bc02ca8,3768,8,9,pbppbbpb,51.75718849840255,p,b,0,45.833333333333336
912a63fa-78ef-4ece-bcb3-f16a4bc02ca8,3768,9,9,bppbbpbb,50.24711696869851,b,p,0,45.16129032258065
912a63fa-78ef-4ece-bcb3-f16a4bc02ca8,3768,10,9,pbbpbbpp,51.03092783505154,p,p,1,56.25
912a63fa-78ef-4ece-bcb3-f16a4bc02ca8,3768,11,9,bpbbpppp,51.891891891891895,b,p,0,37.93103448275862
912a63fa-78ef-4ece-bcb3-f16a4bc02ca8,3768,12,9,pbbppppp,50.37593984962406,p,p,1,43.47826086956522
912a63fa-78ef-4ece-bcb3-f16a4bc02ca8,3768,13,9,bppppppb,50.65913370998116,b,b,1,41.666666666666664
912a63fa-78ef-4ece-bcb3-f16a4bc02ca8,3768,14,9,pbbpbbpb,50.14749262536873,b,p,0,56.0
912a63fa-78ef-4ece-bcb3-f16a4bc02ca8,3768,16,9,pbbpbppb,50.89722675367048,b,p,0,43.333333333333336
912a63fa-78ef-4ece-bcb3-f16a4bc02ca8,3768,17,9,bpbppbpb,50.0,b,b,1,50.0
912a63fa-78ef-4ece-bcb3-f16a4bc02ca8,3768,18,9,pbppbpbb,51.49911816578483,p,b,0,45.45454545454545
912a63fa-78ef-4ece-bcb3-f16a4bc02ca8,3768,19,9,bppbpbbb,52.09380234505863,p,p,1,48.93617021276596
912a63fa-78ef-4ece-bcb3-f16a4bc02ca8,3768,20,9,pbpbbbpp,53.15161839863713,b,b,1,48.888888888888886
912a63fa-78ef-4ece-bcb3-f16a4bc02ca8,3768,21,9,bpbbbppb,52.20228384991843,p,b,0,40.90909090909091
912a63fa-78ef-4ece-bcb3-f16a4bc02ca8,3768,22,9,pbbbppbb,53.14183123877917,b,b,1,41.935483870967744
912a63fa-78ef-4ece-bcb3-f16a4bc02ca8,3768,23,9,bppbbbbb,56.08465608465608,b,p,0,40.0
912a63fa-78ef-4ece-bcb3-f16a4bc02ca8,3768,25,9,bppppppb,50.65913370998116,b,p,0,41.666666666666664
912a63fa-78ef-4ece-bcb3-f16a4bc02ca8,3768,27,9,bpbpbppb,55.80286168521462,b,p,0,43.333333333333336
912a63fa-78ef-4ece-bcb3-f16a4bc02ca8,3768,29,9,bpbppbpb,50.0,b,b,1,50.0
912a63fa-78ef-4ece-bcb3-f16a4bc02ca8,3768,30,9,pbppbpbb,51.49911816578483,p,b,0,45.45454545454545
912a63fa-78ef-4ece-bcb3-f16a4bc02ca8,3768,31,9,bppbpbbb,52.09380234505863,p,p,1,48.93617021276596
912a63fa-78ef-4ece-bcb3-f16a4bc02ca8,3769,2,9,pbpbbbbp,54.25531914893617,b,b,1,47.22222222222222
912a63fa-78ef-4ece-bcb3-f16a4bc02ca8,3769,3,9,bpbbbbpb,51.07361963190185,b,p,0,59.57446808510638
912a63fa-78ef-4ece-bcb3-f16a4bc02ca8,3769,4,9,pbbbbpbp,51.49501661129568,p,b,0,46.42857142857143
912a63fa-78ef-4ece-bcb3-f16a4bc02ca8,3769,6,9,pbpbbbbp,54.25531914893617,b,b,1,47.22222222222222
912a63fa-78ef-4ece-bcb3-f16a4bc02ca8,3769,7,9,bpbbbbpb,51.07361963190185,b,b,1,59.57446808510638
912a63fa-78ef-4ece-bcb3-f16a4bc02ca8,3769,8,9,pbbbbpbb,53.07443365695793,p,b,0,38.46153846153846
912a63fa-78ef-4ece-bcb3-f16a4bc02ca8,3769,9,9,bpbbbbpb,51.07361963190185,b,b,1,59.57446808510638
912a63fa-78ef-4ece-bcb3-f16a4bc02ca8,3769,10,9,pbbbbpbb,53.07443365695793,p,b,0,38.46153846153846
912a63fa-78ef-4ece-bcb3-f16a4bc02ca8,3769,11,9,bpbbbpbp,51.050080775444265,b,p,0,46.42857142857143
912a63fa-78ef-4ece-bcb3-f16a4bc02ca8,3769,12,9,pbbbpbpp,51.559633027522935,p,p,1,40.0
912a63fa-78ef-4ece-bcb3-f16a4bc02ca8,3769,13,9,bpbpppbb,50.81699346405229,p,b,0,36.666666666666664
912a63fa-78ef-4ece-bcb3-f16a4bc02ca8,3769,15,9,bpppbbbb,50.34843205574913,p,b,0,39.285714285714285
