window_size,csv_prefix,grid_string_id,string_length,grid_string,full_chunk,suffix
10,bbpbbbbbb,28,23,bbpbbbbbbbbbpppbpbbpbbb,bbpbbbbbbb,b
10,bbpbbbbbb,80,21,bbpbbbbbbbbbbbpbbbbbp,bbpbbbbbbb,b
10,bbpbbbbbb,153,26,bbpbbbbbbbbpbbpppbbbpbbppp,bbpbbbbbbb,b
10,bbpbbbbbb,203,21,bbpbbbbbbppbpbbpppbbb,bbpbbbbbbp,p
10,bbpbbbbbb,778,44,bbpbbbbbbbpppppbppbbbbpppbbbppbbbbbbppbppbpp,bbpbbbbbbb,b
10,bbpbbbbbb,1650,37,bbpbbbbbbbbppppbbppbpbbpbpbbbppbppbpp,bbpbbbbbbb,b
10,bbpbbbbbb,1888,59,bbpbbbbbbppbppbpbbpbbbpbppbbppbppbppbppbpbpbpppbpbbppbbbbpb,bbpbbbbbbp,p
10,bbpbbbbbb,1917,42,bbpbbbbbbbbbpbbppbpbpbppbpbbbpbppbppbbpbbb,bbpbbbbbbb,b
10,bbpbbbbbb,1977,58,bbpbbbbbbppbpppbppppbbppbbbppbpppbppbpbpbbbpbppbbbpppbpbbp,bbpbbbbbbp,p
10,bbpbbbbbb,2445,60,bbpbbbbbbbbpppbbpbppbbppppbpbbbpbbpbbbpbbbpbbbbbppbbbbppbbbb,bbpbbbbbbb,b
10,bbpbbbbbb,4217,42,bbpbbbbbbbppppbpbpbbbpppbbbppbppppbbpbbbbb,bbpbbbbbbb,b
10,bbpbbbbbb,4555,44,bbpbbbbbbbpbpbbbppbpbpppppbbpbbppppbpppbbpbb,bbpbbbbbbb,b
10,bbpbbbbbb,4648,51,bbpbbbbbbbpbbpbbpbbpbbbbppbpbbppppbpbpbpbppbbpbppbb,bbpbbbbbbb,b
10,bbpbbbbbb,4850,39,bbpbbbbbbpppbbppbbpbpppbbbbpbpbbppbbppb,bbpbbbbbbp,p
10,bbpbbbbbb,4977,44,bbpbbbbbbbpbbpbbpbbpbpbpppbppbbpbpbbppppppbp,bbpbbbbbbb,b
10,bbpbbbbbb,5022,33,bbpbbbbbbbpppbbbpbbbbpbpbppbpbppp,bbpbbbbbbb,b
10,bbpbbbbbb,5029,39,bbpbbbbbbbpbbppbpbpbppbppbpbbpppppppbpb,bbpbbbbbbb,b
10,bbpbbbbbb,5249,51,bbpbbbbbbbpbpbbbpbbbpbpbpbppbpbbpbpbppbbbpbbbbbbbpb,bbpbbbbbbb,b
10,bbpbbbbbp,947,43,bbpbbbbbpppbppbpbppbbpbbppbppbpbpbppbbpbbbb,bbpbbbbbpp,p
10,bbpbbbbbp,1426,57,bbpbbbbbpbpbbbpbpbppbbpbbpbppbbbppbppbbppbppbpbbppbpbppbp,bbpbbbbbpb,b
10,bbpbbbbbp,1577,66,bbpbbbbbpbppbpppbpbpbbpbppbbbppbbppppbbbbpbbpppbpbpbpbpbppbpppbbpp,bbpbbbbbpb,b
10,bbpbbbbbp,2375,53,bbpbbbbbpppbpbbbppbpbbbbbppbbpppppppbpbpbbbbbppbppbbp,bbpbbbbbpp,p
10,bbpbbbbbp,2663,45,bbpbbbbbpbbppbbbbbbbppbbbbpbbpppbbbppbppbppbb,bbpbbbbbpb,b
10,bbpbbbbbp,3575,65,bbpbbbbbppbpppbpbbbbbpbpbpbpbpbbbpppppbbpbbbbbbbppbppbppbpbbbbpbb,bbpbbbbbpp,p
10,bbpbbbbbp,4782,53,bbpbbbbbpbbpbbbbpbppbppbpppbbbbpbbbpppppbbbppbpppbpbb,bbpbbbbbpb,b
10,bbpbbbbbp,5327,38,bbpbbbbbppbpppppppppbpbbpbbpppppppbpbb,bbpbbbbbpp,p
10,bbpbbbbbp,5334,55,bbpbbbbbpbpbbbpbbbpbbpbpbbbbpbbppbpbbbpppbbbpbppbbbpbpb,bbpbbbbbpb,b
10,bbpbbbbbp,5373,48,bbpbbbbbppbbpbpbbpbppbpbppbbppppbppbppbbppppbppp,bbpbbbbbpp,p
10,bbpbbbbpp,215,46,bbpbbbbpppbbpbpbppbbbbpbpbpbpbbbppbbbbpppbpppb,bbpbbbbppp,p
10,bbpbbbbpp,1895,68,bbpbbbbpppbppppbbppbpppbbpbpbppbbpbpppppbpppbbppbbbpppppbbbppbbpppbp,bbpbbbbppp,p
10,bbpbbbbpp,2080,25,bbpbbbbppbppbbpbppbbpppbb,bbpbbbbppb,b
10,bbpbbbbpp,2095,44,bbpbbbbppbppbbpbppbbpppbbbppbbbppbbbppppppbb,bbpbbbbppb,b
10,bbpbbbbpp,2459,53,bbpbbbbppppbbbbbbpbbbbbppbpbppbpppbpbpbbpbbpbppppbppp,bbpbbbbppp,p
10,bbpbbbbpp,2934,44,bbpbbbbppbpbppbppppbbbpbbbbpbpbbppppbbpppbbp,bbpbbbbppb,b
10,bbpbbbbpp,3154,49,bbpbbbbpppbbpbpbpbbppbpppbpppbppbppbbpppppppppbbp,bbpbbbbppp,p
10,bbpbbbbpp,3287,55,bbpbbbbpppbpppbpbppbpppppppppbbpbppbpbpbbbbppbppbbbbbbb,bbpbbbbppp,p
10,bbpbbbbpp,3766,59,bbpbbbbppbbbpbppbppbbpbbpbbpbbpbbbbbbppbbbbbbpbbbpbbpbpbppp,bbpbbbbppb,b
10,bbpbbbbpp,4346,53,bbpbbbbppbbpbbbpbbpppppbppppbbppbbbppbppbbppbbbpbbpbb,bbpbbbbppb,b
10,bbpbbbbpp,4444,66,bbpbbbbppppppbbbbppbbpbppbpbbbbpbbbbpbpppbppbbpppbpbbbpbbppppbpbpp,bbpbbbbppp,p
10,bbpbbbbpp,4885,51,bbpbbbbppppbbpppbbbpppbbbpbbbpppppbpbppbbbbppbpbbbp,bbpbbbbppp,p
10,bbpbbbbpp,5049,48,bbpbbbbppppbbpppbpbpbpbbpbpbpppbbpbppbbpppbpbppb,bbpbbbbppp,p
10,bbpbbbbpp,5324,51,bbpbbbbpppbpbppbpbbbpppbpbppppbbbpbpbbpppbpppbpbbpp,bbpbbbbppp,p
10,bbpbbbbpp,5531,53,bbpbbbbppbbbbpppbpbppbbpbppppppppbbppbpbbpppbpbbbpbpb,bbpbbbbppb,b
10,bbpbbbpbb,309,37,bbpbbbpbbpbbbpbbpbpbbpbbpbppppbbbpppb,bbpbbbpbbp,p
10,bbpbbbpbb,330,53,bbpbbbpbbbbbpppbpbpbppbpbpbbbbppbbpbbbbpbbbbbpbppppbb,bbpbbbpbbb,b
10,bbpbbbpbb,440,36,bbpbbbpbbpbbbpbbbbpbpbbbppbpbppbpbbp,bbpbbbpbbp,p
10,bbpbbbpbb,550,56,bbpbbbpbbbbbbbppbppbbppppbpppbppbbbbpbbpbbbbbbpppppppbbb,bbpbbbpbbb,b
10,bbpbbbpbb,1836,39,bbpbbbpbbbppbpbbbbbbbbbpbpbpppbpbpbbbbp,bbpbbbpbbb,b
10,bbpbbbpbb,2047,54,bbpbbbpbbpbpbbbbbppbbbbppbppbbpppbbbpppbpbbbbbbbpbbpbp,bbpbbbpbbp,p
10,bbpbbbpbb,2761,44,bbpbbbpbbbbbbpppbbpbppppppbbpppbpbbpbbbbbbpp,bbpbbbpbbb,b
10,bbpbbbpbb,3184,65,bbpbbbpbbppppbppppppbbpbpbpbbbbppbpbpbppbpbpbpbppbppbbbbppbpbbbpb,bbpbbbpbbp,p
10,bbpbbbpbb,3751,51,bbpbbbpbbpppbbpppppbppppppbbbbppbbbbbpbppppbbbpbppp,bbpbbbpbbp,p
10,bbpbbbpbb,4482,60,bbpbbbpbbbpbpbbpppbbbbbbppbppppbbbppbpbpbbpbpbpbpbppbbbpppbp,bbpbbbpbbb,b
10,bbpbbbpbb,4760,50,bbpbbbpbbbpbpppbbppbppbpbpbbbbppbpbbpppbpbbppppppb,bbpbbbpbbb,b
10,bbpbbbpbb,5315,40,bbpbbbpbbpppbppbppbbbbppbbbpbppbpbpppppp,bbpbbbpbbp,p
10,bbpbbbpbp,125,20,bbpbbbpbpbbbpppbbpbb,bbpbbbpbpb,b
10,bbpbbbpbp,653,39,bbpbbbpbppbbbpppppbppppppbbbbbbbbbbbbbp,bbpbbbpbpp,p
10,bbpbbbpbp,847,36,bbpbbbpbpbpppppbbpppppbpbpbpbppbbpbp,bbpbbbpbpb,b
10,bbpbbbpbp,1637,47,bbpbbbpbppbbbbbpbbpppbbppbppppbpppbppbbbbbppppp,bbpbbbpbpp,p
10,bbpbbbpbp,1653,57,bbpbbbpbppppbbppbpbppbbbbpbbbpppbppbppppbbpbppbpppbbpppbb,bbpbbbpbpp,p
10,bbpbbbpbp,1758,63,bbpbbbpbppbbpbpbbppbbppppbpbpppppppbbbppbpbpbpbbbbpbbpppbpbbbbb,bbpbbbpbpp,p
10,bbpbbbpbp,1844,62,bbpbbbpbpbpppbpbbbpbpppppbbbpbbbpbpppbppbpbpppbbbbppbbpppbppbb,bbpbbbpbpb,b
10,bbpbbbpbp,2920,44,bbpbbbpbppbpbppbbppppbbbbppppbbppbbpbppbbppp,bbpbbbpbpp,p
10,bbpbbbpbp,4483,53,bbpbbbpbppppbppppbbbppbpbbpppbbpppbbbbbpbbbpbbppbbbpb,bbpbbbpbpp,p
10,bbpbbbpbp,5054,63,bbpbbbpbpbbppbpbbppppbpbpbppbpbpbbppbbppbbpbpbppbpppbppbpbppppb,bbpbbbpbpb,b
10,bbpbbbpbp,5182,43,bbpbbbpbppbpbpbbbbpppppbpbbpbbbppbpbbbpbppb,bbpbbbpbpp,p
10,bbpbbbppb,797,36,bbpbbbppbbpbbbppppbbbbpbbpppbbpbbbpb,bbpbbbppbb,b
10,bbpbbbppb,3301,56,bbpbbbppbpbbbppbpbppbppbppbppbbbbppbbbpbppppbbpppbbpbppp,bbpbbbppbp,p
10,bbpbbbppb,3627,55,bbpbbbppbbbpbbpbbbbbpbpbpbppbpbpbbbbpbbbbppppbbbppbpbbp,bbpbbbppbb,b
10,bbpbbbppb,4073,61,bbpbbbppbpbbpppbbbppppbbppppbbbbbbbpbpbbbbpbpbpppbpbbbbbbbpbb,bbpbbbppbp,p
10,bbpbbbppp,320,53,bbpbbbppppbbbbpppbppbbpbppbbbpbbpbbpbbpbpbpppbbbbpbpb,bbpbbbpppp,p
10,bbpbbbppp,674,45,bbpbbbppppbbbpppbpppppbpbpbbbbbbbbbbpbbbpppbp,bbpbbbpppp,p
10,bbpbbbppp,1298,57,bbpbbbpppppbbppbbppppbbbpppbppppbpppppppbbpbpbbppbbbbbbbp,bbpbbbpppp,p
10,bbpbbbppp,1987,44,bbpbbbppppbbbpbbpppppbbbpbppppbpbbppbpppbppb,bbpbbbpppp,p
10,bbpbbbppp,2347,53,bbpbbbpppbpppbbpppbbpbbbpbbbpppbbbppppbppbbppppbppppp,bbpbbbpppb,b
10,bbpbbbppp,2432,50,bbpbbbppppppbpbpbppbpbbbpppppbpbbbbbbbbppbbpbpbppp,bbpbbbpppp,p
10,bbpbbbppp,4100,64,bbpbbbppppbppppbbppbbbbbpbbpbpppbbbbpbpbbpbbbpbbpbbbbpppbppbpbbp,bbpbbbpppp,p
10,bbpbbbppp,4162,63,bbpbbbppppbpppbppbpbbbpbpppbbppppppbpppbpbbbbppbppppppbbpbpppbp,bbpbbbpppp,p
10,bbpbbbppp,4916,32,bbpbbbppppbppbpbpppbppbbpppppppp,bbpbbbpppp,p
10,bbpbbbppp,5115,63,bbpbbbppppbpbbbbbbpbpbbbppbppbbbbpbbbpbpbppppbbbppbbbpbppppbbbp,bbpbbbpppp,p
10,bbpbbbppp,5508,51,bbpbbbppppbbpbbpbpbbbbbpppbbpbbbpppbpbpppbbppbppppp,bbpbbbpppp,p
10,bbpbbbppp,5536,41,bbpbbbpppbbbpbbpbbbpbbbbppbppppppbbbpppbp,bbpbbbpppb,b
10,bbpbpbbbb,386,56,bbpbpbbbbbpbpbppbpbpppppbpbbbpbppbbpbppbppbpppbppbbpppbb,bbpbpbbbbb,b
10,bbpbpbbbb,840,59,bbpbpbbbbpbbbbppbpbpbbbbppbbbbppppppbppbpbppbppbbppppppbbpb,bbpbpbbbbp,p
10,bbpbpbbbb,1073,40,bbpbpbbbbppbbpbbpbbbbpbpppbppbpbbpbbbbpp,bbpbpbbbbp,p
10,bbpbpbbbb,1130,42,bbpbpbbbbbbpbbppbbbpppbpbpbbbbppbbpbbppbpp,bbpbpbbbbb,b
10,bbpbpbbbb,1179,40,bbpbpbbbbpbbpbpbbpbpbbbbbbbbpppbbbbbpppb,bbpbpbbbbp,p
10,bbpbpbbbb,1569,41,bbpbpbbbbpbppbppbbbbbpbpbpbbpbbpbppbpbbpb,bbpbpbbbbp,p
10,bbpbpbbbb,1598,40,bbpbpbbbbppbpbpbppppbbbpppbbbbbbpbbpppbp,bbpbpbbbbp,p
10,bbpbpbbbb,2280,50,bbpbpbbbbpbbbbbppbbbppbpbbpppbpbbppbbbbbpbpppbbbpp,bbpbpbbbbp,p
10,bbpbpbbbb,3424,36,bbpbpbbbbbppbbpppbpbbbpbpbpbbbpbbpbb,bbpbpbbbbb,b
10,bbpbpbbbb,3554,58,bbpbpbbbbpbbpbbbbppppppbbbppbppbpbpbpppbpppppbppppbppbbbpp,bbpbpbbbbp,p
10,bbpbpbbbb,3644,48,bbpbpbbbbbpbbpbpbpppbbbbbpbppbpppbbppbppbppbbpbb,bbpbpbbbbb,b
10,bbpbpbbbb,4545,58,bbpbpbbbbbbpbbbbbbppppbbbppbbbpbbppbbbbbppppbpbbppbpppbbbb,bbpbpbbbbb,b
10,bbpbpbbbb,4583,69,bbpbpbbbbbpppppppbbbpbpbbpbbpbbbbpbbpppppbbbppbpppppbpbppbpbbbbbpbpbb,bbpbpbbbbb,b
10,bbpbpbbbb,4619,49,bbpbpbbbbpbppbbbpbbppppbpbbppppbbpbbpbpbppbpbbppb,bbpbpbbbbp,p
10,bbpbpbbbb,5056,53,bbpbpbbbbbpbbpbppbpbbpbbpbppbbbpbpbpbbpppbbbbpbpppbbp,bbpbpbbbbb,b
10,bbpbpbbbp,501,43,bbpbpbbbppbbbbpbpbbppbbbbpbppppppbbbbpppbbb,bbpbpbbbpp,p
10,bbpbpbbbp,714,49,bbpbpbbbppbpppbpbbbbbbppbppbbpbbpbppbpppbbpbppbbb,bbpbpbbbpp,p
10,bbpbpbbbp,2150,41,bbpbpbbbppbppbpbpbbpbpbbbbpbbbbpbbbpbppbb,bbpbpbbbpp,p
10,bbpbpbbbp,2250,43,bbpbpbbbpbbpppbbpppbpbbbbpbbpbpbpbpbpppbppp,bbpbpbbbpb,b
10,bbpbpbbbp,2533,57,bbpbpbbbpppppbbbppbpbpbbbbbbbbpbbpbpbbbbbbpbpbbbppppbpbpb,bbpbpbbbpp,p
10,bbpbpbbbp,2571,56,bbpbpbbbppbppbbbbbpbpbbpbbbbpbpbbpbpbbbbpbbpppbpbbbpbpbb,bbpbpbbbpp,p
10,bbpbpbbbp,3220,46,bbpbpbbbppbpbbbppbpbpbpppbbpbppbpppppppppbpbbp,bbpbpbbbpp,p
10,bbpbpbbbp,4050,61,bbpbpbbbpbpbppbbbbpbbpppbbpbbpbbbbbpbbbpppppbbbppbppbbbpbbbbb,bbpbpbbbpb,b
10,bbpbpbbbp,4974,50,bbpbpbbbpbbpppbbbbbbppbpbpbbbpbbpppbpbbpbppbpbpbbp,bbpbpbbbpb,b
10,bbpbpbbbp,5088,54,bbpbpbbbpbbpbbbppppppbpppbbppbbppbbbpbppbbppppbppbpbbb,bbpbpbbbpb,b
10,bbpbpbbbp,5189,32,bbpbpbbbppppbppbpbbbbppbbbpbpppb,bbpbpbbbpp,p
10,bbpbpbbbp,5312,42,bbpbpbbbpbbbbpbbbppbpppppbpbbpppppbbpbpbbp,bbpbpbbbpb,b
10,bbpbpbbbp,5361,49,bbpbpbbbpbbpbppbpbbbpppbbbppppppbbbbppppbbppbpppp,bbpbpbbbpb,b
10,bbpbpbbpp,266,59,bbpbpbbpppbbppbppbppbpbbbpppbppppbbbppppbpbbppbppppppbpbbpb,bbpbpbbppp,p
10,bbpbpbbpp,946,46,bbpbpbbpppppbbpbbbbbbpbpbpppbbppbbpbbbpbbbbppp,bbpbpbbppp,p
10,bbpbpbbpp,1183,45,bbpbpbbpppbbpbbbbbbbpbbppppbppbpbpbpbpbbbbppb,bbpbpbbppp,p
10,bbpbpbbpp,2270,62,bbpbpbbppbbpbbbbpppbppppbbbpppppbbpppbbpbbpbpppbbpbpppppbbpbpp,bbpbpbbppb,b
10,bbpbpbbpp,3008,54,bbpbpbbppbpppppbpbbbpbpppbpppbpbpbbbbppbbppbbpbbppbpbb,bbpbpbbppb,b
10,bbpbpbbpp,3361,44,bbpbpbbppbbbbbpbbbpbbpbbbbppbppbbbpbbpbpbpbb,bbpbpbbppb,b
10,bbpbpbbpp,3578,63,bbpbpbbpppbpbppbppbbppbbpbpbpppbbppbppppbppbbbbbbpbbpbbpbbbbpbb,bbpbpbbppp,p
10,bbpbpbpbb,267,25,bbpbpbpbbbbbbbbbbbpbpbbbp,bbpbpbpbbb,b
10,bbpbpbpbb,273,58,bbpbpbpbbpppppbpppbpbbbpbpppbbbpbbbpbpbpppbbbpppbpbpbbppbb,bbpbpbpbbp,p
10,bbpbpbpbb,302,28,bbpbpbpbbpbpbbbpbbpbbpbbpbbb,bbpbpbpbbp,p
10,bbpbpbpbb,348,30,bbpbpbpbbbbppbbbbbbpbbbpbbbpbb,bbpbpbpbbb,b
10,bbpbpbpbb,934,63,bbpbpbpbbpbbpbppbpbbpbpppppbbpbpbbppppbbpbbpbbpbbbbbpppbbpbpbpp,bbpbpbpbbp,p
10,bbpbpbpbb,1347,61,bbpbpbpbbppppppbpbpbpbbpbpppbbbpbpbbbbppbbbbpbbbbppbpbpbbbbbb,bbpbpbpbbp,p
10,bbpbpbpbb,2012,64,bbpbpbpbbbpbbbbpbpbbpppppbbbpbpppppppbbbbbbbbbpbbpppbppbppbbpppp,bbpbpbpbbb,b
10,bbpbpbpbb,2549,48,bbpbpbpbbppbbppbpbbbpppppbbbbpbppbbppbbppbbppppb,bbpbpbpbbp,p
10,bbpbpbpbb,2822,50,bbpbpbpbbbpbbpppbbbpppppbbpbpbbpppbpbppbppbbbbbbpp,bbpbpbpbbb,b
10,bbpbpbpbb,2915,52,bbpbpbpbbbbpppppbpbbpppbbpbpbbpbbppppbbpbbbbbpbbpbpb,bbpbpbpbbb,b
10,bbpbpbpbb,3310,54,bbpbpbpbbppppbbbppbbppppbbpbbpbppbpbbppbpbppbbpbppbpbb,bbpbpbpbbp,p
10,bbpbpbpbb,3829,42,bbpbpbpbbbpbppbbppbbpppbppppbpbbpbbbbppppb,bbpbpbpbbb,b
10,bbpbpbpbb,4087,52,bbpbpbpbbbbbppbbbppbppbppbbppppbpbbbbbbppbbpbbpppbbb,bbpbpbpbbb,b
10,bbpbpbpbb,4855,54,bbpbpbpbbpppbbpbpbpppbbbbbppppbbbbbpbpppbbpbpbppbppbbp,bbpbpbpbbp,p
10,bbpbpbpbp,593,54,bbpbpbpbpbpppbbbbpbpbpbpppppbpbbbbpbpbbbbbbbppppbbbppb,bbpbpbpbpb,b
10,bbpbpbpbp,668,53,bbpbpbpbpbpppbbppbpppppbpbbbppbpbpbppppppbpbpbpbbbbpp,bbpbpbpbpb,b
10,bbpbpbpbp,982,59,bbpbpbpbppppbpbbpbpbbppppbbpppbbbppbbppppbppbbbbpbbpbbpbbbb,bbpbpbpbpp,p
10,bbpbpbpbp,2055,61,bbpbpbpbpbbbpbbbbppppbpbppbppppbbpppbpbbpppppbpppbbpbbppbbbbp,bbpbpbpbpb,b
10,bbpbpbpbp,2108,48,bbpbpbpbpbbbpbbbbpppbppbpbpbppbbbpbppbbbbppppbbb,bbpbpbpbpb,b
10,bbpbpbpbp,2168,61,bbpbpbpbpbpppppbpbbbbpbbpbbpbpbbppppbbppbbppppppbppbppbbbbbpb,bbpbpbpbpb,b
10,bbpbpbpbp,2237,46,bbpbpbpbppbpbppbpbbbpbbbpbbppppbpbbpbbpbpppbbp,bbpbpbpbpp,p
10,bbpbpbpbp,2304,43,bbpbpbpbppbbpppbbpppppbpbpbppbpbbbpbbpbbpbp,bbpbpbpbpp,p
10,bbpbpbpbp,2393,62,bbpbpbpbppbppbbppbbbbpbpppppbpbpbbbpbbppbbpbppbbbbbpbbpppbbbbp,bbpbpbpbpp,p
10,bbpbpbpbp,3077,44,bbpbpbpbpppbppbbbbbbpbppbbbpbbppbpbbbpbbbppb,bbpbpbpbpp,p
10,bbpbpbpbp,3327,60,bbpbpbpbpbbbppbpbpbppbbbbpbbbpbbpbppbpppbppbbpbbpppbppbppbpp,bbpbpbpbpb,b
10,bbpbpbpbp,4142,36,bbpbpbpbppppbpbpbpppppbbppbbbpbbbpbp,bbpbpbpbpp,p
10,bbpbpbpbp,4715,55,bbpbpbpbppbbpbbbbppbbbppbbpbppppbbbppbppbbbpbbppbbbbbpp,bbpbpbpbpp,p
10,bbpbpbppb,247,54,bbpbpbppbbpbbbbppbbbpbppbbbbbbbbbbpbppbbppppppbbbbbbbb,bbpbpbppbb,b
10,bbpbpbppb,763,34,bbpbpbppbbbppbbpppbpbppbpbbbppbbbp,bbpbpbppbb,b
10,bbpbpbppb,1373,57,bbpbpbppbbpppbpbpbbpbppbppbbppbbbpbbbpbpbbbppbppbbbbpbbpb,bbpbpbppbb,b
10,bbpbpbppb,1448,57,bbpbpbppbbppbpbppbppbbppbpbpbpppbbpbbpppbppppbbpbbbpbbbpb,bbpbpbppbb,b
10,bbpbpbppb,1630,42,bbpbpbppbbpbppppbbbpbbbpppbbpbbbpbpppbbbbb,bbpbpbppbb,b
10,bbpbpbppb,2083,50,bbpbpbppbpbppbbbbpbppbpbpbbbbbbbbppbbbpppbppbpbppp,bbpbpbppbp,p
10,bbpbpbppb,2308,56,bbpbpbppbppppbppppbbbbpbbppppbbbpppbppbpppbppbbbppbbpppb,bbpbpbppbp,p
10,bbpbpbppb,2401,60,bbpbpbppbbbbppppbbpppbbppbbbppbpbppbpppbbbpppbbbbbbpppppbbbp,bbpbpbppbb,b
10,bbpbpbppb,2977,54,bbpbpbppbbbbbppbppppppbppppbppbbbbpbpbpppbbppbpbbpbpbp,bbpbpbppbb,b
10,bbpbpbppb,3848,46,bbpbpbppbpbbpbpbbbppppbpbbpbbbbbpppbpbbbbbpppp,bbpbpbppbp,p
10,bbpbpbppb,4037,67,bbpbpbppbppbpbbppbpbppbpppbppbpbppppbpbbppbpbbbbbbppbbbbppbbppbbpbp,bbpbpbppbp,p
10,bbpbpbppb,4189,46,bbpbpbppbbbpbppbbpbpbppbpbbbbbpbbbpbpppbbpbbpb,bbpbpbppbb,b
10,bbpbpbppb,4664,38,bbpbpbppbbpbppbbppbpbppppbbpbppbbbpbpb,bbpbpbppbb,b
10,bbpbpbppb,4739,35,bbpbpbppbpbbppbppppppbpppbpbbpbppbb,bbpbpbppbp,p
10,bbpbpbppb,5055,41,bbpbpbppbppbbbpbppppbppppbbpbppbpbbbbppbb,bbpbpbppbp,p
10,bbpbpbppp,1491,48,bbpbpbppppbpppbbppbpppppppbbbppbbpppbpbbbbpbpbbb,bbpbpbpppp,p
10,bbpbpbppp,1947,54,bbpbpbppppbbbbpbppbpbpbbbbbpbbbbppbpbbbppbpbbpppbpbppb,bbpbpbpppp,p
10,bbpbpbppp,2900,39,bbpbpbpppbpbpbbpbpbbppppbbppbbbbbpbpppp,bbpbpbpppb,b
10,bbpbpbppp,3243,55,bbpbpbpppbpppppbppppbpbbbpbpbpbppbbbpbppppbbpbpbbpbbbpp,bbpbpbpppb,b
10,bbpbpbppp,3559,56,bbpbpbpppbpbbbbppbppppppbpppbbppppppbpppppppbpbpppppbpbp,bbpbpbpppb,b
10,bbpbpbppp,4595,57,bbpbpbpppbbppbbpppbppbbbbbpbpppbbpbbppppbpbbpbbpbppbbpbbb,bbpbpbpppb,b
10,bbpbpbppp,4655,55,bbpbpbpppppbpbpppbppbpbpbbpbppbbppbpbppbbbbppbbppppppbb,bbpbpbpppp,p
10,bbpbpbppp,4952,55,bbpbpbpppppbpbpppbbbbpbpbppppbbpbbbpppppppbbppbbbbpppbp,bbpbpbpppp,p
10,bbpbpbppp,5430,53,bbpbpbpppbbbbbbbpppbbbbppbpbpbpbpbbppbpbbbpbbpbbbpbbp,bbpbpbpppb,b
10,bbpbpbppp,5454,54,bbpbpbppppbbpbppbpppbpbbbppbpbpbppppbppbpbpbpbppbpbbpp,bbpbpbpppp,p
10,bbpbpbppp,5552,48,bbpbpbppppbbppppbbpppbbpppppbpbbppbbpbpbbbbbppbp,bbpbpbpppp,p
10,bbpbppbbb,223,55,bbpbppbbbbbbbpppbppbbppbbpbppppbpppppbppbbpbbpbbpbpppbp,bbpbppbbbb,b
10,bbpbppbbb,753,56,bbpbppbbbbpbpppbpbbpbpbbbbbpbppbppbpbbbbbbpbpbbpppbbpppp,bbpbppbbbb,b
10,bbpbppbbb,776,35,bbpbppbbbbbpppbbbppbbbbbbbppbbpbbpp,bbpbppbbbb,b
10,bbpbppbbb,1429,55,bbpbppbbbpbbpbpbbpbppppbpbbpbbbbppppbbbpbpbppbpbppppppp,bbpbppbbbp,p
10,bbpbppbbb,3295,49,bbpbppbbbbbppppbbbbbbpbbbpbbpbbppbppbpbppppbbbpbb,bbpbppbbbb,b
10,bbpbppbbb,3504,67,bbpbppbbbbbpbbbpbbbpbpbbppppbbbppbbppbpppbbbppppbpbpbbbpbppppbbbpbb,bbpbppbbbb,b
10,bbpbppbbb,5010,64,bbpbppbbbbppbppppbbppbpppbbbpppbpppbpppbbppbbpbpppbpbpbpbbbpppbp,bbpbppbbbb,b
10,bbpbppbbb,5064,49,bbpbppbbbbpbppppbpppbppbppbpbpbbbpbbpppbppbpbpbpb,bbpbppbbbb,b
10,bbpbppbbb,5502,39,bbpbppbbbbbppppbpbpbbppbbpbpbbppbpbbppb,bbpbppbbbb,b
10,bbpbppbbp,91,20,bbpbppbbpbbppbbbpbbp,bbpbppbbpb,b
10,bbpbppbbp,248,47,bbpbppbbppbbbbpbbpbpppbpppbpbbbpbbbbppbbppbbpbp,bbpbppbbpp,p
10,bbpbppbbp,498,39,bbpbppbbpbbbpppbpbbbpppbbppbbbppbpbbbpp,bbpbppbbpb,b
10,bbpbppbbp,1186,44,bbpbppbbpbpbpbpbpbpbbpbpbbpbppbpbbppbpbpbpbb,bbpbppbbpb,b
10,bbpbppbbp,1220,64,bbpbppbbpbbbppbbbbbpbbpbpbbbppbpbppbbbbbpppbpbbppbbbpbbpbbpbbpbp,bbpbppbbpb,b
10,bbpbppbbp,1334,63,bbpbppbbpppbbpbbpppbbpbppbpppbbbpppppbpppppbpbbbbpbbpppbbbppbbp,bbpbppbbpp,p
10,bbpbppbbp,1708,44,bbpbppbbppbbbpbpbbpbbbpbbppbbbpbppbbpbppbbpp,bbpbppbbpp,p
10,bbpbppbbp,2364,52,bbpbppbbpbpppppbppppbpbbbpbppppppbbpbppbbbppbbpbbbbp,bbpbppbbpb,b
10,bbpbppbbp,2564,66,bbpbppbbppbbpbbbbpppppbppbbppppppbpppppbppppbpbpbppbpbbpbbpppbppbb,bbpbppbbpp,p
10,bbpbppbbp,2597,49,bbpbppbbppppbbpbbbpbppbbbbpbbbbbpbbbpbpppbpbppppb,bbpbppbbpp,p
10,bbpbppbbp,3366,63,bbpbppbbpppbbpbpbpbpppbpbpppbpppppbpbbbpbbpbppppbbpbpbbpppbpbbp,bbpbppbbpp,p
10,bbpbppbbp,3923,48,bbpbppbbpbbbbpbbppppbpppbppppppppbbbppbbpbbppppb,bbpbppbbpb,b
10,bbpbppbbp,4143,45,bbpbppbbpppbpppbbbpbppppbppppppbbbbbbpbpppbpp,bbpbppbbpp,p
10,bbpbppbbp,4904,52,bbpbppbbpbbpbbbbbbbpbbppbbbppbbpbbbpbbpbpbpppbbbbpbp,bbpbppbbpb,b
10,bbpbppbbp,5250,56,bbpbppbbpbbbpbpbbpppbbpbbbpppbbppbppbppbbbbbbpppbbbpppbp,bbpbppbbpb,b
10,bbpbppbpp,185,28,bbpbppbppbpbpbpbppbbbpbppbpb,bbpbppbppb,b
10,bbpbppbpp,798,32,bbpbppbppppbpbpppbbppppbbppbbpbb,bbpbppbppp,p
10,bbpbppbpp,1279,43,bbpbppbpppppbppppbpbbpbbppbbpppbpbbbbppbppb,bbpbppbppp,p
10,bbpbppbpp,1467,45,bbpbppbppbpppbbpbppbppbbbbbbbbpbbbppbbbppppbb,bbpbppbppb,b
10,bbpbppbpp,1635,41,bbpbppbppbbbbppbbppbbbpppbpbbpbbbppbppbpb,bbpbppbppb,b
10,bbpbppbpp,1733,37,bbpbppbppbbppbpppbbpbbppppppppbbbbbpp,bbpbppbppb,b
10,bbpbppbpp,1906,35,bbpbppbpppbpbpbpbbpbbbpbpbbbppbbbpb,bbpbppbppp,p
10,bbpbppbpp,1921,56,bbpbppbppbbpbbbppppppbpppbbpppbbbbbbbbppbbbbbpbbbbpppppp,bbpbppbppb,b
10,bbpbppbpp,2330,45,bbpbppbppppbbbbpbbpbbppbppbbppppppppbbbpbpbbb,bbpbppbppp,p
10,bbpbppbpp,3106,64,bbpbppbppppppppbpbbbbpppbppbbpbpbpppbpbppbpbbppbppbbbbpbpbbbbpbb,bbpbppbppp,p
10,bbpbppbpp,3847,40,bbpbppbppbpbbppbbppbbbpbpbppppppppbbbppp,bbpbppbppb,b
10,bbpbppbpp,3938,64,bbpbppbpppppbbbbpbbbbpbbbbbbppbpbbbpbppbppbbpbbpbpppbbpbbbpppppb,bbpbppbppp,p
10,bbpbppbpp,5248,30,bbpbppbpppbpbbbbbpbpbpbpbbbppp,bbpbppbppp,p
10,bbpbppbpp,5390,63,bbpbppbppbbpbbbbppppbbppppbpppbppbbbbpppbbpppppbpbppbbbbbbbbbpp,bbpbppbppb,b
10,bbpbppppp,465,63,bbpbpppppbbbbbpbpbbppppppbbbbpbbpbpbpbpppppbbbpbbbbpbppppbppppb,bbpbpppppb,b
10,bbpbppppp,864,32,bbpbpppppbbpbppppbpbbpbppppbpbbp,bbpbpppppb,b
10,bbpbppppp,1078,64,bbpbpppppbbppppbppbbppppbbppbpppbpbpppbbpbppbpppbbbbbbbbpppbppbp,bbpbpppppb,b
10,bbpbppppp,1704,34,bbpbpppppppbbpbpbpbpppbbbbpbppbppb,bbpbpppppp,p
10,bbpbppppp,1996,50,bbpbpppppbpbbbppbpbpbpppppbpbpppbbbpbbbbbpbpppppbp,bbpbpppppb,b
10,bbpbppppp,2355,38,bbpbpppppbppbpbpbbbpbbpbpbppbppppppbbb,bbpbpppppb,b
10,bbpbppppp,2426,50,bbpbpppppbppbpbppbbbbbpbbbppbbppbpbpppbpbbbpppbbbb,bbpbpppppb,b
10,bbpbppppp,2530,64,bbpbpppppbpbbpbbbbbpbbppbpbppbpbbppbbpbbpbpbppbpbpppppbbppppbpbb,bbpbpppppb,b
10,bbpbppppp,2590,56,bbpbppppppppppbpppbbbbbbpbpbbpbpbppbbbpbpbppppbbbbpbpppp,bbpbpppppp,p
10,bbpbppppp,2811,47,bbpbpppppbppbbbpppbbpbppbbbbbppbpbbbppbppppbpbp,bbpbpppppb,b
10,bbpbppppp,2844,58,bbpbpppppbbpbbpbbpbpbpbppppbbbbpbbpbbbbpbpbpbbppbppppbbbbb,bbpbpppppb,b
10,bbpbppppp,3309,51,bbpbppppppbpbppbpppppppppbbbpbpbbbbbbpbppbpppbbpbbb,bbpbpppppp,p
10,bbpbppppp,4317,64,bbpbppppppbbbpbpbpbbppbpbpppbbbppppppbbpbbbppbpbbpppppbbbbppbppp,bbpbpppppp,p
10,bbpbppppp,4412,66,bbpbppppppbbpppbpppbpbbpppbbbppppppbbbbpbbbbbpbbpbppbpbbpppbpppbbb,bbpbpppppp,p
10,bbpppbbbb,246,43,bbpppbbbbbbbbbpbppbppbbpbbbbbbppbbpppbbpppb,bbpppbbbbb,b
10,bbpppbbbb,246,43,bbpppbbbbbbbbbpbppbppbbpbbbbbbppbbpppbbpppb,bbpppbbbbb,b
10,bbpppbbbb,2568,63,bbpppbbbbppbpbbbppbbppbbbpbbppppppbbbbbpbpbppbbbpbbpbbbbbpbbbbp,bbpppbbbbp,p
10,bbpppbbbb,2568,63,bbpppbbbbppbpbbbppbbppbbbpbbppppppbbbbbpbpbppbbbpbbpbbbbbpbbbbp,bbpppbbbbp,p
10,bbpppbbbb,2671,59,bbpppbbbbpbbbpbpbbppbbbbbpbbbpbpbppppbbbbppbpbbppbpppppbpbb,bbpppbbbbp,p
10,bbpppbbbb,2671,59,bbpppbbbbpbbbpbpbbppbbbbbpbbbpbpbppppbbbbppbpbbppbpppppbpbb,bbpppbbbbp,p
10,bbpppbbbp,510,46,bbpppbbbppbpbppbbpbbbbppbbppbpbbpbpppppbpbbbpp,bbpppbbbpp,p
10,bbpppbbbp,510,46,bbpppbbbppbpbppbbpbbbbppbbppbpbbpbpppppbpbbbpp,bbpppbbbpp,p
10,bbpppbbbp,895,51,bbpppbbbppppbppbpbppbbpbpppbbpppbpbpbpbppbbbpbbpbpp,bbpppbbbpp,p
10,bbpppbbbp,895,51,bbpppbbbppppbppbpbppbbpbpppbbpppbpbpbpbppbbbpbbpbpp,bbpppbbbpp,p
10,bbpppbbbp,1066,61,bbpppbbbpbppbpppbpbpbpppbpppbpppbpppbpbpppbpbbpppbbpppppppppp,bbpppbbbpb,b
10,bbpppbbbp,1066,61,bbpppbbbpbppbpppbpbpbpppbpppbpppbpppbpbpppbpbbpppbbpppppppppp,bbpppbbbpb,b
10,bbpppbbbp,1308,41,bbpppbbbppbppbbppbppbbbbpppbbbpbppppbpbpp,bbpppbbbpp,p
10,bbpppbbbp,1308,41,bbpppbbbppbppbbppbppbbbbpppbbbpbppppbpbpp,bbpppbbbpp,p
10,bbpppbbbp,1537,67,bbpppbbbpbpbbpbpbpbbbpbbbbbpbbpbpbbppbpbpbpppbbpbpbppbpbpbpbppppbbb,bbpppbbbpb,b
10,bbpppbbbp,1537,67,bbpppbbbpbpbbpbpbpbbbpbbbbbpbbpbpbbppbpbpbpppbbpbpbppbpbpbpbppppbbb,bbpppbbbpb,b
10,bbpppbbbp,2343,45,bbpppbbbpbbpbpppppppbbbbppppbpbpbpppbbpppbbbb,bbpppbbbpb,b
10,bbpppbbbp,2343,45,bbpppbbbpbbpbpppppppbbbbppppbpbpbpppbbpppbbbb,bbpppbbbpb,b
10,bbpppbbbp,2464,61,bbpppbbbppbpppppppbppbbbppppbbpbbpbbbpbbpbppbbbbpbbbpppbbpbpp,bbpppbbbpp,p
10,bbpppbbbp,2464,61,bbpppbbbppbpppppppbppbbbppppbbpbbpbbbpbbpbppbbbbpbbbpppbbpbpp,bbpppbbbpp,p
10,bbpppbbbp,3326,67,bbpppbbbpbpppbbpbbbpppppbbpppbppppbbpbppbbppbppbbbbbbppbbbbppbbbppp,bbpppbbbpb,b
10,bbpppbbbp,3326,67,bbpppbbbpbpppbbpbbbpppppbbpppbppppbbpbppbbppbppbbbbbbppbbbbppbbbppp,bbpppbbbpb,b
10,bbpppbbbp,3667,49,bbpppbbbppbbbbpbpbppbbpbbpbpppbbbpppbpbbbpbbpbbpb,bbpppbbbpp,p
10,bbpppbbbp,3667,49,bbpppbbbppbbbbpbpbppbbpbbpbpppbbbpppbpbbbpbbpbbpb,bbpppbbbpp,p
10,bbpppbbbp,4250,55,bbpppbbbpbppppbbbbbbbppbppppbppbbbbbbbbbbbbbbppbppbbbpp,bbpppbbbpb,b
10,bbpppbbbp,4250,55,bbpppbbbpbppppbbbbbbbppbppppbppbbbbbbbbbbbbbbppbppbbbpp,bbpppbbbpb,b
10,bbpppbbbp,5204,39,bbpppbbbpbbppbpbpbbbpbbppbpbppbpbppppbp,bbpppbbbpb,b
10,bbpppbbbp,5204,39,bbpppbbbpbbppbpbpbbbpbbppbpbppbpbppppbp,bbpppbbbpb,b
10,bbpppbbbp,5410,59,bbpppbbbpbbpbbppbbbbbpppbbppppbpppbppbbpbbbbpppppbbbbppbbpb,bbpppbbbpb,b
10,bbpppbbbp,5410,59,bbpppbbbpbbpbbppbbbbbpppbbppppbpppbppbbpbbbbpppppbbbbppbbpb,bbpppbbbpb,b
10,bbpppbbpp,931,50,bbpppbbpppppbpppbpbbppbbpbbbbbpbbbppppbbppbpbbbpbp,bbpppbbppp,p
10,bbpppbbpp,931,50,bbpppbbpppppbpppbpbbppbbpbbbbbpbbbppppbbppbpbbbpbp,bbpppbbppp,p
10,bbpppbbpp,1675,45,bbpppbbppbbpppbbpppbpbbbbppbbbpbbppbpbbpbpbbb,bbpppbbppb,b
10,bbpppbbpp,1675,45,bbpppbbppbbpppbbpppbpbbbbppbbbpbbppbpbbpbpbbb,bbpppbbppb,b
10,bbpppbbpp,2031,58,bbpppbbpppbppbbppbpbpbbbbbpbbppppppbbbbppbppbpbbbbpbbbbpbb,bbpppbbppp,p
10,bbpppbbpp,2031,58,bbpppbbpppbppbbppbpbpbbbbbpbbppppppbbbbppbppbpbbbbpbbbbpbb,bbpppbbppp,p
10,bbpppbbpp,2225,55,bbpppbbppppbbpbbpbpppppbpbpbppbbpppbppppppbppbpbppbbpbp,bbpppbbppp,p
10,bbpppbbpp,2225,55,bbpppbbppppbbpbbpbpppppbpbpbppbbpppbppppppbppbpbppbbpbp,bbpppbbppp,p
10,bbpppbbpp,2256,60,bbpppbbppppppbpbbppbppbbbbbbbbbbpbppbpbppppbbbpbbppbbbbbppbp,bbpppbbppp,p
10,bbpppbbpp,2256,60,bbpppbbppppppbpbbppbppbbbbbbbbbbpbppbpbppppbbbpbbppbbbbbppbp,bbpppbbppp,p
10,bbpppbbpp,3027,57,bbpppbbpppbpbbpbbpbbppppppbbbpbpbpbbppbbbbppbbbpppbbpbbbp,bbpppbbppp,p
10,bbpppbbpp,3027,57,bbpppbbpppbpbbpbbpbbppppppbbbpbpbpbbppbbbbppbbbpppbbpbbbp,bbpppbbppp,p
10,bbpppbbpp,4634,60,bbpppbbppbpbbbpbpppbbbppbpbbpppppbbpbbpbbpbbbbbbbbpbppbbpbpb,bbpppbbppb,b
10,bbpppbbpp,4634,60,bbpppbbppbpbbbpbpppbbbppbpbbpppppbbpbbpbbpbbbbbbbbpbppbbpbpb,bbpppbbppb,b
10,bbpppbpbb,932,39,bbpppbpbbbbpbpbpbppbbbbpbbbpbbpbpppbbbb,bbpppbpbbb,b
10,bbpppbpbb,1686,55,bbpppbpbbpbbppbpbpbbbbpbbbbbbbppbbpbbpbpbbbpbbpbbbpbbpb,bbpppbpbbp,p
10,bbpppbpbb,1696,41,bbpppbpbbbbbppbpbbpbbbbpbpbpbbbbpbbpbbppb,bbpppbpbbb,b
10,bbpppbpbb,1929,49,bbpppbpbbpbbbpbpbbpbbpbppbpbbbppbpppbbbpbbbpbpbbp,bbpppbpbbp,p
10,bbpppbpbb,2512,42,bbpppbpbbpppbpbbbbpbpbppppbpbbbbbppppbpbpb,bbpppbpbbp,p
10,bbpppbpbb,2841,62,bbpppbpbbbpbppbpbbbbbppbbpppbppbbppbpbppbpbbbpppbbbbpbbpbppppp,bbpppbpbbb,b
10,bbpppbpbb,3147,44,bbpppbpbbbppbpppbpbbbbpppbbbpbpbbbppbbbpbbbp,bbpppbpbbb,b
10,bbpppbpbb,3253,47,bbpppbpbbppppbpppppbbpbbpbpbbbpbppppbbpbbpppbbb,bbpppbpbbp,p
10,bbpppbpbb,3422,42,bbpppbpbbbpbbpppbbppppbbpbppbbpbppbpbbpbbp,bbpppbpbbb,b
10,bbpppbpbb,3494,45,bbpppbpbbbpbppbbpbbbpppbpppbbbbbpbppbpbbbppbp,bbpppbpbbb,b
10,bbpppbpbb,3970,46,bbpppbpbbbppbpppbppbbpbbbpbpppbpbbppbpbbbbpbpb,bbpppbpbbb,b
10,bbpppbpbb,4770,44,bbpppbpbbbpppbppbpbbppbpbbpbpbpbbbbppbbbpbbp,bbpppbpbbb,b
10,bbpppbpbb,5125,34,bbpppbpbbbppbbbpbpbpppbbbppbbppbbp,bbpppbpbbb,b
10,bbpppbpbb,5252,50,bbpppbpbbbpbbbpbpppbpbbbbbppbbbbbbpbbbbpppppbpbbpp,bbpppbpbbb,b
10,bbpppbpbp,986,29,bbpppbpbppbpbppppbbpbbbpbbbpp,bbpppbpbpp,p
10,bbpppbpbp,1688,43,bbpppbpbpbbbpppbbpbpbbbbbbbpppbppppbpppppbb,bbpppbpbpb,b
10,bbpppbpbp,1712,55,bbpppbpbpbbbbbbbbbpbbbpbbbbpbppbpbppppppppppbbppppbpppp,bbpppbpbpb,b
10,bbpppbpbp,2547,39,bbpppbpbppppbbbbpbppbbbbpbpppbpbppbpppb,bbpppbpbpp,p
10,bbpppbpbp,2569,39,bbpppbpbpppppbppbbpppbppbbbpbbpbbbbpbbb,bbpppbpbpp,p
10,bbpppbpbp,2927,64,bbpppbpbppbbpbbbbpbpbbbbbppbbppbbbbbbpbppppbpbbppbppbpbppbbbbbbb,bbpppbpbpp,p
10,bbpppbpbp,3675,46,bbpppbpbppbpbpbbbpbpbbbbbpbbpppbpppbppbpppbpbp,bbpppbpbpp,p
10,bbpppbpbp,3933,63,bbpppbpbpbbpbbpppppbpbbppbpppbbppbpppbpbbpppbbbpbbbbpbpppbpppbp,bbpppbpbpb,b
10,bbpppbpbp,4404,59,bbpppbpbppbppbbbppppbpbbpbbpbppbbpppppbppbbpppbbpbpbbppbbpp,bbpppbpbpp,p
10,bbpppbpbp,5546,55,bbpppbpbppbbbbpppbppbbbbppbpbpbbbpbbbbbpppbpbbpbbbppbbp,bbpppbpbpp,p
10,bbpppbppb,762,45,bbpppbppbppbpbbppbbbpppbbbbbpbppbbppbbpbppbpb,bbpppbppbp,p
10,bbpppbppb,762,45,bbpppbppbppbpbbppbbbpppbbbbbpbppbbppbbpbppbpb,bbpppbppbp,p
10,bbpppbppb,1132,30,bbpppbppbpppbppppbbbbppbpbpppb,bbpppbppbp,p
10,bbpppbppb,1132,30,bbpppbppbpppbppppbbbbppbpbpppb,bbpppbppbp,p
10,bbpppbppb,1544,58,bbpppbppbppbppbbbbbpbppbppppbbppppppbbppppbpppbbpppppppppb,bbpppbppbp,p
10,bbpppbppb,1544,58,bbpppbppbppbppbbbbbpbppbppppbbppppppbbppppbpppbbpppppppppb,bbpppbppbp,p
10,bbpppbppb,2190,52,bbpppbppbppppppbbbbppbpbpppbppbpbbpbbbpbbbpppbbpbpbb,bbpppbppbp,p
10,bbpppbppb,2190,52,bbpppbppbppppppbbbbppbpbpppbppbpbbpbbbpbbbpppbbpbpbb,bbpppbppbp,p
10,bbpppbppb,2257,47,bbpppbppbpbpppbbppbbbpbpbbbpbbpppbpbbbpbpppbbbb,bbpppbppbp,p
10,bbpppbppb,2257,47,bbpppbppbpbpppbbppbbbpbpbbbpbbpppbpbbbpbpppbbbb,bbpppbppbp,p
10,bbpppbppb,2311,52,bbpppbppbpbbbbbpbbpppppbbpbbppbbpbpbbbpbbbbbbbpbbpbp,bbpppbppbp,p
10,bbpppbppb,2311,52,bbpppbppbpbbbbbpbbpppppbbpbbppbbpbpbbbpbbbbbbbpbbpbp,bbpppbppbp,p
10,bbpppbppb,3716,53,bbpppbppbbpbpbpbbppbpbpbpppppbbppppppbpbbpbpbbpppbppp,bbpppbppbb,b
10,bbpppbppb,3716,53,bbpppbppbbpbpbpbbppbpbpbpppppbbppppppbpbbpbpbbpppbppp,bbpppbppbb,b
10,bbpppbppb,3920,47,bbpppbppbbbpbbpbppppbpbppbbppbbpbppbpbpppbbbppp,bbpppbppbb,b
10,bbpppbppb,3920,47,bbpppbppbbbpbbpbppppbpbppbbppbbpbppbpbpppbbbppp,bbpppbppbb,b
10,bbpppbppb,4105,53,bbpppbppbbppbpbpbpbbpppbppbbbbbpppbbbbbppppbbppbbbppp,bbpppbppbb,b
10,bbpppbppb,4105,53,bbpppbppbbppbpbpbpbbpppbppbbbbbpppbbbbbppppbbppbbbppp,bbpppbppbb,b
10,bbpppbppb,4397,53,bbpppbppbbbpbppbppbpbpbpbbpppppppppbbpbbbbbpbbpbppbpp,bbpppbppbb,b
10,bbpppbppb,4397,53,bbpppbppbbbpbppbppbpbpbpbbpppppppppbbpbbbbbpbbpbppbpp,bbpppbppbb,b
10,bbpppbppb,4587,54,bbpppbppbppppppbpbppbpbbpbbbpbbbpppbppbpbpbbbppbpbbbpb,bbpppbppbp,p
10,bbpppbppb,4587,54,bbpppbppbppppppbpbppbpbbpbbbpbbbpppbppbpbpbbbppbpbbbpb,bbpppbppbp,p
10,bbpppbppb,4879,54,bbpppbppbbpbpppbbbbbbbbpbpbbppbppbbpbpppppbbbbbbpbbbpp,bbpppbppbb,b
10,bbpppbppb,4879,54,bbpppbppbbpbpppbbbbbbbbpbpbbppbppbbpbpppppbbbbbbpbbbpp,bbpppbppbb,b
10,bbpppbppb,5085,43,bbpppbppbpbbpbbppppbbpbbbbbppbbpbbbpppbbppb,bbpppbppbp,p
10,bbpppbppb,5085,43,bbpppbppbpbbpbbppppbbpbbbbbppbbpbbbpppbbppb,bbpppbppbp,p
10,bbpppbppb,5419,49,bbpppbppbbbbpbbpbppbpbbbbppbbpbpppbbppbppbbbpbbbb,bbpppbppbb,b
10,bbpppbppb,5419,49,bbpppbppbbbbpbbpbppbpbbbbppbbpbpppbbppbppbbbpbbbb,bbpppbppbb,b
10,bbpppbppp,788,45,bbpppbpppbpbbbbpbbbbpbbbbpbpbbbbpppppbbppbbbb,bbpppbpppb,b
10,bbpppbppp,788,45,bbpppbpppbpbbbbpbbbbpbbbbpbpbbbbpppppbbppbbbb,bbpppbpppb,b
10,bbpppbppp,1487,47,bbpppbppppppbbbbbbbbbbbbbpbbpbbpbbbppbpppbbbbbp,bbpppbpppp,p
10,bbpppbppp,1487,47,bbpppbppppppbbbbbbbbbbbbbpbbpbbpbbbppbpppbbbbbp,bbpppbpppp,p
10,bbpppbppp,2616,62,bbpppbpppppbppbbbpppppbbbbppbpbpbbppppbpppbbppbpppbppbpbbppbpp,bbpppbpppp,p
10,bbpppbppp,2616,62,bbpppbpppppbppbbbpppppbbbbppbpbpbbppppbpppbbppbpppbppbpbbppbpp,bbpppbpppp,p
10,bbpppbppp,3048,62,bbpppbpppbbpbppbpppbbbppbpppbbpbpbppbpbpbbbbppppbppbbpbbbbpbpb,bbpppbpppb,b
10,bbpppbppp,3048,62,bbpppbpppbbpbppbpppbbbppbpppbbpbpbppbpbpbbbbppppbppbbpbbbbpbpb,bbpppbpppb,b
10,bbpppbppp,4393,44,bbpppbpppbpppbbpppbbbpbbbpbbbpbpbpbpbbbbpbbp,bbpppbpppb,b
10,bbpppbppp,4393,44,bbpppbpppbpppbbpppbbbpbbbpbbbpbpbpbpbbbbpbbp,bbpppbpppb,b
10,bbpppbppp,5279,59,bbpppbpppbbbbbbbppbpbppppppppbbppbppbpbbbbbpppppppbbpppbbpb,bbpppbpppb,b
10,bbpppbppp,5279,59,bbpppbpppbbbbbbbppbpbppppppppbbppbppbpbbbbbpppppppbbpppbbpb,bbpppbpppb,b
10,bbppppbbb,754,53,bbppppbbbbpbbbbbpbbbpbpppbbbbbpppbbppbbpbpbbbbbbpbpbb,bbppppbbbb,b
10,bbppppbbb,754,53,bbppppbbbbpbbbbbpbbbpbpppbbbbbpppbbppbbpbpbbbbbbpbpbb,bbppppbbbb,b
10,bbppppbbb,815,40,bbppppbbbpppbpppbppbbbbpbbbbbpbpppppbpbp,bbppppbbbp,p
10,bbppppbbb,815,40,bbppppbbbpppbpppbppbbbbpbbbbbpbpppppbpbp,bbppppbbbp,p
10,bbppppbbb,1471,56,bbppppbbbpppbpppppbpbbpbbppbbbppppbbpbbbbpbppbbpbpbpppbb,bbppppbbbp,p
10,bbppppbbb,1471,56,bbppppbbbpppbpppppbpbbpbbppbbbppppbbpbbbbpbppbbpbpbpppbb,bbppppbbbp,p
10,bbppppbbb,1578,66,bbppppbbbbpppbppppbbppbpbbbbbbpbbpbbbpppbpbbpbbpbbbppbpppbppppbbpb,bbppppbbbb,b
10,bbppppbbb,1578,66,bbppppbbbbpppbppppbbppbpbbbbbbpbbpbbbpppbpbbpbbpbbbppbpppbppppbbpb,bbppppbbbb,b
10,bbppppbbb,1634,42,bbppppbbbbbbpbppbppbbppbpbbppbbbbbbbppbbbb,bbppppbbbb,b
10,bbppppbbb,1634,42,bbppppbbbbbbpbppbppbbppbpbbppbbbbbbbppbbbb,bbppppbbbb,b
10,bbppppbbb,2524,43,bbppppbbbpbpbbppbpbbbbpbpbbpbbpbbpbpbbbbbbp,bbppppbbbp,p
10,bbppppbbb,2524,43,bbppppbbbpbpbbppbpbbbbpbpbbpbbpbbpbpbbbbbbp,bbppppbbbp,p
10,bbppppbbb,2776,61,bbppppbbbppbpbbbbppbbpppbpbppppbbppppbbppbpppbbppppbpbpppppbp,bbppppbbbp,p
10,bbppppbbb,2776,61,bbppppbbbppbpbbbbppbbpppbpbppppbbppppbbppbpppbbppppbpbpppppbp,bbppppbbbp,p
10,bbppppbbb,2869,62,bbppppbbbpbpbppbbbppbbpbbbpbbpbbpbpbppbppbbbbpbbpbbbbppbpbbbbp,bbppppbbbp,p
10,bbppppbbb,2869,62,bbppppbbbpbpbppbbbppbbpbbbpbbpbbpbpbppbppbbbbpbbpbbbbppbpbbbbp,bbppppbbbp,p
10,bbppppbbb,3112,66,bbppppbbbbbbbppppbbbbbbbbbbppbbbbppbpbpbppbppbppbbbbbpbpppbbpbpbpp,bbppppbbbb,b
10,bbppppbbb,3112,66,bbppppbbbbbbbppppbbbbbbbbbbppbbbbppbpbpbppbppbppbbbbbpbpppbbpbpbpp,bbppppbbbb,b
10,bbppppbbb,3373,49,bbppppbbbbpppbppppppbpbppbbpppppbpbpbpbbbpbpbbppp,bbppppbbbb,b
10,bbppppbbb,3373,49,bbppppbbbbpppbppppppbpbppbbpppppbpbpbpbbbpbpbbppp,bbppppbbbb,b
10,bbppppbbb,4474,52,bbppppbbbpbbppbpbpbbbpbpbbbbbbbbpbbpppbpbpbpbbpbpppb,bbppppbbbp,p
10,bbppppbbb,4474,52,bbppppbbbpbbppbpbpbbbpbpbbbbbbbbpbbpppbpbpbpbbpbpppb,bbppppbbbp,p
10,bbppppbbb,4610,67,bbppppbbbpbbpppppbpppppbbpppbbbpbpbbbbppbppbbbppppppppbpbppbpbppbbp,bbppppbbbp,p
10,bbppppbbb,4610,67,bbppppbbbpbbpppppbpppppbbpppbbbpbpbbbbppbppbbbppppppppbpbppbpbppbbp,bbppppbbbp,p
10,bbppppbbp,345,56,bbppppbbpppbpbbbpbpbbppppbbpbppbbbbbbbbbpbpbbbbpbppppbpp,bbppppbbpp,p
10,bbppppbbp,345,56,bbppppbbpppbpbbbpbpbbppppbbpbppbbbbbbbbbpbpbbbbpbppppbpp,bbppppbbpp,p
10,bbppppbbp,3376,45,bbppppbbppbpppbbbbpbbbpbbppbbbpbpbppbpbpbpbpb,bbppppbbpp,p
10,bbppppbbp,3376,45,bbppppbbppbpppbbbbpbbbpbbppbbbpbpbppbpbpbpbpb,bbppppbbpp,p
10,bbppppbbp,4535,54,bbppppbbpbbpbppbbbppppbppppbpppppppbbbbbppbpppppbpppbb,bbppppbbpb,b
10,bbppppbbp,4535,54,bbppppbbpbbpbppbbbppppbppppbpppppppbbbbbppbpppppbpppbb,bbppppbbpb,b
10,bbppppbbp,5231,57,bbppppbbpbpppppbppppbbppppppbbpbbpbbbbppbbppbbpbppppbpbbb,bbppppbbpb,b
10,bbppppbbp,5231,57,bbppppbbpbpppppbppppbbppppppbbpbbpbbbbppbbppbbpbppppbpbbb,bbppppbbpb,b
10,bbppppbpb,417,35,bbppppbpbppbppbbpppppppbbpbbpbbppbp,bbppppbpbp,p
10,bbppppbpb,761,52,bbppppbpbbbpbpbppbbpbbpbppbbpppbpbbpbbbbpbbbppbbbpbb,bbppppbpbb,b
10,bbppppbpb,1890,65,bbppppbpbpbpbpppbbbbbbppbppbpbppbppppbbpbpppppppbppbbpbpbbpppbppb,bbppppbpbp,p
10,bbppppbpb,2617,57,bbppppbpbbpppbbbpbbbpbbpppppppppppbppbbpppbbbbpbpbppbpbbb,bbppppbpbb,b
10,bbppppbpb,3591,46,bbppppbpbbppbpppbppbbpbpppppbbpbbbpppbbbppbpbp,bbppppbpbb,b
10,bbppppbpb,3737,62,bbppppbpbbbbbbppbbppbpbbbbppppbbbbpbppbbbbbbbppbpbpbppppbbpppp,bbppppbpbb,b
10,bbppppbpb,4788,51,bbppppbpbbbbbppbpbbbpppbbppbbppbbppppbpbpppbpbbpppb,bbppppbpbb,b
10,bbppppbpb,4967,60,bbppppbpbbbpbbppbpbpbbpppbppbbbbpbbbbppbbppbpbbppppbbppppbpb,bbppppbpbb,b
10,bbppppbpb,5005,60,bbppppbpbppbppbppppppbppppbbbpbbbppbbpbbbbbbbppbpbppbbppppbb,bbppppbpbp,p
10,bbppppbpb,5075,47,bbppppbpbbpbppppbbpbbpbppppbbpbbbbpbppbbppppbbp,bbppppbpbb,b
10,bbppppbpb,5378,44,bbppppbpbbpppbbpbpbpbpbbbbbpppbpbbppbpbbpbbb,bbppppbpbb,b
10,bbppppbpp,308,27,bbppppbpppbpbbbpbppbppppppp,bbppppbppp,p
10,bbppppbpp,308,27,bbppppbpppbpbbbpbppbppppppp,bbppppbppp,p
10,bbppppbpp,381,51,bbppppbpppbbpppbbbpbppbbppbppbpbbpbppppbbppbbbbppbb,bbppppbppp,p
10,bbppppbpp,381,51,bbppppbpppbbpppbbbpbppbbppbppbpbbpbppppbbppbbbbppbb,bbppppbppp,p
10,bbppppbpp,395,60,bbppppbppbbbpbbpbbppppbppbbpbpbppbbbppbbppbppppbbbppbppbppbp,bbppppbppb,b
10,bbppppbpp,395,60,bbppppbppbbbpbbpbbppppbppbbpbpbppbbbppbbppbppppbbbppbppbppbp,bbppppbppb,b
10,bbppppbpp,511,58,bbppppbppppppbpbbpbbpbbbppbpbpppbpbpppppppbbbbbbpbpppbbbpb,bbppppbppp,p
10,bbppppbpp,511,58,bbppppbppppppbpbbpbbpbbbppbpbpppbpbpppppppbbbbbbpbpppbbbpb,bbppppbppp,p
10,bbppppbpp,2040,44,bbppppbpppbpbbppbpbppbppbbbbbpbppbbbbbbppppp,bbppppbppp,p
10,bbppppbpp,2040,44,bbppppbpppbpbbppbpbppbppbbbbbpbppbbbbbbppppp,bbppppbppp,p
10,bbppppbpp,2042,45,bbppppbpppbpbbppbpbppbppbbbbbpbppbbbbbbpppppb,bbppppbppp,p
10,bbppppbpp,2042,45,bbppppbpppbpbbppbpbppbppbbbbbpbppbbbbbbpppppb,bbppppbppp,p
10,bbppppbpp,2615,55,bbppppbppbbpppbbbbpbbpbppbbbpbbpbbpbbbbbpppbpbpbbpbppbp,bbppppbppb,b
10,bbppppbpp,2615,55,bbppppbppbbpppbbbbpbbpbppbbbpbbpbbpbbbbbpppbpbpbbpbppbp,bbppppbppb,b
10,bbppppbpp,3616,47,bbppppbppbbbbbbbbbbpbppppbpbpbbbppbbbpbpbpppppp,bbppppbppb,b
10,bbppppbpp,3616,47,bbppppbppbbbbbbbbbbpbppppbpbpbbbppbbbpbpbpppppp,bbppppbppb,b
10,bbppppbpp,5194,32,bbppppbppbpppbbbbpbpppbpbpbbppbp,bbppppbppb,b
10,bbppppbpp,5194,32,bbppppbppbpppbbbbpbpppbpbpbbppbp,bbppppbppb,b
10,bbpppppbb,447,43,bbpppppbbpbppppbppbpbbbbbbppbbpppbbppbpbppp,bbpppppbbp,p
10,bbpppppbb,652,46,bbpppppbbbppbppbpppbpbppbpbpbppbbbpppbbpbbbbpp,bbpppppbbb,b
10,bbpppppbb,3123,47,bbpppppbbbpppbbppbpppppbpbbpbbppbbbbbppbpbbbbbb,bbpppppbbb,b
10,bbpppppbb,3144,58,bbpppppbbpppbbpppbppppbpbbpbbppbbpbpbbbppbbppbpbpbbbpbpbpb,bbpppppbbp,p
10,bbpppppbb,4111,51,bbpppppbbpbppbbbbbbpbbbbppbbbppbpbpbbbpbbpbppbppbbp,bbpppppbbp,p
10,bbpppppbb,4935,41,bbpppppbbpbppbpbbbpbbppbbppbbbpppbpbpbppb,bbpppppbbp,p
10,bbpppppbb,5299,66,bbpppppbbbppbpbpbbpbbppbpppppppbppbbbbbbbbpbbpppbpbpbpbppbbbbbppbp,bbpppppbbb,b
10,bbpppppbb,5369,37,bbpppppbbppbbpbpbbppbbbbbpbbpppbbpbbp,bbpppppbbp,p
10,bbppppppb,451,63,bbppppppbpppbbpbpbbpbbpbppppbpbbbpppppbpbbppbbppppppppbbppbpppb,bbppppppbp,p
10,bbppppppb,451,63,bbppppppbpppbbpbpbbpbbpbppppbpbbbpppppbpbbppbbppppppppbbppbpppb,bbppppppbp,p
10,bbppppppb,451,63,bbppppppbpppbbpbpbbpbbpbppppbpbbbpppppbpbbppbbppppppppbbppbpppb,bbppppppbp,p
10,bbppppppb,734,41,bbppppppbbbppppbbbppppbppbbbppbpppbpbpppb,bbppppppbb,b
10,bbppppppb,734,41,bbppppppbbbppppbbbppppbppbbbppbpppbpbpppb,bbppppppbb,b
10,bbppppppb,734,41,bbppppppbbbppppbbbppppbppbbbppbpppbpbpppb,bbppppppbb,b
10,bbppppppb,773,45,bbppppppbbbppbbpbbbpbbbbpppppbpppppppbbppbppp,bbppppppbb,b
10,bbppppppb,773,45,bbppppppbbbppbbpbbbpbbbbpppppbpppppppbbppbppp,bbppppppbb,b
10,bbppppppb,773,45,bbppppppbbbppbbpbbbpbbbbpppppbpppppppbbppbppp,bbppppppbb,b
10,bbppppppb,951,53,bbppppppbbpppbpppbpbbbbbppbpbbbpbppbppppbbbppbbpppbpp,bbppppppbb,b
10,bbppppppb,951,53,bbppppppbbpppbpppbpbbbbbppbpbbbpbppbppppbbbppbbpppbpp,bbppppppbb,b
10,bbppppppb,951,53,bbppppppbbpppbpppbpbbbbbppbpbbbpbppbppppbbbppbbpppbpp,bbppppppbb,b
10,bbppppppb,978,66,bbppppppbpbpbpbbbpbpppbbpbpbppbpppbbpppppbbbbbbbbbpppbbpppppbbbpbb,bbppppppbp,p
10,bbppppppb,978,66,bbppppppbpbpbpbbbpbpppbbpbpbppbpppbbpppppbbbbbbbbbpppbbpppppbbbpbb,bbppppppbp,p
10,bbppppppb,978,66,bbppppppbpbpbpbbbpbpppbbpbpbppbpppbbpppppbbbbbbbbbpppbbpppppbbbpbb,bbppppppbp,p
10,bbppppppb,1028,53,bbppppppbpbpbpppbbpbpbppbbppbppppppbpbpbbpbbpbpppbbpb,bbppppppbp,p
10,bbppppppb,1028,53,bbppppppbpbpbpppbbpbpbppbbppbppppppbpbpbbpbbpbpppbbpb,bbppppppbp,p
10,bbppppppb,1028,53,bbppppppbpbpbpppbbpbpbppbbppbppppppbpbpbbpbbpbpppbbpb,bbppppppbp,p
10,bbppppppb,1219,44,bbppppppbbbppbpbppbpbpbpbbbpbbpbppppbbpbppbp,bbppppppbb,b
10,bbppppppb,1219,44,bbppppppbbbppbpbppbpbpbpbbbpbbpbppppbbpbppbp,bbppppppbb,b
10,bbppppppb,1219,44,bbppppppbbbppbpbppbpbpbpbbbpbbpbppppbbpbppbp,bbppppppbb,b
10,bbppppppb,1584,57,bbppppppbpppppbbbppbpbpbpbbpbpbbpppbbpbbbbpbpbbppppbpbppb,bbppppppbp,p
10,bbppppppb,1584,57,bbppppppbpppppbbbppbpbpbpbbpbpbbpppbbpbbbbpbpbbppppbpbppb,bbppppppbp,p
10,bbppppppb,1584,57,bbppppppbpppppbbbppbpbpbpbbpbpbbpppbbpbbbbpbpbbppppbpbppb,bbppppppbp,p
10,bbppppppb,1830,49,bbppppppbbpppbpbbbbbpbpppppbpbbppbbbpppbpbpppbbpb,bbppppppbb,b
10,bbppppppb,1830,49,bbppppppbbpppbpbbbbbpbpppppbpbbppbbbpppbpbpppbbpb,bbppppppbb,b
10,bbppppppb,1830,49,bbppppppbbpppbpbbbbbpbpppppbpbbppbbbpppbpbpppbbpb,bbppppppbb,b
10,bbppppppb,2933,66,bbppppppbpbppppbbpbpbpbbbppbbbbbbpbppbppbbpbbbpbppbpbbbbbpbpbbbbbb,bbppppppbp,p
10,bbppppppb,2933,66,bbppppppbpbppppbbpbpbpbbbppbbbbbbpbppbppbbpbbbpbppbpbbbbbpbpbbbbbb,bbppppppbp,p
10,bbppppppb,2933,66,bbppppppbpbppppbbpbpbpbbbppbbbbbbpbppbppbbpbbbpbppbpbbbbbpbpbbbbbb,bbppppppbp,p
10,bbppppppb,3498,45,bbppppppbbppbppbbbbbbbbppbppbbpppbppbppbbbbbb,bbppppppbb,b
10,bbppppppb,3498,45,bbppppppbbppbppbbbbbbbbppbppbbpppbppbppbbbbbb,bbppppppbb,b
10,bbppppppb,3498,45,bbppppppbbppbppbbbbbbbbppbppbbpppbppbppbbbbbb,bbppppppbb,b
10,bbppppppb,3743,54,bbppppppbppppbbbbpbppbbpppbbpbbpppppppppbbbpppbbpppppb,bbppppppbp,p
10,bbppppppb,3743,54,bbppppppbppppbbbbpbppbbpppbbpbbpppppppppbbbpppbbpppppb,bbppppppbp,p
10,bbppppppb,3743,54,bbppppppbppppbbbbpbppbbpppbbpbbpppppppppbbbpppbbpppppb,bbppppppbp,p
10,bbppppppb,4615,56,bbppppppbbbbpbppbbpbbppppbpbbbbbbppbpbpppbpbbbpbpbbbppbp,bbppppppbb,b
10,bbppppppb,4615,56,bbppppppbbbbpbppbbpbbppppbpbbbbbbppbpbpppbpbbbpbpbbbppbp,bbppppppbb,b
10,bbppppppb,4615,56,bbppppppbbbbpbppbbpbbppppbpbbbbbbppbpbpppbpbbbpbpbbbppbp,bbppppppbb,b
10,bbppppppb,5116,56,bbppppppbpbbbbpppbpbbbbppbbppbbpppppppbpppppppbpbbbpbpbp,bbppppppbp,p
10,bbppppppb,5116,56,bbppppppbpbbbbpppbpbbbbppbbppbbpppppppbpppppppbpbbbpbpbp,bbppppppbp,p
10,bbppppppb,5116,56,bbppppppbpbbbbpppbpbbbbppbbppbbpppppppbpppppppbpbbbpbpbp,bbppppppbp,p
10,bbppppppp,95,20,bbpppppppbbbpbpppbpb,bbpppppppb,b
10,bbppppppp,95,20,bbpppppppbbbpbpppbpb,bbpppppppb,b
10,bbppppppp,95,20,bbpppppppbbbpbpppbpb,bbpppppppb,b
10,bbppppppp,95,20,bbpppppppbbbpbpppbpb,bbpppppppb,b
10,bbppppppp,95,20,bbpppppppbbbpbpppbpb,bbpppppppb,b
10,bbppppppp,582,36,bbpppppppbbbpbbpppbppbppbppbbbbpbbbb,bbpppppppb,b
10,bbppppppp,582,36,bbpppppppbbbpbbpppbppbppbppbbbbpbbbb,bbpppppppb,b
10,bbppppppp,582,36,bbpppppppbbbpbbpppbppbppbppbbbbpbbbb,bbpppppppb,b
10,bbppppppp,582,36,bbpppppppbbbpbbpppbppbppbppbbbbpbbbb,bbpppppppb,b
10,bbppppppp,582,36,bbpppppppbbbpbbpppbppbppbppbbbbpbbbb,bbpppppppb,b
10,bbppppppp,860,48,bbpppppppbpbbbpbpbppppbbpbppppbbbbpbppbpbbbbpbpp,bbpppppppb,b
10,bbppppppp,860,48,bbpppppppbpbbbpbpbppppbbpbppppbbbbpbppbpbbbbpbpp,bbpppppppb,b
10,bbppppppp,860,48,bbpppppppbpbbbpbpbppppbbpbppppbbbbpbppbpbbbbpbpp,bbpppppppb,b
10,bbppppppp,860,48,bbpppppppbpbbbpbpbppppbbpbppppbbbbpbppbpbbbbpbpp,bbpppppppb,b
10,bbppppppp,860,48,bbpppppppbpbbbpbpbppppbbpbppppbbbbpbppbpbbbbpbpp,bbpppppppb,b
10,bbppppppp,1878,64,bbpppppppbbpppbbppppppbpbpbpbbpbbppppbbpbbppbppbbbbbpbpbbbppbbbb,bbpppppppb,b
10,bbppppppp,1878,64,bbpppppppbbpppbbppppppbpbpbpbbpbbppppbbpbbppbppbbbbbpbpbbbppbbbb,bbpppppppb,b
10,bbppppppp,1878,64,bbpppppppbbpppbbppppppbpbpbpbbpbbppppbbpbbppbppbbbbbpbpbbbppbbbb,bbpppppppb,b
10,bbppppppp,1878,64,bbpppppppbbpppbbppppppbpbpbpbbpbbppppbbpbbppbppbbbbbpbpbbbppbbbb,bbpppppppb,b
10,bbppppppp,1878,64,bbpppppppbbpppbbppppppbpbpbpbbpbbppppbbpbbppbppbbbbbpbpbbbppbbbb,bbpppppppb,b
10,bbppppppp,2427,47,bbppppppppbbbbpbpbppbbppbbpbpbppbpbbpbbbpbbbpbp,bbpppppppp,p
10,bbppppppp,2427,47,bbppppppppbbbbpbpbppbbppbbpbpbppbpbbpbbbpbbbpbp,bbpppppppp,p
10,bbppppppp,2427,47,bbppppppppbbbbpbpbppbbppbbpbpbppbpbbpbbbpbbbpbp,bbpppppppp,p
10,bbppppppp,2427,47,bbppppppppbbbbpbpbppbbppbbpbpbppbpbbpbbbpbbbpbp,bbpppppppp,p
10,bbppppppp,2427,47,bbppppppppbbbbpbpbppbbppbbpbpbppbpbbpbbbpbbbpbp,bbpppppppp,p
10,bbppppppp,3181,60,bbpppppppbbppbbppbbpbppbbpbpbbbbbbppppbppppbppbbpppppbpbbpbb,bbpppppppb,b
10,bbppppppp,3181,60,bbpppppppbbppbbppbbpbppbbpbpbbbbbbppppbppppbppbbpppppbpbbpbb,bbpppppppb,b
10,bbppppppp,3181,60,bbpppppppbbppbbppbbpbppbbpbpbbbbbbppppbppppbppbbpppppbpbbpbb,bbpppppppb,b
10,bbppppppp,3181,60,bbpppppppbbppbbppbbpbppbbpbpbbbbbbppppbppppbppbbpppppbpbbpbb,bbpppppppb,b
10,bbppppppp,3181,60,bbpppppppbbppbbppbbpbppbbpbpbbbbbbppppbppppbppbbpppppbpbbpbb,bbpppppppb,b
10,bbppppppp,3948,48,bbpppppppbppppbbbbpbbbbpbbbbpbppbbpbbppbppbbbbpp,bbpppppppb,b
10,bbppppppp,3948,48,bbpppppppbppppbbbbpbbbbpbbbbpbppbbpbbppbppbbbbpp,bbpppppppb,b
10,bbppppppp,3948,48,bbpppppppbppppbbbbpbbbbpbbbbpbppbbpbbppbppbbbbpp,bbpppppppb,b
10,bbppppppp,3948,48,bbpppppppbppppbbbbpbbbbpbbbbpbppbbpbbppbppbbbbpp,bbpppppppb,b
10,bbppppppp,3948,48,bbpppppppbppppbbbbpbbbbpbbbbpbppbbpbbppbppbbbbpp,bbpppppppb,b
10,bbppppppp,4324,49,bbppppppppbppbbbpppbbpbpbbbbbbppbppbbppbppbpbpbbp,bbpppppppp,p
10,bbppppppp,4324,49,bbppppppppbppbbbpppbbpbpbbbbbbppbppbbppbppbpbpbbp,bbpppppppp,p
10,bbppppppp,4324,49,bbppppppppbppbbbpppbbpbpbbbbbbppbppbbppbppbpbpbbp,bbpppppppp,p
10,bbppppppp,4324,49,bbppppppppbppbbbpppbbpbpbbbbbbppbppbbppbppbpbpbbp,bbpppppppp,p
10,bbppppppp,4324,49,bbppppppppbppbbbpppbbpbpbbbbbbppbppbbppbppbpbpbbp,bbpppppppp,p
10,bbppppppp,5514,56,bbpppppppbbbpbbpppbpbbpppppbppbbpppbbbbbbbbpppppppbppppp,bbpppppppb,b
10,bbppppppp,5514,56,bbpppppppbbbpbbpppbpbbpppppbppbbpppbbbbbbbbpppppppbppppp,bbpppppppb,b
10,bbppppppp,5514,56,bbpppppppbbbpbbpppbpbbpppppbppbbpppbbbbbbbbpppppppbppppp,bbpppppppb,b
10,bbppppppp,5514,56,bbpppppppbbbpbbpppbpbbpppppbppbbpppbbbbbbbbpppppppbppppp,bbpppppppb,b
10,bbppppppp,5514,56,bbpppppppbbbpbbpppbpbbpppppbppbbpppbbbbbbbbpppppppbppppp,bbpppppppb,b
10,ppbbbbbbb,396,42,ppbbbbbbbpbbppbbbpbppppbbbpbbpbbbpbbbbbbpp,ppbbbbbbbp,p
10,ppbbbbbbb,396,42,ppbbbbbbbpbbppbbbpbppppbbbpbbpbbbpbbbbbbpp,ppbbbbbbbp,p
10,ppbbbbbbb,396,42,ppbbbbbbbpbbppbbbpbppppbbbpbbpbbbpbbbbbbpp,ppbbbbbbbp,p
10,ppbbbbbbb,396,42,ppbbbbbbbpbbppbbbpbppppbbbpbbpbbbpbbbbbbpp,ppbbbbbbbp,p
10,ppbbbbbbb,588,51,ppbbbbbbbppbpbbpbbbbpbppbbbbpbbbpbbppbbbpppbpbbbbpb,ppbbbbbbbp,p
10,ppbbbbbbb,588,51,ppbbbbbbbppbpbbpbbbbpbppbbbbpbbbpbbppbbbpppbpbbbbpb,ppbbbbbbbp,p
10,ppbbbbbbb,588,51,ppbbbbbbbppbpbbpbbbbpbppbbbbpbbbpbbppbbbpppbpbbbbpb,ppbbbbbbbp,p
10,ppbbbbbbb,588,51,ppbbbbbbbppbpbbpbbbbpbppbbbbpbbbpbbppbbbpppbpbbbbpb,ppbbbbbbbp,p
10,ppbbbbbbb,708,50,ppbbbbbbbbbbbpbpbbbbpppbpbpppppbpbbbpbppbpbbbbpppb,ppbbbbbbbb,b
10,ppbbbbbbb,708,50,ppbbbbbbbbbbbpbpbbbbpppbpbpppppbpbbbpbppbpbbbbpppb,ppbbbbbbbb,b
10,ppbbbbbbb,708,50,ppbbbbbbbbbbbpbpbbbbpppbpbpppppbpbbbpbppbpbbbbpppb,ppbbbbbbbb,b
10,ppbbbbbbb,708,50,ppbbbbbbbbbbbpbpbbbbpppbpbpppppbpbbbpbppbpbbbbpppb,ppbbbbbbbb,b
10,ppbbbbbbb,1345,36,ppbbbbbbbbbbpbppbpbbpbbpbppppbpbbbbp,ppbbbbbbbb,b
10,ppbbbbbbb,1345,36,ppbbbbbbbbbbpbppbpbbpbbpbppppbpbbbbp,ppbbbbbbbb,b
10,ppbbbbbbb,1345,36,ppbbbbbbbbbbpbppbpbbpbbpbppppbpbbbbp,ppbbbbbbbb,b
10,ppbbbbbbb,1345,36,ppbbbbbbbbbbpbppbpbbpbbpbppppbpbbbbp,ppbbbbbbbb,b
10,ppbbbbbbb,1556,65,ppbbbbbbbppbbpppppbppbbbbpbpbpppbpppbppbppbppbbpbbbbppbpbbpbppbbb,ppbbbbbbbp,p
10,ppbbbbbbb,1556,65,ppbbbbbbbppbbpppppbppbbbbpbpbpppbpppbppbppbppbbpbbbbppbpbbpbppbbb,ppbbbbbbbp,p
10,ppbbbbbbb,1556,65,ppbbbbbbbppbbpppppbppbbbbpbpbpppbpppbppbppbppbbpbbbbppbpbbpbppbbb,ppbbbbbbbp,p
10,ppbbbbbbb,1556,65,ppbbbbbbbppbbpppppbppbbbbpbpbpppbpppbppbppbppbbpbbbbppbpbbpbppbbb,ppbbbbbbbp,p
10,ppbbbbbbb,2586,47,ppbbbbbbbppbpbbbbpbpppbbbppppbpbbbppppppppbbbbp,ppbbbbbbbp,p
10,ppbbbbbbb,2586,47,ppbbbbbbbppbpbbbbpbpppbbbppppbpbbbppppppppbbbbp,ppbbbbbbbp,p
10,ppbbbbbbb,2586,47,ppbbbbbbbppbpbbbbpbpppbbbppppbpbbbppppppppbbbbp,ppbbbbbbbp,p
10,ppbbbbbbb,2586,47,ppbbbbbbbppbpbbbbpbpppbbbppppbpbbbppppppppbbbbp,ppbbbbbbbp,p
10,ppbbbbbbb,2747,59,ppbbbbbbbbbbbppbpbbbppbpbbpbpbbbppbbbbpbbpbbbpbpbppbbbppbbb,ppbbbbbbbb,b
10,ppbbbbbbb,2747,59,ppbbbbbbbbbbbppbpbbbppbpbbpbpbbbppbbbbpbbpbbbpbpbppbbbppbbb,ppbbbbbbbb,b
10,ppbbbbbbb,2747,59,ppbbbbbbbbbbbppbpbbbppbpbbpbpbbbppbbbbpbbpbbbpbpbppbbbppbbb,ppbbbbbbbb,b
10,ppbbbbbbb,2747,59,ppbbbbbbbbbbbppbpbbbppbpbbpbpbbbppbbbbpbbpbbbpbpbppbbbppbbb,ppbbbbbbbb,b
10,ppbbbbbbb,2816,65,ppbbbbbbbbpbppbpbpppppbpbpbbppppbbpbbbpbbpbppbbbppbpbppppbpbpppbb,ppbbbbbbbb,b
10,ppbbbbbbb,2816,65,ppbbbbbbbbpbppbpbpppppbpbpbbppppbbpbbbpbbpbppbbbppbpbppppbpbpppbb,ppbbbbbbbb,b
10,ppbbbbbbb,2816,65,ppbbbbbbbbpbppbpbpppppbpbpbbppppbbpbbbpbbpbppbbbppbpbppppbpbpppbb,ppbbbbbbbb,b
10,ppbbbbbbb,2816,65,ppbbbbbbbbpbppbpbpppppbpbpbbppppbbpbbbpbbpbppbbbppbpbppppbpbpppbb,ppbbbbbbbb,b
10,ppbbbbbbb,3014,56,ppbbbbbbbpbbbbbppbpbppbbbpbppppbpbbbbpbbpbbbpbbbpbppbbbb,ppbbbbbbbp,p
10,ppbbbbbbb,3014,56,ppbbbbbbbpbbbbbppbpbppbbbpbppppbpbbbbpbbpbbbpbbbpbppbbbb,ppbbbbbbbp,p
10,ppbbbbbbb,3014,56,ppbbbbbbbpbbbbbppbpbppbbbpbppppbpbbbbpbbpbbbpbbbpbppbbbb,ppbbbbbbbp,p
10,ppbbbbbbb,3014,56,ppbbbbbbbpbbbbbppbpbppbbbpbppppbpbbbbpbbpbbbpbbbpbppbbbb,ppbbbbbbbp,p
10,ppbbbbbbb,3470,47,ppbbbbbbbbpppbppbpbbbpbbpbpbbbpbbbppbbbbpbpppbp,ppbbbbbbbb,b
10,ppbbbbbbb,3470,47,ppbbbbbbbbpppbppbpbbbpbbpbpbbbpbbbppbbbbpbpppbp,ppbbbbbbbb,b
10,ppbbbbbbb,3470,47,ppbbbbbbbbpppbppbpbbbpbbpbpbbbpbbbppbbbbpbpppbp,ppbbbbbbbb,b
10,ppbbbbbbb,3470,47,ppbbbbbbbbpppbppbpbbbpbbpbpbbbpbbbppbbbbpbpppbp,ppbbbbbbbb,b
10,ppbbbbbbb,3643,62,ppbbbbbbbppppbpppppbpbpppbpbbppbpbpbbpbppbbbppppbppbbpbbpbpppp,ppbbbbbbbp,p
10,ppbbbbbbb,3643,62,ppbbbbbbbppppbpppppbpbpppbpbbppbpbpbbpbppbbbppppbppbbpbbpbpppp,ppbbbbbbbp,p
10,ppbbbbbbb,3643,62,ppbbbbbbbppppbpppppbpbpppbpbbppbpbpbbpbppbbbppppbppbbpbbpbpppp,ppbbbbbbbp,p
10,ppbbbbbbb,3643,62,ppbbbbbbbppppbpppppbpbpppbpbbppbpbpbbpbppbbbppppbppbbpbbpbpppp,ppbbbbbbbp,p
10,ppbbbbbbb,3690,46,ppbbbbbbbbbbpbppbpbbpbbppppppbpbpbpppbbbbbpbpp,ppbbbbbbbb,b
10,ppbbbbbbb,3690,46,ppbbbbbbbbbbpbppbpbbpbbppppppbpbpbpppbbbbbpbpp,ppbbbbbbbb,b
10,ppbbbbbbb,3690,46,ppbbbbbbbbbbpbppbpbbpbbppppppbpbpbpppbbbbbpbpp,ppbbbbbbbb,b
10,ppbbbbbbb,3690,46,ppbbbbbbbbbbpbppbpbbpbbppppppbpbpbpppbbbbbpbpp,ppbbbbbbbb,b
10,ppbbbbbbb,3820,43,ppbbbbbbbppbbppppbbbbbbpbpbbpbpppbpbpppbpbp,ppbbbbbbbp,p
10,ppbbbbbbb,3820,43,ppbbbbbbbppbbppppbbbbbbpbpbbpbpppbpbpppbpbp,ppbbbbbbbp,p
10,ppbbbbbbb,3820,43,ppbbbbbbbppbbppppbbbbbbpbpbbpbpppbpbpppbpbp,ppbbbbbbbp,p
10,ppbbbbbbb,3820,43,ppbbbbbbbppbbppppbbbbbbpbpbbpbpppbpbpppbpbp,ppbbbbbbbp,p
10,ppbbbbbbb,4627,59,ppbbbbbbbpppbppbpbbbbpppbpbbbpppbpbpbbpbpbbpbpppppbppbppbpp,ppbbbbbbbp,p
10,ppbbbbbbb,4627,59,ppbbbbbbbpppbppbpbbbbpppbpbbbpppbpbpbbpbpbbpbpppppbppbppbpp,ppbbbbbbbp,p
10,ppbbbbbbb,4627,59,ppbbbbbbbpppbppbpbbbbpppbpbbbpppbpbpbbpbpbbpbpppppbppbppbpp,ppbbbbbbbp,p
10,ppbbbbbbb,4627,59,ppbbbbbbbpppbppbpbbbbpppbpbbbpppbpbpbbpbpbbpbpppppbppbppbpp,ppbbbbbbbp,p
10,ppbbbbbbp,757,31,ppbbbbbbppbbbbbbbbppppbpbbbppbb,ppbbbbbbpp,p
10,ppbbbbbbp,757,31,ppbbbbbbppbbbbbbbbppppbpbbbppbb,ppbbbbbbpp,p
10,ppbbbbbbp,1935,43,ppbbbbbbppbpbbppbbbppppbpbpbpppppppbppbbbpp,ppbbbbbbpp,p
10,ppbbbbbbp,1935,43,ppbbbbbbppbpbbppbbbppppbpbpbpppppppbppbbbpp,ppbbbbbbpp,p
10,ppbbbbbbp,2163,57,ppbbbbbbppbbbbbbppbpbppbbpppbbpppppbbbpbpbbpbpppbpbbbbpbp,ppbbbbbbpp,p
10,ppbbbbbbp,2163,57,ppbbbbbbppbbbbbbppbpbppbbpppbbpppppbbbpbpbbpbpppbpbbbbpbp,ppbbbbbbpp,p
10,ppbbbbbbp,3679,47,ppbbbbbbpbbpbpppbppbbbbpbbbbpbbpbpppppppbbppbpp,ppbbbbbbpb,b
10,ppbbbbbbp,3679,47,ppbbbbbbpbbpbpppbppbbbbpbbbbpbbpbpppppppbbppbpp,ppbbbbbbpb,b
10,ppbbbbbbp,4074,54,ppbbbbbbpbpbpbbbbbpbbpppppppbbpbbpbpbbbpppbbpppbbppbpb,ppbbbbbbpb,b
10,ppbbbbbbp,4074,54,ppbbbbbbpbpbpbbbbbpbbpppppppbbpbbpbpbbbpppbbpppbbppbpb,ppbbbbbbpb,b
10,ppbbbbbbp,5205,53,ppbbbbbbpbbpbpppbpbbppbbpbbbbbpbbpbbpbbbbbpbbpbbbbbbp,ppbbbbbbpb,b
10,ppbbbbbbp,5205,53,ppbbbbbbpbbpbpppbpbbppbbpbbbbbpbbpbbpbbbbbpbbpbbbbbbp,ppbbbbbbpb,b
10,ppbbbbbbp,5402,47,ppbbbbbbpppppppbppppbbpbpbbbpbpbpbbbbpppbpbpppp,ppbbbbbbpp,p
10,ppbbbbbbp,5402,47,ppbbbbbbpppppppbppppbbpbpbbbpbpbpbbbbpppbpbpppp,ppbbbbbbpp,p
10,ppbbbbbpp,527,39,ppbbbbbpppbbbpppppppbbbpppbbppppbpbbpbb,ppbbbbbppp,p
10,ppbbbbbpp,527,39,ppbbbbbpppbbbpppppppbbbpppbbppppbpbbpbb,ppbbbbbppp,p
10,ppbbbbbpp,625,34,ppbbbbbpppbpbpbppbbbppbpbpbpbbbppp,ppbbbbbppp,p
10,ppbbbbbpp,625,34,ppbbbbbpppbpbpbppbbbppbpbpbpbbbppp,ppbbbbbppp,p
10,ppbbbbbpp,1516,36,ppbbbbbppbpppbbppppbpbbbbppbppbbbpbp,ppbbbbbppb,b
10,ppbbbbbpp,1516,36,ppbbbbbppbpppbbppppbpbbbbppbppbbbpbp,ppbbbbbppb,b
10,ppbbbbbpp,1591,60,ppbbbbbppppppppppppbppbpbbppppbbbbppbpbpbppbbppbbpbppppppppp,ppbbbbbppp,p
10,ppbbbbbpp,1591,60,ppbbbbbppppppppppppbppbpbbppppbbbbppbpbpbppbbppbbpbppppppppp,ppbbbbbppp,p
10,ppbbbbbpp,2115,52,ppbbbbbppbbbpbpbppbbbbppbbppbbppppppbbbpbpbpppbppbbp,ppbbbbbppb,b
10,ppbbbbbpp,2115,52,ppbbbbbppbbbpbpbppbbbbppbbppbbppppppbbbpbpbpppbppbbp,ppbbbbbppb,b
10,ppbbbbbpp,2183,56,ppbbbbbppbbbbppbppbbpbbbppppbbbpbpppbppbpbbpppbpbpbppbbp,ppbbbbbppb,b
10,ppbbbbbpp,2183,56,ppbbbbbppbbbbppbppbbpbbbppppbbbpbpppbppbpbbpppbpbpbppbbp,ppbbbbbppb,b
10,ppbbbbbpp,2223,48,ppbbbbbppppbpbbpbbbpbbbpbpppppbppbpbbpppbpbbbbpb,ppbbbbbppp,p
10,ppbbbbbpp,2223,48,ppbbbbbppppbpbbpbbbpbbbpbpppppbppbpbbpppbpbbbbpb,ppbbbbbppp,p
10,ppbbbbbpp,2482,66,ppbbbbbpppbpbbbppbpbbbpbbpbpbpbbbpbbbppbbbppbbpbbbbppbbpbpbpbppppp,ppbbbbbppp,p
10,ppbbbbbpp,2482,66,ppbbbbbpppbpbbbppbpbbbpbbpbpbpbbbpbbbppbbbppbbpbbbbppbbpbpbpbppppp,ppbbbbbppp,p
10,ppbbbbbpp,2798,57,ppbbbbbppbpppbbppppbbppbbbppbbppppbpbbbpbbppbppbppppbbpbp,ppbbbbbppb,b
10,ppbbbbbpp,2798,57,ppbbbbbppbpppbbppppbbppbbbppbbppppbpbbbpbbppbppbppppbbpbp,ppbbbbbppb,b
10,ppbbbbbpp,3640,50,ppbbbbbppbpppbbbbpppbbpbpbbppbppbbppbbbpbpbpbbppbp,ppbbbbbppb,b
10,ppbbbbbpp,3640,50,ppbbbbbppbpppbbbbpppbbpbpbbppbppbbppbbbpbpbpbbppbp,ppbbbbbppb,b
10,ppbbbbbpp,5020,63,ppbbbbbppppbbpbbbpppbpbbpbpbpbbpbbbppppbpbpbbbppbpbbpppbpppppbb,ppbbbbbppp,p
10,ppbbbbbpp,5020,63,ppbbbbbppppbbpbbbpppbpbbpbpbpbbpbbbppppbpbpbbbppbpbbpppbpppppbb,ppbbbbbppp,p
10,ppbbbbbpp,5117,66,ppbbbbbppbbbppbppbbbbbppppbbppppbbbbpbbpbbpppbpbbbbpbpbbbbbppppppb,ppbbbbbppb,b
10,ppbbbbbpp,5117,66,ppbbbbbppbbbppbppbbbbbppppbbppppbbbbpbbpbbpppbpbbbbpbpbbbbbppppppb,ppbbbbbppb,b
10,ppbbbbbpp,5311,41,ppbbbbbppbppbbbppbppbbbbbpbpbpppppppbbbbb,ppbbbbbppb,b
10,ppbbbbbpp,5311,41,ppbbbbbppbppbbbppbppbbbbbpbpbpppppppbbbbb,ppbbbbbppb,b
10,ppbbbbpbb,298,61,ppbbbbpbbbpbpbbbpbbppppbbbpbpbppbpbbpppbpbpbpbppbbbbpbppppppb,ppbbbbpbbb,b
10,ppbbbbpbb,298,61,ppbbbbpbbbpbpbbbpbbppppbbbpbpbppbpbbpppbpbpbpbppbbbbpbppppppb,ppbbbbpbbb,b
10,ppbbbbpbb,819,28,ppbbbbpbbpbpbbbbppppppbpbbpb,ppbbbbpbbp,p
10,ppbbbbpbb,819,28,ppbbbbpbbpbpbbbbppppppbpbbpb,ppbbbbpbbp,p
10,ppbbbbpbb,2102,61,ppbbbbpbbpppbbpbbbpbpbpbbbpppbppbpppbbbbpppppbbbbbpbpbbbppbpb,ppbbbbpbbp,p
10,ppbbbbpbb,2102,61,ppbbbbpbbpppbbpbbbpbpbpbbbpppbppbpppbbbbpppppbbbbbpbpbbbppbpb,ppbbbbpbbp,p
10,ppbbbbpbb,2297,47,ppbbbbpbbpppppbbpbppbpbbppppbbpppppbpppbpppbbpb,ppbbbbpbbp,p
10,ppbbbbpbb,2297,47,ppbbbbpbbpppppbbpbppbpbbppppbbpppppbpppbpppbbpb,ppbbbbpbbp,p
10,ppbbbbpbb,2422,52,ppbbbbpbbbbbbbbpbbbbbbpbbpbbpbpppbpbbbpbbppbbbppbbbb,ppbbbbpbbb,b
10,ppbbbbpbb,2422,52,ppbbbbpbbbbbbbbpbbbbbbpbbpbbpbpppbpbbbpbbppbbbppbbbb,ppbbbbpbbb,b
10,ppbbbbpbb,2752,65,ppbbbbpbbbpbbpbpppbpbpbbpppppbpbppbbbpbpppbpbbbpbbbpppppbpppppppb,ppbbbbpbbb,b
10,ppbbbbpbb,2752,65,ppbbbbpbbbpbbpbpppbpbpbbpppppbpbppbbbpbpppbpbbbpbbbpppppbpppppppb,ppbbbbpbbb,b
10,ppbbbbpbb,3893,39,ppbbbbpbbpbpbpppbppbbpppbpppbbppbppbppp,ppbbbbpbbp,p
10,ppbbbbpbb,3893,39,ppbbbbpbbpbpbpppbppbbpppbpppbbppbppbppp,ppbbbbpbbp,p
10,ppbbbbpbb,4104,52,ppbbbbpbbppppbbbpbbpbpbbbppbpppbpbbppbbpppbppbbpppbb,ppbbbbpbbp,p
10,ppbbbbpbb,4104,52,ppbbbbpbbppppbbbpbbpbpbbbppbpppbpbbppbbpppbppbbpppbb,ppbbbbpbbp,p
10,ppbbbbpbp,52,35,ppbbbbpbppbpppbbbbbpbpbpbbpbbpbbppp,ppbbbbpbpp,p
10,ppbbbbpbp,52,35,ppbbbbpbppbpppbbbbbpbpbpbbpbbpbbppp,ppbbbbpbpp,p
10,ppbbbbpbp,466,43,ppbbbbpbpbpppbbpbbppbbpbbbpbbpbpppbbbbbbbpp,ppbbbbpbpb,b
10,ppbbbbpbp,466,43,ppbbbbpbpbpppbbpbbppbbpbbbpbbpbpppbbbbbbbpp,ppbbbbpbpb,b
10,ppbbbbpbp,1427,63,ppbbbbpbpbbbbppbbbbbbbbpbbpbppppbppbpbppppbpppbbpbbppbpppbbbpbp,ppbbbbpbpb,b
10,ppbbbbpbp,1427,63,ppbbbbpbpbbbbppbbbbbbbbpbbpbppppbppbpbppppbpppbbpbbppbpppbbbpbp,ppbbbbpbpb,b
10,ppbbbbpbp,1885,49,ppbbbbpbppbbbpppbppbbbbpbbbbpbpbbbbbbbbpbbpbbpbbp,ppbbbbpbpp,p
10,ppbbbbpbp,1885,49,ppbbbbpbppbbbpppbppbbbbpbbbbpbpbbbbbbbbpbbpbbpbbp,ppbbbbpbpp,p
10,ppbbbbpbp,2353,63,ppbbbbpbppbppppbbbppbppbbpppbbpbbpppppbbppbbpbbbpbpbbpbbbpppbbb,ppbbbbpbpp,p
10,ppbbbbpbp,2353,63,ppbbbbpbppbppppbbbppbppbbpppbbpbbpppppbbppbbpbbbpbpbbpbbbpppbbb,ppbbbbpbpp,p
10,ppbbbbpbp,2452,59,ppbbbbpbpppbbbbbpbbbppbbbppbppbppppbbbbbbbbbppbpbbpppppbbpb,ppbbbbpbpp,p
10,ppbbbbpbp,2452,59,ppbbbbpbpppbbbbbpbbbppbbbppbppbppppbbbbbbbbbppbpbbpppppbbpb,ppbbbbpbpp,p
10,ppbbbbpbp,2899,43,ppbbbbpbpppbbpbpbbppbbpbbpbpbbbppbbppbbpppp,ppbbbbpbpp,p
10,ppbbbbpbp,2899,43,ppbbbbpbpppbbpbpbbppbbpbbpbpbbbppbbppbbpppp,ppbbbbpbpp,p
10,ppbbbbpbp,2951,53,ppbbbbpbpbpbbpbpbpbbpppbpbbpbppbppbpbpppbpbbppbbpbbbp,ppbbbbpbpb,b
10,ppbbbbpbp,2951,53,ppbbbbpbpbpbbpbpbpbbpppbpbbpbppbppbpbpppbpbbppbbpbbbp,ppbbbbpbpb,b
10,ppbbbbpbp,3140,45,ppbbbbpbpbbbbpbbpbpppppbpbbpppbpbbbbbpbbppppp,ppbbbbpbpb,b
10,ppbbbbpbp,3140,45,ppbbbbpbpbbbbpbbpbpppppbpbbpppbpbbbbbpbbppppp,ppbbbbpbpb,b
10,ppbbbbpbp,3778,42,ppbbbbpbpppbpbpppbpbbpbbbbbpbppbbpbpbbpbpb,ppbbbbpbpp,p
10,ppbbbbpbp,3778,42,ppbbbbpbpppbpbpppbpbbpbbbbbpbppbbpbpbbpbpb,ppbbbbpbpp,p
10,ppbbbbpbp,3882,49,ppbbbbpbpbbpbbpppbppppbbbbbppbbpppbbbpbpbbpbbbppp,ppbbbbpbpb,b
10,ppbbbbpbp,3882,49,ppbbbbpbpbbpbbpppbppppbbbbbppbbpppbbbpbpbbpbbbppp,ppbbbbpbpb,b
10,ppbbbbpbp,4106,63,ppbbbbpbppbpbpbpbbbbpbpbppbppppbbppppbpbbpbppbpbpbbppbppbppbpbb,ppbbbbpbpp,p
10,ppbbbbpbp,4106,63,ppbbbbpbppbpbpbpbbbbpbpbppbppppbbppppbpbbpbppbpbpbbppbppbppbpbb,ppbbbbpbpp,p
10,ppbbbbpbp,4772,37,ppbbbbpbpppbbpppbbppbpbpbpbppppbppbbb,ppbbbbpbpp,p
10,ppbbbbpbp,4772,37,ppbbbbpbpppbbpppbbppbpbpbpbppppbppbbb,ppbbbbpbpp,p
10,ppbbbbppb,107,25,ppbbbbppbbbpppppbppbbpppp,ppbbbbppbb,b
10,ppbbbbppb,596,61,ppbbbbppbpbbpppbbpbpbbbppbbbbbbbppbbppbbpppppbpbpbbppppppbbbp,ppbbbbppbp,p
10,ppbbbbppb,1173,64,ppbbbbppbpppbbbpbpbppbbbbppppppppbbppbbpppbbpppbppbpbpppppbbbbpb,ppbbbbppbp,p
10,ppbbbbppb,1435,60,ppbbbbppbpbppbpppppppbbbppbbbpppbpbbbbbpbppbpppbpbbbbppbbbpp,ppbbbbppbp,p
10,ppbbbbppb,1453,54,ppbbbbppbbbpbbpppbbbbbbbbpppbbbpbbppbpbbpppppbpppbbbbb,ppbbbbppbb,b
10,ppbbbbppb,1506,60,ppbbbbppbbpppppppppbpppbbbpbbpbppbppbpbppbppbpbbbppbbbbbbpbb,ppbbbbppbb,b
10,ppbbbbppb,1874,53,ppbbbbppbbbpbppbbpppbpbpbpbbppbppbbbbppbbpppbbbppbbpb,ppbbbbppbb,b
10,ppbbbbppb,2949,45,ppbbbbppbbppbpbppbbppbbpbppbbpppbppppppbpbppp,ppbbbbppbb,b
10,ppbbbbppb,3846,57,ppbbbbppbppbbpbbppbpbppbbbppbpppbpbppbbbpbpbbbppppbbbbpbb,ppbbbbppbp,p
10,ppbbbbppb,4764,61,ppbbbbppbbbpppbpbppbbbbbbpppbpppbbbbppbbbbpbbbbpppppbbbbppppp,ppbbbbppbb,b
10,ppbbbbppb,4843,35,ppbbbbppbbbbpbpbpbbpbbpbpppbpbpbpbb,ppbbbbppbb,b
10,ppbbbbppp,1655,39,ppbbbbppppbbpbppbpbppbbbbppppbbbpbppppp,ppbbbbpppp,p
10,ppbbbbppp,1655,39,ppbbbbppppbbpbppbpbppbbbbppppbbbpbppppp,ppbbbbpppp,p
10,ppbbbbppp,1655,39,ppbbbbppppbbpbppbpbppbbbbppppbbbpbppppp,ppbbbbpppp,p
10,ppbbbbppp,1750,46,ppbbbbppppbpppbpbpbbpbpbbbbbbbbpbppppbpbppbpbb,ppbbbbpppp,p
10,ppbbbbppp,1750,46,ppbbbbppppbpppbpbpbbpbpbbbbbbbbpbppppbpbppbpbb,ppbbbbpppp,p
10,ppbbbbppp,1750,46,ppbbbbppppbpppbpbpbbpbpbbbbbbbbpbppppbpbppbpbb,ppbbbbpppp,p
10,ppbbbbppp,3234,51,ppbbbbpppbpbppbbbbpppbbppppppbbpbpbbbpbbppbbbpbpbbb,ppbbbbpppb,b
10,ppbbbbppp,3234,51,ppbbbbpppbpbppbbbbpppbbppppppbbpbpbbbpbbppbbbpbpbbb,ppbbbbpppb,b
10,ppbbbbppp,3234,51,ppbbbbpppbpbppbbbbpppbbppppppbbpbpbbbpbbppbbbpbpbbb,ppbbbbpppb,b
10,ppbbbbppp,3636,52,ppbbbbppppbbbpbbpppbppbbbpbbpbbppbpbbpbpppppbbpppbpp,ppbbbbpppp,p
10,ppbbbbppp,3636,52,ppbbbbppppbbbpbbpppbppbbbpbbpbbppbpbbpbpppppbbpppbpp,ppbbbbpppp,p
10,ppbbbbppp,3636,52,ppbbbbppppbbbpbbpppbppbbbpbbpbbppbpbbpbpppppbbpppbpp,ppbbbbpppp,p
10,ppbbbbppp,3945,44,ppbbbbpppbbbpbbpbpbbpbpbbpbpbppbbbbbpbbbpbpb,ppbbbbpppb,b
10,ppbbbbppp,3945,44,ppbbbbpppbbbpbbpbpbbpbpbbpbpbppbbbbbpbbbpbpb,ppbbbbpppb,b
10,ppbbbbppp,3945,44,ppbbbbpppbbbpbbpbpbbpbpbbpbpbppbbbbbpbbbpbpb,ppbbbbpppb,b
10,ppbbbbppp,4165,48,ppbbbbppppbbpbppbpppbppbbbpbpbbpbbpppbbbpppppppp,ppbbbbpppp,p
10,ppbbbbppp,4165,48,ppbbbbppppbbpbppbpppbppbbbpbpbbpbbpppbbbpppppppp,ppbbbbpppp,p
10,ppbbbbppp,4165,48,ppbbbbppppbbpbppbpppbppbbbpbpbbpbbpppbbbpppppppp,ppbbbbpppp,p
10,ppbbbbppp,4196,65,ppbbbbpppbbpbbpbbpbbpbbppbpbbpbppbpbppppbbppbpbbpppbpbpbbppbpbpbb,ppbbbbpppb,b
10,ppbbbbppp,4196,65,ppbbbbpppbbpbbpbbpbbpbbppbpbbpbppbpbppppbbppbpbbpppbpbpbbppbpbpbb,ppbbbbpppb,b
10,ppbbbbppp,4196,65,ppbbbbpppbbpbbpbbpbbpbbppbpbbpbppbpbppppbbppbpbbpppbpbpbbppbpbpbb,ppbbbbpppb,b
10,ppbbbbppp,4640,62,ppbbbbpppppppbppbpbbpppbbbbbbppbppbppbpbpbppbpbbbbppbpbpppbpbp,ppbbbbpppp,p
10,ppbbbbppp,4640,62,ppbbbbpppppppbppbpbbpppbbbbbbppbppbppbpbpbppbpbbbbppbpbpppbpbp,ppbbbbpppp,p
10,ppbbbbppp,4640,62,ppbbbbpppppppbppbpbbpppbbbbbbppbppbppbpbpbppbpbbbbppbpbpppbpbp,ppbbbbpppp,p
10,ppbbbbppp,4705,60,ppbbbbppppbbbppbpbpbppbppbpbbbppbppppbpbbbppbppbbbpbpbbpbpbp,ppbbbbpppp,p
10,ppbbbbppp,4705,60,ppbbbbppppbbbppbpbpbppbppbpbbbppbppppbpbbbppbppbbbpbpbbpbpbp,ppbbbbpppp,p
10,ppbbbbppp,4705,60,ppbbbbppppbbbppbpbpbppbppbpbbbppbppppbpbbbppbppbbbpbpbbpbpbp,ppbbbbpppp,p
10,ppbbbbppp,5235,59,ppbbbbpppbpbbbpppppbbpbpbppppbpbppbpppbppbbbpbpppbbbpppppbp,ppbbbbpppb,b
10,ppbbbbppp,5235,59,ppbbbbpppbpbbbpppppbbpbpbppppbpbppbpppbppbbbpbpppbbbpppppbp,ppbbbbpppb,b
10,ppbbbbppp,5235,59,ppbbbbpppbpbbbpppppbbpbpbppppbpbppbpppbppbbbpbpppbbbpppppbp,ppbbbbpppb,b
10,ppbbbppbb,362,47,ppbbbppbbbbbpbbpppbbppbbbpbbpppbbpppbbppbpbbppb,ppbbbppbbb,b
10,ppbbbppbb,407,28,ppbbbppbbbbbppppbbbppbbbbbpp,ppbbbppbbb,b
10,ppbbbppbb,1022,38,ppbbbppbbppppbbbppbpbpbpbbpbbbppbpbppp,ppbbbppbbp,p
10,ppbbbppbb,1383,56,ppbbbppbbbbppbpbbbppbbpbbbbpbbpbppbbppbbbpbpbpppbppbpbbb,ppbbbppbbb,b
10,ppbbbppbb,3148,54,ppbbbppbbpbbbpbpbppbppppbbppbbpbpppbpbpbppppbppbpbbbbb,ppbbbppbbp,p
10,ppbbbppbb,3230,55,ppbbbppbbbpbppbbpbbpbpppppbbpppbbppbbbbbpppbbpbppppppbp,ppbbbppbbb,b
10,ppbbbppbb,4169,50,ppbbbppbbbpbbbbbbpbppbpbbbppbppppbpppppbppbbbppppb,ppbbbppbbb,b
10,ppbbbppbb,4349,59,ppbbbppbbbpbpbbbpbbbbppbbpppbpbbpbppppbpppppppbpbbpbbpbpbpp,ppbbbppbbb,b
10,ppbbbppbb,4749,59,ppbbbppbbpbpbppppbbbbbpbpppbbpbpbbbbppbpbbpbbppbpbpppbpbbbb,ppbbbppbbp,p
10,ppbbbppbb,4982,36,ppbbbppbbppbbbpppppbbpppbbpppbppppbb,ppbbbppbbp,p
10,ppbbbppbb,5202,48,ppbbbppbbbpbbpbppbpbppppbpbpbbppbpbpbpppbppbbpbb,ppbbbppbbb,b
10,ppbbbppbb,5297,56,ppbbbppbbbbbpbppppbbbpppppppbpbpppbbbppppbbbbppbbpbbppbp,ppbbbppbbb,b
10,ppbbbpppp,344,50,ppbbbpppppbpppbpppppppbbbpbbbpppbppbpbbbbbbbbpbbbb,ppbbbppppp,p
10,ppbbbpppp,376,51,ppbbbppppppbpbbppbbbbpbpbbbbbbbpbpbbpbbbpbbpbppbppp,ppbbbppppp,p
10,ppbbbpppp,379,57,ppbbbppppppbpbbppbbbbpbpbbbbbbbpbpbbpbbbpbbpbppbppppbpbpb,ppbbbppppp,p
10,ppbbbpppp,1055,44,ppbbbppppppppbbbpbbpppbbpppbbpbpbbbbpbpbbpbp,ppbbbppppp,p
10,ppbbbpppp,1058,43,ppbbbppppbppbppbpbpbbpbpppppbpbbpppbbbbpbpb,ppbbbppppb,b
10,ppbbbpppp,1323,56,ppbbbppppbpppbbbpbpppbppbbbppbbbppbbbppbpppbbbbbbbppbpbp,ppbbbppppb,b
10,ppbbbpppp,1794,48,ppbbbppppppbbpbbpbppppbbpbbbpbbpbppppbbpppbbpppb,ppbbbppppp,p
10,ppbbbpppp,2014,68,ppbbbpppppbbpppppbppbbbbpbpbppbbppbbbpbbpppbppbbbpppbbppbbppppbpbbpp,ppbbbppppp,p
10,ppbbbpppp,2148,67,ppbbbpppppbbbbpbbpbbbbbpppbpbbppbbbbpbbpbpppbbppbppbpppbbppbbbbbbpb,ppbbbppppp,p
10,ppbbbpppp,2540,58,ppbbbppppbpbppppbppbbbpppbpbbpppppbppbbpbppppbbbppbbbbppbb,ppbbbppppb,b
10,ppbbbpppp,3237,45,ppbbbpppppppbbppbbppbpbppbppbpbpbbbpbbbbpppbp,ppbbbppppp,p
10,ppbbbpppp,4340,37,ppbbbppppppbpbbpbbbpbbpppbppppbbbpbpb,ppbbbppppp,p
10,ppbbbpppp,5547,51,ppbbbppppbbpbbbppbbppppbbpbpbpbbbbbppbbpbbbbppbbppb,ppbbbppppb,b
10,ppbbpbbbb,15,23,ppbbpbbbbpbppppbpbbpbbp,ppbbpbbbbp,p
10,ppbbpbbbb,293,58,ppbbpbbbbppbpbpbbpppbbpbbbppbppbbppbbppbbbpbbpbppbbbpbpbpb,ppbbpbbbbp,p
10,ppbbpbbbb,558,57,ppbbpbbbbpbpppbppbpbppppbbbpbbppbppbpbbpppbbpbbbbppbpbbpb,ppbbpbbbbp,p
10,ppbbpbbbb,2567,67,ppbbpbbbbbpbppbbbpbbpbbbbbppbbbbppbpbpppbppbbpbppppbbppppbppbbpbpbb,ppbbpbbbbb,b
10,ppbbpbbbb,3333,63,ppbbpbbbbbpbbbpbbbpbbbbbbpbpbbbpppppbbbppppbpbbpppppppppbpppppb,ppbbpbbbbb,b
10,ppbbpbbbb,3495,62,ppbbpbbbbbbpbbppbbpppbppbpbppbpbppbpppppbpbpbbbppbbbbpppbpbppp,ppbbpbbbbb,b
10,ppbbpbbbb,4360,61,ppbbpbbbbbppbbpbbbbppppbpppbbbbpbpbbpbbbpppbbppppbbbbpppppppp,ppbbpbbbbb,b
10,ppbbpbbbb,4629,55,ppbbpbbbbpbpppbbpbbpbpbppbppbbbbppppbbpppbbppbppbbppppb,ppbbpbbbbp,p
10,ppbbpbbbb,4789,47,ppbbpbbbbppbbpbbpbbbbppppbbpbbbbbpbpppbpbbpbbbb,ppbbpbbbbp,p
10,ppbbpbbbb,4989,45,ppbbpbbbbbppppbpppppbbpbppppbpbpbbbbpbppbbpbp,ppbbpbbbbb,b
10,ppbbpbbbb,5210,59,ppbbpbbbbbbbbpbbbpbpbbpbppbpppppbbbpppppbbppbpbbpppbbppbbbb,ppbbpbbbbb,b
10,ppbbpbbbp,555,55,ppbbpbbbpbppbpbppppbbppbppbpbbpbppbbbpbpbppppppppbpppbb,ppbbpbbbpb,b
10,ppbbpbbbp,603,53,ppbbpbbbpbpbbppppbbpbbpbpppbbpbbppbpbbbpbpbbpbppppbbp,ppbbpbbbpb,b
10,ppbbpbbbp,729,14,ppbbpbbbpbbbbb,ppbbpbbbpb,b
10,ppbbpbbbp,849,39,ppbbpbbbppppbppbpbbppbpbpbpbbbbbbbpbpbb,ppbbpbbbpp,p
10,ppbbpbbbp,1485,38,ppbbpbbbpbppppppbbppbbpbbbbpbbpbpbpbpb,ppbbpbbbpb,b
10,ppbbpbbbp,1599,48,ppbbpbbbpbbbpbbpbpbbpppbpppbppbbpbbpbbppbpbbbpbp,ppbbpbbbpb,b
10,ppbbpbbbp,1618,34,ppbbpbbbpbpppppbpbppbpbbbpbpbpbpbb,ppbbpbbbpb,b
10,ppbbpbbbp,1916,55,ppbbpbbbpbppppbppbpppbbbpbpbpbbpppppppbbbpbbbbppbpbbbbp,ppbbpbbbpb,b
10,ppbbpbbbp,1924,53,ppbbpbbbpbpbbpbbpbbbppbpbbpbpbbbbppppbbbbpbpbpppppppb,ppbbpbbbpb,b
10,ppbbpbbbp,2081,52,ppbbpbbbpbpbbbbppbbbppppbbpppbpbpbpbbpbppbbpbbbpbpbb,ppbbpbbbpb,b
10,ppbbpbbbp,2185,66,ppbbpbbbppbbpbbbbppbpbpppbbppppbpbbbbbbpbbpppppbppbpbpbbpbbpppbbbb,ppbbpbbbpp,p
10,ppbbpbbbp,3383,40,ppbbpbbbpppbpppbpbpbppppbbbbppbpbppppbpb,ppbbpbbbpp,p
10,ppbbpbbbp,3536,46,ppbbpbbbpbpbbppbbppbppbbbbpbbppbpppbbbppppbpbb,ppbbpbbbpb,b
10,ppbbpbbbp,3831,55,ppbbpbbbpbppbbbbbbpbppbppbpbbbppbpbbbpbppbbpbpbbbpbbpbb,ppbbpbbbpb,b
10,ppbbpbbbp,3871,44,ppbbpbbbpppbbbbpbbbpbbpbbbbbbbpbbbbpbbbppppp,ppbbpbbbpp,p
10,ppbbpbbbp,4947,61,ppbbpbbbpbpbppppbbpppbpppppbppbppbbbppbpbpbbbppbbppbbbpppbbbp,ppbbpbbbpb,b
10,ppbbpbbbp,4987,42,ppbbpbbbppbbpbpppppbbpbbpbppbbbbppbbbpbpbp,ppbbpbbbpp,p
10,ppbbpbbpp,512,52,ppbbpbbppbppppbpbpppbbppppbpbbpppbbpbbbpbbbppppbpbbb,ppbbpbbppb,b
10,ppbbpbbpp,915,43,ppbbpbbpppbbpppbpppppbpbbppbbbpppbppbbpbppp,ppbbpbbppp,p
10,ppbbpbbpp,2149,60,ppbbpbbpppbpbppppbppppbbppppbbbpppbbbbbbbbpbpppbbppppbpbpbbp,ppbbpbbppp,p
10,ppbbpbbpp,2236,51,ppbbpbbppbpbpppbbppbpbbbpbbpbbppppbpbbbppbpbppbpbpb,ppbbpbbppb,b
10,ppbbpbbpp,2783,39,ppbbpbbppbpbbpbbpbbpbbbpbbbpbppbbbpppbb,ppbbpbbppb,b
10,ppbbpbbpp,3380,43,ppbbpbbppbppbpbppbppppppbpppbppbbppbbbbbpbp,ppbbpbbppb,b
10,ppbbpbbpp,3487,53,ppbbpbbppbbppbbpbbbbbbbbppbpbppppbbbbpbbpbbbbpbpppppb,ppbbpbbppb,b
10,ppbbpbbpp,3546,65,ppbbpbbppbbppbpbpppppbbpbbpbbbpbbbbbbbpbbppbppppppppbpbpbbpbbbbbb,ppbbpbbppb,b
10,ppbbpbbpp,4548,60,ppbbpbbppbbbppbpbbpppppppbbppppppbpbbbpbbbbbbbpbppbbbppbbpbp,ppbbpbbppb,b
10,ppbbpbbpp,5002,68,ppbbpbbpppbbpppbbppbbppbbpbpppbppbpppbbppppppbpbbbbbbpbbpbppppbbbbpp,ppbbpbbppp,p
10,ppbbpbbpp,5277,59,ppbbpbbppbppbpbpbppppbbpbppbpbpppbbbbpppbpppbpbpbppppbpbpbb,ppbbpbbppb,b
10,ppbbpbpbb,390,57,ppbbpbpbbppbbbbbpbbbppbppbbppbppbbbbpppbbpbpbbbpbppbppppb,ppbbpbpbbp,p
10,ppbbpbpbb,2101,44,ppbbpbpbbpbbppbbpppppbppbpbppbbpppbpbppbpppb,ppbbpbpbbp,p
10,ppbbpbpbb,2169,59,ppbbpbpbbpppppbbbppppppbpbbppbpbbppbbpbbpbbpbpbpbpbpbpbpppp,ppbbpbpbbp,p
10,ppbbpbpbb,2188,63,ppbbpbpbbbbbbbbbpbbpppppbpbpbbbbbpbbpbbbpppppbbpbbpbpbpbbbbpbpp,ppbbpbpbbb,b
10,ppbbpbpbb,2502,45,ppbbpbpbbbbpppbpppbpbpppbbppbbbbbbppbpbpbbbpb,ppbbpbpbbb,b
10,ppbbpbpbb,2851,62,ppbbpbpbbpbpbpbbbpbpbpbbpbbpppbbbppppbppppppbpbbbpbbbppbpbbbpb,ppbbpbpbbp,p
10,ppbbpbpbb,2976,61,ppbbpbpbbpbpbppbbppbppbpbppbppppbbppbbpbbbbppbbbppbbpbbpbbbpp,ppbbpbpbbp,p
10,ppbbpbpbb,3286,53,ppbbpbpbbpppbbbbpbppbppbpbbbbpbppbbppbbpppbpbbbppbpbp,ppbbpbpbbp,p
10,ppbbpbpbb,3611,53,ppbbpbpbbbbppppbbpppbppbppppbbbbppbpbbbbbppbbppppbbpb,ppbbpbpbbb,b
10,ppbbpbpbb,3845,53,ppbbpbpbbbbbpbppppbpbbbppbbbpppbpppbpbppbpbpbbpbppbbb,ppbbpbpbbb,b
10,ppbbpbpbb,4199,38,ppbbpbpbbpbbpppbpbbpbppbpbpbbbppbppbpb,ppbbpbpbbp,p
10,ppbbpbpbb,4863,41,ppbbpbpbbpbpppbbbbpbppbpbbbbbbbpbbppbppbb,ppbbpbpbbp,p
10,ppbbpbpbb,5061,54,ppbbpbpbbbpppbpbbppbppppbppbpppbppppppbbpppbpbbpbppbbp,ppbbpbpbbb,b
10,ppbbpbpbb,5241,53,ppbbpbpbbppbbpbbbpbbbbpppbbpppbppbbbppbbppppbbbpbppbp,ppbbpbpbbp,p
10,ppbbpbpbb,5374,46,ppbbpbpbbbbbbpbpbpbpbpbbbbbbpppppppbppbbbpbpbp,ppbbpbpbbb,b
10,ppbbpbpbb,5455,49,ppbbpbpbbppppbppppbbpbppbbpbbpbpbbbbbpbpppppbbppb,ppbbpbpbbp,p
10,ppbbpbpbb,5540,52,ppbbpbpbbpppbbpppbbbbbpbppbbbbbpbbpbppbbpbppbpbpbppb,ppbbpbpbbp,p
10,ppbbpbpbp,364,32,ppbbpbpbppbbppbbpppbbbpppbbppbbb,ppbbpbpbpp,p
10,ppbbpbpbp,1167,55,ppbbpbpbppbbppbbbbppppbbbpbppbbppppbpbpbppbbppppbppppbb,ppbbpbpbpp,p
10,ppbbpbpbp,1422,50,ppbbpbpbpbbbpbbpppbpbbbpbbppbpppbpbpbbbbbppbbbbpbb,ppbbpbpbpb,b
10,ppbbpbpbp,1623,15,ppbbpbpbppbbppb,ppbbpbpbpp,p
10,ppbbpbpbp,1629,45,ppbbpbpbppbbppbbbpbbpbppbpbpbpbbpppbbbpppppbp,ppbbpbpbpp,p
10,ppbbpbpbp,1799,57,ppbbpbpbpbpppbpbpbbbbbpppbpppbbbppbppbppppbbppbbbpbbppppb,ppbbpbpbpb,b
10,ppbbpbpbp,3035,52,ppbbpbpbpppbpbpppbpppbppbbpbbbppbpbbpbbbbpbpppbpbpbb,ppbbpbpbpp,p
10,ppbbpbpbp,3926,51,ppbbpbpbpppbpbpppbpppbpppppppbbpbbpppbpppppbpbppppp,ppbbpbpbpp,p
10,ppbbpbppb,49,21,ppbbpbppbpbppbbpbpppp,ppbbpbppbp,p
10,ppbbpbppb,1286,35,ppbbpbppbbpbpbbppbpppppbbpbbppbbbpb,ppbbpbppbb,b
10,ppbbpbppb,1301,49,ppbbpbppbbpppppppbppbbbbbbbbppbbppbbpbpbppbppbbbb,ppbbpbppbb,b
10,ppbbpbppb,1555,55,ppbbpbppbpbbpbppbppbpbppbppbbbppbbbbpbbppbbbbbbpbbpbbbb,ppbbpbppbp,p
10,ppbbpbppb,1604,48,ppbbpbppbbpbbppbpppppbbbbbpbpbbpbppppbbbppbpbbpp,ppbbpbppbb,b
10,ppbbpbppb,3091,49,ppbbpbppbbbpppbbbppppbpbpbpbpppbppbppbpbbbppbppbb,ppbbpbppbb,b
10,ppbbpbppb,3228,41,ppbbpbppbbpbbbpppbpbpbpbpbbppbbbpbbbpbppb,ppbbpbppbb,b
10,ppbbpbppb,3815,42,ppbbpbppbpbpbbppppbppbbppbbpbbpbbbbppbpppb,ppbbpbppbp,p
10,ppbbpbppb,3918,54,ppbbpbppbpbppppppbpppbppbpbbpbbpbbbbppbbbbbpbppppppppp,ppbbpbppbp,p
10,ppbbpbppb,4305,44,ppbbpbppbpbbppbbbbbbpbppbpbppbppbbppppbpbpbp,ppbbpbppbp,p
10,ppbbpbppb,4964,55,ppbbpbppbbpbbbpbppppbbbbbpbppbpbpppbbpbpbbppbppbbbppppb,ppbbpbppbb,b
10,ppbbpbppp,910,41,ppbbpbpppbpbbbppbbbbbpbppbpbpppbbpppbpbbb,ppbbpbpppb,b
10,ppbbpbppp,1446,52,ppbbpbppppbbbbpbpbbppppbbbbpppbppbbbbbpbpbbpbbpbbpbb,ppbbpbpppp,p
10,ppbbpbppp,1701,40,ppbbpbpppppppppppbppbbbpbpbppppbbbppbppp,ppbbpbpppp,p
10,ppbbpbppp,2460,46,ppbbpbpppbbbpbppbpbpppbbpbbbbppbpppppbpbbpbppp,ppbbpbpppb,b
10,ppbbpbppp,4564,62,ppbbpbpppbbpppbppbbbbpppbbbbpbbpbppbbpbbbbbppbbppbbppbpppbbpbp,ppbbpbpppb,b
10,ppbbpbppp,5168,48,ppbbpbpppbpbbpbppbppbbbpbbbpppbppbppppbpbbbbppbp,ppbbpbpppb,b
10,ppbpbbbbb,231,62,ppbpbbbbbpppbbbppbppbbbbpbppbbbbppppbpppbpbbpppppbbpbbbbppbbpp,ppbpbbbbbp,p
10,ppbpbbbbb,241,45,ppbpbbbbbbpbbbbpbpppbbpbbpbbpbpbppbbbbpbbbbpb,ppbpbbbbbb,b
10,ppbpbbbbb,700,36,ppbpbbbbbbbpppbbpppbbpbpppbbbpppbppb,ppbpbbbbbb,b
10,ppbpbbbbb,870,55,ppbpbbbbbppbbpppbbbpppbpbbbbpppppbbpbppppppppbbppppbpbp,ppbpbbbbbp,p
10,ppbpbbbbb,1743,50,ppbpbbbbbbpbbbbppbpbbbbppppbbpppbbpbppbppppppbpppb,ppbpbbbbbb,b
10,ppbpbbbbb,1927,43,ppbpbbbbbbpbpbbpbbppppbpbbbbppbpbbbbpbpbppp,ppbpbbbbbb,b
10,ppbpbbbbb,2331,62,ppbpbbbbbpppbbbbpppppbpbbpbppbbppbbpbbbppbppppppppppbpbbbbbbpp,ppbpbbbbbp,p
10,ppbpbbbbb,2840,60,ppbpbbbbbpbbbbppbppbppbbbbbpppbbpbbbpbpbbbbbppbpbbpbbpppppbb,ppbpbbbbbp,p
10,ppbpbbbbb,4301,45,ppbpbbbbbpbpbppbbpbbbpbppbpbpbbbbpbbpbpbpppbp,ppbpbbbbbp,p
10,ppbpbbbbb,4643,51,ppbpbbbbbbbpbbppbbbbbbbpbbpbpbbbpppppbbbbpbbbbbpbbp,ppbpbbbbbb,b
10,ppbpbbbbb,5232,58,ppbpbbbbbbbbpppbpppbpppbppbpbpbppbbpbpppbpbpbpppbbbppbbpbp,ppbpbbbbbb,b
10,ppbpbbbbb,5259,35,ppbpbbbbbbbppppbpbbbpbpbbbppbbppbbb,ppbpbbbbbb,b
10,ppbpbbbbb,5322,37,ppbpbbbbbbbpbppbbbbbpbbbpbbbbpbbbbbbb,ppbpbbbbbb,b
10,ppbpbbbbb,5440,59,ppbpbbbbbpbpbppppbppppbppbbbppbbppbbbbbppppbpbppbpppbbbbbbp,ppbpbbbbbp,p
10,ppbpbbpbb,359,42,ppbpbbpbbppppppbpbbpbbpbbpppbbpbpbbbpppbbp,ppbpbbpbbp,p
10,ppbpbbpbb,875,41,ppbpbbpbbpbpbpbpbpbbbpbbpbpppbbppbppppbbb,ppbpbbpbbp,p
10,ppbpbbpbb,1007,57,ppbpbbpbbpbpbpbbbppppbbppppbppbbpbpbbbppbppppbbpbppbpbbpb,ppbpbbpbbp,p
10,ppbpbbpbb,1328,54,ppbpbbpbbbpbbbbpppbbbpbpppbpbpbpppbppbbppppppppbpbbpbb,ppbpbbpbbb,b
10,ppbpbbpbb,1894,43,ppbpbbpbbpbpbppbbbpppbbppppppbbpppbpppbbbbb,ppbpbbpbbp,p
10,ppbpbbpbb,2383,46,ppbpbbpbbbppbppbppbbbbpbpbpppbbppbpppppbbbpbbp,ppbpbbpbbb,b
10,ppbpbbpbb,3839,39,ppbpbbpbbpbpbpppppbppbppbppppbbpbppbppp,ppbpbbpbbp,p
10,ppbpbbpbb,4290,65,ppbpbbpbbbppbpbpppppppbpbbpbbbbbppbppbbbppppppbpbbpbppbppbpbbbbbp,ppbpbbpbbb,b
10,ppbpbbpbb,4802,44,ppbpbbpbbbbpbbbpbbbpbpppbbpppbbbbbppbbpbbpbp,ppbpbbpbbb,b
10,ppbpbbppb,424,43,ppbpbbppbbpbbppbppppbbbbppbbppbbppbbbppbbbb,ppbpbbppbb,b
10,ppbpbbppb,726,32,ppbpbbppbpbbbppbbbbbpbbbbpbppbbb,ppbpbbppbp,p
10,ppbpbbppb,966,52,ppbpbbppbbpbpbbpbbpppppbpbpbpppbpbppbbbppbbbpppbbbpb,ppbpbbppbb,b
10,ppbpbbppb,2726,49,ppbpbbppbppppbbbpbbbbbbbpbpppbbpbbpbbppbbpbpbbppb,ppbpbbppbp,p
10,ppbpbbppb,2803,49,ppbpbbppbpbpbbppbpbppbbpppbpbppbpbbpbbpbbpbbpbbpb,ppbpbbppbp,p
10,ppbpbbppb,3107,60,ppbpbbppbppppbpbbppbbpbpbbppbpppbbbbppbpbbpbpbbpppbbppbppbbb,ppbpbbppbp,p
10,ppbpbbppb,4439,50,ppbpbbppbpppbpbpbbppbbbpppppbbbppbbpppbbbbpbbbpbpb,ppbpbbppbp,p
10,ppbpbbppb,4476,34,ppbpbbppbpbpbpbppbpbbbppppbppbbbpb,ppbpbbppbp,p
10,ppbpbbppb,4585,46,ppbpbbppbpbbpbpbbbbbpppbbpbbbbpbbbpbbppbbpppbp,ppbpbbppbp,p
10,ppbpbbppp,29,22,ppbpbbpppbbppbbbbpbbpp,ppbpbbpppb,b
10,ppbpbbppp,339,58,ppbpbbppppbppbpbbpbpbbpppbbbbbpppppbbpppbpbbpppbbbppbbpbbp,ppbpbbpppp,p
10,ppbpbbppp,474,32,ppbpbbpppbpbppbbbbppppppppbpbppp,ppbpbbpppb,b
10,ppbpbbppp,583,63,ppbpbbpppbpbbpbbpppbbpbppppbppbppbbpbbbbpbbpbbppppbpbpppppbbbbp,ppbpbbpppb,b
10,ppbpbbppp,842,58,ppbpbbpppbppbppppbbbpbpbpppbpbpbbbppbpbbbppppppbppbbbpbppb,ppbpbbpppb,b
10,ppbpbbppp,2281,66,ppbpbbpppppbpbbbbpbpbppbbbpbppbbbppbbppbpbbbpbbppbpbbbbppbpbpbbbpb,ppbpbbpppp,p
10,ppbpbbppp,3807,56,ppbpbbppppbbpppbbbbbbbpbbbpbppbbpbbbbpppbbbbppbbbbppbbpp,ppbpbbpppp,p
10,ppbpbbppp,4054,60,ppbpbbpppbpbppbpbppppbpbbpppppppppbpbpppbppppbbpbppbbpbbpbpp,ppbpbbpppb,b
10,ppbpbbppp,4108,58,ppbpbbpppppbbpbbbpbbbpppbppbbbbbbpbpppbbpbppppbppbpbbbpbpp,ppbpbbpppp,p
10,ppbpbbppp,4755,52,ppbpbbppppbbbppppppbbpbpbpbpppbbpbpbbbppbbppbpbbppbp,ppbpbbpppp,p
10,ppbpbpbpb,482,32,ppbpbpbpbpbbbbbpbbppbbpbbppbbbbb,ppbpbpbpbp,p
10,ppbpbpbpb,1717,40,ppbpbpbpbbbbpbpbbpppbbppppppbbbbbbbpbppp,ppbpbpbpbb,b
10,ppbpbpbpb,2611,44,ppbpbpbpbbpppbbbpppbpbpbppppbbpbpbbppbbpbbpb,ppbpbpbpbb,b
10,ppbpbpbpb,2681,62,ppbpbpbpbbppbbbppbbpppbbbpppbpbpbbbpbpppppbpbbpbbbppppppbbbbbp,ppbpbpbpbb,b
10,ppbpbpbpb,2784,44,ppbpbpbpbbbbpbpppbpbpbpppbbppbppbpbppbppbppb,ppbpbpbpbb,b
10,ppbpbpbpb,3259,51,ppbpbpbpbppbbppbppppbppppbpbbbbpbbbppbbpppbpppppbbp,ppbpbpbpbp,p
10,ppbpbpbpb,3455,52,ppbpbpbpbppppbbbpbpbppbpppppbpbbbbbppbppppppbppppbbb,ppbpbpbpbp,p
10,ppbpbpbpb,4600,60,ppbpbpbpbbbpbbpbbbbppbbpppbpppppbpbpbppbpppbpppbpbppbbbbbbbb,ppbpbpbpbb,b
10,ppbpbpbpb,4752,48,ppbpbpbpbpppppbppbbbppbbbppppppbpbpppbbbbbbbbbpp,ppbpbpbpbp,p
10,ppbpbpbpb,5305,60,ppbpbpbpbpbbbppbppbpbbpbbpbbpbbbbbbbbpbppppppbpbpbbbbpppbppb,ppbpbpbpbp,p
10,ppbpbpbpp,1257,31,ppbpbpbppbpbppbppbbpbbpbpbbppbp,ppbpbpbppb,b
10,ppbpbpbpp,1710,65,ppbpbpbppbpbpbbppbbpppbbpbbpppbbbppppppbpppbpppbbbppbpppbppbbbbpp,ppbpbpbppb,b
10,ppbpbpbpp,1792,70,ppbpbpbppbbbppppbpppbbppppbpppppppbpbpbbpbpppbppppbbppbpppbppbpppbpbbp,ppbpbpbppb,b
10,ppbpbpbpp,2466,45,ppbpbpbppbbbpbbpppbbpbbbppppbppbppbbpbppbpbpb,ppbpbpbppb,b
10,ppbpbpbpp,2609,45,ppbpbpbpppbppbpbbbbbbppppppppbppbbpbpbpbbpbpb,ppbpbpbppp,p
10,ppbpbpbpp,2670,60,ppbpbpbpppbbppppppbbbpppbpbbbpbbpbpbpbpbbbbpbpbppppbbpbbpppb,ppbpbpbppp,p
10,ppbpbpbpp,2818,50,ppbpbpbppppbbbbbbbbpbpbbpbbpbpbpbbbpbbpbppbppbbpbb,ppbpbpbppp,p
10,ppbpbpbpp,3029,48,ppbpbpbppbbpbpbbbppbbbppbpbpppbbbbbbpppbpbbbpbpb,ppbpbpbppb,b
10,ppbpbpbpp,3991,62,ppbpbpbpppbpbpbpbpppbpbppppbpbbbpppbpbpbbbbbbppbpbpppppbppbpbp,ppbpbpbppp,p
10,ppbpbpbpp,4970,46,ppbpbpbpppbbbppbbbbpbpppbppbbbppppbpbpppbbpppp,ppbpbpbppp,p
10,ppbpbppbb,350,62,ppbpbppbbbbbbppbbpbppbbpbbbbpbbbppbbpbbpbbpbppbpbppbpppbpbppbp,ppbpbppbbb,b
10,ppbpbppbb,730,35,ppbpbppbbbppppbbppbppbpbbpppppppppb,ppbpbppbbb,b
10,ppbpbppbb,901,46,ppbpbppbbpbppppbpbpbbpbbbppbppbpppbbbpbbbppbbb,ppbpbppbbp,p
10,ppbpbppbb,1050,48,ppbpbppbbpppppbbppbbppbbbppbbpbppbpbpbpbppppbppb,ppbpbppbbp,p
10,ppbpbppbb,1530,54,ppbpbppbbpbbbbbpbppppbpbpbpppppbbpbpbbpbpbppppbbppbpbp,ppbpbppbbp,p
10,ppbpbppbb,1904,54,ppbpbppbbppppbppbpbpbbbbbbbbpbpppbbbbppbbpppppbbbpbppb,ppbpbppbbp,p
10,ppbpbppbb,4086,63,ppbpbppbbbpbbbpbppbppbbpbbpbpbppppbpbbbppppbbbbpbppbpbbbpbbbpbb,ppbpbppbbb,b
10,ppbpbppbb,4302,60,ppbpbppbbbbbbpbbbbppppbpbpbbppbbbbbbppbpbbbpbbbbpbbppppbbppp,ppbpbppbbb,b
10,ppbpbppbb,5067,59,ppbpbppbbbpbbbbpppbpbpbppbbppbbbppbppppppbbpbpppppppppbppbp,ppbpbppbbb,b
10,ppbpbppbb,5269,46,ppbpbppbbppppppbppbbpppppbbpbbbpbbppbpbbbbpppp,ppbpbppbbp,p
10,ppbpbpppp,1293,44,ppbpbppppbbpbpbbppbpbpbbbppbbbbpbpbbpppbpbpb,ppbpbppppb,b
10,ppbpbpppp,1821,42,ppbpbpppppbbbpppbbppbbpbbbbbbppbppbpbbpbpp,ppbpbppppp,p
10,ppbpbpppp,2187,62,ppbpbpppppppbppppppbbbppbppppppbbpbbpbbpbbpbbppbppbbbbpbpbbbbb,ppbpbppppp,p
10,ppbpbpppp,2274,50,ppbpbppppppppbbbpbppbpbbpppbbpbbpbpppbpbbbppbbbbpb,ppbpbppppp,p
10,ppbpbpppp,2789,58,ppbpbppppbpppppbppbbpbbbbpbbbbbppppbbpbpbppbbbpbpbbppbbbpp,ppbpbppppb,b
10,ppbpbpppp,3076,48,ppbpbpppppbbppbbbbbpppbpppbbpbpppbbpbppbpbbbbpbb,ppbpbppppp,p
10,ppbpbpppp,3786,63,ppbpbppppbpbpbpppbbppbpbbpppbbpbbppbpppbbpbbppbpbpbpbppbpbppbpb,ppbpbppppb,b
10,ppbpbpppp,4161,55,ppbpbppppbbpbbbbppppppppppbppbppppbbbbbpbbbbppppbbpbppp,ppbpbppppb,b
10,ppbpbpppp,4201,40,ppbpbppppbbbppbpbbpppbpbbpbbbbppbbpppbbb,ppbpbppppb,b
10,ppbpbpppp,5359,55,ppbpbppppbpbbbbbpbppbbbbbpbpppbpbbbppbpppppppbppbbppbpp,ppbpbppppb,b
10,ppbppbbbb,1803,41,ppbppbbbbpbppbppbpbpbpbbbbbbbpbpbpbbpbpbp,ppbppbbbbp,p
10,ppbppbbbb,2604,50,ppbppbbbbppbbppppppppbppbpbbpbpppbpbpbpppppbpbbppp,ppbppbbbbp,p
10,ppbppbbbb,2991,64,ppbppbbbbpbpbbpbppppbppbbpbpbbpbbpbpppbbppbpbbbbpbbppbppppbppbbp,ppbppbbbbp,p
10,ppbppbbbb,4215,48,ppbppbbbbpbbbpbbbpbbbbppbpbbbpbbppbbbbpbppppbbbp,ppbppbbbbp,p
10,ppbppbbbb,4309,45,ppbppbbbbpbpbbppbbbbppbpppbbbbpbbbbppbppbbpbb,ppbppbbbbp,p
10,ppbppbbbb,4386,43,ppbppbbbbppbpbbpbpbppbbpbppbbbbpppbbpbpbbbb,ppbppbbbbp,p
10,ppbppbbbb,5098,34,ppbppbbbbbbppbbpbpppbbpbppbpbppbpb,ppbppbbbbb,b
10,ppbppbbbb,5102,65,ppbppbbbbppbbpbbpbbpbbbpbbbbppbpbppbbppbpbbpbbpbbbpbbpbbpbbpbbpbb,ppbppbbbbp,p
10,ppbppbbbp,1134,62,ppbppbbbppbbpbbppbppbbppppppbbbbbbbpbppppbbpbbppbpbbbppbbbpbpp,ppbppbbbpp,p
10,ppbppbbbp,1593,42,ppbppbbbpbppbbpppbpbbbpbbppbbpbpbpppppbbpp,ppbppbbbpb,b
10,ppbppbbbp,2133,49,ppbppbbbppbppbpbbbbbbpbbbppbppbppbbpbbbbpbbbbppbp,ppbppbbbpp,p
10,ppbppbbbp,2325,43,ppbppbbbpbbbbbbbbbbppbbbpbbbbbbpppbbpppbbbb,ppbppbbbpb,b
10,ppbppbbbp,3621,59,ppbppbbbppbbppbbpbbpbbbbbbbbppbppbbppbpbbpbbbpbpbppbpbppppb,ppbppbbbpp,p
10,ppbppbbbp,3825,50,ppbppbbbppbbbbpbpppbbppbbpbpbppbbpbpbppbbbbpbpbbbp,ppbppbbbpp,p
10,ppbppbbbp,4253,47,ppbppbbbpbbppppppbbpbbbbbpbbpppbbpbpbppbpbpppbp,ppbppbbbpb,b
10,ppbppbbbp,4348,49,ppbppbbbppbbbbbpbbppbbbppbppbppbbbbbbbpbbbbbpppbp,ppbppbbbpp,p
10,ppbppbbbp,4814,49,ppbppbbbppppbbppppbpppbbppbppbbbbpbbppbpbbpbpppbb,ppbppbbbpp,p
10,ppbppbbpb,1201,65,ppbppbbpbbbbppbbpbpbbbbpbbbpbppbpppbbbppbbbpbpbppbbbbbpppbbbppbbb,ppbppbbpbb,b
10,ppbppbbpb,1638,54,ppbppbbpbppbbbpbbbpbpbpbpbbbppbbpbbppbppppbbpbbpbppppp,ppbppbbpbp,p
10,ppbppbbpb,1831,61,ppbppbbpbbbpppppbpppbbbppbbpbbppbbpbpppbppbbbbpbppbpbpbbbbppb,ppbppbbpbb,b
10,ppbppbbpb,2094,55,ppbppbbpbppbpppppppbppbpppbbbpppppppbbpppbpppbpbpbbbppp,ppbppbbpbp,p
10,ppbppbbpb,2291,72,ppbppbbpbpbpbpbbbbbppbbbbpbpbbpbbbbppbbpbpbbbpppbbbbbbbbpbpbbppbbbbpbbpb,ppbppbbpbp,p
10,ppbppbbpb,2545,63,ppbppbbpbbpbbbbpppbpbbbppbpbbbbbbppbpbbbbbpbbbpppppbbbbbbpbbpbp,ppbppbbpbb,b
10,ppbppbbpb,2565,50,ppbppbbpbbpbbbpbppbpbbbbbpbbpbpbbbbpbbpbbpbpppbppp,ppbppbbpbb,b
10,ppbppbbpb,3150,45,ppbppbbpbpbbpbppbbpbpppbbppbppbppbbpbpbpbbbbp,ppbppbbpbp,p
10,ppbppbbpb,3459,64,ppbppbbpbbpbbppbbbpbbbbpbpppbpbbbpppbppbbpppbbbbbbppbppppbpbbbpb,ppbppbbpbb,b
10,ppbppbbpb,3489,54,ppbppbbpbppbbbppbpbbbpbbbbbpbbppbbppbbpppbbppbbbppbbbb,ppbppbbpbp,p
10,ppbppbbpb,3805,46,ppbppbbpbbbpbbbpppppbbbpbppppbppppppbbppbbppbb,ppbppbbpbb,b
10,ppbppbbpb,4013,61,ppbppbbpbppbbbbbbpppbbbbpppbpppppbpbppbbpppppbpppbpbbbppbbpbb,ppbppbbpbp,p
10,ppbppbbpb,4206,45,ppbppbbpbpbbbpbbbbpbpbpbbpbbpbpbbppbbbpbbbbpb,ppbppbbpbp,p
10,ppbppbbpb,4981,46,ppbppbbpbbbbbbpbppppbppbppbbppbpbbpppbpppbbbpp,ppbppbbpbb,b
10,ppbppbbpb,5393,44,ppbppbbpbbbbpbbpppbpbbbpppppppbpbpbpppbppppb,ppbppbbpbb,b
10,ppbppbbpb,5426,38,ppbppbbpbppbbbbppbppbpbpbbbpbbbbbbbppp,ppbppbbpbp,p
10,ppbppbbpb,5427,54,ppbppbbpbpppbpbbbpbpppbbbbbbpbpppbbbbppbpbppbpbbbppppp,ppbppbbpbp,p
10,ppbppbbpb,5542,64,ppbppbbpbbpbbppppbpbpppppbpppppbbbbpppppbpppbbpbbpppppbppbppbbbp,ppbppbbpbb,b
10,ppbppbbpp,283,60,ppbppbbppbbppbpbppppbpbbpbpppbbbpbpppbbbbppbbbpbbppppbbppbbb,ppbppbbppb,b
10,ppbppbbpp,1217,50,ppbppbbppbbpbbbpbppbpbppppppppbpbbppbpbpbbppbbbpbp,ppbppbbppb,b
10,ppbppbbpp,1837,54,ppbppbbpppbbbbppbbpbbpbpppppbpppppbpppbpppbpbpbpbbbbpp,ppbppbbppp,p
10,ppbppbbpp,3646,58,ppbppbbppbppbppbbpbbppbbpppppbppppbppppbpbpppbpbbppbbpbpbp,ppbppbbppb,b
10,ppbppbbpp,4226,38,ppbppbbppbpbpbpppbpppppbpbppbpppppbpbp,ppbppbbppb,b
10,ppbppbbpp,4956,43,ppbppbbpppbppbpbppbppbbbbbbpbpbpbbpbpbppbbb,ppbppbbppp,p
10,ppbppbbpp,5244,62,ppbppbbpppppbbbbbpppbpbpbppbpbbpbppbbpppbbbpppbbbpppbbpppbbppb,ppbppbbppp,p
10,ppbppbpbb,331,56,ppbppbpbbppppbppbbbbbbpbpbpbppbppbpppbpppbpbbbbbpbbbpbbb,ppbppbpbbp,p
10,ppbppbpbb,1432,38,ppbppbpbbbbpppbbbpbbbpbpbppbpbpbppbbpb,ppbppbpbbb,b
10,ppbppbpbb,2792,49,ppbppbpbbpbpbpbppbbbppbpppbbppbpbpbpbpbppppbbbppb,ppbppbpbbp,p
10,ppbppbpbb,4656,51,ppbppbpbbbbbpbbbbbpbbppppbpbbbbbpbbpppbpbpbbpbppppp,ppbppbpbbb,b
10,ppbppbpbb,4944,65,ppbppbpbbbpbpbbpbpbbpbbbbbbpbbbbbbbbppbbpbbbpbpbbbbppbpbbpbbpbbbb,ppbppbpbbb,b
10,ppbppbpbb,5370,58,ppbppbpbbpbppppppbbbppbbpbpppbpbpbbbbpbbpbbpbpbbpbbppbpbbp,ppbppbpbbp,p
10,ppbppbpbp,1162,54,ppbppbpbppbpbbbbppppbbpppbpbbpppbbbppbbpbppbpbbpbpbbpp,ppbppbpbpp,p
10,ppbppbpbp,1197,49,ppbppbpbpppbpbbppbpppbpbbbbpbbbppbbbpppbbppbbbbpp,ppbppbpbpp,p
10,ppbppbpbp,1246,38,ppbppbpbpppppppbbpbpbppbbbbbpbpbpbbppp,ppbppbpbpp,p
10,ppbppbpbp,1527,65,ppbppbpbppbpbbbbpbpppbbbppbpppbpbbpbpbpbpbbpbbbbbbbbbbbbbbpbpbpbp,ppbppbpbpp,p
10,ppbppbpbp,1868,57,ppbppbpbpppbbpppbbpbbbpbpbppppppbbbbbpppppbpbbbbbppbbbpbb,ppbppbpbpp,p
10,ppbppbpbp,2010,46,ppbppbpbppbbpbpbbbpbppbbbbbbbpbpppbpbbbbpbpppb,ppbppbpbpp,p
10,ppbppbpbp,2071,32,ppbppbpbpbpbbpbbpbbppbbpbppbpppp,ppbppbpbpb,b
10,ppbppbpbp,2465,50,ppbppbpbpbpppbbbbbpbbbpbbbpbpbpbpbpppbbpbbppbpbbpb,ppbppbpbpb,b
10,ppbppbpbp,3396,53,ppbppbpbppbpbbbbbpbppbpbpbppbbppbpbppbbbpppbpbpbbpppb,ppbppbpbpp,p
10,ppbppbpbp,3577,53,ppbppbpbpppppbbppbpbpbpbbbbbbpbbbbbbpbbpbppbbbbbbbbpp,ppbppbpbpp,p
10,ppbppbpbp,4562,60,ppbppbpbppbpbbbppbbbbpbbbpbppbbbppppppbbbbbbppbppbbpbppbpppp,ppbppbpbpp,p
10,ppbppbpbp,4563,62,ppbppbpbppbpbbbppbbbbpbbbpbppbbbppppppbbbbbbppbppbbpbppbpppppp,ppbppbpbpp,p
10,ppbppbppp,599,54,ppbppbpppbbbpbpbbbbbppppbpbbbbpbpppppbbbpbpbpbppbpbbpb,ppbppbpppb,b
10,ppbppbppp,607,56,ppbppbppppbpbbpbbpbpbpbbbbpbppbppbbpppbbbbbbbbbbbppbpppp,ppbppbpppp,p
10,ppbppbppp,783,35,ppbppbppppppppbbppbpbpbbbpbbpbpbpbb,ppbppbpppp,p
10,ppbppbppp,1949,42,ppbppbppppbpbpbbbpbbbpbbppbbbpbpbpbbpbpppp,ppbppbpppp,p
10,ppbppbppp,2114,56,ppbppbppppppbpbbbppbpbpbbpppppbpbpbbpbppbppppbbppppbppbp,ppbppbpppp,p
10,ppbppbppp,2359,63,ppbppbpppbppbppppppbpppbbppbbbpppbppppbbpbpbbppbppppbpbpppbpppb,ppbppbpppb,b
10,ppbppbppp,2409,40,ppbppbppppbbppbppbpbbbbbpppbbppbppbppppp,ppbppbpppp,p
10,ppbppbppp,3034,46,ppbppbpppbbbbppbpbbbpbpppbbpppppbpbbbppbppbbpp,ppbppbpppb,b
10,ppbppbppp,3263,47,ppbppbpppbpbppbpbbbppppbbbbbpppbpbbpbpppbbpppbb,ppbppbpppb,b
10,ppbppbppp,4832,54,ppbppbpppppbpbbbppbbppbppbbbpbpppbpbbbpbppppbbbbpbpbpp,ppbppbpppp,p
10,ppbppbppp,5188,51,ppbppbppppbbpbbbbbbbpppbbppbbpppbbbbpbpbbpbbpbpbbbb,ppbppbpppp,p
10,ppbpppbbb,1013,42,ppbpppbbbppppbppbbbbpbbpbpbbpbppbbbpppbppb,ppbpppbbbp,p
10,ppbpppbbb,1450,66,ppbpppbbbbppbpbbppbppbpbbbbbpbbbbbbppbbpbbppppbbbbppbbpbbpbppbbbpp,ppbpppbbbb,b
10,ppbpppbbb,1752,66,ppbpppbbbbbpppbbbbbpbbpbpbpbpbbbbpbppbbbbpbpbbpppbppbpppbpbbppbbbp,ppbpppbbbb,b
10,ppbpppbbb,2486,54,ppbpppbbbppppbpbbbppbbpppbbbbpbbpbbpbpppbbbbppbbppbpbb,ppbpppbbbp,p
10,ppbpppbbb,2800,65,ppbpppbbbppbbppbbpppbbbpbbbbppppppppbbbpbbppbbbbppbpbbpbbbpbbpbpp,ppbpppbbbp,p
10,ppbpppbbb,4490,42,ppbpppbbbpppbpppbbbbpbbpbppbppbpbpbbpppbbp,ppbpppbbbp,p
10,ppbpppbbp,452,65,ppbpppbbppbpbpbppbppbbpbbbpppbppbbpbppbbbbpbpppppppppbppppbppbbbb,ppbpppbbpp,p
10,ppbpppbbp,2096,53,ppbpppbbpbbbbbbppbppbbppbpbbbpbpppbppppppppbpbbpppbpp,ppbpppbbpb,b
10,ppbpppbbp,3240,36,ppbpppbbpbpbpbpbbpppbppppbppppbbpbbp,ppbpppbbpb,b
10,ppbpppbbp,3343,41,ppbpppbbpbbpbppppbpbbpbbpbpbpbbpppbbppbbp,ppbpppbbpb,b
10,ppbpppbbp,4336,45,ppbpppbbpppbbpbbpbbppppbbpppppbpbpbppbppbbbbb,ppbpppbbpp,p
10,ppbpppbbp,5004,58,ppbpppbbppppppppbppbbpbbpbpppppbbbppbpbpbbpppbbpbbpbbbbppp,ppbpppbbpp,p
10,ppbpppbbp,5193,46,ppbpppbbpppbppbbppbpbpbbbbbpbpbbbpbpbbppbbpppb,ppbpppbbpp,p
10,ppbpppbbp,5375,55,ppbpppbbppppbpbbpbbbbbbbpppbbbbbbbbpbppbbbbbbbbpbpppbpb,ppbpppbbpp,p
10,ppbpppppb,565,42,ppbpppppbppbpbpbppbbbppbpbppppbpbbbppppbpb,ppbpppppbp,p
10,ppbpppppb,565,42,ppbpppppbppbpbpbppbbbppbpbppppbpbbbppppbpb,ppbpppppbp,p
10,ppbpppppb,565,42,ppbpppppbppbpbpbppbbbppbpbppppbpbbbppppbpb,ppbpppppbp,p
10,ppbpppppb,1154,46,ppbpppppbpppbpbpbppppbpppbbpbbbbppbpbpbppbbbbb,ppbpppppbp,p
10,ppbpppppb,1154,46,ppbpppppbpppbpbpbppppbpppbbpbbbbppbpbpbppbbbbb,ppbpppppbp,p
10,ppbpppppb,1154,46,ppbpppppbpppbpbpbppppbpppbbpbbbbppbpbpbppbbbbb,ppbpppppbp,p
10,ppbpppppb,1369,58,ppbpppppbpbbbpbpppppbbbppbbbbpbbpppbpbbpppbpbbbbpbpbpbpbbp,ppbpppppbp,p
10,ppbpppppb,1369,58,ppbpppppbpbbbpbpppppbbbppbbbbpbbpppbpbbpppbpbbbbpbpbpbpbbp,ppbpppppbp,p
10,ppbpppppb,1369,58,ppbpppppbpbbbpbpppppbbbppbbbbpbbpppbpbbpppbpbbbbpbpbpbpbbp,ppbpppppbp,p
10,ppbpppppb,1406,42,ppbpppppbpbbpbppbpbpppbbbpbpbbpppppppbpbpp,ppbpppppbp,p
10,ppbpppppb,1406,42,ppbpppppbpbbpbppbpbpppbbbpbpbbpppppppbpbpp,ppbpppppbp,p
10,ppbpppppb,1406,42,ppbpppppbpbbpbppbpbpppbbbpbpbbpppppppbpbpp,ppbpppppbp,p
10,ppbpppppb,2797,40,ppbpppppbbppbpbpppbpppbpppbppppbbpbbbppb,ppbpppppbb,b
10,ppbpppppb,2797,40,ppbpppppbbppbpbpppbpppbpppbppppbbpbbbppb,ppbpppppbb,b
10,ppbpppppb,2797,40,ppbpppppbbppbpbpppbpppbpppbppppbbpbbbppb,ppbpppppbb,b
10,ppbpppppb,3978,53,ppbpppppbbppbbppppppbpppppbppbbbppbpbbpppbppbpbbpbbpb,ppbpppppbb,b
10,ppbpppppb,3978,53,ppbpppppbbppbbppppppbpppppbppbbbppbpbbpppbppbpbbpbbpb,ppbpppppbb,b
10,ppbpppppb,3978,53,ppbpppppbbppbbppppppbpppppbppbbbppbpbbpppbppbpbbpbbpb,ppbpppppbb,b
10,ppbpppppb,4515,58,ppbpppppbbpbbbpbbpbpbppbbppppbpbpbppppbbbbbbbppbpbppbpbbbp,ppbpppppbb,b
10,ppbpppppb,4515,58,ppbpppppbbpbbbpbbpbpbppbbppppbpbpbppppbbbbbbbppbpbppbpbbbp,ppbpppppbb,b
10,ppbpppppb,4515,58,ppbpppppbbpbbbpbbpbpbppbbppppbpbpbppppbbbbbbbppbpbppbpbbbp,ppbpppppbb,b
10,ppbpppppb,4558,41,ppbpppppbpbpbppbpppppbbppbpppbbbpbpppbppp,ppbpppppbp,p
10,ppbpppppb,4558,41,ppbpppppbpbpbppbpppppbbppbpppbbbpbpppbppp,ppbpppppbp,p
10,ppbpppppb,4558,41,ppbpppppbpbpbppbpppppbbppbpppbbbpbpppbppp,ppbpppppbp,p
10,ppbpppppb,4696,50,ppbpppppbbbppbbbppppbbbbpbpppppbpbbbpbbpbbbbppbppb,ppbpppppbb,b
10,ppbpppppb,4696,50,ppbpppppbbbppbbbppppbbbbpbpppppbpbbbpbbpbbbbppbppb,ppbpppppbb,b
10,ppbpppppb,4696,50,ppbpppppbbbppbbbppppbbbbpbpppppbpbbbpbbpbbbbppbppb,ppbpppppbb,b
10,ppbpppppb,4953,53,ppbpppppbppppppbpbpbbbbpbbbbbbbbbpbpppbbppppbbbbbpbbp,ppbpppppbp,p
10,ppbpppppb,4953,53,ppbpppppbppppppbpbpbbbbpbbbbbbbbbpbpppbbppppbbbbbpbbp,ppbpppppbp,p
10,ppbpppppb,4953,53,ppbpppppbppppppbpbpbbbbpbbbbbbbbbpbpppbbppppbbbbbpbbp,ppbpppppbp,p
10,ppbpppppp,210,15,ppbppppppbbbppb,ppbppppppb,b
10,ppbpppppp,212,28,ppbppppppppbpbpbbpbpppbppbbp,ppbppppppp,p
10,ppbpppppp,523,59,ppbpppppppbppbbbbpbbppppppbpbbbbbppbbbpbbbbppbbbbbbbbppbppb,ppbppppppp,p
10,ppbpppppp,841,52,ppbppppppbpbbbppbpppbbbpbpbbbpbbpppbbpppbppbbbpbbbbp,ppbppppppb,b
10,ppbpppppp,1481,50,ppbppppppbpbppbbpbpbpppbbppbppppbpbpbppbpbppbbpppp,ppbppppppb,b
10,ppbpppppp,2339,55,ppbppppppbbbpbbbpppbppbbbpbbbpbbpppbbbbpbpppbbbpppbbppp,ppbppppppb,b
12,bpbbpbbbbbb,199,20,bpbbpbbbbbbbppbbpppb,bpbbpbbbbbbb,b
12,bpbbpbbbbbb,1809,47,bpbbpbbbbbbbpbpppppbbpbpbbbbbpbbbbppbppbpppbbpp,bpbbpbbbbbbb,b
12,bpbbpbbbbbb,1811,53,bpbbpbbbbbbbppbppbbbbbppbpbbbbpppppbpbpbpbbppbbpbpbbb,bpbbpbbbbbbb,b
12,bpbbpbbbbbb,2253,54,bpbbpbbbbbbbppbbbpbpbbbbbbbpbbpbbbbpbbbbbbbppppppppppb,bpbbpbbbbbbb,b
12,bpbbpbbbbbp,502,37,bpbbpbbbbbppbpppbbbbppppbbbbbbppppppp,bpbbpbbbbbpp,p
12,bpbbpbbbbbp,4808,52,bpbbpbbbbbppppbpbpbbbbbpbpbbbpbppbbbbbpbbbpbpbbbpppp,bpbbpbbbbbpp,p
12,bpbbpbbbbbp,5161,25,bpbbpbbbbbpbpbppbpbpbbbpp,bpbbpbbbbbpb,b
12,bpbbpbbbbpp,1213,44,bpbbpbbbbppbbbppbbppppbpbbppbpbbbpbpppbbbpbp,bpbbpbbbbppb,b
12,bpbbpbbbbpp,1662,39,bpbbpbbbbppbbpbpbpbppppbbpbbbpbpbbpppbb,bpbbpbbbbppb,b
12,bpbbpbbbbpp,2807,51,bpbbpbbbbppbbbbbbppbpbppbbbpbbbbbbpbppbpppbpppbpbpb,bpbbpbbbbppb,b
12,bpbbpbbbbpp,4747,60,bpbbpbbbbppbbbbbpbbbbbbbbbpbpbbbbbbbbpbbbpbbbbpbpbbpbbpbbbbp,bpbbpbbbbppb,b
12,bpbbpbbbpbb,2468,64,bpbbpbbbpbbppppbpbbbbpbbppbpppbpbpbppbpbbbppbbbpbpbbbppppbbbbpbb,bpbbpbbbpbbp,p
12,bpbbpbbbpbb,3111,37,bpbbpbbbpbbbpbbpbbbpbpbpppbbppppbbpbb,bpbbpbbbpbbb,b
12,bpbbpbbbpbb,3901,44,bpbbpbbbpbbbpbpbbbppbbppbpbbppbpbpbpbppbbppb,bpbbpbbbpbbb,b
12,bpbbpbbbpbb,5420,35,bpbbpbbbpbbpbbpbpppbpbbbpbbppbpbbbp,bpbbpbbbpbbp,p
12,bpbbpbbbpbp,4888,38,bpbbpbbbpbpbppbbbpbbbppppppppbbbbpppbb,bpbbpbbbpbpb,b
12,bpbbpbbbpbp,5405,44,bpbbpbbbpbpbpppppbpbppbppbppppbbbpbbbpppbbbb,bpbbpbbbpbpb,b
12,bpbbpbbbppb,1018,60,bpbbpbbbppbpbpppbbbbpbbpbppbppbppbbpbbpbbppppbppppbbbpbbpbpb,bpbbpbbbppbp,p
12,bpbbpbbbppb,2013,53,bpbbpbbbppbbppbpppppppbpbbppbbbbppbbppbppbppbpbpbbpbb,bpbbpbbbppbb,b
12,bpbbpbbbppb,2386,41,bpbbpbbbppbpbpbbpbpppbpbbpbppbbppbppppbbb,bpbbpbbbppbp,p
12,bpbbpbbbppb,2451,64,bpbbpbbbppbbbbppbppppbppbbbbpppbpbbbppbbbbpbppppbpppbbpppppbbpbp,bpbbpbbbppbb,b
12,bpbbpbbbppb,2507,41,bpbbpbbbppbpppbpbpbpppbbbbpbbpbbpbbbppppb,bpbbpbbbppbp,p
12,bpbbpbbbppb,2998,54,bpbbpbbbppbbbbpppbppbpbbppbbpbpbbpppbppbbbpbppbbbpbbpp,bpbbpbbbppbb,b
12,bpbbpbbbppb,3922,56,bpbbpbbbppbpppbpppbbpbpppbpbppbbpppbpbbpbbbpbbpbbppppppp,bpbbpbbbppbp,p
12,bpbbpbbbppb,5090,64,bpbbpbbbppbbbppppbbbbpbbbpbbbbbbbbbpbbppppbbbbbbbpppbpbbppppbbpb,bpbbpbbbppbb,b
12,bpbbpbbbppp,661,39,bpbbpbbbppppbbpbpbbppbpbbbbpbpbbbbpppbp,bpbbpbbbpppp,p
12,bpbbpbbbppp,3409,52,bpbbpbbbpppbpppbbbbpbppppbppppbbpbbppbbbpbppppppbbpb,bpbbpbbbpppb,b
12,bpbbpbbbppp,4816,41,bpbbpbbbpppbppbpbbbpbpppbbbppbpppbbpppbbb,bpbbpbbbpppb,b
12,bpbbpbbbppp,5561,35,bpbbpbbbpppbpbbppbpbpbbbpppbppbpppb,bpbbpbbbpppb,b
12,bpbbpbpbbbb,896,45,bpbbpbpbbbbbbppppbpbppbbpbppbbppppbbbbppbppbb,bpbbpbpbbbbb,b
12,bpbbpbpbbbb,1470,44,bpbbpbpbbbbpbpbpbpbbpbppbbbbppbbpbbpbpppbbbb,bpbbpbpbbbbp,p
12,bpbbpbpbbbb,3756,44,bpbbpbpbbbbpbpbppbbbbbpbbppbpbpbppbpbppbpppp,bpbbpbpbbbbp,p
12,bpbbpbpbbbb,4342,42,bpbbpbpbbbbpbpbbpbbppppbbbbbbpbbbbppppppbp,bpbbpbpbbbbp,p
12,bpbbpbpbbbb,4519,59,bpbbpbpbbbbppbpbbbbbbppppbbppbbbpbbppbbbpbbbbpbbpbbbbbpbbpp,bpbbpbpbbbbp,p
12,bpbbpbpbbbb,5136,60,bpbbpbpbbbbpbbbbppbbpbpbpbpbppbpbpppbppbbbpbppppbpbpbbbbbpbp,bpbbpbpbbbbp,p
12,bpbbpbpbbbp,2497,60,bpbbpbpbbbpbpbpbpppbpppppbbpbpbbppbbpbbpppbbbppbppppbppbpbbb,bpbbpbpbbbpb,b
12,bpbbpbpbbbp,3663,52,bpbbpbpbbbpppbpppbpbpbbbbbbpbpbpbpbbbpbppbbppbbppbbb,bpbbpbpbbbpp,p
12,bpbbpbpbbpp,109,29,bpbbpbpbbppbpbbpbppppbpppbppp,bpbbpbpbbppb,b
12,bpbbpbpbbpp,1541,58,bpbbpbpbbppbppbpbbppbbbppbbbpbbppppppbbppbppbbbbppbbppbpbp,bpbbpbpbbppb,b
12,bpbbpbpbbpp,4546,42,bpbbpbpbbpppppbbpbbpbpbppbbbpppbbpppbpbbpb,bpbbpbpbbppp,p
12,bpbbpbpbbpp,4923,58,bpbbpbpbbppbpbppbppppbbbpbbbpbpppbbbbbppppppbppbpbbbppppbb,bpbbpbpbbppb,b
12,bpbbpbpbpbb,2745,34,bpbbpbpbpbbppbbbpbbbppbpbbbpbpbbpp,bpbbpbpbpbbp,p
12,bpbbpbpbpbp,2360,46,bpbbpbpbpbpbbpbbpppppbbbbpppbbpbppppbbbbbpbpbp,bpbbpbpbpbpb,b
12,bpbbpbpbpbp,2750,68,bpbbpbpbpbpbbpppbbpppbpbbppbpbbbppbpbppppbbppbbpbbpbbppbppbbbbbppbbb,bpbbpbpbpbpb,b
12,bpbbpbpbpbp,3279,64,bpbbpbpbpbppbbbpbbppppbppbbpbbpppppbpppbbpbbbbbbpppbpppbbbpbpbpp,bpbbpbpbpbpp,p
12,bpbbpbpbppb,170,19,bpbbpbpbppbbppbbpbb,bpbbpbpbppbb,b
12,bpbbpbpbppb,786,26,bpbbpbpbppbbbpbpbppppbpbbp,bpbbpbpbppbb,b
12,bpbbpbpbppb,1877,52,bpbbpbpbppbbppppbppbppbbbbppbppbpbpbbbpbppbpbpbbpppb,bpbbpbpbppbb,b
12,bpbbpbpbppb,2702,43,bpbbpbpbppbpbbbpbbppbpbpbbbpppbpbpbppppppbb,bpbbpbpbppbp,p
12,bpbbpbpbppb,3606,44,bpbbpbpbppbbppbpppbbpbbbpbbppppppppppbpbpppp,bpbbpbpbppbb,b
12,bpbbpbpbppb,4371,59,bpbbpbpbppbbppppbbbpbbppbpbbpbbbpppppbpbbbbbbpppbbbbbbpbppb,bpbbpbpbppbb,b
12,bpbbpbpbppb,4915,38,bpbbpbpbppbpbbpbbpbbppbbpbppbbbbpbbpbb,bpbbpbpbppbp,p
12,bpbbpbpbppb,4992,55,bpbbpbpbppbpbbbpbpbpbbppbpbbppppbbbbpbppbbbpppbpppbbpbp,bpbbpbpbppbp,p
12,bpbbpbpbppb,5185,35,bpbbpbpbppbbbpbpbbpppppppbpbbppppbb,bpbbpbpbppbb,b
12,bpbbpbpbppp,1810,60,bpbbpbpbppppppbpppppbbpbbppbbpbbppbpbpppbbpbpbbbbpbbbppbbbpp,bpbbpbpbpppp,p
12,bpbbpbpbppp,2128,56,bpbbpbpbppppbppppbpbpbpbbpbppbppbbpppbbbppppbpbppppbpppb,bpbbpbpbpppp,p
12,bpbbpbppbbb,2374,53,bpbbpbppbbbppppbbpbbpbbbbpbppppppbbpbpbpppbbbbppbbbbb,bpbbpbppbbbp,p
12,bpbbpbppbbb,3086,64,bpbbpbppbbbppbpbbbpbbpppbpbbpbpbbbbbbbppbpppbbbpbpbbpbpbpbbbpbpb,bpbbpbppbbbp,p
12,bpbbpbppbbb,4158,45,bpbbpbppbbbbbpbpbbbpbpbpbppbbbbbbppbbppppbppp,bpbbpbppbbbb,b
12,bpbbpbppbbp,4283,35,bpbbpbppbbppbbppbbpbpbpbpbpbpbpbbpp,bpbbpbppbbpp,p
12,bpbbpbppbpp,3100,46,bpbbpbppbppppppppbbbbbbbbbbbppbbpppbppbbbbbppp,bpbbpbppbppp,p
12,bpbbpbppbpp,3225,45,bpbbpbppbpppbbppbppbppbbpppbbbpppbppbbpbpbbbb,bpbbpbppbppp,p
12,bpbbpbppbpp,3236,63,bpbbpbppbpppbbbppppbbbpbpbpbbpbpbbppbpbbppbpbbpbpbbbppbbppbbbbp,bpbbpbppbppp,p
12,bpbbpbppbpp,4254,60,bpbbpbppbppbbpppppbpbpbbppbbppppbpppbpppbbpbpbpbbpbbbpbbbppp,bpbbpbppbppb,b
12,bpbbpbppppp,2151,60,bpbbpbpppppppppbpbbbbbbbpbbpbbbbbppppppbppbpbbbbbbpbbbbbpbpp,bpbbpbpppppp,p
12,bpbbpbppppp,3025,48,bpbbpbpppppbppbbbpppbpbppbpppbpbbbpbbbbpbbbpbpbp,bpbbpbpppppb,b
12,bpbbpppbbbb,3819,53,bpbbpppbbbbbbpppbbbbpbppbpbppbppbpbpbbpbbbbpbbbbpbpbp,bpbbpppbbbbb,b
12,bpbbpppbbbb,3819,53,bpbbpppbbbbbbpppbbbbpbppbpbppbppbpbpbbpbbbbpbbbbpbpbp,bpbbpppbbbbb,b
12,bpbbpppbbbp,2233,66,bpbbpppbbbpppppbbpbbbpppbbbpbbpppbpbbbppbbbbpbpbpppbbppbbbbbppbbbp,bpbbpppbbbpp,p
12,bpbbpppbbbp,2233,66,bpbbpppbbbpppppbbpbbbpppbbbpbbpppbpbbbppbbbbpbpbpppbbppbbbbbppbbbp,bpbbpppbbbpp,p
12,bpbbpppbbbp,5563,41,bpbbpppbbbpbpbbppbpbppbpbpbpppppbpbpbbbbp,bpbbpppbbbpb,b
12,bpbbpppbbbp,5563,41,bpbbpppbbbpbpbbppbpbppbpbpbpppppbpbpbbbbp,bpbbpppbbbpb,b
12,bpbbpppbbpp,2220,56,bpbbpppbbpppppppppppppppbbbpppbppbbbppppbbpbpbbbbbbpbbbb,bpbbpppbbppp,p
12,bpbbpppbbpp,2220,56,bpbbpppbbpppppppppppppppbbbpppbppbbbppppbbpbpbbbbbbpbbbb,bpbbpppbbppp,p
12,bpbbpppbbpp,5414,50,bpbbpppbbppbbpbpbbbbbbpppbppppbbbpbpppbppppppbpbbp,bpbbpppbbppb,b
12,bpbbpppbbpp,5414,50,bpbbpppbbppbbpbpbbbbbbpppbppppbbbpbpppbppppppbpbbp,bpbbpppbbppb,b
12,bpbbpppbpbb,2782,42,bpbbpppbpbbppbbbbpppbbbbpbppbbbpppbbpppbbp,bpbbpppbpbbp,p
12,bpbbpppbpbb,4959,48,bpbbpppbpbbbbpbppbppbbppppppbppbppbpbppbpbbbbpbp,bpbbpppbpbbb,b
12,bpbbpppbpbp,4945,60,bpbbpppbpbpbbpbpbbpbppbbppppbpbpppbbbpbppbppppppppbbbbpppppp,bpbbpppbpbpb,b
12,bpbbpppbppb,42,23,bpbbpppbppbpbpppbbppbbb,bpbbpppbppbp,p
12,bpbbpppbppb,42,23,bpbbpppbppbpbpppbbppbbb,bpbbpppbppbp,p
12,bpbbpppbppb,5047,39,bpbbpppbppbbbppppbbbpbpbppbpppbbpppppbp,bpbbpppbppbb,b
12,bpbbpppbppb,5047,39,bpbbpppbppbbbppppbbbpbpbppbpppbbpppppbp,bpbbpppbppbb,b
12,bpbbpppbppb,5413,68,bpbbpppbppbpbbpbpppbppbpbbpbbpbppppbpbbbpbpppbpbpbbbbbbppbpppbbbbbpp,bpbbpppbppbp,p
12,bpbbpppbppb,5413,68,bpbbpppbppbpbbpbpppbppbpbbpbbpbppppbpbbbpbpppbpbpbbbbbbppbpppbbbbbpp,bpbbpppbppbp,p
12,bpbbpppbppb,5485,50,bpbbpppbppbppbpbppppbpbbpbbbpbpppbbbbbbbbpbbpbpbbb,bpbbpppbppbp,p
12,bpbbpppbppb,5485,50,bpbbpppbppbppbpbppppbpbbpbbbpbpppbbbbbbbbpbbpbpbbb,bpbbpppbppbp,p
12,bpbbpppbppp,3613,71,bpbbpppbpppppbbbpbpbpbbpppbbpbpbbpbppppbbbpppbpppppbbbbbbbbpbbbbpbpbpbp,bpbbpppbpppp,p
12,bpbbpppbppp,3613,71,bpbbpppbpppppbbbpbpbpbbpppbbpbpbbpbppppbbbpppbpppppbbbbbbbbpbbbbpbpbpbp,bpbbpppbpppp,p
12,bpbbpppbppp,4140,45,bpbbpppbpppbpppbbbpbbbbbbbbbpbppbpbbpbbpppbpp,bpbbpppbpppb,b
12,bpbbpppbppp,4140,45,bpbbpppbpppbpppbbbpbbbbbbbbbpbppbpbbpbbpppbpp,bpbbpppbpppb,b
12,bpbbpppbppp,5122,63,bpbbpppbpppbbppppppbpbbbbpppbpbpbbpbbbpbpppbbpppbbbppbpbpppbppb,bpbbpppbpppb,b
12,bpbbpppbppp,5122,63,bpbbpppbpppbbppppppbpbbbbpppbpbpbbpbbbpbpppbbpppbbbppbpbpppbppb,bpbbpppbpppb,b
12,bpbbppppbbb,1431,52,bpbbppppbbbbbbbbbppbbbpppppbbbpbpbbpbbppbbbbbbpppbpb,bpbbppppbbbb,b
12,bpbbppppbbb,1431,52,bpbbppppbbbbbbbbbppbbbpppppbbbpbpbbpbbppbbbbbbpppbpb,bpbbppppbbbb,b
12,bpbbppppbbb,2318,65,bpbbppppbbbbppbbpppbpppppbbpbpbpbbbpbpppbppppppbpbbbbpppbppbpbpbp,bpbbppppbbbb,b
12,bpbbppppbbb,2318,65,bpbbppppbbbbppbbpppbpppppbbpbpbpbbbpbpppbppppppbpbbbbpppbppbpbpbp,bpbbppppbbbb,b
12,bpbbppppbbb,4480,47,bpbbppppbbbppbbppppbbppbbbbpbppbpbpbbpbpbbbpbbp,bpbbppppbbbp,p
12,bpbbppppbbb,4480,47,bpbbppppbbbppbbppppbbppbbbbpbppbpbpbbpbpbbbpbbp,bpbbppppbbbp,p
12,bpbbppppbbp,3212,61,bpbbppppbbpbbbbpbpbpbpppppbpbbbbpbpppbbbbpppbpbppbpbpbbpbbppb,bpbbppppbbpb,b
12,bpbbppppbbp,3212,61,bpbbppppbbpbbbbpbpbpbpppppbpbbbbpbpppbbbbpppbpbppbpbpbbpbbppb,bpbbppppbbpb,b
12,bpbbppppbbp,5186,67,bpbbppppbbpbbbppbbppbpbbbpbpbbbpbbbbpbppbbpbpbppbpbppppppbpbpbpbbbp,bpbbppppbbpb,b
12,bpbbppppbbp,5186,67,bpbbppppbbpbbbppbbppbpbbbpbpbbbpbbbbpbppbbpbpbppbpbppppppbpbpbpbbbp,bpbbppppbbpb,b
12,bpbbppppbpb,1928,66,bpbbppppbpbbbpppbppbpbbpbpbppbppbbpbbbbbpppppbbbpppppbbbppppppbbpp,bpbbppppbpbb,b
12,bpbbpppppbb,2227,45,bpbbpppppbbbbbbppppbbbbpbbpbbbbppbppbpbbpbpbp,bpbbpppppbbb,b
12,bpbbpppppbb,3567,57,bpbbpppppbbbbbpppbbbbbbbppppbppbpbppbbppbbpbpbppbbbpbpbbb,bpbbpppppbbb,b
12,bpbbpppppbb,4801,54,bpbbpppppbbpbbpppbppbbbppbpbbppbbppbbppppppbbbbbbpppbp,bpbbpppppbbp,p
12,bpbbpppppbb,4895,63,bpbbpppppbbbppbppbppbbbbbbpbbbpbbbbppbbpbppbbpbbbbbbppbpbpbbppp,bpbbpppppbbb,b
12,bpbbppppppb,5031,47,bpbbppppppbbbppbbbbbpppbbpbbbbpbppbbbpppppbbbbp,bpbbppppppbb,b
12,bpbbppppppb,5031,47,bpbbppppppbbbppbbbbbpppbbpbbbbpbppbbbpppppbbbbp,bpbbppppppbb,b
12,bpbbppppppb,5031,47,bpbbppppppbbbppbbbbbpppbbpbbbbpbppbbbpppppbbbbp,bpbbppppppbb,b
12,bpbbppppppp,487,48,bpbbpppppppbbbppbbbbppbbbppbpbbpbbbbpbpbbbbbbppb,bpbbpppppppb,b
12,bpbbppppppp,487,48,bpbbpppppppbbbppbbbbppbbbppbpbbpbbbbpbpbbbbbbppb,bpbbpppppppb,b
12,bpbbppppppp,487,48,bpbbpppppppbbbppbbbbppbbbppbpbbpbbbbpbpbbbbbbppb,bpbbpppppppb,b
12,bpbbppppppp,487,48,bpbbpppppppbbbppbbbbppbbbppbpbbpbbbbpbpbbbbbbppb,bpbbpppppppb,b
12,bpbbppppppp,487,48,bpbbpppppppbbbppbbbbppbbbppbpbbpbbbbpbpbbbbbbppb,bpbbpppppppb,b
12,pbppbbbbbbb,1355,62,pbppbbbbbbbbppbbpppbbppbppbppbbbbpbppppbbbpbbbbppbpbpbbpbbpppp,pbppbbbbbbbb,b
12,pbppbbbbbbb,1355,62,pbppbbbbbbbbppbbpppbbppbppbppbbbbpbppppbbbpbbbbppbpbpbbpbbpppp,pbppbbbbbbbb,b
12,pbppbbbbbbb,1355,62,pbppbbbbbbbbppbbpppbbppbppbppbbbbpbppppbbbpbbbbppbpbpbbpbbpppp,pbppbbbbbbbb,b
12,pbppbbbbbbb,1355,62,pbppbbbbbbbbppbbpppbbppbppbppbbbbpbppppbbbpbbbbppbpbpbbpbbpppp,pbppbbbbbbbb,b
12,pbppbbbbbbb,2599,48,pbppbbbbbbbppppbbbbbpbbpbbbppbbbpppbbbbbbpbbbbbb,pbppbbbbbbbp,p
12,pbppbbbbbbb,2599,48,pbppbbbbbbbppppbbbbbpbbpbbbppbbbpppbbbbbbpbbbbbb,pbppbbbbbbbp,p
12,pbppbbbbbbb,2599,48,pbppbbbbbbbppppbbbbbpbbpbbbppbbbpppbbbbbbpbbbbbb,pbppbbbbbbbp,p
12,pbppbbbbbbb,2599,48,pbppbbbbbbbppppbbbbbpbbpbbbppbbbpppbbbbbbpbbbbbb,pbppbbbbbbbp,p
12,pbppbbbbbbb,4101,65,pbppbbbbbbbppppbbpbbpbbbppppbbbbppbbppbpppbbpbpppbpbbbppbppppbbpb,pbppbbbbbbbp,p
12,pbppbbbbbbb,4101,65,pbppbbbbbbbppppbbpbbpbbbppppbbbbppbbppbpppbbpbpppbpbbbppbppppbbpb,pbppbbbbbbbp,p
12,pbppbbbbbbb,4101,65,pbppbbbbbbbppppbbpbbpbbbppppbbbbppbbppbpppbbpbpppbpbbbppbppppbbpb,pbppbbbbbbbp,p
12,pbppbbbbbbb,4101,65,pbppbbbbbbbppppbbpbbpbbbppppbbbbppbbppbpppbbpbpppbpbbbppbppppbbpb,pbppbbbbbbbp,p
12,pbppbbbbbbp,1092,36,pbppbbbbbbpbbpbpbbbpppbppbppbbppbppb,pbppbbbbbbpb,b
12,pbppbbbbbbp,1092,36,pbppbbbbbbpbbpbpbbbpppbppbppbbppbppb,pbppbbbbbbpb,b
12,pbppbbbbbbp,1116,42,pbppbbbbbbppbppbpbppbppbpbbppppbppbbppbbpb,pbppbbbbbbpp,p
12,pbppbbbbbbp,1116,42,pbppbbbbbbppbppbpbppbppbpbbppppbppbbppbbpb,pbppbbbbbbpp,p
12,pbppbbbbbbp,2563,64,pbppbbbbbbpbbbppbbpbbbbbppppbpbppbbppbpppbbppbbpppbbbbppppbpbbbb,pbppbbbbbbpb,b
12,pbppbbbbbbp,2563,64,pbppbbbbbbpbbbppbbpbbbbbppppbpbppbbppbpppbbppbbpppbbbbppppbpbbbb,pbppbbbbbbpb,b
12,pbppbbbbbbp,2871,44,pbppbbbbbbppbpbbbbppbpbppbppbppppbpppppppppp,pbppbbbbbbpp,p
12,pbppbbbbbbp,2871,44,pbppbbbbbbppbpbbbbppbpbppbppbppppbpppppppppp,pbppbbbbbbpp,p
12,pbppbbbbbbp,5337,48,pbppbbbbbbppbbpbbbbbbbpbbpbbpbbpbbpppbbbbpbpbpbb,pbppbbbbbbpp,p
12,pbppbbbbbbp,5337,48,pbppbbbbbbppbbpbbbbbbbpbbpbbpbbpbbpppbbbbpbpbpbb,pbppbbbbbbpp,p
12,pbppbbbbbpp,768,28,pbppbbbbbppbpbbppppbbpbpbppp,pbppbbbbbppb,b
12,pbppbbbbbpp,768,28,pbppbbbbbppbpbbppppbbpbpbppp,pbppbbbbbppb,b
12,pbppbbbbbpp,2526,62,pbppbbbbbpppppbbbpppbbbpbbpppbppbpbppbpbbpppbpppppbbbbppbbbpbb,pbppbbbbbppp,p
12,pbppbbbbbpp,2526,62,pbppbbbbbpppppbbbpppbbbpbbpppbppbpbppbpbbpppbpppppbbbbppbbbpbb,pbppbbbbbppp,p
12,pbppbbbbpbb,2520,36,pbppbbbbpbbpbpbpbppppbpbpbbbbbbppbbp,pbppbbbbpbbp,p
12,pbppbbbbpbb,2520,36,pbppbbbbpbbpbpbpbppppbpbpbbbbbbppbbp,pbppbbbbpbbp,p
12,pbppbbbbpbb,4728,49,pbppbbbbpbbbpbppppbbpbppbpppppbpbbpbbpbbppbppppbp,pbppbbbbpbbb,b
12,pbppbbbbpbb,4728,49,pbppbbbbpbbbpbppppbbpbppbpppppbpbbpbbpbbppbppppbp,pbppbbbbpbbb,b
12,pbppbbbbpbb,5043,35,pbppbbbbpbbppbbpbbbpbpbpbbpbpppbbbp,pbppbbbbpbbp,p
12,pbppbbbbpbb,5043,35,pbppbbbbpbbppbbpbbbpbpbpbbpbpppbbbp,pbppbbbbpbbp,p
12,pbppbbbbpbb,5264,56,pbppbbbbpbbpppbppbpbpbbpbpbbbbbbbpppppbpbbbppbbpbbpbpbpp,pbppbbbbpbbp,p
12,pbppbbbbpbb,5264,56,pbppbbbbpbbpppbppbpbpbbpbpbbbbbbbpppppbpbbbppbbpbbpbpbpp,pbppbbbbpbbp,p
12,pbppbbbbpbp,1009,60,pbppbbbbpbpbpbpppppbppbbbbbpbpppbpbbpbpppbpbbbbbpbpbppbpbppb,pbppbbbbpbpb,b
12,pbppbbbbpbp,1009,60,pbppbbbbpbpbpbpppppbppbbbbbpbpppbpbbpbpppbpbbbbbpbpbppbpbppb,pbppbbbbpbpb,b
12,pbppbbbbppb,1139,47,pbppbbbbppbbbbbbbpppbpbbbppbpbbbppppbbppbbpbbbp,pbppbbbbppbb,b
12,pbppbbbbppb,2632,40,pbppbbbbppbbpbbbpppbbpbpbbpbppppbpbpbppp,pbppbbbbppbb,b
12,pbppbbbbppb,2786,45,pbppbbbbppbbpbpbpbppbppbppbbpbbpbbpbpbbpbpbbb,pbppbbbbppbb,b
12,pbppbbbbppb,2898,43,pbppbbbbppbbpbpppppppppbbpbpbppbbbppbpbpbpb,pbppbbbbppbb,b
12,pbppbbbbppb,2902,46,pbppbbbbppbpbbppppbppbbpbbbbpbbpbbbbpppbpppbbb,pbppbbbbppbp,p
12,pbppbbbbppp,2618,54,pbppbbbbpppbpbbppppppbbbbbbppppbpbppbbpbpbppbbpbpbbpbp,pbppbbbbpppb,b
12,pbppbbbbppp,2618,54,pbppbbbbpppbpbbppppppbbbbbbppppbpbppbbpbpbppbbpbpbbpbp,pbppbbbbpppb,b
12,pbppbbbbppp,2618,54,pbppbbbbpppbpbbppppppbbbbbbppppbpbppbbpbpbppbbpbpbbpbp,pbppbbbbpppb,b
12,pbppbbbbppp,4857,52,pbppbbbbppppbppbpbbppbbpbpppppppbbbpbpbbbpbbbbbppbpb,pbppbbbbpppp,p
12,pbppbbbbppp,4857,52,pbppbbbbppppbppbpbbppbbpbpppppppbbbpbpbbbpbbbbbppbpb,pbppbbbbpppp,p
12,pbppbbbbppp,4857,52,pbppbbbbppppbppbpbbppbbpbpppppppbbbpbpbbbpbbbbbppbpb,pbppbbbbpppp,p
12,pbppbbbppbb,2839,57,pbppbbbppbbbbpbbbbppbpbbbppbbpppbpppbppbbppbbpppbppbbppbp,pbppbbbppbbb,b
12,pbppbbbppbb,3099,52,pbppbbbppbbbbbbpbbbbppbpppppbbppbbppbbbpbpbpbbbppppp,pbppbbbppbbb,b
12,pbppbbbpppp,2488,64,pbppbbbppppbbbpppppbpbbbbbppbbpbpbbbpbbbpppbbpbppbbpppppppbpppbp,pbppbbbppppb,b
12,pbppbbbpppp,3425,60,pbppbbbpppppbbpbbbppppbbbbbbbbbbpppbpbbbbpbpbbpbbbppbbpbbbpb,pbppbbbppppp,p
12,pbppbbpbbbb,1608,58,pbppbbpbbbbbbbbbbpbbbbbbpppbbbbppbbbpppbbpbppbppppbbpppppb,pbppbbpbbbbb,b
12,pbppbbpbbbp,564,44,pbppbbpbbbpbbppbbbpppppppbppbpppbbbbbbbpbbpb,pbppbbpbbbpb,b
12,pbppbbpbbbp,645,38,pbppbbpbbbpbbppppppbppbpbpbbpppppppppp,pbppbbpbbbpb,b
12,pbppbbpbbbp,1088,54,pbppbbpbbbpbbpbppbbpbbbppbpbbbbpbpbbbpbbbpppbbpppbbpbb,pbppbbpbbbpb,b
12,pbppbbpbbbp,1523,43,pbppbbpbbbpbbppbbppbbpbppppppbbppbppbpbpbpp,pbppbbpbbbpb,b
12,pbppbbpbbbp,3824,52,pbppbbpbbbpbppppbpbppbbppbpbbpbppbbbppbbpbpbbppppbbb,pbppbbpbbbpb,b
12,pbppbbpbbpp,230,61,pbppbbpbbppbpbbpppbbpbbpbbpppppbpbpbbbbbpbppppbbppppppbpbbbpp,pbppbbpbbppb,b
12,pbppbbpbbpp,3986,61,pbppbbpbbppbpppbbppbppbbpbbpbppbpbbbbpbpppbbpbbbpbpbppbbbbbbb,pbppbbpbbppb,b
12,pbppbbpbbpp,4182,45,pbppbbpbbppbppbbppbpbpbbpbppbbbpbpbpbbpbpbbbb,pbppbbpbbppb,b
12,pbppbbpbpbb,232,61,pbppbbpbpbbbpppbbpbbppbppbbpbbbbpbpbbbppppbpbbbpbbpbbbbpppbpb,pbppbbpbpbbb,b
12,pbppbbpbpbb,678,32,pbppbbpbpbbbbpbppbppppbpbpbpbbpp,pbppbbpbpbbb,b
12,pbppbbpbpbb,2338,64,pbppbbpbpbbppppbpbpbppbpbpbbpbppbbbpbpbbbpbbppbbppbpbbbppppbppbb,pbppbbpbpbbp,p
12,pbppbbpbpbb,2368,51,pbppbbpbpbbbbpbpbpbppbbbbppbpbpbppbbbbbpbbbppppbppb,pbppbbpbpbbb,b
12,pbppbbpbpbb,5016,48,pbppbbpbpbbpbbbpbbbbbbbbbppbbpbbpbbbbpbpppbpppbp,pbppbbpbpbbp,p
12,pbppbbpbpbp,1700,59,pbppbbpbpbpppppbpppbbbbpbbbppbpbbbpbbbbbbbpbbppbbbbbpbppppb,pbppbbpbpbpp,p
12,pbppbbpbpbp,1741,39,pbppbbpbpbpbbbppbpbbbbbpbbbbpbbpppbbppb,pbppbbpbpbpb,b
12,pbppbbpbpbp,3696,46,pbppbbpbpbpbpbbbppbbppbbbpbbppbpppbbpbbpbbbpbp,pbppbbpbpbpb,b
12,pbppbbpbpbp,5177,49,pbppbbpbpbpbbpbppbppppppbpppbpbpppbbbpbbbpbpbbbpp,pbppbbpbpbpb,b
12,pbppbbpbppb,1230,58,pbppbbpbppbbpbbbbpbppbbpbbbppbbpbbbppbppbbbbbpbbbbbbpppppp,pbppbbpbppbb,b
12,pbppbbpbppb,2329,48,pbppbbpbppbbpbppbpbbbpppbbbppbbpppbbbbbbpbbpbbpb,pbppbbpbppbb,b
12,pbppbbpbppb,3595,54,pbppbbpbppbppbpppbpbppppppbbppbbbpppppbpbpbbpbbbbpbbpb,pbppbbpbppbp,p
12,pbppbbpbppb,4824,49,pbppbbpbppbbpbpbppbbbbpppbppbbpbbbppbppppbpbbbbbp,pbppbbpbppbb,b
12,pbppbbpbppp,1428,43,pbppbbpbpppbppbbbbpbbpppbpbpbpppbbpbpbpbbbp,pbppbbpbpppb,b
12,pbppbbpbppp,2209,52,pbppbbpbpppbpbbppbpppbpbppbppppbbpbbbbbppppbpbpbbbpb,pbppbbpbpppb,b
12,pbppbpbbbbb,1679,37,pbppbpbbbbbpbbpbbpppbbpbbpppppppbpbpb,pbppbpbbbbbp,p
12,pbppbpbbbbb,3063,57,pbppbpbbbbbpbbbpbpbpbbpbpbpbbppbppbpppbbpppbbpbpbpppbpppb,pbppbpbbbbbp,p
12,pbppbpbbbbb,4205,56,pbppbpbbbbbbbbpbppbppbpppbbpbbbbppbpbbpbpbpbppppppbpbpbb,pbppbpbbbbbb,b
12,pbppbpbbpbb,4096,62,pbppbpbbpbbbppbppbbbbbpppbpbpbppppbbbbbbpbbbbppbpbbbpbbbbbpbpp,pbppbpbbpbbb,b
12,pbppbpbbppb,2921,43,pbppbpbbppbbpbbpbbpppppbbppppbbppbbbpbpbppb,pbppbpbbppbb,b
12,pbppbpbbppb,4497,62,pbppbpbbppbpbbbbpbpbbbpbpbppppbpbbbbpppppbbbppppbbbpbbpbpppppb,pbppbpbbppbp,p
12,pbppbpbbppp,444,61,pbppbpbbpppppbppbpbpbbbbbpppbbbbppbbbbpppbbbbbpbbbbbbpbbbbbpb,pbppbpbbpppp,p
12,pbppbpbbppp,1288,44,pbppbpbbppppppppppbbbppppbpbpbpbbpppppbbbppp,pbppbpbbpppp,p
12,pbppbpbbppp,2344,57,pbppbpbbpppppbbbpppppbbbbbpppbpbpbbbbppppbppbppbbpppbbpbb,pbppbpbbpppp,p
12,pbppbpbbppp,2700,43,pbppbpbbppppppbpbbbppbpbbbpbbppbbpbppppbpbp,pbppbpbbpppp,p
12,pbppbpbbppp,3702,64,pbppbpbbpppppbbppbbbpbbpppbbbpbbbbppbpbbppbbbbbpbpbbbpppbpppbppb,pbppbpbbpppp,p
12,pbppbpbbppp,4428,38,pbppbpbbpppbbpppbbppbbpbbpbpbbbbppppbb,pbppbpbbpppb,b
12,pbppbpbpbpb,178,18,pbppbpbpbpbbppbbpp,pbppbpbpbpbb,b
12,pbppbpbpbpb,846,36,pbppbpbpbpbppbpppbbbbppppbbppbpbbbpp,pbppbpbpbpbp,p
12,pbppbpbpbpb,4377,62,pbppbpbpbpbbbbpbbpbpbbbbpppbppbbbpbbpbppbppbppppbbpbbpbbbbbpbp,pbppbpbpbpbb,b
12,pbppbpbpbpb,4738,38,pbppbpbpbpbpbbbppbbbpppbbbbbpbppbpbbpb,pbppbpbpbpbp,p
12,pbppbpbpbpp,1228,55,pbppbpbpbppbbbbpbbpppbbpbbpppbbppppbpbbpppbpbbbpbbpbppp,pbppbpbpbppb,b
12,pbppbpbppbb,863,47,pbppbpbppbbbbppbppppbbppppbbppbbbbbpbbbbpbbpppp,pbppbpbppbbb,b
12,pbppbpbppbb,3073,38,pbppbpbppbbpbpppppppppbbbbpbpppbbpbppb,pbppbpbppbbp,p
12,pbppbpbppbb,5332,53,pbppbpbppbbbpppbbppbbbbpbpbpbpbpppbpppbpbpppppbpbbppb,pbppbpbppbbb,b
12,pbppbpbpppp,1202,54,pbppbpbppppbpppppbbbpbpbbbbbbbpbbbpbpbpbppbbbpbbbbbbpp,pbppbpbppppb,b
12,pbppbpbpppp,2970,38,pbppbpbppppbpbpbppbbppppbpppbbbbpppbbp,pbppbpbppppb,b
12,pbppbppbbbb,1676,46,pbppbppbbbbbbbbbpppppbbpbppbpppbbbbppppbpppbpp,pbppbppbbbbb,b
12,pbppbppbbbb,2282,54,pbppbppbbbbpbbbpbpbpbppbpbpppbbbpbbbbbpbpbbpbpbpbpbbbb,pbppbppbbbbp,p
12,pbppbppbbbb,2873,55,pbppbppbbbbpbpbpppbbbppppbppbbppbbppbbbpppbbbpbppbpbppb,pbppbppbbbbp,p
12,pbppbppbbbp,60,20,pbppbppbbbppbpppbppb,pbppbppbbbpp,p
12,pbppbppbbbp,3570,54,pbppbppbbbpppbpbbpbbpbpbpbbbbpppbbbpbpbpbppbpbpppbbbbb,pbppbppbbbpp,p
12,pbppbppbbpb,4574,50,pbppbppbbpbpbbpbbbpbpbpbbbpppbbbbpbpbpbbbpbpbppbbb,pbppbppbbpbp,p
12,pbppbppbbpb,5197,62,pbppbppbbpbbbpbppbpppbbbpppbpbbpbbpbpppbpppbppbpbppbpppbppbppp,pbppbppbbpbb,b
12,pbppbppbbpp,224,58,pbppbppbbppppppppbpbbbpbppppbpbpppbbpbbbbbppbpbbppbppbppbp,pbppbppbbppp,p
12,pbppbppbbpp,1413,40,pbppbppbbpppbbbbppbbpppbpbbpppbppbbbbppb,pbppbppbbppp,p
12,pbppbppbbpp,3681,53,pbppbppbbppbbpppbbpbpbpbpbbpbpppbbbpbpbppppbpbbbbpbbb,pbppbppbbppb,b
12,pbppbppbbpp,5195,66,pbppbppbbppppbbpppppbpbbppbpbbppbbbpbbbpbbppbbbbbbbbpbppppbbpbpppp,pbppbppbbppp,p
12,pbppbppbpbb,413,34,pbppbppbpbbbbppppbppbpbbbpbbbbbpbp,pbppbppbpbbb,b
12,pbppbppbpbb,1775,43,pbppbppbpbbppbppbbpbbbbbbppbbbpbpbpbppbppbb,pbppbppbpbbp,p
12,pbppbppbpbp,528,36,pbppbppbpbpbbbpbppppbbpbbbbbppbbbpbp,pbppbppbpbpb,b
12,pbppbppbpbp,791,46,pbppbppbpbppbbpbbpbbbpbbbppbppppbpbppbppppbpbb,pbppbppbpbpp,p
12,pbppbppbpbp,1193,66,pbppbppbpbpbbpbppbbbbbbbpbbppbppppbbbppbppbbpbppbppbppbpbbpbpbppbp,pbppbppbpbpb,b
12,pbppbppbpbp,1307,53,pbppbppbpbppbbpbbpbbbppbppbbpbppbpppppbbbbbbpbbpppbbp,pbppbppbpbpp,p
12,pbppbppbpbp,2199,62,pbppbppbpbpbbppbbbppbpbbbpbppbpppbbbbbbbbbbpppbbppbppbppbppppp,pbppbppbpbpb,b
12,pbppbppbppp,2517,45,pbppbppbppppbbbbpbpbbbppbppbpbbppppppbbppppbp,pbppbppbpppp,p
12,pbppbpppbbb,5190,56,pbppbpppbbbpppppppppbbpbpbbpppbppppbbppbbpbpbbbpbbppbbpb,pbppbpppbbbp,p
12,pbppbpppbbp,3157,50,pbppbpppbbpbpbbbpbppbbpbbbbbbpbpppbbppbbbbppppbbbp,pbppbpppbbpb,b
12,pbppbpppbbp,3919,50,pbppbpppbbppbpbbbpppbpbpbpbbbppppbpbpbbpbppppbbppb,pbppbpppbbpp,p
12,pbppbpppbbp,4209,46,pbppbpppbbpbpbpbbbbppbbbpbbpbbpppbbpbbbbpppbbp,pbppbpppbbpb,b
12,pbppbpppppb,802,63,pbppbpppppbbbpbbpppppbppbbbbbpbpbbbpbbppbbpppppbbbbpbbppppppbbb,pbppbpppppbb,b
12,pbppbpppppb,802,63,pbppbpppppbbbpbbpppppbppbbbbbpbpbbbpbbppbbpppppbbbbpbbppppppbbb,pbppbpppppbb,b
12,pbppbpppppb,802,63,pbppbpppppbbbpbbpppppbppbbbbbpbpbbbpbbppbbpppppbbbbpbbppppppbbb,pbppbpppppbb,b
12,pbppbpppppb,4278,34,pbppbpppppbbpbpbppbpppbbppbbpbppbb,pbppbpppppbb,b
12,pbppbpppppb,4278,34,pbppbpppppbbpbpbppbpppbbppbbpbppbb,pbppbpppppbb,b
12,pbppbpppppb,4278,34,pbppbpppppbbpbpbppbpppbbppbbpbppbb,pbppbpppppbb,b
12,pbppbpppppp,150,32,pbppbpppppppppbpbbbbpbbpbbppbbpb,pbppbppppppp,p
12,pbppbpppppp,891,51,pbppbppppppppppbbpppbbppbpppbpbbppbbpbpbbppbbpbpppp,pbppbppppppp,p
