ngram_id,grid_string_id,window_size,chunk_index,prefix,suffix,full_chunk,created_at,grid_string,string_length
187249,89,12,5,bpbbpbbbbbb,b,bpbbpbbbbbbb,2026-01-26 10:57:31,bbbbbbpbbpbbbbbbbpppbp,22
187755,116,12,9,bpbbpbbbbbb,p,bpbbpbbbbbbp,2026-01-26 10:57:31,bpbppppbpbpbbpbbbbbbpbp,23
189673,199,12,0,bpbbpbbbbbb,b,bpbbpbbbbbbb,2026-01-26 10:57:31,bpbbpbbbbbbbppbbpppb,20
193673,279,12,16,bpbbpbbbbbb,b,bpbbpbbbbbbb,2026-01-26 10:57:31,pppbpbppppbpbpbpbpbbpbbbbbbbbbpbpbbpppbbp,41
194248,291,12,18,bpbbpbbbbbb,p,bpbbpbbbbbbp,2026-01-26 10:57:31,bpbbpbbppbbbppbbpbbpbbpbbbbbbppbbbbbbpbbbpbpbpbpppbppp,54
196748,338,12,15,bpbbpbbbbbb,b,bpbbpbbbbbbb,2026-01-26 10:57:31,pbpppbbpbbbpppbbpbbpbbbbbbbpbbpppbbppbppbpbpppbbb,49
201469,422,12,25,bpbbpbbbbbb,p,bpbbpbbbbbbp,2026-01-26 10:57:31,pbbbbbpppbbbpbpbpppbppppbbpbbpbbbbbbppppbpppbbbpbp,50
202440,438,12,2,bpbbpbbbbbb,p,bpbbpbbbbbbp,2026-01-26 10:57:31,bbbpbbpbbbbbbppbpppbbbbpbppbpbbpbppbppp,39
203864,464,12,37,bpbbpbbbbbb,p,bpbbpbbbbbbp,2026-01-26 10:57:31,pbbppppbpppbbpbpbbbbppppppbpbbppbpppbbpbbpbbbbbbppbpppbbbpbbb,61
204246,471,12,2,bpbbpbbbbbb,p,bpbbpbbbbbbp,2026-01-26 10:57:32,bbbpbbpbbbbbbppppppbbbbbbbbpbpbpp,33
206973,522,12,23,bpbbpbbbbbb,p,bpbbpbbbbbbp,2026-01-26 10:57:32,bbbpbpbpbbpppbpbppppbppbpbbpbbbbbbpbbbbbbbpppbp,47
208335,550,12,35,bpbbpbbbbbb,p,bpbbpbbbbbbp,2026-01-26 10:57:32,bbpbbbpbbbbbbbppbppbbppppbpppbppbbbbpbbpbbbbbbpppppppbbb,56
209304,567,12,38,bpbbpbbbbbb,b,bpbbpbbbbbbb,2026-01-26 10:57:32,pppbpbpppbbppbbppbpppbbpppbbpbpppppbpbbpbbpbbbbbbbppbbb,55
209364,568,12,8,bpbbpbbbbbb,p,bpbbpbbbbbbp,2026-01-26 10:57:32,bpppbbpbbpbbpbbbbbbpppbbbpbbpppbppbpbppppbbppbbbppbpbbbppppbppp,63
217439,717,12,40,bpbbpbbbbbb,b,bpbbpbbbbbbb,2026-01-26 10:57:32,pppbbbbpppbpbbbbbbbbbbbpbbbbbpppbbbpbbbpbpbbpbbbbbbbbpb,55
248191,1261,12,3,bpbbpbbbbbb,p,bpbbpbbbbbbp,2026-01-26 10:57:33,bbbbpbbpbbbbbbpbpbpbbppbbpbpbpbbppbbppbpppbpbbpbbbbbbpbpppppppbpppb,67
248215,1261,12,42,bpbbpbbbbbb,p,bpbbpbbbbbbp,2026-01-26 10:57:33,bbbbpbbpbbbbbbpbpbpbbppbbpbpbpbbppbbppbpppbpbbpbbbbbbpbpppppppbpppb,67
256569,1405,12,30,bpbbpbbbbbb,p,bpbbpbbbbbbp,2026-01-26 10:57:33,ppbpppbpbppbpbppbpbbbbpbbpppppbpbbpbbbbbbpbpbbpppbppppbbppppbpppbbp,67
260252,1466,12,1,bpbbpbbbbbb,p,bpbbpbbbbbbp,2026-01-26 10:57:33,bbpbbpbbbbbbpppppbbpbpbbbpbbppbbbpbpbbbpbppppb,46
263419,1520,12,8,bpbbpbbbbbb,p,bpbbpbbbbbbp,2026-01-26 10:57:33,pbbbbpppbpbbpbbbbbbpbpbpbpppbbppbpbpppbbbbpppbppbpbppbbpbpppbp,62
263557,1522,12,8,bpbbpbbbbbb,p,bpbbpbbbbbbp,2026-01-26 10:57:33,pbbbbpppbpbbpbbbbbbpbpbpbpppbbppbpbpppbbbbpppbppbpbppbbpbpppbpbb,64
263882,1527,12,39,bpbbpbbbbbb,b,bpbbpbbbbbbb,2026-01-26 10:57:33,ppbppbpbppbpbbbbpbpppbbbppbpppbpbbpbpbpbpbbpbbbbbbbbbbbbbbpbpbpbp,65
264446,1536,12,37,bpbbpbbbbbb,p,bpbbpbbbbbbp,2026-01-26 10:57:33,bpbbbbbbppppbbbbpbbbppppbbbbpbbbbppbbbpbbpbbbbbbppbbbppppbbbbbb,63
266877,1572,12,8,bpbbpbbbbbb,p,bpbbpbbbbbbp,2026-01-26 10:57:33,bbpbbpbpbpbbpbbbbbbpbppppppbppbbbpbpbppppbbbppbbpppp,52
269241,1607,12,3,bpbbpbbbbbb,p,bpbbpbbbbbbp,2026-01-26 10:57:33,bpbbpbbpbbbbbbpbpbbbpbbbbpppbppppbppppbpbbbppbpppbbpppppppbbbbb,63
274965,1706,12,2,bpbbpbbbbbb,b,bpbbpbbbbbbb,2026-01-26 10:57:33,bbbpbbpbbbbbbbbbbbbbpppbpbbpbpbbbbbpbpbbbpbbpbpbb,49
277409,1749,12,1,bpbbpbbbbbb,b,bpbbpbbbbbbb,2026-01-26 10:57:33,pbpbbpbbbbbbbpbbpbbppbbbbbbbppppbppbppbb,40
278830,1769,12,33,bpbbpbbbbbb,b,bpbbpbbbbbbb,2026-01-26 10:57:33,pbpbbppbppbbpppbpbpbpbppbpbpbbbppbpbbpbbbbbbbpbp,48
279352,1777,12,50,bpbbpbbbbbb,b,bpbbpbbbbbbb,2026-01-26 10:57:33,pbbpbpbbpppbpbbpbpppbpbbpppbbbpbppppppbpppppbpbpbpbpbbpbbbbbbbpb,64
281296,1809,12,0,bpbbpbbbbbb,b,bpbbpbbbbbbb,2026-01-26 10:57:33,bpbbpbbbbbbbpbpppppbbpbpbbbbbpbbbbppbppbpppbbpp,47
281437,1811,12,0,bpbbpbbbbbb,b,bpbbpbbbbbbb,2026-01-26 10:57:33,bpbbpbbbbbbbppbppbbbbbppbpbbbbpppppbpbpbpbbppbbpbpbbb,53
366605,1973,12,33,bpbbpbbbbbb,b,bpbbpbbbbbbb,2026-01-27 14:38:26,pbpppbbppbbbbbppbbbpbbpbbbpbbpbppbpbbpbbbbbbbpbbpbpbpbppbp,58
367573,1978,12,2,bpbbpbbbbbb,p,bpbbpbbbbbbp,2026-01-27 16:26:39,bpbpbbpbbbbbbpppbppppppbppbpbbbbbbbbppbpbpppbpppbbpppbbpb,57
376081,2025,12,28,bpbbpbbbbbb,b,bpbbpbbbbbbb,2026-01-29 11:44:33,bbbbpppbbbppbbbbpbpbbbppbbppbpbbpbbbbbbbppppppppbbbppbpbbpb,59
383828,2072,12,17,bpbbpbbbbbb,b,bpbbpbbbbbbb,2026-01-30 10:14:44,pppppbbppppbpppbpbpbbpbbbbbbbbpppbpbbppbpppbpbpbppbbpbp,55
389127,2103,12,26,bpbbpbbbbbb,p,bpbbpbbbbbbp,2026-01-31 06:07:03,bbbpbbbbpppbbbpbbpbbpbpbbbbpbbpbbbbbbpbbbppppppb,48
390197,2109,12,33,bpbbpbbbbbb,b,bpbbpbbbbbbb,2026-01-31 06:08:43,bppbpbpbbbpbbbpbbpbppbbpppbpbbpbpbpbbpbbbbbbbbpbpb,50
407333,2204,12,11,bpbbpbbbbbb,b,bpbbpbbbbbbb,2026-02-02 13:03:24,bbbbpppbpbbbpbbpbbbbbbbbbbppppbbpbbppbbbbpbbpbbbppppbp,54
416050,2253,12,0,bpbbpbbbbbb,b,bpbbpbbbbbbb,2026-02-02 15:04:02,bpbbpbbbbbbbppbbbpbpbbbbbbbpbbpbbbbpbbbbbbbppppppppppb,54
420943,2279,12,18,bpbbpbbbbbb,b,bpbbpbbbbbbb,2026-02-03 09:42:07,pbbppbbbbpbbpbpbbbbpbbpbbbbbbbbpppppbpbbpbppbpbpppbbppbbpppppppbp,65
429063,2323,12,27,bpbbpbbbbbb,p,bpbbpbbbbbbp,2026-02-04 16:55:12,pbbpbbbbpppbbppppbbppbppppbbpbbpbbbbbbppbbpbbbpbbbpbpbpbbb,58
437537,2370,12,29,bpbbpbbbbbb,p,bpbbpbbbbbbp,2026-02-04 19:42:16,ppbbppbpbpbbppbbbbpbppbpppppbbpbbpbbbbbbppbbbbpbbpbbb,53
446275,2418,12,14,bpbbpbbbbbb,p,bpbbpbbbbbbp,2026-02-05 15:55:18,bbppbbppppbpbpbpbbpbbbbbbppbbbbpbppbpbbpbbbbpbppp,49
446676,2420,12,14,bpbbpbbbbbb,b,bpbbpbbbbbbb,2026-02-05 15:55:59,bbbbbbbbpbpbbpbpbbpbbbbbbbpbppbppbbpbpbpppbbbpbbpbppbbppbbpbbbp,63
452545,2450,12,1,bpbbpbbbbbb,p,bpbbpbbbbbbp,2026-02-06 10:39:59,pbpbbpbbbbbbppbbbbbbbbppbpbbpbpbpbbbbbppbpbbpppbpbppbbbbp,57
453675,2456,12,22,bpbbpbbbbbb,p,bpbbpbbbbbbp,2026-02-06 11:00:05,pbbpbbppbppppbbbbbbpbpbpbbpbbbbbbppbbbppbbbppbpppbppbbbbbbppb,61
460795,2493,12,33,bpbbpbbbbbb,p,bpbbpbbbbbbp,2026-02-06 13:01:48,ppbppppbppbpppbppbbbbpppbbpbpbbppbpbbpbbbbbbppbb,48
473218,2562,12,35,bpbbpbbbbbb,b,bpbbpbbbbbbb,2026-02-10 16:52:45,pbbpbpbppppbbppbpbpbbbbbpbpbpppbbbpbpbbpbbbbbbbbbbpbbp,54
475690,2575,12,10,bpbbpbbbbbb,b,bpbbpbbbbbbb,2026-02-10 17:25:46,bbbbpppbbbbpbbpbbbbbbbbpbppbbbbppppppbbppppbpppbpbpb,52
499864,2722,12,20,bpbbpbbbbbb,p,bpbbpbbbbbbp,2026-02-11 21:26:32,pbppbbbbbpbbbbbbbbppbpbbpbbbbbbpbbbpbbppbbbppbbpbpbpbpbbppbpbb,62
503444,2744,12,11,bpbbpbbbbbb,b,bpbbpbbbbbbb,2026-02-12 08:49:11,bbpbbpbbppbbpbbpbbbbbbbbpppppbbpbbbbpbb,39
506660,2761,12,31,bpbbpbbbbbb,p,bpbbpbbbbbbp,2026-02-12 09:13:20,bbpbbbpbbbbbbpppbbpbppppppbbpppbpbbpbbbbbbpp,44
507399,2765,12,7,bpbbpbbbbbb,p,bpbbpbbbbbbp,2026-02-12 09:48:45,bbbbbbbbpbbpbbbbbbppbpbbpbpbbbpbppbpbpppbppbbpbpbppbppp,55
511797,2791,12,26,bpbbpbbbbbb,p,bpbbpbbbbbbp,2026-02-12 14:39:00,pbpbpbppbbbppbbbpbppbbbbpbbpbbpbbbbbbpbbbppbpb,46
519664,2835,12,8,bpbbpbbbbbb,b,bpbbpbbbbbbb,2026-02-13 12:11:09,bpppbpbbbpbbpbbbbbbbbbppbppppbppbppppbbbppbbbpbpp,49
532857,2907,12,17,bpbbpbbbbbb,p,bpbbpbbbbbbp,2026-02-13 17:49:21,bbbbppbppbbpppbpbbpbbpbbbbbbpbbpbbppbppbbpbbbbbbbpbbpbpppbppbbp,63
538800,2940,12,29,bpbbpbbbbbb,b,bpbbpbbbbbbb,2026-02-13 20:29:50,bbbbpbpbbbbbbpbbbppbpbbbppbppbpbbpbbbbbbbbp,43
542830,2963,12,7,bpbbpbbbbbb,b,bpbbpbbbbbbb,2026-02-14 11:02:49,ppbpbpbbpbbpbbbbbbbpbbbbbbpbbpbbbbppppbppbppppbpppp,51
546404,2984,12,23,bpbbpbbbbbb,b,bpbbpbbbbbbb,2026-02-14 15:25:25,bpbbbpbbbpbpbbbpppbbbpbbpbbpbbbbbbbbpbpp,40
565220,3088,12,9,bpbbpbbbbbb,b,bpbbpbbbbbbb,2026-02-17 16:16:10,bpbppbpbpbpbbpbbbbbbbbbbbbbbpbpbpbpbbbppbbppp,45
571177,3119,12,13,bpbbpbbbbbb,b,bpbbpbbbbbbb,2026-02-17 17:24:20,bbpbbpbpbbpbbbpbbpbbbbbbbbbbpbbppbbppbbbbbbppb,46
575945,3149,12,6,bpbbpbbbbbb,b,bpbbpbbbbbbb,2026-02-17 21:16:12,bbbppbbpbbpbbbbbbbppbpbbbpbpbpppbbbbpbp,39
582826,3186,12,21,bpbbpbbbbbb,b,bpbbpbbbbbbb,2026-02-19 11:47:03,bbpbbpbbpbpbbppppbppbbpbbpbbbbbbbbpbbpbpbbbbppppbbbppbpbpbppbb,62
601626,3305,12,15,bpbbpbbbbbb,b,bpbbpbbbbbbb,2026-02-21 10:39:29,pbppppbppbpppbbbpbbpbbbbbbbbbpbppbpbbppppppbp,45
607923,3348,12,18,bpbbpbbbbbb,p,bpbbpbbbbbbp,2026-02-21 13:56:16,bbbbpbbppbpppbbbbpbpbbpbbbbbbpbpbbbbpbbbbppppbppbpbpbbbbp,57
634280,3518,12,12,bpbbpbbbbbb,p,bpbbpbbbbbbp,2026-02-23 09:54:12,bpppbbppppbbbpbbpbbbbbbpbbbbbpbbpppbpbpbbbbbbbpppbpbpbbbp,57
636163,3529,12,6,bpbbpbbbbbb,p,bpbbpbbbbbbp,2026-02-23 10:32:56,bbpppbbpbbpbbbbbbppbbbpbppbbpppbpbppppbbppbbppppbppbppp,55
639631,3549,12,18,bpbbpbbbbbb,b,bpbbpbbbbbbb,2026-02-23 11:53:14,bpbppppppbpbppbppbbpbbpbbbbbbbbbpbbpbbpbbbpppbbbpbpbpppppbpbpb,62
651738,3621,12,15,bpbbpbbbbbb,b,bpbbpbbbbbbb,2026-02-24 10:17:46,ppbppbbbppbbppbbpbbpbbbbbbbbppbppbbppbpbbpbbbpbpbppbpbppppb,59
653234,3629,12,1,bpbbpbbbbbb,p,bpbbpbbbbbbp,2026-02-24 11:10:44,pbpbbpbbbbbbpbbbbbpbbbppbppbbpbbbppppbpppbbpbpppppbbbpbbbbpppb,62
667064,3707,12,25,bpbbpbbbbbb,p,bpbbpbbbbbbp,2026-02-24 19:45:34,bpbbbppbbbpbbbbpbpppbpbbpbpbbpbbbbbbppppbbpbbpbbbp,50
668953,3718,12,25,bpbbpbbbbbb,p,bpbbpbbbbbbp,2026-02-24 20:21:04,bpppbbbbppbpbbppbppbppbbbbpbbpbbbbbbpbpbbpbpbppppppbbpppb,57
676388,3766,12,26,bpbbpbbbbbb,p,bpbbpbbbbbbp,2026-02-25 17:25:09,bbpbbbbppbbbpbppbppbbpbbpbbpbbpbbbbbbppbbbbbbpbbbpbbpbpbppp,59
680573,3791,12,6,bpbbpbbbbbb,b,bpbbpbbbbbbb,2026-02-25 18:44:27,pbppbpbpbbpbbbbbbbpbbppbpbpppbbbbbbbppppppbbbpppbp,50
689483,3842,12,35,bpbbpbbbbbb,p,bpbbpbbbbbbp,2026-02-26 08:12:29,pbpbpbbbbppbpbpbppbbpbbpbpbpbbpbpppbpbbpbbbbbbpbpbp,51
692672,3861,12,11,bpbbpbbbbbb,b,bpbbpbbbbbbb,2026-02-26 08:58:51,pbbppbbpbbpbpbbpbbbbbbbppbbppppbbbpppbpppbbppppbbbbbbpbbbp,58
694407,3871,12,18,bpbbpbbbbbb,b,bpbbpbbbbbbb,2026-02-28 13:33:10,ppbbpbbbpppbbbbpbbbpbbpbbbbbbbpbbbbpbbbppppp,44
698270,3891,12,7,bpbbpbbbbbb,p,bpbbpbbbbbbp,2026-03-01 11:13:24,pbppppbbpbbpbbbbbbpbpbpbpbppbbpppbbpbbbbppbp,44
706031,3936,12,8,bpbbpbbbbbb,p,bpbbpbbbbbbp,2026-03-01 18:46:35,bbbbpbbbbpbbpbbbbbbppbpbbpbbpbbbbbpbpppbbpbbbpbbbbpppbpb,56
714876,3987,12,19,bpbbpbbbbbb,b,bpbbpbbbbbbb,2026-03-02 11:43:54,bppppbpbppbbpbppbbpbpbbpbbbbbbbppbbbbppbppppppbbpbppbpbbpbpbpb,62
754591,4220,12,39,bpbbpbbbbbb,p,bpbbpbbbbbbp,2026-03-05 18:09:47,bbbbbbppbbbppbpbpbpbbbpppbbbbbbbbppbbppbpbbpbbbbbbpppppbbp,58
772438,4326,12,12,bpbbpbbbbbb,p,bpbbpbbbbbbp,2026-03-09 19:05:33,ppbppbppbbppbpbbpbbbbbbpbpppbbbpppppppbbbpbb,44
777414,4355,12,14,bpbbpbbbbbb,p,bpbbpbbbbbbp,2026-03-11 19:11:35,pppbpbppppbbbpbpbbpbbbbbbppbpbbppbbpbppbbppbpbbbbpppbbpbbbppppbbb,65
786975,4410,12,5,bpbbpbbbbbb,b,bpbbpbbbbbbb,2026-03-15 13:00:27,bbbbpbpbbpbbbbbbbbbbpbpbpbbpbpbpbbbbppbbpbbpbppbb,49
788607,4421,12,10,bpbbpbbbbbb,b,bpbbpbbbbbbb,2026-03-15 13:48:41,bbbbpbpbpbbpbbpbbbbbbbbbpbpbbbbpppbbppbbppbpbbpbpppppppbppbbbb,62
796096,4462,12,14,bpbbpbbbbbb,b,bpbbpbbbbbbb,2026-03-16 20:02:19,pbpppbppbpbbbbbpbbpbbbbbbbpppbbpbpbbpbpbpbbbbpbppbbb,52
804484,4509,12,23,bpbbpbbbbbb,b,bpbbpbbbbbbb,2026-03-18 07:47:55,bppbbppbpbpppbbpbpbpbppbpbbpbbbbbbbbbbpbpppppbpbppb,51
824711,4634,12,37,bpbbpbbbbbb,b,bpbbpbbbbbbb,2026-03-22 09:22:27,bbpppbbppbpbbbpbpppbbbppbpbbpppppbbpbbpbbpbbbbbbbbpbppbbpbpb,60
828281,4657,12,18,bpbbpbbbbbb,b,bpbbpbbbbbbb,2026-03-24 06:25:07,bpbbbbbbbpbppbbppbbpbbpbbbbbbbbbbbbpppbbpppbpppppbbbbb,54
831457,4678,12,5,bpbbpbbbbbb,b,bpbbpbbbbbbb,2026-04-12 13:36:03,bbbpbbpbbpbbbbbbbbpbbppppbppbpbp,32
841404,4740,12,8,bpbbpbbbbbb,b,bpbbpbbbbbbb,2026-04-21 06:38:14,pbppbpppbpbbpbbbbbbbbbbbpbbbbpbbbppppbpbpppbpbbbpbpppbb,55
856233,4826,12,18,bpbbpbbbbbb,p,bpbbpbbbbbbp,2026-04-23 19:29:54,pppppbbbpbpbbbpppbbpbbpbbbbbbpbpbppppbbbpbppppbbpppbpbbppb,58
867017,4891,12,15,bpbbpbbbbbb,b,bpbbpbbbbbbb,2026-04-30 15:40:23,bbppbbpppbbbpbbbpbbpbbbbbbbpppbpbpppbbbbbbbbppppbppbpbbbpbb,59
868979,4904,12,7,bpbbpbbbbbb,b,bpbbpbbbbbbb,2026-04-30 16:36:09,bbpbppbbpbbpbbbbbbbpbbppbbbppbbpbbbpbbpbpbpppbbbbpbp,52
873326,4931,12,10,bpbbpbbbbbb,p,bpbbpbbbbbbp,2026-05-04 09:05:43,bppbbbppppbpbbpbbbbbbppppbpppbbbbbpbp,37
875581,4944,12,16,bpbbpbbbbbb,p,bpbbpbbbbbbp,2026-05-04 09:17:04,ppbppbpbbbpbpbbpbpbbpbbbbbbpbbbbbbbbppbbpbbbpbpbbbbppbpbbpbbpbbbb,65
878781,4963,12,23,bpbbpbbbbbb,b,bpbbpbbbbbbb,2026-05-04 15:34:51,pbbbppbbbppbpppbbbbbpppbpbbpbbbbbbbbbpbbpppbbppppbpbbbbppppppbppb,65
887761,5012,12,37,bpbbpbbbbbb,p,bpbbpbbbbbbp,2026-05-14 07:14:37,bpbbbppppbbbpbbpbppppppppbpppppbbbpbpbpbbpbbbbbbp,49
896741,5063,12,4,bpbbpbbbbbb,p,bpbbpbbbbbbp,2026-05-22 05:08:42,bpppbpbbpbbbbbbppbbbbppbbbpbbppbppbpbppppppbpbbbppbpppbppbbbbpppbp,66
904081,5105,12,43,bpbbpbbbbbb,p,bpbbpbbbbbbp,2026-05-26 09:45:06,ppppbpbppbbppbbpbbbbpbbbbppbpbppbbpbbbbppbbbpbbpbbbbbbpp,56
907758,5127,12,19,bpbbpbbbbbb,p,bpbbpbbbbbbp,2026-05-26 11:37:52,ppbpbbbbpbppppbpbbpbpbbpbbbbbbppbppbbbbpbpppp,45
912050,5150,12,22,bpbbpbbbbbb,p,bpbbpbbbbbbp,2026-05-27 07:18:34,bbbbbbpbpppbpbbppbpbbbbpbbpbbbbbbpbbpbppppppbpbbbppbbbbpbppbbpb,63
914984,5170,12,20,bpbbpbbbbbb,p,bpbbpbbbbbbp,2026-05-27 11:12:51,bpppbpbppbbbpbbpbbppbpbbpbbbbbbpbbpbpbppppbppppb,48
920607,5205,12,41,bpbbpbbbbbb,p,bpbbpbbbbbbp,2026-05-28 12:38:42,ppbbbbbbpbbpbpppbpbbppbbpbbbbbpbbpbbpbbbbbpbbpbbbbbbp,53
929215,5256,12,6,bpbbpbbbbbb,p,bpbbpbbbbbbp,2026-06-01 10:51:02,bbbpbpbpbbpbbbbbbppbbbbbpbpbpbbppbbpbpp,39
931689,5271,12,32,bpbbpbbbbbb,p,bpbbpbbbbbbp,2026-06-05 06:48:30,ppbppppbpbppppbpbpbbpbppbbpbbbpbbpbbpbbbbbbpbbbpppbppbpppppbpbppppp,67
933504,5281,12,20,bpbbpbbbbbb,b,bpbbpbbbbbbb,2026-06-05 06:59:23,bpbbbbppbbppppbbbpbbbpbbpbbbbbbbbbbpbbpppbppbpbbpppbppbpb,57
935224,5291,12,41,bpbbpbbbbbb,p,bpbbpbbbbbbp,2026-06-05 20:11:41,bbbbbppppbbppbbbbpbbbppbppbppbppbppbpbbppbpbbpbbbbbbppppbppbp,61
937267,5305,12,24,bpbbpbbbbbb,b,bpbbpbbbbbbb,2026-06-06 13:51:48,ppbpbpbpbpbbbppbppbpbbpbbpbbpbbbbbbbbpbppppppbpbpbbbbpppbppb,60
938596,5313,12,8,bpbbpbbbbbb,b,bpbbpbbbbbbb,2026-06-06 14:16:31,pppbpbppbpbbpbbbbbbbbpppppbppppbbpbpbpbbppppbbp,47
941725,5331,12,16,bpbbpbbbbbb,p,bpbbpbbbbbbp,2026-06-07 11:16:41,bppppbppppbbbbbpbpbbpbbbbbbpbbpbpbbbbpbbbpbbbpbpbbbbbbbbbbppbbbbbpp,67
948966,5375,12,12,bpbbpbbbbbb,b,bpbbpbbbbbbb,2026-06-10 15:16:28,ppbpppbbppppbpbbpbbbbbbbpppbbbbbbbbpbppbbbbbbbbpbpppbpb,55
953407,5403,12,10,bpbbpbbbbbb,b,bpbbpbbbbbbb,2026-06-17 10:11:06,bbppbpbbppbpbbpbbbbbbbbpbppbbbpbbpbbbb,38
969031,5490,12,28,bpbbpbbbbbb,b,bpbbpbbbbbbb,2026-06-20 12:18:50,bbpbbpbbppbbppbpbpppbbbppppbbpbbpbbbbbbbbb,42
977711,5541,12,25,bpbbpbbbbbb,p,bpbbpbbbbbbp,2026-06-23 06:32:59,bbbbbppbppbbpbbpbppbppbbbbpbbpbbbbbbpbbpp,41
186728,59,12,13,bpbbpbbbbbp,b,bpbbpbbbbbpb,2026-01-26 10:57:31,pbpppbppbpbbbbpbbpbbbbbpbp,26
186934,69,12,8,bpbbpbbbbbp,p,bpbbpbbbbbpp,2026-01-26 10:57:31,bbbpbbpbbpbbpbbbbbpp,20
187101,79,12,9,bpbbpbbbbbp,b,bpbbpbbbbbpb,2026-01-26 10:57:31,pppppbpbbbpbbpbbbbbpb,21
189735,202,12,8,bpbbpbbbbbp,b,bpbbpbbbbbpb,2026-01-26 10:57:31,ppppbppbbpbbpbbbbbpbpp,22
190213,217,12,21,bpbbpbbbbbp,p,bpbbpbbbbbpp,2026-01-26 10:57:31,ppppbppbppbbpbbppbbbbbpbbpbbbbbpppbpbppbpppppb,46
201054,414,12,39,bpbbpbbbbbp,p,bpbbpbbbbbpp,2026-01-26 10:57:31,pppbpbbpppbppppppbpbbbppbppppppbpbpppbbbpbbpbbbbbppbpppbpbp,59
202262,435,12,31,bpbbpbbbbbp,p,bpbbpbbbbbpp,2026-01-26 10:57:31,ppbbbpbbbbbppbbbbppbppbbppppbbpbpbbpbbbbbpppbbbpppp,51
205932,502,12,0,bpbbpbbbbbp,p,bpbbpbbbbbpp,2026-01-26 10:57:32,bpbbpbbbbbppbpppbbbbppppbbbbbbppppppp,37
207805,540,12,4,bpbbpbbbbbp,p,bpbbpbbbbbpp,2026-01-26 10:57:32,pbbpbpbbpbbbbbppbpppppppbbpbpbbpbpbbppbbppppp,45
208142,546,12,12,bpbbpbbbbbp,p,bpbbpbbbbbpp,2026-01-26 10:57:32,bbppbpppbpbpbpbbpbbbbbpppbpbpppbppbbpbbpbpbppbpbpbb,51
209617,573,12,8,bpbbpbbbbbp,p,bpbbpbbbbbpp,2026-01-26 10:57:32,pppbbpbbbpbbpbbbbbppbpppppppbppbppppbbbpppppbpbbpbbpppppbbb,59
211596,606,12,11,bpbbpbbbbbp,p,bpbbpbbbbbpp,2026-01-26 10:57:32,pppppbppppbbpbbpbbbbbpppbbbpbppbpb,34
216089,692,12,16,bpbbpbbbbbp,p,bpbbpbbbbbpp,2026-01-26 10:57:32,pppppbpppbbbppbbbpbbpbbbbbppppppppbpbpbpbpbbpbbpbbpbppbbbpbb,60
217347,715,12,20,bpbbpbbbbbp,b,bpbbpbbbbbpb,2026-01-26 10:57:32,bpbpbpppbbbbpbbppbbbbpbbpbbbbbpbbbbpbpp,39
217744,723,12,34,bpbbpbbbbbp,b,bpbbpbbbbbpb,2026-01-26 10:57:32,bpbbbbpppppbbbbbbbpppbbbbppbpbppbpbpbbpbbbbbpbbbbbpbpbbppbpbpbp,63
223720,836,12,16,bpbbpbbbbbp,b,bpbbpbbbbbpb,2026-01-26 10:57:32,bbppbpppbppbppbbbpbbpbbbbbpbbpbb,32
229249,934,12,42,bpbbpbbbbbp,p,bpbbpbbbbbpp,2026-01-26 10:57:32,bbpbpbpbbpbbpbppbpbbpbpppppbbpbpbbppppbbpbbpbbpbbbbbpppbbpbpbpp,63
234692,1026,12,5,bpbbpbbbbbp,b,bpbbpbbbbbpb,2026-01-26 10:57:32,pbpbpbpbbpbbbbbpbbpbpppbbbpbbbpppbpbppbbppbppbpbpbpbpppbpbpppppp,64
242011,1157,12,25,bpbbpbbbbbp,b,bpbbpbbbbbpb,2026-01-26 10:57:32,pbpbbbpbpppppppbbbpbbppbbbpbbpbbbbbpbb,38
243111,1175,12,2,bpbbpbbbbbp,p,bpbbpbbbbbpp,2026-01-26 10:57:32,bbbpbbpbbbbbppbpbppbbppbppbppbppbbppppppbpbpppppbbbbpbbbbbbbpppbp,65
246668,1235,12,1,bpbbpbbbbbp,p,bpbbpbbbbbpp,2026-01-26 10:57:33,pbpbbpbbbbbpppbppppppbbppbpbbbbbbbbpbbbbpbbppppp,48
246954,1239,12,28,bpbbpbbbbbp,b,bpbbpbbbbbpb,2026-01-26 10:57:33,bbpbbbbpbbbpppbbbppbbppbpbppbpbbpbbbbbpbbpppppbpbbpbbbpp,56
260729,1474,12,28,bpbbpbbbbbp,b,bpbbpbbbbbpb,2026-01-26 10:57:33,bbbppbbpbppbbbpbpbpbbbbbbpbpbpbbpbbbbbpbpbpbbpbbb,49
263346,1519,12,24,bpbbpbbbbbp,b,bpbbpbbbbbpb,2026-01-26 10:57:33,bpbbbbpbbpppppppbpbpppbpbpbbpbbbbbpbbpppppbppbbbppbpppppppbbpb,62
264328,1534,12,32,bpbbpbbbbbp,p,bpbbpbbbbbpp,2026-01-26 10:57:33,pbpbpppbpppbpbbpbbpbpbbpbpbbbpbpbpbbpbbbbbppbbppbppppbbbppp,59
265164,1546,12,19,bpbbpbbbbbp,p,bpbbpbbbbbpp,2026-01-26 10:57:33,bbbbbbbppbbbpbppppbbpbbpbbbbbpppbbpbbpp,39
276263,1728,12,30,bpbbpbbbbbp,b,bpbbpbbbbbpb,2026-01-26 10:57:33,bbbppppbpbbpbpppppbbbbpbpbppbpbpbbpbbbbbpbb,43
277313,1747,12,18,bpbbpbbbbbp,b,bpbbpbbbbbpb,2026-01-26 10:57:33,bbbpbpbbpbppbbpbbpbpbbpbbbbbpbpbppbpbpbbbbp,43
277718,1754,12,1,bpbbpbbbbbp,b,bpbbpbbbbbpb,2026-01-26 10:57:33,pbpbbpbbbbbpbbppppbpbbbpbbbpppbbbbbppppbpppbbbbbbpbbbpppbbppbbbb,64
281880,1819,12,26,bpbbpbbbbbp,p,bpbbpbbbbbpp,2026-01-26 10:57:34,bppppppbpppbbbpbbppbpbbpbbbpbbpbbbbbpppbppbpppp,47
375682,2023,12,1,bpbbpbbbbbp,p,bpbbpbbbbbpp,2026-01-29 11:44:01,bbpbbpbbbbbppbpbbpbpbbpbpppbbbbbpppbbpppbpbpbpbbbbpbbbb,55
380359,2051,12,17,bpbbpbbbbbp,b,bpbbpbbbbbpb,2026-01-29 17:45:57,bpppppppbpppbbpbpbpbbpbbbbbpbpbbpbbpbppppbbbbppppbbpbbppp,57
382357,2061,12,41,bpbbpbbbbbp,p,bpbbpbbbbbpp,2026-01-29 17:50:50,pbbbppbpbppppbbbppbppbpppppbpbbpbpppbppppbpbbpbbbbbppbbbp,57
396934,2148,12,13,bpbbpbbbbbp,p,bpbbpbbbbbpp,2026-01-31 08:27:05,ppbbbpppppbbbbpbbpbbbbbpppbpbbppbbbbpbbpbpppbbppbppbpppbbppbbbbbbpb,67
397437,2151,12,23,bpbbpbbbbbp,p,bpbbpbbbbbpp,2026-01-31 08:28:10,bpbbpbpppppppppbpbbbbbbbpbbpbbbbbppppppbppbpbbbbbbpbbbbbpbpp,60
420546,2277,12,35,bpbbpbbbbbp,p,bpbbpbbbbbpp,2026-02-03 09:41:24,pppbpbbpbbppbpbppbpbpbpbpbpbpbpbpppbpbbpbbbbbppp,48
427419,2314,12,30,bpbbpbbbbbp,b,bpbbpbbbbbpb,2026-02-04 16:03:02,pbbpbpbbbbbpbppbbpbppbpbpbpbbbbpbbpbbbbbpbpbpbbbbbppbbppbpb,59
429920,2328,12,24,bpbbpbbbbbp,b,bpbbpbbbbbpb,2026-02-04 17:10:47,bbbbppbbpbbpbpbbbbpbbpbbbpbbpbbbbbpbppppbpbpbpbppppbppbbbpb,59
444875,2410,12,21,bpbbpbbbbbp,b,bpbbpbbbbbpb,2026-02-05 15:36:05,bbbbbppbppppbbbbppbppbpbbpbbbbbpbbbppbppppbbpbppppbbpbpbbpbbpb,62
449613,2435,12,23,bpbbpbbbbbp,b,bpbbpbbbbbpb,2026-02-06 10:20:31,bpppppbbbppppbpbpbbppppbpbbpbbbbbpbbbbbpppbbpppbbbpbpbpbpbpbb,61
458408,2481,12,37,bpbbpbbbbbp,b,bpbbpbbbbbpb,2026-02-06 12:33:55,pbbbbbpbbbbpbpbpbpbpppppbpbbbpbbbppbpbpbbpbbbbbpbppbbppbpbbppp,62
467552,2530,12,9,bpbbpbbbbbp,b,bpbbpbbbbbpb,2026-02-09 15:28:13,bbpbpppppbpbbpbbbbbpbbppbpbppbpbbppbbpbbpbpbppbpbpppppbbppppbpbb,64
471756,2554,12,27,bpbbpbbbbbp,p,bpbbpbbbbbpp,2026-02-10 16:32:36,pppbbpbbppbbppbpbpbpppbbpppbpbbpbbbbbpppbppbbpbpppbbpppbpbppp,61
474248,2567,12,16,bpbbpbbbbbp,p,bpbbpbbbbbpp,2026-02-10 16:54:31,ppbbpbbbbbpbppbbbpbbpbbbbbppbbbbppbpbpppbppbbpbppppbbppppbppbbpbpbb,67
474460,2568,12,47,bpbbpbbbbbp,b,bpbbpbbbbbpb,2026-02-10 16:54:51,bbpppbbbbppbpbbbppbbppbbbpbbppppppbbbbbpbpbppbbbpbbpbbbbbpbbbbp,63
475955,2576,12,44,bpbbpbbbbbp,b,bpbbpbbbbbpb,2026-02-10 17:26:02,bbppbppbpbppbbpbpbbbppppbbbpbppppbbpppbpbbpbbpbbpbbbbbpbbppbpbbppbb,67
482113,2615,12,30,bpbbpbbbbbp,p,bpbbpbbbbbpp,2026-02-10 20:16:11,bbppppbppbbpppbbbbpbbpbppbbbpbbpbbpbbbbbpppbpbpbbpbppbp,55
505448,2754,12,22,bpbbpbbbbbp,p,bpbbpbbbbbpp,2026-02-12 09:10:12,bbppbbbbppbpbppbpbbbpbbpbbpbbbbbppbbpppbpbbpbbbbpppppbp,55
533864,2913,12,43,bpbbpbbbbbp,b,bpbbpbbbbbpb,2026-02-13 17:52:19,pbbpppbpppbbbbbpppbppppbbpbbbpbbpbbpppbbpppbpbbpbbbbbpbppbbp,60
542973,2964,12,7,bpbbpbbbbbp,p,bpbbpbbbbbpp,2026-02-14 11:03:13,bbbpppbbpbbpbbbbbppbpbbpbbppppppbpbbbbpbbbpppbbp,48
564025,3082,12,21,bpbbpbbbbbp,b,bpbbpbbbbbpb,2026-02-17 15:49:48,pbpbbppppbbppbbbppbpbbpbbpbbbbbpbpppppbppbppbpppbpppbppbpbbpbbbpppppb,69
567991,3103,12,38,bpbbpbbbbbp,b,bpbbpbbbbbpb,2026-02-17 16:49:18,bppbbpbpbpbbpbpbpbbbbppppppbbbpppppbbpbpbbpbbbbbpbppbbbbbbpbbbpb,64
571941,3125,12,2,bpbbpbbbbbp,b,bpbbpbbbbbpb,2026-02-17 19:43:42,pbbpbbpbbbbbpbppbbbpbpbpbppbpppbbppbpbbpbbpp,44
577956,3161,12,39,bpbbpbbbbbp,b,bpbbpbbbbbpb,2026-02-19 10:43:27,pbbbpbpbpbbbpbbppbbbbpbpbbpppbbpbbpppppbpbbpbbbbbpbb,52
587341,3210,12,31,bpbbpbbbbbp,b,bpbbpbbbbbpb,2026-02-20 11:09:08,ppppbppppbbpbpbbbbpbbbbpbpbppbbbpbbpbbbbbpbpbppbppbpbpppbbpp,60
606025,3336,12,11,bpbbpbbbbbp,b,bpbbpbbbbbpb,2026-02-21 13:11:31,pbbbpppbppbbpbbpbbbbbpbpbpbbbbbppppbbpbbbpbbp,45
619126,3428,12,8,bpbbpbbbbbp,p,bpbbpbbbbbpp,2026-02-22 10:34:22,bpbpbbbpbpbbpbbbbbppbbbbppppbppppbppbppppbbbbppbbpbbbbppbppbpppbbb,66
619299,3430,12,29,bpbbpbbbbbp,p,bpbbpbbbbbpp,2026-02-22 10:35:21,pbppppbppppbppppbppppbpbbbbbpbpbbpbbbbbpppbbpbppbbb,51
632703,3509,12,3,bpbbpbbbbbp,b,bpbbpbbbbbpb,2026-02-23 09:17:58,bbbbpbbpbbbbbpbbppbpbpbppbpbbbbbpbpbbbpbpbpbpbppbbpbppp,55
635264,3523,12,4,bpbbpbbbbbp,b,bpbbpbbbbbpb,2026-02-23 10:24:10,bpppbpbbpbbbbbpbbpbbbbpbpppbpbppppbpbbppbbbbbppp,48
636888,3532,12,42,bpbbpbbbbbp,p,bpbbpbbbbbpp,2026-02-23 11:17:50,pbpbpppbbppbbbbpbppbbbbppbbbbpbbbbppbbbbpbbpbbpbbbbbppbp,56
652829,3627,12,10,bpbbpbbbbbp,b,bpbbpbbbbbpb,2026-02-24 10:21:20,bbpbbbppbbbpbbpbbbbbpbpbpbppbpbpbbbbpbbbbppppbbbppbpbbp,55
657629,3654,12,8,bpbbpbbbbbp,p,bpbbpbbbbbpp,2026-02-24 14:52:40,bpbpbpbbbpbbpbbbbbpppppbbbpppbbbppbpppbppbpb,44
658304,3658,12,35,bpbbpbbbbbp,b,bpbbpbbbbbpb,2026-02-24 14:54:43,ppbpppbpbpbbppppbpbbbppbpbbppbppbppbpbbpbbbbbpbbppppppbbb,57
678487,3778,12,17,bpbbpbbbbbp,b,bpbbpbbbbbpb,2026-02-25 18:04:12,ppbbbbpbpppbpbpppbpbbpbbbbbpbppbbpbpbbpbpb,42
680082,3787,12,35,bpbbpbbbbbp,b,bpbbpbbbbbpb,2026-02-25 18:42:55,bpppbppbppbppbbbbppppbppppbppbbbpppbpbbpbbbbbpbbpbbppbpbbb,58
686657,3827,12,3,bpbbpbbbbbp,b,bpbbpbbbbbpb,2026-02-25 20:57:45,bbbbpbbpbbbbbpbppbpbbbpbpbbbppbbbbpbbbbbbppppppbppbbppp,55
686817,3828,12,6,bpbbpbbbbbp,b,bpbbpbbbbbpb,2026-02-25 20:58:09,bpbbpbbpbbpbbbbbpbbpbbpbbppppbpbbppbbbppbp,42
690616,3848,12,22,bpbbpbbbbbp,p,bpbbpbbbbbpp,2026-02-26 08:16:42,bbpbpbppbpbbpbpbbbppppbpbbpbbbbbpppbpbbbbbpppp,46
705138,3931,12,2,bpbbpbbbbbp,b,bpbbpbbbbbpb,2026-03-01 18:44:37,pbbpbbpbbbbbpbbbppbbppppbbbpppbpbbppbpbbbpbpbpbbbpbb,52
706039,3936,12,24,bpbbpbbbbbp,b,bpbbpbbbbbpb,2026-03-01 18:46:35,bbbbpbbbbpbbpbbbbbbppbpbbpbbpbbbbbpbpppbbpbbbpbbbbpppbpb,56
709305,3955,12,11,bpbbpbbbbbp,b,bpbbpbbbbbpb,2026-03-01 19:30:12,pppbbbpbppbbpbbpbbbbbpbpbbppbbbbpbbbbbbbppbpb,45
716111,3994,12,29,bpbbpbbbbbp,p,bpbbpbbbbbpp,2026-03-02 13:57:19,pbbbbpbpbppbbbbppppbbpbppbpbbbpbbpbbbbbppbppbbbpbbbbbbbpb,57
723948,4041,12,16,bpbbpbbbbbp,b,bpbbpbbbbbpb,2026-03-03 16:12:08,pbpbppbbppbbppbbbpbbpbbbbbpbpppbbbpbpppbbpppppp,47
725443,4050,12,25,bpbbpbbbbbp,b,bpbbpbbbbbpb,2026-03-03 18:00:21,bbpbpbbbpbpbppbbbbpbbpppbbpbbpbbbbbpbbbpppppbbbppbppbbbpbbbbb,61
727924,4063,12,48,bpbbpbbbbbp,b,bpbbpbbbbbpb,2026-03-03 18:25:34,pbpppbpbpbpbpbbbpbppppbbpbppppbbpbbppbbbpbpppbppbpbbpbbbbbpbbp,62
749771,4192,12,44,bpbbpbbbbbp,b,bpbbpbbbbbpb,2026-03-05 14:41:02,bpppbbpbbpbbbpbbbpbpbbpbbppbpbppbpbppbbbbbbbbpbbpbbbbbpbppbppbb,63
756012,4229,12,2,bpbbpbbbbbp,b,bpbbpbbbbbpb,2026-03-05 18:13:38,bbbpbbpbbbbbpbbbpppbbbbbppbbbbbbbbbbbpbpbbbbppp,47
764802,4282,12,30,bpbbpbbbbbp,p,bpbbpbbbbbpp,2026-03-06 17:52:57,pppbpbbppbbppppbpbpbppppbbpbbbbpbbpbbbbbpppppbpb,48
766229,4290,12,22,bpbbpbbbbbp,p,bpbbpbbbbbpp,2026-03-06 17:55:53,ppbpbbpbbbppbpbpppppppbpbbpbbbbbppbppbbbppppppbpbbpbppbppbpbbbbbp,65
778040,4359,12,18,bpbbpbbbbbp,b,bpbbpbbbbbpb,2026-03-11 19:13:31,bpppbpbpbbpbbbppbpbpbbpbbbbbpbppbppbbp,38
781509,4377,12,49,bpbbpbbbbbp,b,bpbbpbbbbbpb,2026-03-11 19:46:40,pbppbpbpbpbbbbpbbpbpbbbbpppbppbbbpbbpbppbppbppppbbpbbpbbbbbpbp,62
788929,4423,12,6,bpbbpbbbbbp,b,bpbbpbbbbbpb,2026-03-15 14:32:16,bppbppbpbbpbbbbbpbbbbbpbbbbbpppppbpbppbppbbbpbbbbpbpbbbbppppb,61
790719,4433,12,1,bpbbpbbbbbp,p,bpbbpbbbbbpp,2026-03-15 14:36:26,pbpbbpbbbbbpppbpbpbpbppbpppbbpbbpbpbpbb,39
803452,4503,12,31,bpbbpbbbbbp,b,bpbbpbbbbbpb,2026-03-17 20:50:33,bpbpbppbpbppppppppbppbpbppbpbbbbpbbpbbbbbpbbpbbppbbbbbpbppp,59
806238,4519,12,44,bpbbpbbbbbp,b,bpbbpbbbbbpb,2026-03-18 07:53:30,bpbbpbpbbbbppbpbbbbbbppppbbppbbbpbbppbbbpbbbbpbbpbbbbbpbbpp,59
841611,4741,12,10,bpbbpbbbbbp,b,bpbbpbbbbbpb,2026-04-21 06:38:39,pbbbpbbppbbpbbpbbbbbpbbbbpbppbbbbpbbpbbpbpbbbbpppbppppbbbbbbpb,62
853373,4808,12,0,bpbbpbbbbbp,p,bpbbpbbbbbpp,2026-04-23 18:49:23,bpbbpbbbbbppppbpbpbbbbbpbpbbbpbppbbbbbpbbbpbpbbbpppp,52
854734,4817,12,1,bpbbpbbbbbp,b,bpbbpbbbbbpb,2026-04-23 18:56:36,pbpbbpbbbbbpbpbpbppppbpbpbpbbpppppbbbbbbpbbpbbpbpppbppb,55
865842,4883,12,21,bpbbpbbbbbp,p,bpbbpbbbbbpp,2026-04-30 15:33:49,pbbbpbbbpbpppbbppbpppbpbbpbbbbbppbbppbpbpbpbp,45
872502,4925,12,29,bpbbpbbbbbp,b,bpbbpbbbbbpb,2026-05-04 08:27:44,bppbpbppbbpppppppbppbpbbbpbbpbpbbpbbbbbpbppbppbbppbpbpbpbbbbbpppbbb,67
908604,5132,12,37,bpbbpbbbbbp,b,bpbbpbbbbbpb,2026-05-26 11:40:19,bbppbpbbbppppppbpbpbbbpbpppbbbbpbbbbbbpbbpbbbbbpbpbpbbbp,56
909954,5139,12,23,bpbbpbbbbbp,b,bpbbpbbbbbpb,2026-05-26 11:43:54,bbbppbppbbbppbbbpbbppbpbpbbpbbbbbpbppbbpbbbpbppbbpbbbppp,56
910329,5141,12,40,bpbbpbbbbbp,b,bpbbpbbbbbpb,2026-05-27 07:13:54,ppbpppbppbppppppbbbpbpbppbppbppbppbppbbpbpbbpbbbbbpbbbbbppbpppppb,65
913527,5161,12,0,bpbbpbbbbbp,b,bpbbpbbbbbpb,2026-05-27 07:57:36,bpbbpbbbbbpbpbppbpbpbbbpp,25
920603,5205,12,32,bpbbpbbbbbp,b,bpbbpbbbbbpb,2026-05-28 12:38:42,ppbbbbbbpbbpbpppbpbbppbbpbbbbbpbbpbbpbbbbbpbbpbbbbbbp,53
921656,5211,12,21,bpbbpbbbbbp,b,bpbbpbbbbbpb,2026-05-28 12:45:26,bbbpppppppbbpppppbpbbbpbbpbbbbbpbpppppppbbpppbbp,48
931986,5273,12,23,bpbbpbbbbbp,b,bpbbpbbbbbpb,2026-06-05 06:50:47,bbbbppbbbbbbppbbbbbpppbbpbbpbbbbbpbpppbbbpppbbpbpbbbpbbbbbpb,60
934603,5288,12,33,bpbbpbbbbbp,p,bpbbpbbbbbpp,2026-06-05 20:08:22,bbbbbbpbbbbbbbbpppppbbpbpbbbbbpbpbpbbpbbbbbpppbbbb,50
939867,5320,12,16,bpbbpbbbbbp,p,bpbbpbbbbbpp,2026-06-06 14:27:37,pppbppppppbpbppbbpbbpbbbbbpppbbbbpbbbpbbpbpbpbbpppbbpb,54
951521,5391,12,9,bpbbpbbbbbp,p,bpbbpbbbbbpp,2026-06-15 12:17:36,pppbbbppbbpbbpbbbbbpppppppbppppbpbbbppbbbbpbbpbbbbppbbpbppbbpppbb,65
966039,5474,12,27,bpbbpbbbbbp,b,bpbbpbbbbbpb,2026-06-20 11:37:04,bppbpbppppbpbpbbpbpbbpppbbbbpbbpbbbbbpbpbppppbbpbbbpb,53
970804,5500,12,25,bpbbpbbbbbp,b,bpbbpbbbbbpb,2026-06-21 09:42:57,bpppbbpppbbbbpbbbpppbpbbbbpbbpbbbbbpbbpbbpbpbbbbbpbbpbbppbbbppp,63
187451,100,12,6,bpbbpbbbbpb,b,bpbbpbbbbpbb,2026-01-26 10:57:31,pbpbppbpbbpbbbbpbbppbpbp,24
187862,122,12,3,bpbbpbbbbpb,p,bpbbpbbbbpbp,2026-01-26 10:57:31,bbpbpbbpbbbbpbpbp,17
190699,227,12,6,bpbbpbbbbpb,p,bpbbpbbbbpbp,2026-01-26 10:57:31,ppbbbbbpbbpbbbbpbpppbpbbbpbbbbppbpbbbpbbpbppbbbpbbpb,52
197866,357,12,35,bpbbpbbbbpb,p,bpbbpbbbbpbp,2026-01-26 10:57:31,pbbpbbbbpbppppbpbbbpppbbpbbbpppbpbpbpbbpbbbbpbpbppppppbpbpbbpbp,63
198598,370,12,10,bpbbpbbbbpb,p,bpbbpbbbbpbp,2026-01-26 10:57:31,bbbbppbppbbpbbpbbbbpbpbbbbbbppppbbbbpbbbppppbbpbbbbbbppppbp,59
205151,487,12,27,bpbbpbbbbpb,p,bpbbpbbbbpbp,2026-01-26 10:57:32,bpbbpppppppbbbppbbbbppbbbppbpbbpbbbbpbpbbbbbbppb,48
205530,494,12,19,bpbbpbbbbpb,b,bpbbpbbbbpbb,2026-01-26 10:57:32,bpppppbpbbpbpbpbpppbpbbpbbbbpbbbpbbbbp,38
206632,516,12,7,bpbbpbbbbpb,b,bpbbpbbbbpbb,2026-01-26 10:57:32,bbbbpbpbpbbpbbbbpbbbpbbppbbppbbbb,33
208796,559,12,18,bpbbpbbbbpb,p,bpbbpbbbbpbp,2026-01-26 10:57:32,bpbpbppppbbbbbppbbbpbbpbbbbpbpbbpbb,35
209942,578,12,28,bpbbpbbbbpb,b,bpbbpbbbbpbb,2026-01-26 10:57:32,pppbpbbppbbbpppbbpbpbbpbpbpbbpbbpbbbbpbbbbb,43
210481,588,12,11,bpbbpbbbbpb,p,bpbbpbbbbpbp,2026-01-26 10:57:32,ppbbbbbbbppbpbbpbbbbpbppbbbbpbbbpbbppbbbpppbpbbbbpb,51
210553,589,12,10,bpbbpbbbbpb,b,bpbbpbbbbpbb,2026-01-26 10:57:32,bbpbpbbpbpbpbbpbbbbpbbbpbpbpbppbbpppbpbppbbppb,46
219626,761,12,31,bpbbpbbbbpb,b,bpbbpbbbbpbb,2026-01-26 10:57:32,bbppppbpbbbpbpbppbbpbbpbppbbpppbpbbpbbbbpbbbppbbbpbb,52
221933,805,12,17,bpbbpbbbbpb,p,bpbbpbbbbpbp,2026-01-26 10:57:32,bpbbbbpppbpbppbpbbpbbpbbbbpbpbppbbpbppp,39
222441,816,12,17,bpbbpbbbbpb,b,bpbbpbbbbpbb,2026-01-26 10:57:32,bbbpbppbbbppbbpppbpbbpbbbbpbbpbbpbppbbbbpbbbppppbbppbbbbp,57
223186,827,12,30,bpbbpbbbbpb,p,bpbbpbbbbpbp,2026-01-26 10:57:32,pbbbpppbbpbppbbbbbbpppbpbbbppbbpbbpbbbbpbpbbb,45
228263,916,12,48,bpbbpbbbbpb,b,bpbbpbbbbpbb,2026-01-26 10:57:32,bppbpbbpbppppbpbpbbbpbbbbbpppbbpppbpbpbbpbbbppbpbpbbpbbbbpbbbb,62
233331,1004,12,38,bpbbpbbbbpb,p,bpbbpbbbbpbp,2026-01-26 10:57:32,bbbpbbbbbbpbbbppbppbbpppppbpppbbppbppbbpbbpbbbbpbppbbbpppbpb,60
233990,1016,12,25,bpbbpbbbbpb,b,bpbbpbbbbpbb,2026-01-26 10:57:32,pbbppbppbppppbppbpbbbbbppbpbbpbbbbpbb,37
237404,1073,12,12,bpbbpbbbbpb,p,bpbbpbbbbpbp,2026-01-26 10:57:32,bbpbpbbbbppbbpbbpbbbbpbpppbppbpbbpbbbbpp,40
237564,1076,12,7,bpbbpbbbbpb,p,bpbbpbbbbpbp,2026-01-26 10:57:32,bbpbbpbbpbbpbbbbpbpbpbbbppbpppbbbpbbpbpbbbpp,44
239073,1103,12,23,bpbbpbbbbpb,b,bpbbpbbbbpbb,2026-01-26 10:57:32,bbbpbpppppbbbbpbpbbbbbbbpbbpbbbbpbbbppppbbp,43
240292,1126,12,27,bpbbpbbbbpb,b,bpbbpbbbbpbb,2026-01-26 10:57:32,pppppppppppbbbbbpppppppbbppbpbbpbbbbpbbp,40
242782,1169,12,51,bpbbpbbbbpb,b,bpbbpbbbbpbb,2026-01-26 10:57:32,pppbbbbpbpbppbbpbpbpbbpbpbppbbpppppppbbpppbpbbpbbppbpbbpbbbbpbbbb,65
247138,1242,12,17,bpbbpbbbbpb,b,bpbbpbbbbpbb,2026-01-26 10:57:33,pbbpppbppbbpbbpbpbpbbpbbbbpbbbbppbppbbbpbbbp,44
247627,1252,12,4,bpbbpbbbbpb,b,bpbbpbbbbpbb,2026-01-26 10:57:33,pbbbbpbbpbbbbpbbbpppbpppbpbbpbbbpbbbpbppppbb,44
248744,1269,12,10,bpbbpbbbbpb,b,bpbbpbbbbpbb,2026-01-26 10:57:33,ppbbbpbbppbpbbpbbbbpbbbbpbppbbppppbpbpbpbpppppbpbbbbbbbbbppppbbpbpbbb,69
254277,1367,12,16,bpbbpbbbbpb,p,bpbbpbbbbpbp,2026-01-26 10:57:33,bppbbpbpbpbbbbbbbpbbpbbbbpbpbpbbppppbbbbpbpbpbpbpppbbpbpbpbbbpp,63
254865,1376,12,33,bpbbpbbbbpb,p,bpbbpbbbbpbp,2026-01-26 10:57:33,bpbbbpbppbbbpbbbbpbppppbpbpbbbbppbpbbpbbbbpbp,45
262392,1503,12,48,bpbbpbbbbpb,b,bpbbpbbbbpbb,2026-01-26 10:57:33,bbbbpbbpppbbpbpbpbbpppppppppbbpbbpbpbbbpbbpppppbbpbbpbbbbpbbp,61
269385,1609,12,15,bpbbpbbbbpb,b,bpbbpbbbbpbb,2026-01-26 10:57:33,bppppbppbpbpbbbbpbbpbbbbpbbpbbbppbbbbbpbpppbbppbbpbbppppbpbbbbbbppp,67
269634,1613,12,14,bpbbpbbbbpb,p,bpbbpbbbbpbp,2026-01-26 10:57:33,bbbppbbbbbbpbbbpbbpbbbbpbpppbbbbbpbpbpbbppbppbpbbbpbb,53
274430,1696,12,14,bpbbpbbbbpb,p,bpbbpbbbbpbp,2026-01-26 10:57:33,bbpppbpbbbbbppbpbbpbbbbpbpbpbbbbpbbpbbppb,41
277669,1753,12,45,bpbbpbbbbpb,b,bpbbpbbbbpbb,2026-01-26 10:57:33,pppbbpppppbbpppbbppbbbbbbbppppbppbpbpppppbbpbbpbbpbbbbpbbbbpb,61
278587,1766,12,32,bpbbpbbbbpb,p,bpbbpbbbbpbp,2026-01-26 10:57:33,pbbbbbbbbbpbbbbbppbbbbbbbpppbpbbbpbbpbbbbpbpbbbbbbpbpp,54
289271,1900,12,17,bpbbpbbbbpb,b,bpbbpbbbbpbb,2026-01-26 13:57:36,bppbpbbpppbppbpppbpbbpbbbbpbbpppbpbbbbbbbbbpppbpbpppbbp,55
291443,1913,12,16,bpbbpbbbbpb,b,bpbbpbbbbpbb,2026-01-26 16:15:11,bpbpbbpbppbbpbppbpbbpbbbbpbbppbbbbppppbbpbpbb,45
291678,1914,12,39,bpbbpbbbbpb,p,bpbbpbbbbpbp,2026-01-26 16:15:26,pppbpppbbppbppbbbpbpbbpbppbpbpbbppbppbpbpbbpbbbbpbpp,52
380869,2054,12,27,bpbbpbbbbpb,p,bpbbpbbbbpbp,2026-01-29 17:47:24,ppbbbppbppbpbbppbpppbppppbpbpbbpbbbbpbppbbpbpbbppbpbppbpbpbpp,61
384167,2074,12,2,bpbbpbbbbpb,b,bpbbpbbbbpbb,2026-01-30 10:15:27,bbbpbbpbbbbpbbbbpbpbppppppbbbpppbpbppbbbpbbbppbpbbbppbpbbbpb,60
398895,2159,12,0,bpbbpbbbbpb,p,bpbbpbbbbpbp,2026-01-31 19:09:49,bpbbpbbbbpbpbpppppppbbppbppppbbbpppbpbbbbbbbpbbppbpbppbppbbbbbbb,64
414037,2241,12,31,bpbbpbbbbpb,p,bpbbpbbbbpbp,2026-02-02 14:37:35,pbpbpbbppppppbbpbpbpbbbbbpppbpbbpbbpbbbbpbpp,44
416060,2253,12,26,bpbbpbbbbpb,b,bpbbpbbbbpbb,2026-02-02 15:04:02,bpbbpbbbbbbbppbbbpbpbbbbbbbpbbpbbbbpbbbbbbbppppppppppb,54
418102,2264,12,18,bpbbpbbbbpb,p,bpbbpbbbbpbp,2026-02-02 15:49:32,pbbbpbbpbppbbbbbppbpbbpbbbbpbpppppbpbbbbppbppbbbbbpbbp,54
428781,2321,12,34,bpbbpbbbbpb,b,bpbbpbbbbpbb,2026-02-04 16:54:34,pbbbbbbbpppbbbbpbppbpbpbbbbpbbppppbpbbpbbbbpbbbpbbbbbbpbbp,58
438274,2374,12,16,bpbbpbbbbpb,p,bpbbpbbbbpbp,2026-02-04 19:43:29,bpbbpbppbbbppppbbpbbpbbbbpbppppppbbpbpbpppbbbbppbbbbb,53
445946,2416,12,28,bpbbpbbbbpb,b,bpbbpbbbbpbb,2026-02-05 15:54:38,pppppbppbppbppppbppbpppbbpbpbpbbpbbbbpbbbpppp,45
446285,2418,12,35,bpbbpbbbbpb,p,bpbbpbbbbpbp,2026-02-05 15:55:18,bbppbbppppbpbpbpbbpbbbbbbppbbbbpbppbpbbpbbbbpbppp,49
451801,2446,12,19,bpbbpbbbbpb,p,bpbbpbbbbpbp,2026-02-06 10:38:30,pppppbbbbpppppbbpbpbpbbpbbbbpbpbbppbpppppbbpppb,47
454762,2462,12,39,bpbbpbbbbpb,p,bpbbpbbbbpbp,2026-02-06 11:01:53,pbpppppbbbppbbbpbppbbbpbppbbpbbppbppbbbbpbbpbbbbpbpbpppbbppb,60
474586,2569,12,26,bpbbpbbbbpb,b,bpbbpbbbbpbb,2026-02-10 16:55:17,bbpppbpbpppppbppbbpppbppbbbpbbpbbbbpbbb,39
475001,2571,12,19,bpbbpbbbbpb,p,bpbbpbbbbpbp,2026-02-10 17:24:40,bbpbpbbbppbppbbbbbpbpbbpbbbbpbpbbpbpbbbbpbbpppbpbbbpbpbb,56
476336,2578,12,45,bpbbpbbbbpb,b,bpbbpbbbbpbb,2026-02-10 18:14:56,bbpbbppppbpppbpppbbpbpbbpbbppbbppbbppbbppbbppbpbbpbbbbpbbbbbpb,62
477356,2584,12,22,bpbbpbbbbpb,b,bpbbpbbbbpbb,2026-02-10 18:17:17,pbpbbppbppbbbbpppbbpbbbpbbpbbbbpbbppbpppppppppbbbpbppbppbbppb,61
480600,2606,12,29,bpbbpbbbbpb,b,bpbbpbbbbpbb,2026-02-10 19:35:35,pbbbppbpbbbpbpbpbbbppbppbppbbbpbbpbbbbpbbpppbpbpbpbpbbppp,57
493276,2683,12,1,bpbbpbbbbpb,b,bpbbpbbbbpbb,2026-02-11 15:29:45,pbpbbpbbbbpbbbpbpbbbppbpppppppbbpbbppbbpppbbbbpp,48
497499,2710,12,37,bpbbpbbbbpb,b,bpbbpbbbbpbb,2026-02-11 20:59:18,bbppbppbpbpbpbpppbbpbpbbbppbbbbpppbbbbpbbpbbbbpbbp,50
502492,2738,12,29,bpbbpbbbbpb,b,bpbbpbbbbpbb,2026-02-12 08:46:30,bbbbpbbbpbbbppppbbbbpbppbbpbpbpbbpbbbbpbbbbpppppbbbbb,53
502821,2740,12,29,bpbbpbbbbpb,b,bpbbpbbbbpbb,2026-02-12 08:47:22,bbbbpbbbpbbbppppbbbbpbppbbpbpbpbbpbbbbpbbbbpppppbbbbbb,54
518901,2831,12,38,bpbbpbbbbpb,p,bpbbpbbbbpbp,2026-02-13 12:09:14,bppbpbbbbbbbbbbbppppppbbpbbpbpbbppbpbpbpbbpbbbbpbpbbp,53
521393,2844,12,30,bpbbpbbbbpb,p,bpbbpbbbbpbp,2026-02-13 12:48:30,bbpbpppppbbpbbpbbpbpbpbppppbbbbpbbpbbbbpbpbpbbppbppppbbbbb,58
521766,2846,12,20,bpbbpbbbbpb,b,bpbbpbbbbpbb,2026-02-13 12:49:21,bppbppbppbpbbpbppbbpbpbbpbbbbpbbbbbbpbbbppbbbbbpppppbppb,56
524315,2860,12,34,bpbbpbbbbpb,b,bpbbpbbbbpbb,2026-02-13 14:19:18,bbppbbbpppbbbbbpbbbpbbbpppbpbpbbppbpbbpbbbbpbbbpbbpbpbpbbpbbbp,62
546588,2985,12,22,bpbbpbbbbpb,b,bpbbpbbbbpbb,2026-02-14 15:26:16,pppppbppbbpbbpbbppppbbbpbbpbbbbpbbbpppbpppbbbppbbbbpbbppbppppb,62
555310,3035,12,32,bpbbpbbbbpb,p,bpbbpbbbbpbp,2026-02-15 20:21:10,ppbbpbpbpppbpbpppbpppbppbbpbbbppbpbbpbbbbpbpppbpbpbb,52
566202,3093,12,15,bpbbpbbbbpb,b,bpbbpbbbbpbb,2026-02-17 16:18:30,bbbpbpppbpbbbppbpbbpbbbbpbbppbpbbpbpppbbbppppbppbbbbbpbpbpppbpp,63
570203,3114,12,13,bpbbpbbbbpb,b,bpbbpbbbbpbb,2026-02-17 17:21:48,pppbppbbpbpbpbpbbpbbbbpbbbbpbpbpbbpbbppbpbbpbpbbbpbpbpbbbbpp,60
571023,3118,12,11,bpbbpbbbbpb,b,bpbbpbbbbpbb,2026-02-17 17:23:48,pbbbppppbpbbpbbpbbbbpbbppbpbpbbbppbbpbpppbpbbbbbbppbpbbpbpppb,61
595246,3264,12,44,bpbbpbbbbpb,p,bpbbpbbbbpbp,2026-02-20 15:32:25,bppbbpbbbppbbbpbppppbbpbbpppbbpppbbppbbpbbbbbpbbpbbbbpbp,56
595954,3270,12,14,bpbbpbbbbpb,p,bpbbpbbbbpbp,2026-02-20 15:57:48,pppbbpbbbpppbbbpbbpbbbbpbppbbppbbppppbpppbbbbpbpbpbb,52
599242,3289,12,5,bpbbpbbbbpb,p,bpbbpbbbbpbp,2026-02-21 10:13:32,bbbbpbpbbpbbbbpbpbbbppppbbbbpppbpbbbbbbppppbbpbbppbp,52
618907,3427,12,25,bpbbpbbbbpb,p,bpbbpbbbbpbp,2026-02-22 10:33:34,bpppbbpbppppbbbbbppbbbppbbpbbpbbbbpbpbbpbbpbpbbpbbbbppbpppbbbpbbp,65
628983,3487,12,36,bpbbpbbbbpb,p,bpbbpbbbbpbp,2026-02-22 20:23:07,ppbbpbbppbbppbbpbbbbbbbbppbpbppppbbbbpbbpbbbbpbpppppb,53
630039,3493,12,27,bpbbpbbbbpb,p,bpbbpbbbbpbp,2026-02-22 20:48:07,pppppbpbpbpbbppbppbbbbbpbppbpbbpbbbbpbpbbpppbbpbppbpbpbp,56
635268,3523,12,13,bpbbpbbbbpb,p,bpbbpbbbbpbp,2026-02-23 10:24:10,bpppbpbbpbbbbbpbbpbbbbpbpppbpbppppbpbbppbbbbbppp,48
644366,3578,12,51,bpbbpbbbbpb,b,bpbbpbbbbpbb,2026-02-23 13:44:55,bbpbpbbpppbpbppbppbbppbbpbpbpppbbppbppppbppbbbbbbpbbpbbpbbbbpbb,63
647066,3595,12,40,bpbbpbbbbpb,b,bpbbpbbbbpbb,2026-02-23 14:55:49,pbppbbpbppbppbpppbpbppppppbbppbbbpppppbpbpbbpbbbbpbbpb,54
654295,3635,12,6,bpbbpbbbbpb,b,bpbbpbbbbpbb,2026-02-24 11:13:53,ppbpbbbpbbpbbbbpbbppppbpbbbbbbpppbbpbpbbb,41
669645,3722,12,23,bpbbpbbbbpb,b,bpbbpbbbbpbb,2026-02-25 09:46:30,pbbpbbppppbpbbppbpbbppbbpbbpbbbbpbbbbpbbpppbbpppppbp,52
678177,3776,12,43,bpbbpbbbbpb,b,bpbbpbbbbpbb,2026-02-25 18:03:27,ppppbbpbbppbpbbppbppbpppbbbpbbbbbpbpbpppbppbpbbpbbbbpbbpbppp,60
684446,3814,12,0,bpbbpbbbbpb,p,bpbbpbbbbpbp,2026-02-25 20:08:15,bpbbpbbbbpbpbbppppbpppbpbbbpppbpbpbbpbbbppppbpppppbpbpbbbbbb,60
685296,3819,12,34,bpbbpbbbbpb,b,bpbbpbbbbpbb,2026-02-25 20:10:25,bpbbpppbbbbbbpppbbbbpbppbpbppbppbpbpbbpbbbbpbbbbpbpbp,53
689248,3841,12,35,bpbbpbbbbpb,p,bpbbpbbbbpbp,2026-02-25 21:48:23,pbbbppppbbpbbbpbppbbbbbpbbbpbbbpbppbpbbpbbbbpbpbpbbpb,53
702416,3916,12,25,bpbbpbbbbpb,b,bpbbpbbbbpbb,2026-03-01 15:45:38,pbppppbbbbpbppbbbbpbpppbpbpbbpbbbbpbbbpbbbbbbbbbpppbppbpbpp,59
705279,3932,12,5,bpbbpbbbbpb,b,bpbbpbbbbpbb,2026-03-01 18:44:53,bbbpbbpbbpbbbbpbbpbbpbpppppbbbbbppppbbbbbbppppppppbbbp,54
708868,3952,12,49,bpbbpbbbbpb,b,bpbbpbbbbpbb,2026-03-01 19:28:48,bbpbbpbpppbpppbpppbbpbbbbpbbppbbppbpbpbpppppbppppbpbbpbbbbpbbbpbpbpbp,69
709858,3958,12,24,bpbbpbbbbpb,b,bpbbpbbbbpbb,2026-03-01 20:18:41,ppbpbpppbbbpbbbppbbbbpppbpbbpbbbbpbbbbbpppbpbbpbppbbbbbppbppbpbpp,65
721905,4031,12,10,bpbbpbbbbpb,b,bpbbpbbbbpbb,2026-03-03 13:41:33,pbbbpbbbbpbpbbpbbbbpbbpbppppppbpbpbbbpppbbbpbppbbbbbpppp,56
737245,4116,12,18,bpbbpbbbbpb,b,bpbbpbbbbpbb,2026-03-04 11:17:11,pbbppbpbbpbbbbppbbbpbbpbbbbpbbbbbppbbbbpbbppbbbbppbbbpbbpbppbp,62
746060,4170,12,31,bpbbpbbbbpb,b,bpbbpbbbbpbb,2026-03-05 13:25:21,bppppbpbppbbppppbpbbpppbbpbpbpbbpbbpbbbbpbbbpbbpbbbpbbpppb,58
760335,4255,12,9,bpbbpbbbbpb,p,bpbbpbbbbpbp,2026-03-05 22:20:50,bbpbbppbpbpbbpbbbbpbpbpbbbbbbbbpbbbpppppbpppbbbbbppbppbppppp,60
773175,4330,12,38,bpbbpbbbbpb,p,bpbbpbbbbpbp,2026-03-09 19:07:13,bpppppppbppbbbbpbpppbpbppppbbpbbpbpbbpbpbbpbbbbpbpbbbbb,55
780704,4373,12,10,bpbbpbbbbpb,p,bpbbpbbbbpbp,2026-03-11 19:45:12,pbpbppbbpbbpbbpbbbbpbpbbbbbpbbbbppppbbpbppbbpbppbbpp,52
783784,4392,12,23,bpbbpbbbbpb,b,bpbbpbbbbpbb,2026-03-11 20:10:29,ppppbpbbbpppbbppbpbpppbbpbbpbbbbpbbbbbpppbppbbppbpbppbpp,56
784975,4400,12,3,bpbbpbbbbpb,p,bpbbpbbbbpbp,2026-03-15 12:55:21,bpbbpbbpbbbbpbpbbbpbbpbppbbbppppppppbbbpbpbbbpbbpbpbpbpppbbpb,61
800201,4485,12,6,bpbbpbbbbpb,b,bpbbpbbbbpbb,2026-03-17 20:16:36,pppppbbpbbpbbbbpbbpbpbpbpppbpppbppbpbppppbpbbbpbpbpppbpppppb,60
811166,4554,12,8,bpbbpbbbbpb,b,bpbbpbbbbpbb,2026-03-18 14:17:24,bpbbbbbpbpbbpbbbbpbbpppbbbbppbpppbbpbbpbbbbbb,45
815981,4583,12,24,bpbbpbbbbpb,b,bpbbpbbbbpbb,2026-03-18 15:46:53,bbpbpbbbbbpppppppbbbpbpbbpbbpbbbbpbbpppppbbbppbpppppbpbppbpbbbbbpbpbb,69
832699,4685,12,7,bpbbpbbbbpb,p,bpbbpbbbbpbp,2026-04-12 15:54:50,bppppbbbpbbpbbbbpbpppbpbbppppppbpbpppbpppbbbbpbpbppbbbbbpbppbbbpb,65
840243,4733,12,9,bpbbpbbbbpb,p,bpbbpbbbbpbp,2026-04-21 06:34:35,bpbpbbpbpbpbbpbbbbpbpppbppbpbbbpb,33
845650,4763,12,19,bpbbpbbbbpb,b,bpbbpbbbbpbb,2026-04-23 13:57:42,bbppbbpbbppbbpbbbpbbpbbpbbbbpbbbpbbpppbbbpbbppp,47
849165,4782,12,7,bpbbpbbbbpb,p,bpbbpbbbbpbp,2026-04-23 15:30:40,bbpbbbbbpbbpbbbbpbppbppbpppbbbbpbbbpppppbbbppbpppbpbb,53
849427,4784,12,24,bpbbpbbbbpb,p,bpbbpbbbbpbp,2026-04-23 15:31:56,bppbpppbpbppppppbbbbbbbbbpbbpbbbbpbpbpbbpbbppb,46
851751,4798,12,26,bpbbpbbbbpb,p,bpbbpbbbbpbp,2026-04-23 17:46:49,bpbbbbpppppbbbbpbpppbpbbbpbpbbpbbbbpbpppbpbbpppbbpbbppbpb,57
852402,4802,12,2,bpbbpbbbbpb,b,bpbbpbbbbpbb,2026-04-23 17:49:19,ppbpbbpbbbbpbbbpbbbpbpppbbpppbbbbbppbbpbbpbp,44
855577,4822,12,21,bpbbpbbbbpb,b,bpbbpbbbbpbb,2026-04-23 18:59:36,bbbbpbbbppbbpbbppppppbpbbpbbbbpbbbbpppbbbpbpbpbbpbbpbbbbppp,59
857160,4831,12,5,bpbbpbbbbpb,b,bpbbpbbbbpbb,2026-04-23 19:32:31,bbppbbpbbpbbbbpbbbpbppbppbpbbbppbbpbbpbpbp,42
866440,4887,12,5,bpbbpbbbbpb,p,bpbbpbbbbpbp,2026-04-30 15:36:49,bpbbpbpbbpbbbbpbppbppbbbbppbbb,30
876664,4950,12,14,bpbbpbbbbpb,p,bpbbpbbbbpbp,2026-05-04 11:15:41,pppbbbbbbpbbbpbpbbpbbbbpbppbbpbppbbbbpbbbb,42
885474,5001,12,21,bpbbpbbbbpb,p,bpbbpbbbbpbp,2026-05-04 17:40:31,bpbppppbbpbbppbbppppbbpbbpbbbbpbpbpbbbbpppbpbpbppbppppbbppp,59
888453,5016,12,28,bpbbpbbbbpb,p,bpbbpbbbbpbp,2026-05-14 07:17:56,pbppbbpbpbbpbbbpbbbbbbbbbppbbpbbpbbbbpbpppbpppbp,48
890920,5030,12,3,bpbbpbbbbpb,p,bpbbpbbbbpbp,2026-05-14 08:10:28,bbbbpbbpbbbbpbpbbbpbbbpbpbbbbpppbppbpbppbpbbbpbbpb,50
897389,5066,12,36,bpbbpbbbbpb,b,bpbbpbbbbpbb,2026-05-22 05:10:05,bpbpbpbpbppbbpbbppbbpppbbpbpbpbpppbpbpbbpbbbbpbbpbbbbb,54
915623,5174,12,3,bpbbpbbbbpb,b,bpbbpbbbbpbb,2026-05-27 11:14:33,bbbbpbbpbbbbpbbbpbpbpppbppbbppbbbbppppbpbpppppppppbbppppbpbppb,62
916511,5179,12,27,bpbbpbbbbpb,p,bpbbpbbbbpbp,2026-05-28 09:58:37,pbbppbbbbppbbpbpppppbppbbpbbpbbpbbbbpbppbppbbbpbpppbppbbbpppbb,62
935347,5292,12,14,bpbbpbbbbpb,p,bpbbpbbbbpbp,2026-06-05 20:12:46,ppppbppbbbpbpbbpbbpbbbbpbpbbbpppbbbpp,37
937784,5308,12,0,bpbbpbbbbpb,p,bpbbpbbbbpbp,2026-06-06 13:55:08,bpbbpbbbbpbpbpbppbpppppppbppbpbpbpbbbpbbp,41
939490,5318,12,43,bpbbpbbbbpb,b,bpbbpbbbbpbb,2026-06-06 14:24:06,ppbpbbpbpbbbpbbbbbbpbbbpbpbpbbpbpbpbppbbpbpbpbbpbbbbpbbbbbpb,60
949202,5376,12,8,bpbbpbbbbpb,p,bpbbpbbbbpbp,2026-06-10 15:17:34,pbpppbpbbpbbpbbbbpbppppbppbppbpbbbbbpbbpbbpbpbbbbbpppbpbpppppbpp,64
950025,5382,12,3,bpbbpbbbbpb,p,bpbbpbbbbpbp,2026-06-10 15:26:15,ppbbpbbpbbbbpbpbbpbbpbpppppbbbppbpbbbbpbppb,43
957054,5425,12,19,bpbbpbbbbpb,b,bpbbpbbbbpbb,2026-06-18 09:11:05,ppppbpppppbbpbbbbppbpbbpbbbbpbbpbbppppbb,40
967389,5481,12,1,bpbbpbbbbpb,b,bpbbpbbbbpbb,2026-06-20 11:46:56,bbpbbpbbbbpbbppbbbpppbpbpbbpbbpppbbbbpppbpbppbppbbbbpbbbbppbb,61
972994,5513,12,30,bpbbpbbbbpb,b,bpbbpbbbbpbb,2026-06-21 11:12:34,bbbbbppbpbbbbpbpbbpbpbppppbpbbbpbbpbbbbpbbpbbbbpbppbpbpp,56
972998,5513,12,38,bpbbpbbbbpb,p,bpbbpbbbbpbp,2026-06-21 11:12:34,bbbbbppbpbbbbpbpbbpbpbppppbpbbbpbbpbbbbpbbpbbbbpbppbpbpp,56
186475,46,12,6,bpbbpbbbbpp,b,bpbbpbbbbppb,2026-01-26 10:57:31,bbpbpbbpbbpbbbbppbpp,20
186653,54,12,10,bpbbpbbbbpp,p,bpbbpbbbbppp,2026-01-26 10:57:31,bbbpbbppbbbpbbpbbbbpppb,23
191045,232,12,46,bpbbpbbbbpp,p,bpbbpbbbbppp,2026-01-26 10:57:31,pbppbbpbpbbbpppbbpbbppbppbbpbbbbpbpbbbppppbpbbbpbbpbbbbpppbpb,61
191331,238,12,5,bpbbpbbbbpp,p,bpbbpbbbbppp,2026-01-26 10:57:31,pppppbpbbpbbbbppppbbppbbbpppppbpbp,34
203387,454,12,20,bpbbpbbbbpp,p,bpbbpbbbbppp,2026-01-26 10:57:31,bpppbbpbpppppbbbpppbbpbbpbbbbpppbppppbbpbbpppbppbpbbpbpppp,58
207448,533,12,41,bpbbpbbbbpp,p,bpbbpbbbbppp,2026-01-26 10:57:32,ppppbbbbpbpbbpbpppbbppbpbbpppbpbppbppbppbbpbbpbbbbppppbppppbbbbbpp,66
210004,579,12,39,bpbbpbbbbpp,b,bpbbpbbbbppb,2026-01-26 10:57:32,pbppppppbppppbbbppbbbbpbbbbbbbpbpbpbppbbpbbpbbbbppbppbb,55
210883,594,12,41,bpbbpbbbbpp,b,bpbbpbbbbppb,2026-01-26 10:57:32,pbppbbppbpppppbbpppbpbbbpbbpbbppppppbbbppbpbbpbbbbppbbbpbpbbb,61
212377,620,12,25,bpbbpbbbbpp,b,bpbbpbbbbppb,2026-01-26 10:57:32,bpbppbbppbbbbbpbbpppppbppbpbbpbbbbppbpbpbpppbbbpppbbbbpbpppbbppbppp,67
212480,621,12,32,bpbbpbbbbpp,b,bpbbpbbbbppb,2026-01-26 10:57:32,pbpbbppbpbbbppbpppbbpbpbbbppbpbpbpbbpbbbbppbbpppbbpbbpppbpbpbppbb,65
215717,686,12,11,bpbbpbbbbpp,b,bpbbpbbbbppb,2026-01-26 10:57:32,pppbbbppppbbpbbpbbbbppbpppbbbbbbbbpppbbppbbbbppbbpbbpppppbbpbbp,63
219154,752,12,8,bpbbpbbbbpp,p,bpbbpbbbbppp,2026-01-26 10:57:32,bbbppbpbbpbbpbbbbpppbpbbppbppbbppbpbbbpppbpbpbbbbbpbbbbbbp,58
223123,826,12,16,bpbbpbbbbpp,b,bpbbpbbbbppb,2026-01-26 10:57:32,pbbppbbbbbbbpppbbpbbpbbbbppbpppppppbppppppppbppbpbbbppbbppppbbppp,65
228869,927,12,48,bpbbpbbbbpp,p,bpbbpbbbbppp,2026-01-26 10:57:32,ppppbbbbpbbbppbbbbppbbbbbbbppbbpppbbppbbbpbbppbbbpbbpbbbbppppp,62
230895,961,12,27,bpbbpbbbbpp,p,bpbbpbbbbppp,2026-01-26 10:57:32,ppbppppbpbbbpbpbpbppbbppbbbbpbbpbbbbpppppbbpppppbpbppb,54
234434,1023,12,20,bpbbpbbbbpp,p,bpbbpbbbbppp,2026-01-26 10:57:32,pppbbpbbbbpbpbppbbbbbpbbpbbbbpppbbbbbpbbppppbppbbbbbpbbpbbpppbbbpp,66
234962,1030,12,1,bpbbpbbbbpp,p,bpbbpbbbbppp,2026-01-26 10:57:32,pbpbbpbbbbpppbbbbppppbppbppppbpppbppb,37
235866,1046,12,29,bpbbpbbbbpp,p,bpbbpbbbbppp,2026-01-26 10:57:32,pbbpppppbbbbbpbppbpbbpppbbpbbbpbbpbbbbpppbbpbpbppbbpbbppbbbppb,62
236286,1053,12,23,bpbbpbbbbpp,b,bpbbpbbbbppb,2026-01-26 10:57:32,bpbpbppbpppbpbbbpppbbbbbpbbpbbbbppbpbbppbbpppbbbp,49
236425,1056,12,32,bpbbpbbbbpp,b,bpbbpbbbbppb,2026-01-26 10:57:32,bpbpbppbbpbpbbpppppbppppppbpppbpbpbbpbbbbppbb,45
237278,1071,12,16,bpbbpbbbbpp,b,bpbbpbbbbppb,2026-01-26 10:57:32,bppbbbbbbppbbpppbpbbpbbbbppbbppppppbbbpbpppbbbppbppppbpbpb,58
240431,1129,12,34,bpbbpbbbbpp,p,bpbbpbbbbppp,2026-01-26 10:57:32,bpppbpbbbpbbpbpbppbbbbbppppppbpbpbbpbbpbbbbpppbpppppp,53
245358,1213,12,0,bpbbpbbbbpp,b,bpbbpbbbbppb,2026-01-26 10:57:33,bpbbpbbbbppbbbppbbppppbpbbppbpbbbpbpppbbbpbp,44
245678,1218,12,22,bpbbpbbbbpp,p,bpbbpbbbbppp,2026-01-26 10:57:33,bbbbppppbppbppppppbbpbbpbbpbbbbpppbpbppppbbbbbpbbppppbpbbppbbpbppbb,67
246615,1234,12,19,bpbbpbbbbpp,p,bpbbpbbbbppp,2026-01-26 10:57:33,bpbpbbpppbpbpbbbpbpbpbbpbbbbpppbbppbbbpbbpbpbppbpbpbbbpbbppbbpppbb,66
247471,1249,12,11,bpbbpbbbbpp,b,bpbbpbbbbppb,2026-01-26 10:57:33,pbbpbbpbbppbpbbpbbbbppbbpppbbpbppbpbbpppbpbppbppbb,50
248882,1271,12,21,bpbbpbbbbpp,p,bpbbpbbbbppp,2026-01-26 10:57:33,bppbbpbpppbpbbpbpbppbbpbbpbbbbpppppppbbpbbbpbbpbbbpb,52
249540,1284,12,4,bpbbpbbbbpp,p,bpbbpbbbbppp,2026-01-26 10:57:33,ppppbpbbpbbbbppppbpbbbppppbpbbppppbbpppbpppbbbbbbbpbppbbbbpppp,62
251103,1311,12,39,bpbbpbbbbpp,p,bpbbpbbbbppp,2026-01-26 10:57:33,bppbpbbpbppbbbbbbbbbpbbbbbpppbbbpbbbpbpbpbbpbbbbpppppbp,55
253962,1362,12,23,bpbbpbbbbpp,p,bpbbpbbbbppp,2026-01-26 10:57:33,ppppbpbbpbpbbppppbpppbbbpbbpbbbbppppbpppppbbbbbp,48
255104,1380,12,14,bpbbpbbbbpp,b,bpbbpbbbbppb,2026-01-26 10:57:33,pppbbpbpbpbpbbbpbbpbbbbppbbbppbpbppbbppbbb,42
256486,1404,12,28,bpbbpbbbbpp,p,bpbbpbbbbppp,2026-01-26 10:57:33,bppppppbbbbbbbppppppppbbpbbpbpbbpbbbbpppppbbbbbpbbbbbbbp,56
258073,1429,12,23,bpbbpbbbbpp,p,bpbbpbbbbppp,2026-01-26 10:57:33,bbpbppbbbpbbpbpbbpbppppbpbbpbbbbppppbbbpbpbppbpbppppppp,55
265714,1554,12,17,bpbbpbbbbpp,b,bpbbpbbbbppb,2026-01-26 10:57:33,pbpbpppbbbbbppbpbbpbbpbbbbppbpbpbpbbpbbpbbpbpb,46
272260,1656,12,37,bpbbpbbbbpp,b,bpbbpbbbbppb,2026-01-26 10:57:33,bpppbppbbpbbpbbpbpppbpbbbpbppbppbpbbbbpbbpbbbbppbppbbbbpp,57
272609,1662,12,0,bpbbpbbbbpp,b,bpbbpbbbbppb,2026-01-26 10:57:33,bpbbpbbbbppbbpbpbpbppppbbpbbbpbpbbpppbb,39
274602,1699,12,44,bpbbpbbbbpp,b,bpbbpbbbbppb,2026-01-26 10:57:33,pbbbbbppbbpppbpppppbpbbbppppbppppppppppbpppbbpbbpbbbbppbbppbppbpppbp,68
276465,1732,12,6,bpbbpbbbbpp,b,bpbbpbbbbppb,2026-01-26 10:57:33,pbbbppbpbbpbbbbppbbpbpbbpbpbpbppppp,35
276674,1736,12,6,bpbbpbbbbpp,b,bpbbpbbbbppb,2026-01-26 10:57:33,pbbbppbpbbpbbbbppbbpbpbbpbpbpbpppppbbpb,39
280993,1804,12,21,bpbbpbbbbpp,p,bpbbpbbbbppp,2026-01-26 10:57:33,bbbppbpppbpbbpbbppbpbbpbbpbbbbppppbpbbbbpbpbppbpbppbp,53
281494,1812,12,26,bpbbpbbbbpp,p,bpbbpbbbbppp,2026-01-26 10:57:33,bpppbbpppbbbbbbbppbppbbpppbpbbpbbbbpppbp,40
363844,1958,12,24,bpbbpbbbbpp,b,bpbbpbbbbppb,2026-01-27 13:37:21,pbpbbpbpbpbppppbppbpbpbpbpbbpbbbbppbpbbbppppbbpbbbbpppbppbpbpb,62
364908,1963,12,22,bpbbpbbbbpp,b,bpbbpbbbbppb,2026-01-27 14:35:09,bppbpbbbppbppbbbbppbbpbpbbpbbbbppbbppbpppbpppbbppppppbbbpbbpppp,63
368780,1986,12,8,bpbbpbbbbpp,b,bpbbpbbbbppb,2026-01-27 17:10:51,bpbbbpbpbpbbpbbbbppbpbppbbppbppbbpbbbbpppppbbbbbp,49
369740,1991,12,31,bpbbpbbbbpp,p,bpbbpbbbbppp,2026-01-27 17:12:25,pbbbppbppbppbpbbpbbpbpbbbpppbbpbpbbpbbbbpppbpbpbbpbpbbbpbpbpbpppbp,66
373087,2009,12,48,bpbbpbbbbpp,b,bpbbpbbbbppb,2026-01-29 10:58:26,pbpbpbppppbbbbppppbpbpbpbbppbppbbbpbbbpbbpbppbbbbpbbpbbbbppbpbppp,65
374211,2015,12,31,bpbbpbbbbpp,p,bpbbpbbbbppp,2026-01-29 11:00:08,bbbbbpbpbbppbbppbpbppbbpppbbpbpbpbbpbbbbppppppbbppb,51
382930,2065,12,9,bpbbpbbbbpp,p,bpbbpbbbbppp,2026-01-30 10:11:44,bbbbpbpppbpbbpbbbbppppbpbbbbppbppbbbppbppbpbpb,46
389780,2107,12,21,bpbbpbbbbpp,b,bpbbpbbbbppb,2026-01-31 06:08:09,pbpppbppbpbbppbbbbpbpbpbbpbbbbppbpbbpbppbbpbbbbbbbpbpppbbpbbbp,62
392002,2119,12,18,bpbbpbbbbpp,p,bpbbpbbbbppp,2026-01-31 06:32:33,pbpbbppbpbbbpbpbpbbpbbpbbbbpppbbppbbbbpbpppppppbbpppppbbpbppppbppbppp,69
411387,2227,12,22,bpbbpbbbbpp,b,bpbbpbbbbppb,2026-02-02 14:32:52,bpbbpppppbbbbbbppppbbbbpbbpbbbbppbppbpbbpbpbp,45
413864,2240,12,18,bpbbpbbbbpp,p,bpbbpbbbbppp,2026-02-02 14:37:11,bbpbpppbppbppbppbbbpbbpbbbbpppbppbbpbbpbpppbppbbp,49
417930,2263,12,36,bpbbpbbbbpp,p,bpbbpbbbbppp,2026-02-02 15:47:00,bbbpppbpbbppppbbbbpppppppbbppbbpbbpbbpbbpbbbbpppbp,50
423205,2291,12,26,bpbbpbbbbpp,b,bpbbpbbbbppb,2026-02-03 10:25:36,ppbppbbpbpbpbpbbbbbppbbbbpbpbbpbbbbppbbpbpbbbpppbbbbbbbbpbpbbppbbbbpbbpb,72
468328,2535,12,36,bpbbpbbbbpp,b,bpbbpbbbbppb,2026-02-09 15:29:47,pppbbppbbpbbppbbppbppbbbbbbbbpbbppppbpbbpbbbbppbbbpp,52
470366,2545,12,6,bpbbpbbbbpp,p,bpbbpbbbbppp,2026-02-09 15:52:31,ppbppbbpbbpbbbbpppbpbbbppbpbbbbbbppbpbbbbbpbbbpppppbbbbbbpbbpbp,63
483999,2625,12,13,bpbbpbbbbpp,p,bpbbpbbbbppp,2026-02-11 11:04:50,ppbbbppbpppppbpbbpbbbbpppbpb,28
485738,2635,12,31,bpbbpbbbbpp,b,bpbbpbbbbppb,2026-02-11 11:09:38,bppbbbbbpppbpbppbppbppbpbppbbppbpbbpbbbbppbbpppbpbbpbpbpbbbpbbbbbpp,67
485931,2636,12,7,bpbbpbbbbpp,p,bpbbpbbbbppp,2026-02-11 11:10:09,ppbbbpbbpbbpbbbbpppbppbbpbppbpbpbbppbbbbpbbppbbpbppb,52
500412,2725,12,16,bpbbpbbbbpp,b,bpbbpbbbbppb,2026-02-11 21:27:45,pbppbpbpppbpppbpbpbbpbbbbppbpppbppbb,36
505456,2754,12,39,bpbbpbbbbpp,p,bpbbpbbbbppp,2026-02-12 09:10:12,bbppbbbbppbpbppbpbbbpbbpbbpbbbbbppbbpppbpbbpbbbbpppppbp,55
507033,2763,12,33,bpbbpbbbbpp,b,bpbbpbbbbppb,2026-02-12 09:42:02,ppppbppbppbbpbpbpbbbpppbpppppppppbpbbpbbbbppbbpbppppppbbpbpbb,61
511623,2790,12,6,bpbbpbbbbpp,b,bpbbpbbbbppb,2026-02-12 14:38:40,bbpbppbpbbpbbbbppbbbbbbppbpbbpbpppppbpppbb,42
514659,2807,12,0,bpbbpbbbbpp,b,bpbbpbbbbppb,2026-02-12 15:52:49,bpbbpbbbbppbbbbbbppbpbppbbbpbbbbbbpbppbpppbpppbpbpb,51
515953,2814,12,35,bpbbpbbbbpp,p,bpbbpbbbbppp,2026-02-12 15:55:47,ppppbbppppbpbpbbpppbpbbpbpbppbpbppbbpbbpbbbbpppb,48
525960,2869,12,44,bpbbpbbbbpp,b,bpbbpbbbbppb,2026-02-13 15:02:30,bbppppbbbpbpbppbbbppbbpbbbpbbpbbpbpbppbppbbbbpbbpbbbbppbpbbbbp,62
531985,2902,12,27,bpbbpbbbbpp,p,bpbbpbbbbppp,2026-02-13 17:17:25,pbppbbbbppbpbbppppbppbbpbbbbpbbpbbbbpppbpppbbb,46
533429,2911,12,39,bpbbpbbbbpp,p,bpbbpbbbbppp,2026-02-13 17:51:15,ppbpbbbbpbbbbbpbbbbbbpppbppbpbbppppbbpbbpbbpbbbbpppbppbbbppp,60
534881,2918,12,18,bpbbpbbbbpp,p,bpbbpbbbbppp,2026-02-13 19:22:36,bbbpbbpppbbpbpbbpbbpbbpbbbbppppbbbbbpbpbpbpbbpbpbpppbbpbbbbbbpbb,64
542836,2963,12,25,bpbbpbbbbpp,p,bpbbpbbbbppp,2026-02-14 11:02:49,ppbpbpbbpbbpbbbbbbbpbbbbbbpbbpbbbbppppbppbppppbpppp,51
552165,3019,12,10,bpbbpbbbbpp,b,bpbbpbbbbppb,2026-02-14 16:50:39,pbbppbppppbpbbpbbbbppbpbbbbpbpbbbbbpbpbbbbpbpbppbp,50
559338,3057,12,3,bpbbpbbbbpp,b,bpbbpbbbbppb,2026-02-17 14:31:54,pppbpbbpbbbbppbbbbbbbpbbbpbpbpbbbbpbpbbbbbbpbpppbpbbbbpbppbp,60
559738,3059,12,6,bpbbpbbbbpp,p,bpbbpbbbbppp,2026-02-17 14:32:48,bpppbpbpbbpbbbbpppbbpbbbpbbbbbpbbbpbpppbbbppppbpbbpppbpbbbpp,60
569211,3109,12,22,bpbbpbbbbpp,p,bpbbpbbbbppp,2026-02-17 17:18:47,bpbppbpbbbbbbpbppbpbbpbpbbpbbbbppppbpbpbbppppbpbp,49
580026,3172,12,6,bpbbpbbbbpp,p,bpbbpbbbbppp,2026-02-19 11:06:48,bbpbppbpbbpbbbbpppppbpbpbppbbbpppbppppbb,40
584214,3194,12,29,bpbbpbbbbpp,p,bpbbpbbbbppp,2026-02-20 10:40:28,bbpbbpbpppbbbpbpbpbppbbppbpppbpbbpbbbbpppbbppbppppbpbpbppbbbbbbpp,65
586321,3205,12,26,bpbbpbbbbpp,p,bpbbpbbbbppp,2026-02-20 11:06:45,bpbbpbbpppbpbbpppbbbpppbbpbpbbpbbbbpppbbbpbbppbpbpbpp,53
600467,3298,12,5,bpbbpbbbbpp,b,bpbbpbbbbppb,2026-02-21 10:35:40,bpbbbbpbbpbbbbppbbbpbpbpppbpbbppbpbbbbbbbppbpbbpbppppbbbb,57
607090,3342,12,48,bpbbpbbbbpp,b,bpbbpbbbbppb,2026-02-21 13:52:32,bbbbpbbpbpppbppbbppbpbpbppppbpppppbbbbbbppbbbbppbpbbpbbbbppbpbp,63
609641,3361,12,17,bpbbpbbbbpp,b,bpbbpbbbbppb,2026-02-21 14:29:34,bbpbpbbppbbbbbpbbbpbbpbbbbppbppbbbpbbpbpbpbb,44
615328,3403,12,8,bpbbpbbbbpp,b,bpbbpbbbbppb,2026-02-22 09:42:40,bpppppbbbpbbpbbbbppb,20
618919,3427,12,43,bpbbpbbbbpp,b,bpbbpbbbbppb,2026-02-22 10:33:34,bpppbbpbppppbbbbbppbbbppbbpbbpbbbbpbpbbpbbpbpbbpbbbbppbpppbbbpbbp,65
625077,3467,12,19,bpbbpbbbbpp,b,bpbbpbbbbppb,2026-02-22 18:22:43,bpbpbbbbpppbpppbpppbpbbpbbbbppbbpppppbpbbbpbbbpbbpbpppb,55
632046,3505,12,28,bpbbpbbbbpp,b,bpbbpbbbbppb,2026-02-23 09:15:31,bpbbpbbppppbpppbppbbbppppppbbpbbpbbbbppbppbbpbbbbbb,51
635836,3526,12,5,bpbbpbbbbpp,p,bpbbpbbbbppp,2026-02-23 10:30:07,pppbpbpbbpbbbbpppbppbppbbpbbbpppbppbbbbbbbbpbbbbpppp,52
640340,3554,12,8,bpbbpbbbbpp,p,bpbbpbbbbppp,2026-02-23 11:57:47,bbpbpbbbbpbbpbbbbppppppbbbppbppbpbpbpppbpppppbppppbppbbbpp,58
640685,3556,12,12,bpbbpbbbbpp,p,bpbbpbbbbppp,2026-02-23 12:31:06,pbbpbbppppbpbpbbpbbbbppppbbbbbpbbbppppb,39
682517,3802,12,27,bpbbpbbbbpp,b,bpbbpbbbbppb,2026-02-25 19:18:26,pbbbpbpbpbppbpbpbbpbppbbpppbpbbpbbbbppbpppbppb,46
682976,3804,12,9,bpbbpbbbbpp,b,bpbbpbbbbppb,2026-02-25 19:19:19,pbbbbbpbpbpbbpbbbbppbpppbbpppbpbppbbpppbppbpbbpbbbpppbbbp,57
684626,3815,12,26,bpbbpbbbbpp,b,bpbbpbbbbppb,2026-02-25 20:08:43,ppbbpbppbpbpbbppppbppbbppbbpbbpbbbbppbpppb,42
686988,3829,12,28,bpbbpbbbbpp,p,bpbbpbbbbppp,2026-02-25 20:58:30,bbpbpbpbbbpbppbbppbbpppbppppbpbbpbbbbppppb,42
702759,3918,12,27,bpbbpbbbbpp,b,bpbbpbbbbppb,2026-03-01 15:46:16,ppbbpbppbpbppppppbpppbppbpbbpbbpbbbbppbbbbbpbppppppppp,54
708376,3950,12,43,bpbbpbbbbpp,p,bpbbpbbbbppp,2026-03-01 19:27:46,pbppbppppbbpbbbbbpbbbpbpbppbbbbbbpbpbppbbppbpbbpbbbbppppppbpb,61
713569,3981,12,38,bpbbpbbbbpp,b,bpbbpbbbbppb,2026-03-02 11:40:36,bpppppbpbppbpbbpbppbbpbpbpbpppbbppbbbpbpbbpbbbbppbbbpb,54
717309,4001,12,4,bpbbpbbbbpp,b,bpbbpbbbbppb,2026-03-02 14:01:08,bbbbbpbbpbbbbppbbppppbpbpbbppbpbbpbbbpbbbppbpbbbppbppbb,55
720258,4020,12,5,bpbbpbbbbpp,p,bpbbpbbbbppp,2026-03-02 15:12:50,pppbpbpbbpbbbbppppbbbppbpbppbpppbppbpppbb,41
722497,4034,12,7,bpbbpbbbbpp,p,bpbbpbbbbppp,2026-03-03 15:35:33,pbbppbbbpbbpbbbbpppppppbpbbppbpbpbbpppbbbpppbbpbpbbbpppb,56
730695,4081,12,26,bpbbpbbbbpp,p,bpbbpbbbbppp,2026-03-03 19:08:29,pbppppbbbbbpbpbpbppbbppbppbpbbpbbbbpppppppbppbppp,49
734256,4100,12,44,bpbbpbbbbpp,p,bpbbpbbbbppp,2026-03-04 10:05:12,bbpbbbppppbppppbbppbbbbbpbbpbpppbbbbpbpbbpbbbpbbpbbbbpppbppbpbbp,64
737239,4116,12,5,bpbbpbbbbpp,b,bpbbpbbbbppb,2026-03-04 11:17:11,pbbppbpbbpbbbbppbbbpbbpbbbbpbbbbbppbbbbpbbppbbbbppbbbpbbpbppbp,62
751444,4201,12,21,bpbbpbbbbpp,b,bpbbpbbbbppb,2026-03-05 15:21:43,ppbpbppppbbbppbpbbpppbpbbpbbbbppbbpppbbb,40
757585,4239,12,5,bpbbpbbbbpp,b,bpbbpbbbbppb,2026-03-05 21:38:17,pbppbbpbbpbbbbppbbbpbppbpbppbbpppbpppbppb,41
761215,4260,12,7,bpbbpbbbbpp,b,bpbbpbbbbppb,2026-03-06 16:59:54,pppbbppbpbbpbbbbppbpppppppbbbbbppbpbbbppbppbpbppbbp,51
762317,4266,12,13,bpbbpbbbbpp,b,bpbbpbbbbppb,2026-03-06 17:02:12,pppbppbpbbpppbpbbpbbbbppbppbppbpbbpbbpppppbbppppppppbpppbppb,60
771706,4322,12,42,bpbbpbbbbpp,p,bpbbpbbbbppp,2026-03-09 19:04:04,pppbbbpbbbppppppbpbpbppppbpbppbbppbppbbbbbbpbbpbbbbppppbpbbbppbbb,65
777627,4356,12,27,bpbbpbbbbpp,p,bpbbpbbbbppp,2026-03-11 19:12:19,pbbbpbbbbpbpbppbbpbpbppbppbbpbbpbbbbpppbbpbpbbppp,49
785288,4401,12,41,bpbbpbbbbpp,b,bpbbpbbbbppb,2026-03-15 12:55:50,pbppbbbpbpbpbpbpbppbbppbpbpbppbbpppbbbbpbbpbbpbbbbppbbpbbppbpbpbbp,66
786444,4407,12,6,bpbbpbbbbpp,b,bpbbpbbbbppb,2026-03-15 12:59:21,bbppbpbpbbpbbbbppbbpbppppppbpbbbbbpbpppbbbbpbbppbbppbpbbbbbpbpb,63
792393,4442,12,39,bpbbpbbbbpp,p,bpbbpbbbbppp,2026-03-16 19:09:41,bpbpbppbbpbbbbbbbpbbbpppbbbbpbbppppbbbpbpbbpbbbbpppppppbbppbpbppp,65
802691,4499,12,4,bpbbpbbbbpp,b,bpbbpbbbbppb,2026-03-17 20:48:27,bbppbpbbpbbbbppbbppbbpbpbppbpppppppbbbppbpp,43
818536,4600,12,10,bpbbpbbbbpp,b,bpbbpbbbbppb,2026-03-19 19:18:05,ppbpbpbpbbbpbbpbbbbppbbpppbpppppbpbpbppbpppbpppbpbppbbbbbbbb,60
826791,4648,12,15,bpbbpbbbbpp,b,bpbbpbbbbppb,2026-03-24 06:20:23,bbpbbbbbbbpbbpbbpbbpbbbbppbpbbppppbpbpbpbppbbpbppbb,51
834113,4696,12,35,bpbbpbbbbpp,b,bpbbpbbbbppb,2026-04-12 16:04:07,ppbpppppbbbppbbbppppbbbbpbpppppbpbbbpbbpbbbbppbppb,50
838458,4723,12,3,bpbbpbbbbpp,p,bpbbpbbbbppp,2026-04-20 06:43:18,pbbbpbbpbbbbpppbbpbppbppbppppppbpbbbbbpppbbpppppbbbbpp,54
842637,4747,12,0,bpbbpbbbbpp,b,bpbbpbbbbppb,2026-04-23 10:46:25,bpbbpbbbbppbbbbbpbbbbbbbbbpbpbbbbbbbbpbbbpbbbbpbpbbpbbpbbbbp,60
845923,4765,12,1,bpbbpbbbbpp,b,bpbbpbbbbppb,2026-04-23 13:58:57,bbpbbpbbbbppbpbbbpbbpppbbppbppbbbbbbbpbp,40
850293,4789,12,12,bpbbpbbbbpp,p,bpbbpbbbbppp,2026-04-23 15:35:17,ppbbpbbbbppbbpbbpbbbbppppbbpbbbbbpbpppbpbbpbbbb,47
855591,4822,12,47,bpbbpbbbbpp,p,bpbbpbbbbppp,2026-04-23 18:59:37,bbbbpbbbppbbpbbppppppbpbbpbbbbpbbbbpppbbbpbpbpbbpbbpbbbbppp,59
859552,4846,12,7,bpbbpbbbbpp,p,bpbbpbbbbppp,2026-04-23 20:13:53,pbbbpppbpbbpbbbbpppbppbbbbbppbpbpbbp,36
884706,4997,12,17,bpbbpbbbbpp,b,bpbbpbbbbppb,2026-05-04 17:36:48,bbppbbpppbbpbpbbpbpbbpbbbbppbbpbpbpbbpbpbbppbpppbbppppbp,56
885900,5003,12,3,bpbbpbbbbpp,b,bpbbpbbbbppb,2026-05-04 17:44:00,bppbpbbpbbbbppbpppbbppbppbpbbppbppbpbpppbpppbbpppbp,51
886113,5004,12,46,bpbbpbbbbpp,p,bpbbpbbbbppp,2026-05-06 18:02:51,ppbpppbbppppppppbppbbpbbpbpppppbbbppbpbpbbpppbbpbbpbbbbppp,58
903087,5100,12,26,bpbbpbbbbpp,p,bpbbpbbbbppp,2026-05-26 09:42:56,bppbbbpppbbbbpbppbbbpbpppbbpbbpbbbbppppbbp,42
908089,5129,12,47,bpbbpbbbbpp,p,bpbbpbbbbppp,2026-05-26 11:38:43,bpbppppbbbppbpbppppbppbbpbpbbbbpppbppbbbbpppbbbbpbbpbbbbpppbpp,62
908408,5131,12,15,bpbbpbbbbpp,b,bpbbpbbbbppb,2026-05-26 11:39:37,bbbbbbbpbpbbbbpbpbbpbbbbppbbbppbppbbbpbbpbbpppbpbbppbbbpbbpbbp,62
925048,5231,12,29,bpbbpbbbbpp,b,bpbbpbbbbppb,2026-05-28 15:29:43,bbppppbbpbpppppbppppbbppppppbbpbbpbbbbppbbppbbpbppppbpbbb,57
936221,5298,12,6,bpbbpbbbbpp,p,bpbbpbbbbppp,2026-06-05 20:18:57,bbpbppbpbbpbbbbpppbbppppppbbpbpppbbbpppppppbp,45
944525,5349,12,19,bpbbpbbbbpp,b,bpbbpbbbbppb,2026-06-07 21:25:16,bbbbbppppbbppppppppbpbbpbbbbppbpppbpppppbbppbpbbbpbbp,53
951533,5391,12,41,bpbbpbbbbpp,b,bpbbpbbbbppb,2026-06-15 12:17:36,pppbbbppbbpbbpbbbbbpppppppbppppbpbbbppbbbbpbbpbbbbppbbpbppbbpppbb,65
958828,5434,12,44,bpbbpbbbbpp,b,bpbbpbbbbppb,2026-06-19 13:53:12,bppbpbppbbbpbppppppbbppbppbppbbpbppbbbpppbppbpbbpbbbbppbp,57
963970,5463,12,9,bpbbpbbbbpp,b,bpbbpbbbbppb,2026-06-20 10:37:56,pppppbbbbbpbbpbbbbppbbbbbbbbbppbbpbpbppbppbbppbbbpbbb,53
964985,5468,12,21,bpbbpbbbbpp,b,bpbbpbbbbppb,2026-06-20 10:44:12,bppbbpbppbpbpbbbpbpbpbpbbpbbbbppbpbppbppbbbppbb,47
968662,5488,12,38,bpbbpbbbbpp,p,bpbbpbbbbppp,2026-06-20 12:16:03,bpbppbppbppbppppbpbbpbpppbppbbbpbpppbbbpbbpbbbbpppbbbp,54
970591,5499,12,11,bpbbpbbbbpp,b,bpbbpbbbbppb,2026-06-21 09:41:32,pbpppbbpbbpbpbbpbbbbppbpbbpbpppppbbpbbppppbbpb,46
978038,5543,12,23,bpbbpbbbbpp,p,bpbbpbbbbppp,2026-06-23 06:35:13,pppbbbbbpbppbpbbbppbppbbpbbpbbbbpppbbpbpb,41
189171,175,12,4,bpbbpbbbpbb,b,bpbbpbbbpbbb,2026-01-26 10:57:31,bbbbbpbbpbbbpbbbbpbbpbppbppbbp,30
193036,269,12,10,bpbbpbbbpbb,p,bpbbpbbbpbbp,2026-01-26 10:57:31,pbbbppbpbbbpbbpbbbpbbpbbpbpbbpbpbbppbppbpbppbpbpppbppp,54
193735,280,12,7,bpbbpbbbpbb,b,bpbbpbbbpbbb,2026-01-26 10:57:31,pbpbpbpbpbbpbbbpbbbbbbbpbbbpbpbppbbbbpbpbbbbbbbbbbpbbppp,56
195141,309,12,5,bpbbpbbbpbb,p,bpbbpbbbpbbp,2026-01-26 10:57:31,bbpbbbpbbpbbbpbbpbpbbpbbpbppppbbbpppb,37
198065,360,12,34,bpbbpbbbpbb,p,bpbbpbbbpbbp,2026-01-26 10:57:31,pbbppbpppbbbbbpbbpbppbpbbppbppbpbbbpbbpbbbpbbpbbbpbbbbbpbbbb,60
198069,360,12,41,bpbbpbbbpbb,b,bpbbpbbbpbbb,2026-01-26 10:57:31,pbbppbpppbbbbbpbbpbppbpbbppbppbpbbbpbbpbbbpbbpbbbpbbbbbpbbbb,60
198994,376,12,32,bpbbpbbbpbb,p,bpbbpbbbpbbp,2026-01-26 10:57:31,ppbbbppppppbpbbppbbbbpbpbbbbbbbpbpbbpbbbpbbpbppbppp,51
199204,379,12,32,bpbbpbbbpbb,p,bpbbpbbbpbbp,2026-01-26 10:57:31,ppbbbppppppbpbbppbbbbpbpbbbbbbbpbpbbpbbbpbbpbppbppppbpbpb,57
199951,391,12,39,bpbbpbbbpbb,p,bpbbpbbbpbbp,2026-01-26 10:57:31,pbbpbppbbppbbppbppbpbpppbpbbpbpppbppbbbbpbbpbbbpbbppbbbpbbpbpbbb,64
200238,396,12,25,bpbbpbbbpbb,b,bpbbpbbbpbbb,2026-01-26 10:57:31,ppbbbbbbbpbbppbbbpbppppbbbpbbpbbbpbbbbbbpp,42
201744,427,12,25,bpbbpbbbpbb,p,bpbbpbbbpbbp,2026-01-26 10:57:31,pbbbpbpppppppbpbpbbpbppbpbpbbpbbbpbbpbpbpppbbbbpbpbpbppppbpbp,61
202509,440,12,5,bpbbpbbbpbb,b,bpbbpbbbpbbb,2026-01-26 10:57:31,bbpbbbpbbpbbbpbbbbpbpbbbppbpbppbpbbp,36
205604,495,12,29,bpbbpbbbpbb,b,bpbbpbbbpbbb,2026-01-26 10:57:32,bbppbbbbbpbbpbbppbpbbbppbpbppbpbbpbbbpbbbpbppppppppbpppbppppbbp,63
215081,673,12,15,bpbbpbbbpbb,p,bpbbpbbbpbbp,2026-01-26 10:57:32,bppppbppbbpppppbpbbpbbbpbbppppb,31
216442,698,12,24,bpbbpbbbpbb,b,bpbbpbbbpbbb,2026-01-26 10:57:32,bppbpbbpbbbppbbbpbbbppbbbpbbpbbbpbbb,36
221105,791,12,13,bpbbpbbbpbb,b,bpbbpbbbpbbb,2026-01-26 10:57:32,pbppbppbpbppbbpbbpbbbpbbbppbppppbpbppbppppbpbb,46
225751,873,12,10,bpbbpbbbpbb,b,bpbbpbbbpbbb,2026-01-26 10:57:32,ppbbppbppbbpbbpbbbpbbbbbbpppbpbpbppbbbpbbp,42
226178,881,12,1,bpbbpbbbpbb,b,bpbbpbbbpbbb,2026-01-26 10:57:32,bbpbbpbbbpbbbpbpbppbbbpbpbppbppbbpbbbpbbbpbbbbpbbppbppbpbbb,59
227263,900,12,48,bpbbpbbbpbb,b,bpbbpbbbpbbb,2026-01-26 10:57:32,ppppbbbpppppbpppbbpbbpppbbbbbbppbpbbpppbpbpbpbbpbpbbpbbbpbbbbpb,63
232086,981,12,4,bpbbpbbbpbb,p,bpbbpbbbpbbp,2026-01-26 10:57:32,bbppbpbbpbbbpbbpbbpbbpppbbbppbppbbbpbpbp,40
232824,995,12,28,bpbbpbbbpbb,p,bpbbpbbbpbbp,2026-01-26 10:57:32,pbbppbbbpppbpbbbbpbbbbpbbppbbpbbpbbbpbbppb,42
239488,1111,12,24,bpbbpbbbpbb,b,bpbbpbbbpbbb,2026-01-26 10:57:32,pbpbpbbbbppbbbppbpppbpbbbpbbpbbbpbbbbbbpbbpbbpb,47
239553,1112,12,26,bpbbpbbbpbb,b,bpbbpbbbpbbb,2026-01-26 10:57:32,bbbpbpbpbbbbbbpbpbpbpbbppbbpbbpbbbpbbbbbbbbb,44
239640,1114,12,5,bpbbpbbbpbb,b,bpbbpbbbpbbb,2026-01-26 10:57:32,bppbbbpbbpbbbpbbbbppbbppppbpbpppbbbbp,37
239681,1115,12,5,bpbbpbbbpbb,b,bpbbpbbbpbbb,2026-01-26 10:57:32,bppbbbpbbpbbbpbbbbppbbppppbpbpppbbbbpp,38
241433,1147,12,7,bpbbpbbbpbb,b,bpbbpbbbpbbb,2026-01-26 10:57:32,pbpppbpbpbbpbbbpbbbbbpppbbpbbbppbppbbbppbppbbb,46
244329,1195,12,45,bpbbpbbbpbb,p,bpbbpbbbpbbp,2026-01-26 10:57:33,bbbbppppppbppbbpbbpbpbppppbppbbppbbbpppbpppbbbpbbpbbbpbbpppbbp,62
245063,1208,12,7,bpbbpbbbpbb,b,bpbbpbbbpbbb,2026-01-26 10:57:33,pbpbpbbbpbbpbbbpbbbpbbbbpbbpppbbpbpbbbbb,40
247637,1252,12,24,bpbbpbbbpbb,b,bpbbpbbbpbbb,2026-01-26 10:57:33,pbbbbpbbpbbbbpbbbpppbpppbpbbpbbbpbbbpbppppbb,44
251985,1328,12,2,bpbbpbbbpbb,b,bpbbpbbbpbbb,2026-01-26 10:57:33,ppbpbbpbbbpbbbbpppbbbpbpppbpbpbpppbppbbppppppppbpbbpbb,54
257358,1418,12,33,bpbbpbbbpbb,b,bpbbpbbbpbbb,2026-01-26 10:57:33,bbppbbpbpbpppbpppbbbbbpppbppbbpbbbpbbpbbbpbbbpbppbbpbppppbbpppbp,64
258391,1434,12,27,bpbbpbbbpbb,p,bpbbpbbbpbbp,2026-01-26 10:57:33,pbbppbpbbbppppbpbppbbpbbbpbbpbbpbbbpbbppppbbpp,46
260190,1465,12,6,bpbbpbbbpbb,p,bpbbpbbbpbbp,2026-01-26 10:57:33,bbbbbpbpbbpbbbpbbpppbpbppbbpbpbpbbpppbpbbpppbbpbbppppbbppbb,59
262072,1497,12,21,bpbbpbbbpbb,b,bpbbpbbbpbbb,2026-01-26 10:57:33,ppbbpbbpbppbbbppbbpbbbpbbpbbbpbbbbppbpb,39
262870,1512,12,1,bpbbpbbbpbb,b,bpbbpbbbpbbb,2026-01-26 10:57:33,pbpbbpbbbpbbbbpbppbpbppbbbpppbbbppbbpppbpbpppppbbbppbb,54
265320,1548,12,17,bpbbpbbbpbb,b,bpbbpbbbpbbb,2026-01-26 10:57:33,bbbbpbpbbbppbpbpbbpbbpbbbpbbbbpbpbppppbbpbpbbbpbbbppppppbpppppbpbb,66
267667,1583,12,1,bpbbpbbbpbb,p,bpbbpbbbpbbp,2026-01-26 10:57:33,pbpbbpbbbpbbppbpbpbbppbpbbpbpbb,31
272449,1659,12,14,bpbbpbbbpbb,p,bpbbpbbbpbbp,2026-01-26 10:57:33,pbpbbbpppbbppbbpbbpbbbpbbpbpbpbppbpppppbpbpbpbbppbbppbppb,57
273916,1686,12,42,bpbbpbbbpbb,p,bpbbpbbbpbbp,2026-01-26 10:57:33,bbpppbpbbpbbppbpbpbbbbpbbbbbbbppbbpbbpbpbbbpbbpbbbpbbpb,55
275062,1708,12,14,bpbbpbbbpbb,p,bpbbpbbbpbbp,2026-01-26 10:57:33,bbpbppbbppbbbpbpbbpbbbpbbppbbbpbppbbpbppbbpp,44
276916,1740,12,14,bpbbpbbbpbb,p,bpbbpbbbpbbp,2026-01-26 10:57:33,pppbbbbbbpbbbpbpbbpbbbpbbpbppbppbbpbppppbppbp,45
281876,1819,12,19,bpbbpbbbpbb,p,bpbbpbbbpbbp,2026-01-26 10:57:34,bppppppbpppbbbpbbppbpbbpbbbpbbpbbbbbpppbppbpppp,47
282856,1835,12,37,bpbbpbbbpbb,b,bpbbpbbbpbbb,2026-01-26 10:57:34,bpppbpppbbbbpppbbpppbbbbpppppbpppbpppbpbbpbbbpbbbppp,52
284712,1865,12,28,bpbbpbbbpbb,b,bpbbpbbbpbbb,2026-01-26 10:57:34,bbpbbpbbpppppbppbppppbppppppbpbbpbbbpbbbppppbppbbppbbpppppbbpbpbp,65
366595,1973,12,18,bpbbpbbbpbb,p,bpbbpbbbpbbp,2026-01-27 14:38:26,pbpppbbppbbbbbppbbbpbbpbbbpbbpbppbpbbpbbbbbbbpbbpbpbpbppbp,58
386017,2086,12,6,bpbbpbbbpbb,b,bpbbpbbbpbbb,2026-01-30 10:47:43,pbbbbbbpbbpbbbpbbbbbbbppbbbppbbbbbppbbppppb,43
396531,2145,12,23,bpbbpbbbpbb,p,bpbbpbbbpbbp,2026-01-31 08:26:28,bppbppbppppbppbbpbppppbbpbbpbbbpbbpppbbbpbb,43
404421,2189,12,20,bpbbpbbbpbb,p,bpbbpbbbpbbp,2026-01-31 19:59:34,bbbbbpbppbpppbbbbppbbpbbpbbbpbbppbpbbbbpbppppbbpbbpppbbbpbpbbp,62
404606,2190,12,30,bpbbpbbbpbb,b,bpbbpbbbpbbb,2026-01-31 19:59:52,bbpppbppbppppppbbbbppbpbpppbppbpbbpbbbpbbbpppbbpbpbb,52
405811,2196,12,40,bpbbpbbbpbb,b,bpbbpbbbpbbb,2026-02-02 12:32:18,pbpppbbbbppppppbpppppbbbbpbpbbppbbbbbppbbpbbpbbbpbbbbpbpppbb,60
410744,2223,12,11,bpbbpbbbpbb,b,bpbbpbbbpbbb,2026-02-02 14:13:59,ppbbbbbppppbpbbpbbbpbbbpbpppppbppbpbbpppbpbbbbpb,48
420288,2276,12,5,bpbbpbbbpbb,b,bpbbpbbbpbbb,2026-02-03 09:40:59,bbppbbpbbpbbbpbbbbpbbpbppppbbpbbppbppppbbbbpbpbbp,49
429916,2328,12,17,bpbbpbbbpbb,p,bpbbpbbbpbbp,2026-02-04 17:10:47,bbbbppbbpbbpbpbbbbpbbpbbbpbbpbbbbbpbppppbpbpbpbppppbppbbbpb,59
440756,2388,12,14,bpbbpbbbpbb,b,bpbbpbbbpbbb,2026-02-05 14:30:50,pppbbbppbpbbppbpbbpbbbpbbbbbppbbbbpbpbpbbbbpbbbppbbppbppbbbppbbbbb,66
448108,2427,12,32,bpbbpbbbpbb,b,bpbbpbbbpbbb,2026-02-05 16:50:33,bbppppppppbbbbpbpbppbbppbbpbpbppbpbbpbbbpbbbpbp,47
451248,2443,12,2,bpbbpbbbpbb,p,bpbbpbbbpbbp,2026-02-06 10:23:06,bpbpbbpbbbpbbpbpbpbppbbppbbpbbppbpbppppbbpbbppppbpbbbbpbp,57
451655,2445,12,30,bpbbpbbbpbb,b,bpbbpbbbpbbb,2026-02-06 10:37:46,bbpbbbbbbbbpppbbpbppbbppppbpbbbpbbpbbbpbbbpbbbbbppbbbbppbbbb,60
455102,2464,12,29,bpbbpbbbpbb,p,bpbbpbbbpbbp,2026-02-06 11:02:29,bbpppbbbppbpppppppbppbbbppppbbpbbpbbbpbbpbppbbbbpbbbpppbbpbpp,61
455900,2468,12,0,bpbbpbbbpbb,p,bpbbpbbbpbbp,2026-02-06 11:31:53,bpbbpbbbpbbppppbpbbbbpbbppbpppbpbpbppbpbbbppbbbpbpbbbppppbbbbpbb,64
462923,2504,12,11,bpbbpbbbpbb,b,bpbbpbbbpbbb,2026-02-08 03:45:18,bpbpbpbbppbbpbbpbbbpbbbppppbbpppbpbbpb,38
465102,2516,12,25,bpbbpbbbpbb,p,bpbbpbbbpbbp,2026-02-08 04:07:10,bpbpbbbbbppbbbpbppbpppbppbpbbpbbbpbbpbpppb,42
477645,2587,12,19,bpbbpbbbpbb,p,bpbbpbbbpbbp,2026-02-10 18:18:36,pbppppbpbbbppbbbpbbbpbbpbbbpbbppbbpbppppppppbppbbbppb,53
485454,2634,12,7,bpbbpbbbpbb,p,bpbbpbbbpbbp,2026-02-11 11:09:15,pbpbbpbbpbbpbbbpbbpppbbbpbpbpbbbpbpppbbbppbbbbbppppb,52
486911,2641,12,3,bpbbpbbbpbb,b,bpbbpbbbpbbb,2026-02-11 11:12:22,bbpbpbbpbbbpbbbbppbpbppbbbppbbpbbppbbppbpbppbbp,47
498879,2717,12,6,bpbbpbbbpbb,p,bpbbpbbbpbbp,2026-02-11 21:02:06,bbppbpbpbbpbbbpbbpbpbbppbpbbppbpbpbbppbbppbppbppbpbppbppbppbppbbppbp,68
499086,2718,12,30,bpbbpbbbpbb,b,bpbbpbbbpbbb,2026-02-11 21:02:40,bbbbbbbpbbpbbppppbpbppbbbbppbpbpbbpbbbpbbbbbpbppbpbbb,53
509485,2777,12,14,bpbbpbbbpbb,b,bpbbpbbbpbbb,2026-02-12 14:09:59,bbbbpbbbbpbpbpbpbbpbbbpbbbpbpppbppbbb,37
510277,2783,12,15,bpbbpbbbpbb,b,bpbbpbbbpbbb,2026-02-12 14:35:21,ppbbpbbppbpbbpbbpbbpbbbpbbbpbppbbbpppbb,39
513392,2800,12,50,bpbbpbbbpbb,p,bpbbpbbbpbbp,2026-02-12 15:14:42,ppbpppbbbppbbppbbpppbbbpbbbbppppppppbbbpbbppbbbbppbpbbpbbbpbbpbpp,65
528239,2882,12,39,bpbbpbbbpbb,b,bpbbpbbbpbbb,2026-02-13 16:22:16,bbbppbppppppbbbbppbpppbppbbpbpppbbppbbbbpbbpbbbpbbbbbppbbbb,59
532650,2906,12,27,bpbbpbbbpbb,p,bpbbpbbbpbbp,2026-02-13 17:48:50,bpbppbpbpbbpbbpbppppbbbbbbbbpbbpbbbpbbpbpbpbbppb,48
544471,2972,12,12,bpbbpbbbpbb,p,bpbbpbbbpbbp,2026-02-14 11:34:58,pbppbbppbpbbbpbbpbbbpbbpppbbppbbbbpbbbbpbbbbpbpbbppbbbbpp,57
551362,3014,12,36,bpbbpbbbpbb,b,bpbbpbbbpbbb,2026-02-14 16:48:28,ppbbbbbbbpbbbbbppbpbppbbbpbppppbpbbbbpbbpbbbpbbbpbppbbbb,56
554545,3031,12,6,bpbbpbbbpbb,b,bpbbpbbbpbbb,2026-02-15 20:19:20,bpbbbpbpbbpbbbpbbbbbbbppbbbpbbbbppbbbppppbpbbbpbpppbpppbbbbbppbbbp,66
560089,3061,12,17,bpbbpbbbpbb,b,bpbbpbbbpbbb,2026-02-17 14:33:51,pbpbbpppbbbbpbbpbbpbbpbbbpbbbbbbbbpbppbppppbbpbppp,50
569487,3111,12,0,bpbbpbbbpbb,b,bpbbpbbbpbbb,2026-02-17 17:20:13,bpbbpbbbpbbbpbbpbbbpbpbpppbbppppbbpbb,37
571173,3119,12,6,bpbbpbbbpbb,p,bpbbpbbbpbbp,2026-02-17 17:24:20,bbpbbpbpbbpbbbpbbpbbbbbbbbbbpbbppbbppbbbbbbppb,46
578205,3162,12,43,bpbbpbbbpbb,p,bpbbpbbbpbbp,2026-02-19 10:43:52,bbppbbbbpbpbppbppbbppbbbppbpbppppbbpbpppbpbbpbbpbbbpbbppbbbbbbbbp,65
579680,3170,12,33,bpbbpbbbpbb,p,bpbbpbbbpbbp,2026-02-19 11:05:41,bpbppbbbbppppppbbbpbbppbbbbbbbbppbpbbpbbbpbbppbppbppppppb,57
588297,3217,12,15,bpbbpbbbpbb,p,bpbbpbbbpbbp,2026-02-20 12:52:45,pppbbbpbbbpbbppbpbbpbbbpbbppbbbbpbbpp,37
632265,3506,12,14,bpbbpbbbpbb,p,bpbbpbbbpbbp,2026-02-23 09:16:13,pppbpbbbbppbpbbpbbpbbbpbbpbbbppbbpbbpbpbpppppbbpbpbbbbpbpbp,59
639071,3546,12,22,bpbbpbbbpbb,b,bpbbpbbbpbbb,2026-02-23 11:50:52,ppbbpbbppbbppbpbpppppbbpbbpbbbpbbbbbbbpbbppbppppppppbpbpbbpbbbbbb,65
656749,3649,12,33,bpbbpbbbpbb,p,bpbbpbbbpbbp,2026-02-24 14:49:57,pbbppbbbpbbbpbppbpbppppbpbppppbpbbpbbpbbbpbbpbpbppbbbpbbpppbpppp,64
665817,3699,12,11,bpbbpbbbpbb,b,bpbbpbbbpbbb,2026-02-24 19:30:32,bbbpbpbbbppbpbbpbbbpbbbbpbpbpbbbbbpbbbpbppppbppbbpbbbbbpbb,58
675814,3763,12,2,bpbbpbbbpbb,b,bpbbpbbbpbbb,2026-02-25 17:24:09,bpbpbbpbbbpbbbpbbpbpbpbppbpbpppbpbbpbpbpb,41
676032,3764,12,22,bpbbpbbbpbb,b,bpbbpbbbpbbb,2026-02-25 17:24:24,bbbpbppbbbppbpbbpbpbppbpbbpbbbpbbbpbbbppbbbpbppbbbpb,52
685775,3822,12,37,bpbbpbbbpbb,p,bpbbpbbbpbbp,2026-02-25 20:55:55,bpbppbpbbpbbpbbppppbbppppbpppbppppppbbpbbpbbbpbbppbbbbpbbpp,59
699970,3901,12,0,bpbbpbbbpbb,b,bpbbpbbbpbbb,2026-03-01 12:29:46,bpbbpbbbpbbbpbpbbbppbbppbpbbppbpbpbpbppbbppb,44
703606,3922,12,35,bpbbpbbbpbb,p,bpbbpbbbpbbp,2026-03-01 16:33:03,bpbbpbbbppbpppbpppbbpbpppbpbppbbpppbpbbpbbbpbbpbbppppppp,56
717122,4000,12,11,bpbbpbbbpbb,p,bpbbpbbbpbbp,2026-03-02 14:00:38,ppbbppbpbbbbpbbpbbbpbbppbbbbbbppbbbbbpppbbbbbbpbpbbbp,53
717323,4001,12,29,bpbbpbbbpbb,b,bpbbpbbbpbbb,2026-03-02 14:01:08,bbbbbpbbpbbbbppbbppppbpbpbbppbpbbpbbbpbbbppbpbbbppbppbb,55
719319,4014,12,2,bpbbpbbbpbb,p,bpbbpbbbpbbp,2026-03-02 15:09:59,bbbpbbpbbbpbbpbbpppbbbppbpbbpbpbppbppbbppbbbbppbbppppbbb,56
720934,4026,12,44,bpbbpbbbpbb,b,bpbbpbbbpbbb,2026-03-03 13:38:35,ppppppppbppbpppppppbppppbppbbbbpbppppppbpbppbpbbpbbbpbbbbppppbb,63
725986,4053,12,30,bpbbpbbbpbb,b,bpbbpbbbpbbb,2026-03-03 18:01:32,pbppbbbpbpbpppppbpbbpppbpbbpppbpbbpbbbpbbbb,43
728677,4069,12,34,bpbbpbbbpbb,b,bpbbpbbbpbbb,2026-03-03 19:03:12,pbpbpbppppbbpbbbppbpbbbbbbbbbpbbbpbpbbpbbbpbbbpbbbbppppbbp,58
729861,4076,12,4,bpbbpbbbpbb,p,bpbbpbbbpbbp,2026-03-03 19:06:38,bbppbpbbpbbbpbbpbbbpbppbbbppppbbbbbpppbpbp,42
734252,4100,12,37,bpbbpbbbpbb,p,bpbbpbbbpbbp,2026-03-04 10:05:12,bbpbbbppppbppppbbppbbbbbpbbpbpppbbbbpbpbbpbbbpbbpbbbbpppbppbpbbp,64
746066,4170,12,43,bpbbpbbbpbb,p,bpbbpbbbpbbp,2026-03-05 13:25:21,bppppbpbppbbppppbpbbpppbbpbpbpbbpbbpbbbbpbbbpbbpbbbpbbpppb,58
749749,4192,12,5,bpbbpbbbpbb,b,bpbbpbbbpbbb,2026-03-05 14:41:02,bpppbbpbbpbbbpbbbpbpbbpbbppbpbppbpbppbbbbbbbbpbbpbbbbbpbppbppbb,63
752380,4207,12,31,bpbbpbbbpbb,p,bpbbpbbbpbbp,2026-03-05 15:24:33,bpppbpbpppppbbpbbpbbppbpbpppppbbpbbpbbbpbbpbbppbbbbpbbbbpbbbbpbpbpbp,68
760149,4254,12,45,bpbbpbbbpbb,b,bpbbpbbbpbbb,2026-03-05 22:20:10,bpbbpbppbppbbpppppbpbpbbppbbppppbpppbpppbbpbpbpbbpbbbpbbbppp,60
760895,4258,12,15,bpbbpbbbpbb,p,bpbbpbbbpbbp,2026-03-06 16:58:54,pppppppbpbpbbbbbpbbpbbbpbbppbbpbpppppppbpbppbbppbbppbppbbbbpbpb,63
762125,4265,12,24,bpbbpbbbpbb,p,bpbbpbbbpbbp,2026-03-06 17:01:45,pbbpppbbbpbbbbbpbppbpbbpbpbbpbbbpbbpbppbbpbbbp,46
766680,4293,12,6,bpbbpbbbpbb,b,bpbbpbbbpbbb,2026-03-09 15:21:37,pbbbpbbpbbpbbbpbbbbbbbppppppppbbbppbbpppbppppbpbbppppb,54
772309,4325,12,38,bpbbpbbbpbb,p,bpbbpbbbpbbp,2026-03-09 19:05:06,ppppbbpbpbppbbppbpppbppbbbpbpbpbbbpbbpbpbbpbbbpbbpbppppppppb,60
774894,4340,12,11,bpbbpbbbpbb,p,bpbbpbbbpbbp,2026-03-11 18:44:46,ppbbbppppppbpbbpbbbpbbpppbppppbbbpbpb,37
794922,4455,12,47,bpbbpbbbpbb,b,bpbbpbbbpbbb,2026-03-16 19:58:35,pbppbbbpbpbppbppbbbppppbpppbpbppppppbbpbppbppppbpbbpbbbpbbbppppppbpppp,70
803863,4505,12,32,bpbbpbbbpbb,p,bpbbpbbbpbbp,2026-03-17 20:51:33,pbpppbppbppppbpppbppbpbpbpbbbpppbpbbpbbbpbbpbpppp,49
814917,4577,12,25,bpbbpbbbpbb,p,bpbbpbbbpbbp,2026-03-18 15:39:44,bppbpbbbpbbbbpbpbpbpppbbpbpbbpbbbpbbppppbppbbbbppp,50
816508,4587,12,20,bpbbpbbbpbb,b,bpbbpbbbpbbb,2026-03-18 16:13:20,bbpppbppbppppppbpbppbpbbpbbbpbbbpppbppbpbpbbbppbpbbbpb,54
856758,4829,12,24,bpbbpbbbpbb,b,bpbbpbbbpbbb,2026-04-23 19:31:24,pbpbbbpbbpbbpppppbbppbppbpbbpbbbpbbbbpbpppbpbbpppppbbpp,55
887121,5009,12,14,bpbbpbbbpbb,p,bpbbpbbbpbbp,2026-05-14 07:12:16,bpppppbbbbpbbpbpbbpbbbpbbppbppbpbpbpbppppbpbbpbbppbbpbppp,57
888445,5016,12,7,bpbbpbbbpbb,b,bpbbpbbbpbbb,2026-05-14 07:17:56,pbppbbpbpbbpbbbpbbbbbbbbbppbbpbbpbbbbpbpppbpppbp,48
892362,5039,12,37,bpbbpbbbpbb,p,bpbbpbbbpbbp,2026-05-14 08:21:11,bbpbbpbbbppbpppppbbbpbbbpbbbppppppbbpbpbbpbbbpbbpbpp,52
903509,5102,12,15,bpbbpbbbpbb,b,bpbbpbbbpbbb,2026-05-26 09:43:46,ppbppbbbbppbbpbbpbbpbbbpbbbbppbpbppbbppbpbbpbbpbbbpbbpbbpbbpbbpbb,65
903525,5102,12,42,bpbbpbbbpbb,p,bpbbpbbbpbbp,2026-05-26 09:43:46,ppbppbbbbppbbpbbpbbpbbbpbbbbppbpbppbbppbpbbpbbpbbbpbbpbbpbbpbbpbb,65
916287,5178,12,10,bpbbpbbbpbb,p,bpbbpbbbpbbp,2026-05-28 09:58:02,bbbppbbpbpbpbbpbbbpbbppppbpppbbpbbpb,36
935953,5296,12,35,bpbbpbbbpbb,p,bpbbpbbbpbbp,2026-06-05 20:16:50,bppbbbppppbpbbbppppbpbpppppbbpbpbbpbpbbpbbbpbbpbppbb,52
956369,5420,12,0,bpbbpbbbpbb,p,bpbbpbbbpbbp,2026-06-18 09:05:13,bpbbpbbbpbbpbbpbpppbpbbbpbbppbpbbbp,35
957981,5430,12,41,bpbbpbbbpbb,p,bpbbpbbbpbbp,2026-06-18 09:17:49,bbpbpbpppbbbbbbbpppbbbbppbpbpbpbpbbppbpbbbpbbpbbbpbbp,53
965650,5472,12,34,bpbbpbbbpbb,p,bpbbpbbbpbbp,2026-06-20 10:49:06,bpbbbbpppbbbbpbbbbppppbbpbpppppppbbpbbpbbbpbbppbppbbbbbpp,57
966990,5479,12,23,bpbbpbbbpbb,p,bpbbpbbbpbbp,2026-06-20 11:44:15,pbbppppbppbbpbbbpbpbbppbpbbpbbbpbbppbpbbbpbbbbbpppbbbbbbbbp,59
973933,5519,12,36,bpbbpbbbpbb,p,bpbbpbbbpbbp,2026-06-21 11:23:13,bbbpbpbbppbbpppbppppbppbppbpbpppbbbpbpbbpbbbpbbppbbbbppb,56
975447,5528,12,1,bpbbpbbbpbb,b,bpbbpbbbpbbb,2026-06-22 09:23:09,bbpbbpbbbpbbbppppbpbbpbbbppbpppbppbbbbppppbb,44
976876,5536,12,11,bpbbpbbbpbb,b,bpbbpbbbpbbb,2026-06-22 09:52:17,bbpbbbpppbbbpbbpbbbpbbbbppbppppppbbbpppbp,41
981334,5562,12,19,bpbbpbbbpbb,b,bpbbpbbbpbbb,2026-06-23 07:15:53,bppbpbbpbppbbpbbpbpbpbbpbbbpbbbpppbpppbbpppppbbbbpb,51
186136,33,12,12,bpbbpbbbpbp,p,bpbbpbbbpbpp,2026-01-26 10:57:31,pppbpbbbbppbbpbbpbbbpbpp,24
195658,318,12,28,bpbbpbbbpbp,p,bpbbpbbbpbpp,2026-01-26 10:57:31,pbbpbpbbbbbbbbbpppppppbpbbppbpbbpbbbpbppp,41
196068,325,12,33,bpbbpbbbpbp,p,bpbbpbbbpbpp,2026-01-26 10:57:31,bbbbbpbbbbpbbpbpbbpbppbpbbpbppbbpbpbbpbbbpbppbppbpppbpppppbpbpppbbbpp,69
196922,341,12,17,bpbbpbbbpbp,p,bpbbpbbbpbpp,2026-01-26 10:57:31,bpbppppbppbpppppbbpbbpbbbpbpppb,31
204778,480,12,44,bpbbpbbbpbp,p,bpbbpbbbpbpp,2026-01-26 10:57:32,ppbpbbbbpbpbbppbbpbbpbpbbpppbbppbpppppbbppbbbpbbpbbbpbppp,57
207966,543,12,27,bpbbpbbbpbp,b,bpbbpbbbpbpb,2026-01-26 10:57:32,pbppbbbppbppbbppbbpbpbbppbbbpbbpbbbpbpb,39
208080,545,12,27,bpbbpbbbpbp,b,bpbbpbbbpbpb,2026-01-26 10:57:32,pbppbbbppbppbbppbbpbpbbppbbbpbbpbbbpbpbbbb,42
214900,669,12,12,bpbbpbbbpbp,b,bpbbpbbbpbpb,2026-01-26 10:57:32,bpbbppbpppppbpbbpbbbpbpbpbbbppbbbpbbbbbbppbbppbbbbbpbp,54
215036,672,12,10,bpbbpbbbpbp,p,bpbbpbbbpbpp,2026-01-26 10:57:32,bpbpppbbbbbpbbpbbbpbppppbpppbbppbppbbppbbpbbbppppbbpbpbppp,58
216321,696,12,31,bpbbpbbbpbp,b,bpbbpbbbpbpb,2026-01-26 10:57:32,pbbbbbbbppbppbbbpbpppbpbpppbbbbbpbbpbbbpbpbpp,45
224631,852,12,23,bpbbpbbbpbp,b,bpbbpbbbpbpb,2026-01-26 10:57:32,bppppbbppbbbbbbbbpbbppbbpbbpbbbpbpbpbpbpbpbbbpbbbbbpppbbbbbpbp,62
228971,929,12,1,bpbbpbbbpbp,p,bpbbpbbbpbpp,2026-01-26 10:57:32,pbpbbpbbbpbppbppppbppbbbpbpbbbbpbbp,35
233582,1008,12,22,bpbbpbbbpbp,b,bpbbpbbbpbpb,2026-01-26 10:57:32,bpbpppbbbppppbpbpbpbpbbpbbpbbbpbpb,34
238318,1089,12,23,bpbbpbbbpbp,p,bpbbpbbbpbpp,2026-01-26 10:57:32,pbppbbbppbpbbpppbbpbbppbpbbpbbbpbpppbbpbpppbb,45
238611,1094,12,19,bpbbpbbbpbp,b,bpbbpbbbpbpb,2026-01-26 10:57:32,ppbpbbbpbpppbbbbbbbbpbbpbbbpbpbpbbbpbpbpbbbppbbb,48
243257,1177,12,3,bpbbpbbbpbp,b,bpbbpbbbpbpb,2026-01-26 10:57:32,pbpbpbbpbbbpbpbbpbpbbppbppppbpbpbpbpppbpppbpbpppppppppppbbppbpbbbp,66
253664,1357,12,46,bpbbpbbbpbp,p,bpbbpbbbpbpp,2026-01-26 10:57:33,bpbpbppbbppbbppbpbpbbbpppbpbbbbbppppppppbbbpppbpbbpbbbpbppbp,60
258865,1442,12,6,bpbbpbbbpbp,p,bpbbpbbbpbpp,2026-01-26 10:57:33,pbbpbbbpbbpbbbpbppbppbpbpppppbppppppbppb,40
264632,1538,12,24,bpbbpbbbpbp,b,bpbbpbbbpbpb,2026-01-26 10:57:33,bppbbppppbbbpbbpbppbbbpbbpbbpbbbpbpbpbbpbbpbbppppppbppbbp,57
267814,1585,12,11,bpbbpbbbpbp,p,bpbbpbbbpbpp,2026-01-26 10:57:33,ppbbppbppppbpbbpbbbpbppbpbpbbpppbbpbppbbpbbbpppbbbpbpbpbpbb,59
275110,1709,12,8,bpbbpbbbpbp,b,bpbbpbbbpbpb,2026-01-26 10:57:33,pppbbbpbbpbbpbbbpbpbbbbbbbbbppbppbpbbppppbbbb,45
277130,1744,12,18,bpbbpbbbpbp,p,bpbbpbbbpbpp,2026-01-26 10:57:33,bpbbpbbpbbpbbppppbbpbbpbbbpbpppppbbbppbbbbpbbpppbbpppb,54
281763,1817,12,20,bpbbpbbbpbp,b,bpbbpbbbpbpb,2026-01-26 10:57:34,pbbbbpbppbbpbbppbppbbpbbpbbbpbpbppbbppbbppbbpbbppbbbppbpbp,58
284077,1856,12,41,bpbbpbbbpbp,b,bpbbpbbbpbpb,2026-01-26 10:57:34,bbppbppbbbbpbpbbbppbpbppbbpbpbppppbppppppbpbbpbbbpbpbbppppp,59
285465,1876,12,44,bpbbpbbbpbp,p,bpbbpbbbpbpp,2026-01-26 10:57:34,bbbpbpbppbppbpbpbpbbpbbpbppbbbbbbbbpbpbbbbppbpbbpbbbpbpp,56
287128,1888,12,14,bpbbpbbbpbp,p,bpbbpbbbpbpp,2026-01-26 11:40:48,bbpbbbbbbppbppbpbbpbbbpbppbbppbppbppbppbpbpbpppbpbbppbbbbpb,59
289088,1899,12,19,bpbbpbbbpbp,b,bpbbpbbbpbpb,2026-01-26 13:57:19,ppbpbbbpbppbppppbbpbpbbpbbbpbpbbbbbbbbbpbbpp,44
290276,1906,12,14,bpbbpbbbpbp,b,bpbbpbbbpbpb,2026-01-26 13:59:42,bbpbppbpppbpbpbpbbpbbbpbpbbbppbbbpb,35
294280,1929,12,5,bpbbpbbbpbp,b,bpbbpbbbpbpb,2026-01-26 16:53:03,bbpppbpbbpbbbpbpbbpbbpbppbpbbbppbpppbbbpbbbpbpbbp,49
387165,2092,12,16,bpbbpbbbpbp,p,bpbbpbbbpbpp,2026-01-30 10:50:21,bpbbbppppbpbbbpbbpbbpbbbpbppppppbpbbppbbppbbpbbpppbpppbbbbppbb,62
428588,2320,12,22,bpbbpbbbpbp,b,bpbbpbbbpbpb,2026-02-04 16:54:18,bpbbppbpbppbbbbbpbbbppbpbbpbbbpbpbppbbbpbbbpbbppbbbpbbbppbpb,60
433043,2346,12,10,bpbbpbbbpbp,b,bpbbpbbbpbpb,2026-02-04 18:04:42,pbbbbbpbppbpbbpbbbpbpbbppppbpbbpbpppbbpbpbppppbp,48
436786,2366,12,23,bpbbpbbbpbp,b,bpbbpbbbpbpb,2026-02-04 19:41:13,bbpbpbbpbppbbpppbbppbppbpbbpbbbpbpbppppbb,41
456882,2473,12,29,bpbbpbbbpbp,b,bpbbpbbbpbpb,2026-02-06 11:33:44,pbppppppppbbpbppppbbbbbbbpbppbpbbpbbbpbpbbbpbppbppbppbbbppp,59
460246,2490,12,42,bpbbpbbbpbp,b,bpbbpbbbpbpb,2026-02-06 13:00:43,bpbpbpbpbbbbbbpbbbbpbbbbppbpbbpbpbbpbppbppbpbbpbbbpbpbpbbbppbbbpbbb,67
461035,2494,12,20,bpbbpbbbpbp,b,bpbbpbbbpbpb,2026-02-06 13:02:03,pppbbppppbbbpbppbpbpbpbbpbbbpbpbpbbbpbpbbpbpbpbpppbbbbpb,56
467289,2529,12,6,bpbbpbbbpbp,p,bpbbpbbbpbpp,2026-02-09 15:27:44,pppbpbbpbbpbbbpbppppbppbpbbbpbpbbbpbpbbppbbpbpppbpbppbpbpbppbp,62
473830,2565,12,6,bpbbpbbbpbp,p,bpbbpbbbpbpp,2026-02-10 16:53:46,ppbppbbpbbpbbbpbppbpbbbbbpbbpbpbbbbpbbpbbpbpppbppp,50
475431,2573,12,51,bpbbpbbbpbp,p,bpbbpbbbpbpp,2026-02-10 17:25:14,pbpbpbbppppppbbpbpbbbbppbbppppbppppbbbpbbbpppppbbbpbpbbpbbbpbppppbpb,68
483573,2622,12,33,bpbbpbbbpbp,b,bpbbpbbbpbpb,2026-02-10 20:18:41,bppbbbpppppbbbbbpbppbbbbbbpppbpbpbpbbpbbbpbpbppbpbpp,52
488927,2656,12,10,bpbbpbbbpbp,p,bpbbpbbbpbpp,2026-02-11 14:16:23,bppbpbbpbpbpbbpbbbpbppbbpbpbbbbbbpbbbbpbbbppbbbbbbbpbbbbbppppbppbp,66
494161,2689,12,4,bpbbpbbbpbp,b,bpbbpbbbpbpb,2026-02-11 16:19:01,bbpbbpbbpbbbpbpbpbppbbbbbbbbpbpppbpbpppbppbp,44
497957,2713,12,23,bpbbpbbbpbp,b,bpbbpbbbpbpb,2026-02-11 21:00:29,pppbbbbpbpbbppbppbpbbpbbpbbpbbbpbpbppbbppbbpppbpbbppp,53
500051,2723,12,10,bpbbpbbbpbp,p,bpbbpbbbpbpp,2026-02-11 21:26:56,bpbpbbbbppbpbbpbbbpbppbpppbbbbbppbpbpbppbpbpbp,46
503989,2747,12,37,bpbbpbbbpbp,b,bpbbpbbbpbpb,2026-02-12 08:50:33,ppbbbbbbbbbbbppbpbbbppbpbbpbpbbbppbbbbpbbpbbbpbpbppbbbppbbb,59
519833,2836,12,1,bpbbpbbbpbp,p,bpbbpbbbpbpp,2026-02-13 12:11:39,bbpbbpbbbpbpppbpbpbbpppbbpbpbpbpbbpbppbp,40
530864,2895,12,45,bpbbpbbbpbp,p,bpbbpbbbpbpp,2026-02-13 17:14:14,pppppbbbppbbppbbbbbpbpbbbbbppbbbpbbpbpbpbppbpbpbbpbbbpbppppbbbpbbb,66
531216,2897,12,3,bpbbpbbbpbp,b,bpbbpbbbpbpb,2026-02-13 17:15:06,pbbbpbbpbbbpbpbppbpppbppbpbbbpbpbbppppbbbbppppbpbb,50
538083,2936,12,23,bpbbpbbbpbp,p,bpbbpbbbpbpp,2026-02-13 20:07:12,pbppbbpbbpbbbppbbbbpbbbbpbbpbbbpbppbppbbbpbbbpbbpb,50
545540,2978,12,3,bpbbpbbbpbp,b,bpbbpbbbpbpb,2026-02-14 11:39:15,bppbpbbpbbbpbpbbppbbpppbpbbppbpbpppbpb,38
564405,3084,12,30,bpbbpbbbpbp,p,bpbbpbbbpbpp,2026-02-17 15:51:05,bpbpbbbpbbppppbbppbbppbppbbbpbbpbbpbbbpbpppbpbp,47
569493,3111,12,11,bpbbpbbbpbp,b,bpbbpbbbpbpb,2026-02-17 17:20:13,bpbbpbbbpbbbpbbpbbbpbpbpppbbppppbbpbb,37
634102,3517,12,4,bpbbpbbbpbp,b,bpbbpbbbpbpb,2026-02-23 09:53:27,ppppbpbbpbbbpbpbbpppbbpbpppbbpbpppbbbppbpppbbbpbpppbbbbpbpbbbbb,63
635672,3525,12,19,bpbbpbbbpbp,p,bpbbpbbbpbpp,2026-02-23 10:25:30,bpppbbpbbbpbbppbbppbpbbpbbbpbppbpppbpbbbpbppppbbpbppbppppb,58
641966,3564,12,20,bpbbpbbbpbp,b,bpbbpbbbpbpb,2026-02-23 12:36:56,bbbbbbbbbbbppbpbpbppbpbbpbbbpbpbpbbpbbbpbpppbbbbbbpbb,53
641974,3564,12,31,bpbbpbbbpbp,p,bpbbpbbbpbpp,2026-02-23 12:36:56,bbbbbbbbbbbppbpbpbppbpbbpbbbpbpbpbbpbbbpbpppbbbbbbpbb,53
651748,3621,12,37,bpbbpbbbpbp,b,bpbbpbbbpbpb,2026-02-24 10:17:46,ppbppbbbppbbppbbpbbpbbbbbbbbppbppbbppbpbbpbbbpbpbppbpbppppb,59
651946,3622,12,20,bpbbpbbbpbp,p,bpbbpbbbpbpp,2026-02-24 10:18:16,pbbbpbbbppbppbppbpppbpbbpbbbpbppbppbpbbpppbbbppppbbb,52
679604,3785,12,34,bpbbpbbbpbp,p,bpbbpbbbpbpp,2026-02-25 18:42:10,pppppppppppbpppppbbpbppbbpbbbpbbbpbpbbpbbbpbpppbp,49
691182,3851,12,22,bpbbpbbbpbp,p,bpbbpbbbpbpp,2026-02-26 08:18:31,pppbbpbbpbpbpbpppppppbbpbbpbbbpbppbbbpbbpbppppbbpbpbpbbbpbpp,60
703876,3924,12,19,bpbbpbbbpbp,p,bpbbpbbbpbpp,2026-03-01 16:34:00,bpbpbpppbppbbbbppppbpbbpbbbpbppbppbb,36
729865,4076,12,11,bpbbpbbbpbp,p,bpbbpbbbpbpp,2026-03-03 19:06:38,bbppbpbbpbbbpbbpbbbpbppbbbppppbbbbbpppbpbp,42
740247,4138,12,17,bpbbpbbbpbp,b,bpbbpbbbpbpb,2026-03-04 12:02:13,bbbppbbpppppbpbbbbpbbpbbbpbpbbbppppppbbbpbpbbbpbppbpb,53
745684,4168,12,32,bpbbpbbbpbp,b,bpbbpbbbpbpb,2026-03-05 13:23:43,bpbpbbbpbpbppbbbpbpppbbppbppbppbbpbbpbbbpbpbpbppbb,50
767110,4295,12,42,bpbbpbbbpbp,b,bpbbpbbbpbpb,2026-03-09 15:23:11,bpbpbpppppbpbbpppppbbpppbbppbbpbpbbbpbpbpbbpbbpbbbpbpbpppbbbpbp,63
770280,4314,12,42,bpbbpbbbpbp,p,bpbbpbbbpbpp,2026-03-09 16:07:22,bppbbbbbpbbbbbppbbppppppppbpbpbpbbbpbpbbpbbpbbpbbbpbppbp,56
791380,4437,12,12,bpbbpbbbpbp,b,bpbbpbbbpbpb,2026-03-16 19:06:37,pbpppbbbbpbpbpbbpbbbpbpbpbpppppbbb,34
793026,4446,12,17,bpbbpbbbpbp,b,bpbbpbbbpbpb,2026-03-16 19:11:33,pbbpbppbbppbbbbbbbpbbpbbbpbpbpbpbpbbbpbpbpbbp,45
793714,4450,12,17,bpbbpbbbpbp,b,bpbbpbbbpbpb,2026-03-16 19:13:16,pbbpbppbbppbbbbbbbpbbpbbbpbpbpbpbpbbbpbpbpbbppbbp,49
797633,4471,12,6,bpbbpbbbpbp,p,bpbbpbbbpbpp,2026-03-17 07:06:12,bbppbbbpbbpbbbpbpppbbbbpppbpppbpbpppbbpppbpbbpbpp,49
805215,4514,12,11,bpbbpbbbpbp,b,bpbbpbbbpbpb,2026-03-18 07:50:24,bbbbbbpppbpbpbbpbbbpbpbbpbpbbppbbppbbbpbbbbppppbpbbppbppbb,58
805688,4516,12,28,bpbbpbbbpbp,p,bpbbpbbbpbpp,2026-03-18 07:51:31,pbpbpbpppppbbbbbpbpbpbppbppbbpbbpbbbpbppbpbbpbpbbpppbbbbpbp,59
807362,4532,12,10,bpbbpbbbpbp,p,bpbbpbbbpbpp,2026-03-18 09:13:10,bppbpppbbbbpbbpbbbpbppbpbppbpbbpbbpp,36
810390,4549,12,14,bpbbpbbbpbp,p,bpbbpbbbpbpp,2026-03-18 13:45:54,ppbpbpbbbbpbpbbpbbpbbbpbpppppbbpbbbppbbppbbppppb,48
814383,4574,12,10,bpbbpbbbpbp,b,bpbbpbbbpbpb,2026-03-18 15:38:07,pbppbppbbpbpbbpbbbpbpbpbbbpppbbbbpbpbpbbbpbpbppbbb,50
815616,4581,12,10,bpbbpbbbpbp,b,bpbbpbbbpbpb,2026-03-18 15:44:27,pppppbpbbpbpbbpbbbpbpbpbbbpbppbpbpbpbbpppbbbppppbppbpbbppb,58
816952,4590,12,44,bpbbpbbbpbp,b,bpbbpbbbpbpb,2026-03-18 16:15:23,bbbppppbpbpbpbbbppppbbbpbbppbbpbbppbbbbbbbppbpbbpbbbpbpbbbpb,60
828432,4658,12,17,bpbbpbbbpbp,p,bpbbpbbbpbpp,2026-03-24 06:25:36,pppppbpbbbbpbppbbbpbbpbbbpbppbpbbbpbppbbpbp,43
829758,4665,12,7,bpbbpbbbpbp,p,bpbbpbbbpbpp,2026-04-12 12:40:09,pbbbpbpbpbbpbbbpbppbbpbbbppbbbpppbbbpppbbpppppbbpbpbppbbppbbbpb,63
830896,4673,12,7,bpbbpbbbpbp,p,bpbbpbbbpbpp,2026-04-12 13:09:40,ppppbbbbpbbpbbbpbppbpbppbbpbbbpbbbpppbbbbppbbbbb,48
843663,4753,12,14,bpbbpbbbpbp,p,bpbbpbbbpbpp,2026-04-23 10:50:21,bpbbbbbbbbppbbbpbbpbbbpbpppbpbpbpbbpbbpppppbb,45
861996,4860,12,6,bpbbpbbbpbp,b,bpbbpbbbpbpb,2026-04-26 08:49:03,bbpbbpbpbbpbbbpbpbppbppbbbbbppbbpbpppbp,39
866548,4888,12,0,bpbbpbbbpbp,b,bpbbpbbbpbpb,2026-04-30 15:37:45,bpbbpbbbpbpbppbbbpbbbppppppppbbbbpppbb,38
894067,5048,12,20,bpbbpbbbpbp,b,bpbbpbbbpbpb,2026-05-14 09:03:03,bpbpbpbbppbbpbbpbbppbpbbpbbbpbpbppbpbpppppbpppbbbpbpbbpb,56
898202,5071,12,11,bpbbpbbbpbp,b,bpbbpbbbpbpb,2026-05-22 05:39:28,bpbppbppbpbbpbbpbbbpbpbbpppbppbp,32
899897,5080,12,4,bpbbpbbbpbp,p,bpbbpbbbpbpp,2026-05-22 05:44:04,bbpbbpbbpbbbpbppppbpbppbbpbpppppbpbpppp,39
906972,5122,12,30,bpbbpbbbpbp,p,bpbbpbbbpbpp,2026-05-26 10:14:36,bpbbpppbpppbbppppppbpbbbbpppbpbpbbpbbbpbpppbbpppbbbppbpbpppbppb,63
911689,5148,12,19,bpbbpbbbpbp,p,bpbbpbbbpbpp,2026-05-27 07:17:40,bbbpbppbbpppbpbbbpbbpbbpbbbpbpppbbbbbpbbppbppbbbpppbbppbb,57
953753,5405,12,0,bpbbpbbbpbp,b,bpbbpbbbpbpb,2026-06-17 10:15:05,bpbbpbbbpbpbpppppbpbppbppbppppbbbpbbbpppbbbb,44
966580,5477,12,28,bpbbpbbbpbp,p,bpbbpbbbpbpp,2026-06-20 11:41:21,bppbbbppppbbpbbppbbbbpbbpbbpbpbbpbbbpbppbb,42
968062,5485,12,20,bpbbpbbbpbp,p,bpbbpbbbpbpp,2026-06-20 11:52:22,bpbbpppbppbppbpbppppbpbbpbbbpbpppbbbbbbbbpbbpbpbbb,50
973710,5518,12,18,bpbbpbbbpbp,p,bpbbpbbbpbpp,2026-06-21 11:21:47,pbbbpppbpbbbppbbppbpbbpbbbpbpppbpbpppbbpbpbbb,45
980061,5555,12,7,bpbbpbbbpbp,p,bpbbpbbbpbpp,2026-06-23 07:06:52,ppbpbbpbpbbpbbbpbppbpbbpbppbbpppbbbbpbpppbbpbpbb,48
185998,26,12,8,bpbbpbbbppp,p,bpbbpbbbpppp,2026-01-26 10:57:31,pbbbpbpbbpbbpbbbppppbbpppp,26
189450,184,12,11,bpbbpbbbppp,b,bpbbpbbbpppb,2026-01-26 10:57:31,pppbbpppbppbpbbpbbbpppbbpppppbbppppbpbbbbbbb,44
190395,222,12,3,bpbbpbbbppp,b,bpbbpbbbpppb,2026-01-26 10:57:31,pppbpbbpbbbpppbpppbbpppbppbbbbpbb,33
193113,270,12,24,bpbbpbbbppp,p,bpbbpbbbpppp,2026-01-26 10:57:31,pbbpbpbbpppbppbbbbbbbbpbbpbbpbbbppppbbbbbppppppbbpppppbpppbbpbbp,64
202118,433,12,11,bpbbpbbbppp,b,bpbbpbbbpppb,2026-01-26 10:57:31,ppppbbbpppbbpbbpbbbpppbbpbbpbppbbbppbbppbbpbbbpppbbbbpppppbpbbp,63
202861,445,12,14,bpbbpbbbppp,b,bpbbpbbbpppb,2026-01-26 10:57:31,pbpbbppppbbppbbpbbpbbbpppbbbbppbpbbppbbbpbbpbpppbpppppbbbbpbbbbp,64
214477,661,12,0,bpbbpbbbppp,p,bpbbpbbbpppp,2026-01-26 10:57:32,bpbbpbbbppppbbpbpbbppbpbbbbpbpbbbbpppbp,39
228643,923,12,21,bpbbpbbbppp,p,bpbbpbbbpppp,2026-01-26 10:57:32,ppbpbppbpbpbbbpppbbbpbpbbpbbbpppppbpbpbpbppbpbbppppbbpbbbpbpbpppb,65
237351,1072,12,25,bpbbpbbbppp,b,bpbbpbbbpppb,2026-01-26 10:57:32,pbbpppbpbbpppppbbppbbbbpbbpbbpbbbpppbppbbpbbpbpbbbppbbbb,56
240258,1125,12,16,bpbbpbbbppp,b,bpbbpbbbpppb,2026-01-26 10:57:32,pbbbbbpppbpbpbbpbpbbpbbbpppbppbbpbpbppppbbbbpbbbbbbbbp,54
247753,1254,12,38,bpbbpbbbppp,p,bpbbpbbbpppp,2026-01-26 10:57:33,bbbpppbpppbbbbbpppppbpbppppbbpbbppbpbbbpbbpbbbppppbpppbpbbbpbpbbbbbb,68
248439,1265,12,1,bpbbpbbbppp,p,bpbbpbbbpppp,2026-01-26 10:57:33,pbpbbpbbbppppbbpppppbbppbbppbbpppbpbpbpbbpbpppbbbbbpbbbbbb,58
249041,1274,12,25,bpbbpbbbppp,b,bpbbpbbbpppb,2026-01-26 10:57:33,bppbbpppbppppbbbbbppbbbppbpbbpbbbpppbbb,39
261694,1490,12,12,bpbbpbbbppp,b,bpbbpbbbpppb,2026-01-26 10:57:33,bpppbppbbbppbpbbpbbbpppbppbpbppppbppbbp,39
263990,1529,12,18,bpbbpbbbppp,b,bpbbpbbbpppb,2026-01-26 10:57:33,pppbppbbbppbpbppppbpbbpbbbpppbppbbpbbpbppbppp,45
267312,1578,12,29,bpbbpbbbppp,b,bpbbpbbbpppb,2026-01-26 10:57:33,bbppppbbbbpppbppppbbppbpbbbbbbpbbpbbbpppbpbbpbbpbbbppbpppbppppbbpb,66
268313,1592,12,12,bpbbpbbbppp,p,bpbbpbbbpppp,2026-01-26 10:57:33,bpbpbbbbpbppbpbbpbbbppppbppbbppbpppbpbppbpppbpppbbppbbb,55
273647,1682,12,10,bpbbpbbbppp,b,bpbbpbbbpppb,2026-01-26 10:57:33,bbbpbpbpbpbpbbpbbbpppbppbpppppbppbpbpbbpb,41
282322,1826,12,29,bpbbpbbbppp,b,bpbbpbbbpppb,2026-01-26 10:57:34,bpbpppbpbpbbppbbppbbbbbpbbpppbpbbpbbbpppbbbpbbbbbbpbpb,54
361251,1944,12,25,bpbbpbbbppp,b,bpbbpbbbpppb,2026-01-27 13:11:23,pppbpbpbbpbppbpbbbbbbbbbpbpbbpbbbpppbbpbbbppppbbppppppbbpbbpp,61
362915,1953,12,9,bpbbpbbbppp,b,bpbbpbbbpppb,2026-01-27 13:35:47,pbpbbbbbpbpbbpbbbpppbbbpbppbpbbbppbbppbbpbpbppppbbbbbpbpbbpppbb,63
380617,2053,12,49,bpbbpbbbppp,b,bpbbpbbbpppb,2026-01-29 17:46:57,pbpppbbbpbbbpbppbbbbbbbpbbppbpbbbpbppbpbppbbbbbpbbpbbpbbbpppbppbbbb,67
382633,2063,12,8,bpbbpbbbppp,b,bpbbpbbbpppb,2026-01-29 18:14:28,bpppppbpbpbbpbbbpppbbbbbppppbppbbbpbpbbppbppbp,46
391462,2116,12,3,bpbbpbbbppp,p,bpbbpbbbpppp,2026-01-31 06:31:37,pbbbpbbpbbbpppppppbbppbpbpbpppbpbppbpbppbppbbpbbb,49
396055,2142,12,42,bpbbpbbbppp,b,bpbbpbbbpppb,2026-01-31 08:25:34,pbbpbpppbbbbbbbbpbpbppbbpbpppbbbbbpbbbbpbpbpbbpbbbpppbbpbbpbppp,63
404215,2188,12,32,bpbbpbbbppp,p,bpbbpbbbpppp,2026-01-31 19:59:14,ppbbpbpbbbbbbbbbpbbpppppbpbpbbbbbpbbpbbbpppppbbpbbpbpbpbbbbpbpp,63
405391,2194,12,34,bpbbpbbbppp,b,bpbbpbbbpppb,2026-02-02 12:31:39,pbpppbpbbbpppbbbppbpbbbpbpppbbbbpbbpbbpbbbpppbbpbbpppbbpbpbbbp,62
406665,2200,12,14,bpbbpbbbppp,b,bpbbpbbbpppb,2026-02-02 13:02:06,bpbpbbpppbbbpbbpbbpbbbpppbpppppbpbbpbbppbpppbbpbpppbbpbppppbpppp,64
407343,2204,12,40,bpbbpbbbppp,p,bpbbpbbbpppp,2026-02-02 13:03:24,bbbbpppbpbbbpbbpbbbbbbbbbbppppbbpbbppbbbbpbbpbbbppppbp,54
434329,2353,12,49,bpbbpbbbppp,b,bpbbpbbbpppb,2026-02-04 18:09:48,ppbbbbpbppbppppbbbppbppbbpppbbpbbpppppbbppbbpbbbpbpbbpbbbpppbbb,63
435095,2357,12,43,bpbbpbbbppp,p,bpbbpbbbpppp,2026-02-04 18:24:33,pbpbppbbpbppppbppbbbpbpbbppbbppbpbbbpbpppbbbpbbpbbbpppppb,57
463511,2507,12,28,bpbbpbbbppp,p,bpbbpbbbpppp,2026-02-08 03:46:38,bpbbpbbbppbpppbpbpbpppbbbbpbbpbbpbbbppppb,41
473017,2561,12,47,bpbbpbbbppp,p,bpbbpbbbpppp,2026-02-10 16:34:58,pbpbbppbbpbbppppbbbppppbbbbbbpppppppbbbpbpbpbbpbpbbpbbbppppbbbpp,64
479534,2600,12,10,bpbbpbbbppp,b,bpbbpbbbpppb,2026-02-10 18:50:02,ppppppbbppbpbbpbbbpppbbbppppbbpbbbppbppbpbppbpbbbbpbbpbbppp,59
493128,2681,12,42,bpbbpbbbppp,p,bpbbpbbbpppp,2026-02-11 15:29:21,ppbpbpbpbbppbbbppbbpppbbbpppbpbpbbbpbpppppbpbbpbbbppppppbbbbbp,62
522284,2849,12,36,bpbbpbbbppp,b,bpbbpbbbpppb,2026-02-13 13:47:12,bpbpbpbbpbbppbbbppbpppppppbbppbpppppbpbbpbbbpppbpppppppp,56
530144,2892,12,25,bpbbpbbbppp,b,bpbbpbbbpppb,2026-02-13 16:26:50,bpbbbbpbbbpbbpbbpbpbpbbppbpbbpbbbpppbbbbbbpppbbbbbpbbbpbpppbp,61
541506,2955,12,46,bpbbpbbbppp,b,bpbbpbbbpppb,2026-02-14 10:35:50,bbbpbbbbpppppbbbbbbpbbpbpbbbppbppbpppbppbppbpbbpbbpbbbpppbbp,60
543717,2968,12,35,bpbbpbbbppp,p,bpbbpbbbpppp,2026-02-14 11:04:59,pbbpppbbbpbpppppbpppbpbpppbpbbbpbbbbpbbpbbbppppbpb,50
564043,3082,12,55,bpbbpbbbppp,p,bpbbpbbbpppp,2026-02-17 15:49:48,pbpbbppppbbppbbbppbpbbpbbpbbbbbpbpppppbppbppbpppbpppbppbpbbpbbbpppppb,69
572074,3126,12,26,bpbbpbbbppp,p,bpbbpbbbpppp,2026-02-17 19:44:14,pppppbbpbbbbbbpbbppbbbbbppbpbbpbbbpppppppbbbpppbb,49
575473,3146,12,38,bpbbpbbbppp,p,bpbbpbbbpppp,2026-02-17 21:14:54,bpbpppbbbppbpbpbpbpppppppppbbppbbpbbbbbpbbpbbbppppbpbbb,55
579025,3166,12,17,bpbbpbbbppp,p,bpbbpbbbpppp,2026-02-19 10:45:54,bpppppbppbppbbbpbbpbbpbbbppppbppppbbpppppbpbppbbbppbbbbbbbpb,60
601485,3304,12,9,bpbbpbbbppp,p,bpbbpbbbpppp,2026-02-21 10:38:51,bppbbppppbpbbpbbbpppppppppbbbpbbbpbpbppppppbp,45
609060,3356,12,18,bpbbpbbbppp,b,bpbbpbbbpppb,2026-02-21 14:27:09,bbbppbpbbppbbbpbbbbpbbpbbbpppbbbpppbppbbppppbpbbbbpbbpbbpppbbbb,63
611012,3370,12,11,bpbbpbbbppp,p,bpbbpbbbpppp,2026-02-21 15:02:54,bbbbpbbpppbbpbbpbbbppppbbbpbpppbbppbpbbbpbppbbbppbbpbpbbppbppbp,63
616116,3409,12,0,bpbbpbbbppp,b,bpbbpbbbpppb,2026-02-22 10:05:15,bpbbpbbbpppbpppbbbbpbppppbppppbbpbbppbbbpbppppppbbpb,52
639637,3549,12,34,bpbbpbbbppp,b,bpbbpbbbpppb,2026-02-23 11:53:14,bpbppppppbpbppbppbbpbbpbbbbbbbbbpbbpbbpbbbpppbbbpbpbpppppbpbpb,62
660329,3669,12,39,bpbbpbbbppp,p,bpbbpbbbpppp,2026-02-24 15:34:16,bppppbbpbbbbpbbpbpbpbbbppppbppbpbppbbpbbpbbpbbbppppbbbpppbbpbbbbbbb,67
670834,3730,12,4,bpbbpbbbppp,b,bpbbpbbbpppb,2026-02-25 09:51:14,bpbpbpbbpbbbpppbbpppbbppbbbbbbbppbbppbbpbpbbpp,46
677635,3773,12,28,bpbbpbbbppp,p,bpbbpbbbpppp,2026-02-25 18:02:33,pbbbpppbppbppbpbbppppbpbpbpbbpbbpbbbpppppbbpppppbbbp,52
682994,3804,12,42,bpbbpbbbppp,b,bpbbpbbbpppb,2026-02-25 19:19:19,pbbbbbpbpbpbbpbbbbppbpppbbpppbpbppbbpppbppbpbbpbbbpppbbbp,57
684464,3814,12,32,bpbbpbbbppp,p,bpbbpbbbpppp,2026-02-25 20:08:15,bpbbpbbbbpbpbbppppbpppbpbbbpppbpbpbbpbbbppppbpppppbpbpbbbbbb,60
696369,3881,12,3,bpbbpbbbppp,b,bpbbpbbbpppb,2026-02-28 13:40:55,ppbbpbbpbbbpppbpbpbpbbppppbpbpppbpbppppbpppp,44
704733,3929,12,9,bpbbpbbbppp,b,bpbbpbbbpppb,2026-03-01 16:38:15,pbpbpbpppbpbbpbbbpppbppppppbpbpppbpbpbpbppbpppp,47
713182,3979,12,26,bpbbpbbbppp,p,bpbbpbbbpppp,2026-03-02 11:39:39,pbbbbbppppbbpbbpbpbbpppppbbpbbpbbbppppbbbpbpbbbbbbbbpbpbbpbbp,61
722679,4035,12,10,bpbbpbbbppp,p,bpbbpbbbpppp,2026-03-03 15:36:01,bbbpbpppbpbpbbpbbbppppbbbpppbbppppbppbpppbpppppppbppbbbpp,57
734446,4101,12,16,bpbbpbbbppp,p,bpbbpbbbpppp,2026-03-04 10:05:41,pbppbbbbbbbppppbbpbbpbbbppppbbbbppbbppbpppbbpbpppbpbbbppbppppbbpb,65
741278,4144,12,5,bpbbpbbbppp,b,bpbbpbbbpppb,2026-03-04 15:08:43,pbpbpbpbbpbbbpppbppbbpppbpbbbbbbbbpbbpbbpppbpbbbbbbbppbp,56
750712,4197,12,13,bpbbpbbbppp,p,bpbbpbbbpppp,2026-03-05 14:43:26,bbppbppbpppbbbpbbpbbbppppbbbbbpbbpppbpbbbpppppppbb,50
751587,4203,12,31,bpbbpbbbppp,b,bpbbpbbbpppb,2026-03-05 15:22:36,bppbbbbbbpbbpppppbbpbppbbbpbbppbpbbpbbbpppbp,44
759547,4251,12,31,bpbbpbbbppp,b,bpbbpbbbpppb,2026-03-05 22:16:54,ppbpbbpbppbbbbpbbbpppbppbpppbpbbpbbpbbbpppbpbbbbpbbppbbpbpp,59
769577,4310,12,25,bpbbpbbbppp,b,bpbbpbbbpppb,2026-03-09 16:05:04,bpbpppbppbbbpppbbbpbbbbpbbpbbpbbbpppbbbbbbp,43
778209,4360,12,32,bpbbpbbbppp,b,bpbbpbbbpppb,2026-03-11 19:13:56,ppbbpbbbbbppbbpbbbbppppbpppbbbbpbpbbpbbbpppbbppppbbbbpppppppp,61
779563,4367,12,42,bpbbpbbbppp,b,bpbbpbbbpppb,2026-03-11 19:16:31,bbbpppbbbpbbbppbppbbbpppbpbbbppbppbpbbbpbbbpbbpbbbpppbbbbpbppp,62
780336,4371,12,24,bpbbpbbbppp,p,bpbbpbbbpppp,2026-03-11 19:44:26,bpbbpbpbppbbppppbbbpbbppbpbbpbbbpppppbpbbbbbbpppbbbbbbpbppb,59
788412,4420,12,23,bpbbpbbbppp,p,bpbbpbbbpppp,2026-03-15 13:48:18,pbbbbppbbpbbppbbbpbppbpbpbbpbbbppppbbbppbbpbppb,47
792190,4441,12,39,bpbbpbbbppp,b,bpbbpbbbpppb,2026-03-16 19:08:58,pbpbpbbpbpbpbbppbbpbbppbpbbbpbbbpbbppbbbpbbpbbbpppbbppbbbbppb,61
807223,4531,12,21,bpbbpbbbppp,b,bpbbpbbbpppb,2026-03-18 09:12:41,pppbpppbbpbpbbppbppbbbpbbpbbbpppbppbpppppbpbbbbbbbbbpppbbpbbp,61
821825,4618,12,4,bpbbpbbbppp,b,bpbbpbbbpppb,2026-03-19 20:10:36,bpbbbpbbpbbbpppbbpbbpbpbbbbpbbpbppppbbpbbpbpbbbpppbbpppbpp,58
830563,4670,12,19,bpbbpbbbppp,p,bpbbpbbbpppp,2026-04-12 12:46:24,ppbpbbbpbpbbppbbbbpbpbbpbbbpppppppbppbbppp,42
836066,4707,12,36,bpbbpbbbppp,p,bpbbpbbbpppp,2026-04-19 15:53:13,pbpppppbbpbbbbpbppppbpbpbbbbpbpbbbpbbpbbpbbbppppbpb,51
843233,4750,12,4,bpbbpbbbppp,p,bpbbpbbbpppp,2026-04-23 10:48:17,bpbbbpbbpbbbppppppbbbbpbbpbbpbpbbbpbpppppbbpbpb,47
854525,4816,12,0,bpbbpbbbppp,b,bpbbpbbbpppb,2026-04-23 18:55:44,bpbbpbbbpppbppbpbbbpbpppbbbppbpppbbpppbbb,41
855029,4819,12,19,bpbbpbbbppp,p,bpbbpbbbpppp,2026-04-23 18:57:48,bbbbpbbpbppbbpbbpppbpbbpbbbpppppbpbbb,37
858044,4836,12,27,bpbbpbbbppp,p,bpbbpbbbpppp,2026-04-23 20:06:33,ppbbppbppbppbbbbppppbbppppbbpbbpbbbpppppbpbpb,45
865305,4880,12,34,bpbbpbbbppp,b,bpbbpbbbpppb,2026-04-30 15:31:11,bppbpbppbbbpbbbbbbpbpbbbpbbbbbbpbbbpbbpbbbpppbppbbbppp,54
866332,4886,12,34,bpbbpbbbppp,b,bpbbpbbbpppb,2026-04-30 15:36:02,pbpbppbbbppbppbpbbppbbbpbbpbppbpbbbpbbpbbbpppbbpbpbpp,53
872825,4927,12,22,bpbbpbbbppp,p,bpbbpbbbpppp,2026-05-04 08:29:10,pbbbbppppbpppbbppbbbppbpbbpbbbppppbbppbbpbbb,44
879367,4966,12,28,bpbbpbbbppp,p,bpbbpbbbpppp,2026-05-04 15:37:36,ppppbbpbpppbbbbpbbpbbppppbpbbpbbpbbbppppbbbppbpppbbbbp,54
889269,5020,12,27,bpbbpbbbppp,p,bpbbpbbbpppp,2026-05-14 07:21:19,ppbbbbbppppbbpbbbpppbpbbpbpbpbbpbbbppppbpbpbbbppbpbbpppbpppppbb,63
901140,5088,12,7,bpbbpbbbppp,p,bpbbpbbbpppp,2026-05-23 06:41:37,bbpbpbbbpbbpbbbppppppbpppbbppbbppbbbpbppbbppppbppbpbbb,54
918361,5191,12,27,bpbbpbbbppp,b,bpbbpbbbpppb,2026-05-28 10:43:22,bbppbbpbbppbbppbpbpbbpppbpbbpbbpbbbpppbbbbbpbp,46
929772,5260,12,23,bpbbpbbbppp,p,bpbbpbbbpppp,2026-06-01 10:54:00,pbppbppppbbbbpppbbbbbppbpbbpbbbppppppbppbbpbpbbpbpppbppbbppp,60
932177,5274,12,27,bpbbpbbbppp,p,bpbbpbbbpppp,2026-06-05 06:51:48,pbbbbppbbbbppbbbbpbbbpbpbpbbpbbpbbbppppbbpbppppppppbpppbbbp,59
940696,5325,12,27,bpbbpbbbppp,p,bpbbpbbbpppp,2026-06-07 11:08:16,pppbbpbpbppppbppbpbbpppbbppbpbbpbbbppppppbppbbpppbbpp,53
945050,5352,12,1,bpbbpbbbppp,b,bpbbpbbbpppb,2026-06-08 10:13:46,bbpbbpbbbpppbbpbbbpbpbbbppbbpppbbpppppbbbbbbpppppbbbbbpbbbbbp,61
947332,5365,12,17,bpbbpbbbppp,p,bpbbpbbbpppp,2026-06-10 10:05:05,bbpbbpbppppbbbpbbbpbbpbbbppppbpbbppbpbbpbppbbppppbbp,52
953912,5406,12,26,bpbbpbbbppp,p,bpbbpbbbpppp,2026-06-17 10:17:18,bbppbbppbpbbbbbpbpbbbbpppbbpbbpbbbppppbbbbbpppbb,48
956935,5424,12,32,bpbbpbbbppp,b,bpbbpbbbpppb,2026-06-18 09:09:58,pbpbpbbbbppbbbpppppbpbbbpppbppbbbpbbpbbbpppbbbppbbbbbbpbbp,58
963653,5461,12,11,bpbbpbbbppp,p,bpbbpbbbpppp,2026-06-20 10:35:19,ppbpbbbpbbbbpbbpbbbppppppppbppppbppbbbppppbpbb,46
968234,5486,12,9,bpbbpbbbppp,b,bpbbpbbbpppb,2026-06-20 12:13:05,ppbpbppbpbpbbpbbbpppbpbpbbbbbpbbbppppbbbppbppbpb,48
978207,5544,12,11,bpbbpbbbppp,b,bpbbpbbbpppb,2026-06-23 06:36:23,ppbpbbpbppbbpbbpbbbpppbppppbpppppbpbppppppbbpbbppbpb,52
981127,5561,12,0,bpbbpbbbppp,b,bpbbpbbbpppb,2026-06-23 07:14:34,bpbbpbbbpppbpbbppbpbpbbbpppbppbpppb,35
195073,307,12,20,bpbbpbpbbbb,b,bpbbpbpbbbbb,2026-01-26 10:57:31,pbbpbppppppbbpppbpbpbpbbpbpbbbbbbbbbpppbppbpp,45
200616,404,12,1,bpbbpbpbbbb,b,bpbbpbpbbbbb,2026-01-26 10:57:31,bbpbbpbpbbbbbbppbbpppbbppbbpbpbppppb,36
204698,479,12,19,bpbbpbpbbbb,b,bpbbpbpbbbbb,2026-01-26 10:57:32,pppbpbbpppbbbbppbpbbpbbpbpbbbbbbbbpbppbb,40
206519,513,12,3,bpbbpbpbbbb,b,bpbbpbpbbbbb,2026-01-26 10:57:32,bbpbpbbpbpbbbbbbbpbbbbbpppbppbpbbpppbppppbbpbbpbbbbpp,53
210049,580,12,18,bpbbpbpbbbb,p,bpbbpbpbbbbp,2026-01-26 10:57:32,bppbpppbbpbpbpppppbpbbpbpbbbbppbbb,34
212305,619,12,26,bpbbpbpbbbb,p,bpbbpbpbbbbp,2026-01-26 10:57:32,bbppbpppbbbpbpppbbpbpbppbbbpbbpbpbbbbpb,39
219237,753,12,15,bpbbpbpbbbb,b,bpbbpbpbbbbb,2026-01-26 10:57:32,bbpbppbbbbpbpppbpbbpbpbbbbbpbppbppbpbbbbbbpbpbbpppbbpppp,56
222057,808,12,5,bpbbpbpbbbb,b,bpbbpbpbbbbb,2026-01-26 10:57:32,pbbppbpbbpbpbbbbbpbbbppbbbbbbbppbbbbp,37
222615,819,12,5,bpbbpbpbbbb,p,bpbbpbpbbbbp,2026-01-26 10:57:32,ppbbbbpbbpbpbbbbppppppbpbbpb,28
222781,821,12,12,bpbbpbpbbbb,b,bpbbpbpbbbbb,2026-01-26 10:57:32,pbbppbpbbbpbbpbbpbpbbbbbpbpbpppbpbpbpbpbbpbpppb,47
227012,896,12,0,bpbbpbpbbbb,b,bpbbpbpbbbbb,2026-01-26 10:57:32,bpbbpbpbbbbbbppppbpbppbbpbppbbppppbbbbppbppbb,45
231607,972,12,1,bpbbpbpbbbb,b,bpbbpbpbbbbb,2026-01-26 10:57:32,pbpbbpbpbbbbbppbpbppbpbppbbppbbbpppppbbpbppppbbbppbbbbpp,56
238099,1085,12,37,bpbbpbpbbbb,b,bpbbpbpbbbbb,2026-01-26 10:57:32,bbbpbpbbpbbppbbbbpbppbpppbppppbbppbbbbpbbpbpbbbbbbbbppppbpp,59
242167,1159,12,44,bpbbpbpbbbb,p,bpbbpbpbbbbp,2026-01-26 10:57:32,bbpbbbbpbppbppbpbppbpbbbbpbbpbbppbpbpppbbbbbbpbbpbpbbbbpbbpbp,61
243395,1179,12,13,bpbbpbpbbbb,b,bpbbpbpbbbbb,2026-01-26 10:57:32,bbpbpbbbbpbbpbpbbpbpbbbbbbbbpppbbbbbpppb,40
249987,1291,12,37,bpbbpbpbbbb,b,bpbbpbpbbbbb,2026-01-26 10:57:33,bppbbbbpbbbppppbpbbbbpbpbbpppbpbppbpbbpbbpbpbbbbbppbbbbpbppb,60
255975,1394,12,32,bpbbpbpbbbb,b,bpbbpbpbbbbb,2026-01-26 10:57:33,pbbppppppppppbppbpppbbbpbbbppbpbbpbbpbpbbbbbbbb,47
257212,1416,12,20,bpbbpbpbbbb,p,bpbbpbpbbbbp,2026-01-26 10:57:33,bpbppbpbbbbpppppbbppbpbbpbpbbbbpbbbppp,38
260492,1470,12,0,bpbbpbpbbbb,p,bpbbpbpbbbbp,2026-01-26 10:57:33,bpbbpbpbbbbpbpbpbpbbpbppbbbbppbbpbbpbpppbbbb,44
262253,1501,12,23,bpbbpbpbbbb,b,bpbbpbpbbbbb,2026-01-26 10:57:33,bppppbbbppbpbpbbbbpppppbpbbpbpbbbbbpbppbbbbbbppppbbbbpbppbpbb,61
265651,1553,12,32,bpbbpbpbbbb,b,bpbbpbpbbbbb,2026-01-26 10:57:33,ppbpbpbbpppppppbbpbbbbppbbpppbbbbpbbpbpbbbbbbbpbpbbbpbbbbpb,59
267039,1574,12,32,bpbbpbpbbbb,p,bpbbpbpbbbbp,2026-01-26 10:57:33,pbpbpbbbpppbbbbpppbppppbbbpbbpppbpbbpbpbbbbppbbbbbpbb,53
270393,1626,12,42,bpbbpbpbbbb,b,bpbbpbpbbbbb,2026-01-26 10:57:33,ppppbbppppbpbbppppbbbbbbbbpppbbppbbpbbpbbpbpbbpbpbbbbbpbbppb,60
273966,1687,12,8,bpbbpbpbbbb,p,bpbbpbpbbbbp,2026-01-26 10:57:33,pbpbbbbpbpbbpbpbbbbpbbppbpbpppppbbpbbppppbpbpb,46
274971,1706,12,23,bpbbpbpbbbb,b,bpbbpbpbbbbb,2026-01-26 10:57:33,bbbpbbpbbbbbbbbbbbbbpppbpbbpbpbbbbbpbpbbbpbbpbpbb,49
275849,1721,12,48,bpbbpbpbbbb,p,bpbbpbpbbbbp,2026-01-26 10:57:33,bbbbbbppbpbbbbpppbpbpbbbbbbbpbpbbbpbpppbbpbpbpbbbpbbpbpbbbbp,60
277460,1750,12,16,bpbbpbpbbbb,b,bpbbpbpbbbbb,2026-01-26 10:57:33,ppbbbbppppbpppbpbpbbpbpbbbbbbbbpbppppbpbppbpbb,46
293308,1924,12,22,bpbbpbpbbbb,p,bpbbpbpbbbbp,2026-01-26 16:51:25,ppbbpbbbpbpbbpbbpbbbppbpbbpbpbbbbppppbbbbpbpbpppppppb,53
369282,1989,12,18,bpbbpbpbbbb,p,bpbbpbpbbbbp,2026-01-27 17:11:54,pppbppbpbpbpbppbbbbpbbpbpbbbbppppbpbbbbppppbbb,46
371906,2003,12,26,bpbbpbpbbbb,b,bpbbpbpbbbbb,2026-01-28 10:57:46,bpppbbppbbpppbppbbpppbppppbpbbpbpbbbbbbpbbpbppppp,49
379695,2047,12,5,bpbbpbpbbbb,b,bpbbpbpbbbbb,2026-01-29 13:04:12,bbpbbbpbbpbpbbbbbppbbbbppbppbbpppbbbpppbpbbbbbbbpbbpbp,54
384332,2075,12,3,bpbbpbpbbbb,p,bpbbpbpbbbbp,2026-01-30 10:15:49,pbbbpbbpbpbbbbppbbppbbbpbpbbpbpbpbpbpbb,39
388614,2100,12,27,bpbbpbpbbbb,b,bpbbpbpbbbbb,2026-01-31 06:06:07,bppppbppbbpbbbbbpbbbbbpbbppbpbbpbpbbbbbbbbbpppppppb,51
389121,2103,12,16,bpbbpbpbbbb,p,bpbbpbpbbbbp,2026-01-31 06:07:03,bbbpbbbbpppbbbpbbpbbpbpbbbbpbbpbbbbbbpbbbppppppb,48
397281,2150,12,15,bpbbpbpbbbb,p,bpbbpbpbbbbp,2026-01-31 08:27:51,bbpbpbbbppbppbpbpbbpbpbbbbpbbbbpbbbpbppbb,41
400169,2167,12,38,bpbbpbpbbbb,b,bpbbpbpbbbbb,2026-01-31 19:12:17,pbbbbpbbbpbppbbbpbbpbppppppppbpbbpbbpbbpbbpbpbbbbbppbppppp,58
402099,2177,12,21,bpbbpbpbbbb,b,bpbbpbpbbbbb,2026-01-31 19:36:39,bppbpbppppbpppbpbpbppbpbbpbpbbbbbbbbpbbbpbppbpbbpbpbpbbbbpbpbpbbp,65
409782,2218,12,7,bpbbpbpbbbb,b,bpbbpbpbbbbb,2026-02-02 13:33:04,pppbpbpbpbbpbpbbbbbpppppbbppppbpppbpbpbpbpbppbpppbpppb,54
418845,2268,12,20,bpbbpbpbbbb,p,bpbbpbpbbbbp,2026-02-02 16:47:45,bbbpbppbbppbbbpbbppbbpbbpbpbbbbpbbppbbbpppbpbbpbppb,51
420727,2278,12,15,bpbbpbpbbbb,p,bpbbpbpbbbbp,2026-02-03 09:41:47,pppbpbpbbpbppbbbpbbpbpbbbbpppbpbbpbpbpbbbppbp,45
420937,2279,12,8,bpbbpbpbbbb,p,bpbbpbpbbbbp,2026-02-03 09:42:07,pbbppbbbbpbbpbpbbbbpbbpbbbbbbbbpppppbpbbpbppbpbpppbbppbbpppppppbp,65
429910,2328,12,7,bpbbpbpbbbb,p,bpbbpbpbbbbp,2026-02-04 17:10:47,bbbbppbbpbbpbpbbbbpbbpbbbpbbpbbbbbpbppppbpbpbpbppppbppbbbpb,59
431104,2335,12,33,bpbbpbpbbbb,b,bpbbpbpbbbbb,2026-02-04 17:13:06,bpbpppbbbbpbpppbpbpppppppbpbpppbbbpbbpbpbbbbbbp,47
437933,2372,12,39,bpbbpbpbbbb,p,bpbbpbpbbbbp,2026-02-04 19:42:52,pbbbpppbpbbbbbpppbpbbbpppbbpppbppbppbpbbpbbpbpbbbbpbbpbbbbb,59
440527,2387,12,6,bpbbpbpbbbb,p,bpbbpbpbbbbp,2026-02-05 14:30:35,bbbbppbpbbpbpbbbbpbpbbbbbbppbbppbbpbppbpbb,42
465982,2522,12,26,bpbbpbpbbbb,b,bpbbpbpbbbbb,2026-02-08 04:09:52,bppbbbpppppbbbpbbppbbpppppbpbbpbpbbbbbbbpbppppbpbb,50
466337,2524,12,29,bpbbpbpbbbb,b,bpbbpbpbbbbb,2026-02-09 15:26:23,bbppppbbbpbpbbppbpbbbbpbpbbpbbpbbpbpbbbbbbp,43
468028,2533,12,29,bpbbpbpbbbb,b,bpbbpbpbbbbb,2026-02-09 15:29:06,bbpbpbbbpppppbbbppbpbpbbbbbbbbpbbpbpbbbbbbpbpbbbppppbpbpb,57
473840,2565,12,24,bpbbpbpbbbb,p,bpbbpbpbbbbp,2026-02-10 16:53:46,ppbppbbpbbpbbbpbppbpbbbbbpbbpbpbbbbpbbpbbpbpppbppp,50
475007,2571,12,29,bpbbpbpbbbb,p,bpbbpbpbbbbp,2026-02-10 17:24:40,bbpbpbbbppbppbbbbbpbpbbpbbbbpbpbbpbpbbbbpbbpppbpbbbpbpbb,56
484435,2628,12,32,bpbbpbpbbbb,p,bpbbpbpbbbbp,2026-02-11 11:06:29,bpppbpppbppppbbpbppbpbbppbppppbbbpbbpbpbbbbpbp,46
501259,2730,12,5,bpbbpbpbbbb,p,bpbbpbpbbbbp,2026-02-11 21:29:44,pbbbpbpbbpbpbbbbppbbpbbbbpbpbbbbbpbpppbpbbbpppbppbpb,52
501613,2732,12,38,bpbbpbpbbbb,p,bpbbpbpbbbbp,2026-02-11 21:30:28,ppbbppbbbbbbbbbpppppbppbpbbbppppppbbppbpbbpbpbbbbpbpbbbbpbppbpbpbp,66
514826,2808,12,37,bpbbpbpbbbb,p,bpbbpbpbbbbp,2026-02-12 15:53:12,bbbbpppppppbbbbbpppbbpppbpppbbbpbpbbpbpbbpbpbbbbppb,51
541077,2953,12,22,bpbbpbpbbbb,b,bpbbpbpbbbbb,2026-02-14 10:34:43,bpppbbpppbpbppbpbbpbpbbpbbpbpbbbbbppbpbbpbpbbbbbp,49
541085,2953,12,36,bpbbpbpbbbb,b,bpbbpbpbbbbb,2026-02-14 10:34:43,bpppbbpppbpbppbpbbpbpbbpbbpbpbbbbbppbpbbpbpbbbbbp,49
556196,3040,12,20,bpbbpbpbbbb,p,bpbbpbpbbbbp,2026-02-15 21:17:57,pbpbpppbbbppbppbppbpbpbbpbpbbbbpbppbpbpbppbbpbbpp,49
564780,3086,12,24,bpbbpbpbbbb,b,bpbbpbpbbbbb,2026-02-17 16:15:12,bpbbpbppbbbppbpbbbpbbpppbpbbpbpbbbbbbbppbpppbbbpbpbbpbpbpbbbpbpb,64
566403,3094,12,4,bpbbpbpbbbb,b,bpbbpbpbbbbb,2026-02-17 16:18:55,bbbbbpbbpbpbbbbbpbbbpbbpbbpbppbppbbbpbppppbppbbpppppbppbbbp,59
582830,3186,12,33,bpbbpbpbbbb,p,bpbbpbpbbbbp,2026-02-19 11:47:03,bbpbbpbbpbpbbppppbppbbpbbpbbbbbbbbpbbpbpbbbbppppbbbppbpbpbppbb,62
595783,3269,12,5,bpbbpbpbbbb,p,bpbbpbpbbbbp,2026-02-20 15:57:15,bbppbbpbbpbpbbbbpppbpbppbbbbbbppbpbppbbppbppppbpbpbbbbppbb,58
597025,3277,12,30,bpbbpbpbbbb,p,bpbbpbpbbbbp,2026-02-21 10:07:03,ppbppppbbbbbbppbbpbbbpppbbppppbpbbpbpbbbbpbppbbppbbppppppppp,60
610241,3364,12,33,bpbbpbpbbbb,p,bpbbpbpbbbbp,2026-02-21 14:31:01,pbpbbbpbpbpppppbbbppppbpbpbbpppbbbpbbpbpbbbbpbpbbpbpbbppbpbbbb,62
614622,3398,12,7,bpbbpbpbbbb,b,bpbbpbpbbbbb,2026-02-22 09:35:45,pbbpbppbpbbpbpbbbbbpppbbbbpbpbbppbppppbpbbpp,44
626961,3476,12,33,bpbbpbpbbbb,b,bpbbpbpbbbbb,2026-02-22 19:03:44,bpbbbpbbpbppbpbpbpppbpppbbpbbppbpbpbbpbpbbbbbbppbp,50
627181,3477,12,17,bpbbpbpbbbb,p,bpbbpbpbbbbp,2026-02-22 19:04:05,pbppppbbpbbbppbbpbpbbpbpbbbbpbbpbppbppbpbbpppppbbppbpppbbbb,59
638407,3542,12,32,bpbbpbpbbbb,b,bpbbpbpbbbbb,2026-02-23 11:23:46,bpbpbppbbpbbbppbpbppbpppppppbbppbpbbpbpbbbbbbbpbb,49
647304,3596,12,2,bpbbpbpbbbb,b,bpbbpbpbbbbb,2026-02-23 14:56:38,pbbpbbpbpbbbbbbppbbpbpbbpbppppbbpbppbpbbpbpbpppbbbpbpbbbbbppbpbb,64
658471,3659,12,17,bpbbpbpbbbb,p,bpbbpbpbbbbp,2026-02-24 14:55:09,bbbppbbbpbbpppbbbbpbbpbpbbbbpppbbppbpbbbbpbbbppbpbbbbp,54
661281,3674,12,23,bpbbpbpbbbb,b,bpbbpbpbbbbb,2026-02-24 17:34:19,bbbppbpppbpbbbpbpbbbppbbpbbpbpbbbbbbbpppbbbbbpbpbb,50
674649,3756,12,0,bpbbpbpbbbb,p,bpbbpbpbbbbp,2026-02-25 11:36:21,bpbbpbpbbbbpbpbppbbbbbpbbppbpbpbppbpbppbpppp,44
694813,3873,12,20,bpbbpbpbbbb,p,bpbbpbpbbbbp,2026-02-28 13:35:48,pbbbpbbbpbpbbbpbbbbpbpbbpbpbbbbpbpppppppbbppbpbbbbpppbpbbbp,59
703379,3921,12,33,bpbbpbpbbbb,p,bpbbpbpbbbbp,2026-03-01 16:32:25,bpbbbpbbbbpbppppbbppbbbbbppbpbpbpbpbbpbpbbbbpbpbpbbbbbpb,56
704539,3928,12,17,bpbbpbpbbbb,p,bpbbpbpbbbbp,2026-03-01 16:37:44,pppbpbppbbbppppbpbpbbpbpbbbbpbbbbpppppppp,41
706690,3940,12,27,bpbbpbpbbbb,p,bpbbpbpbbbbp,2026-03-01 18:47:59,pbpbbbbpbbppbppppbppppppbppbpbbpbpbbbbppbpppb,45
712530,3975,12,4,bpbbpbpbbbb,b,bpbbpbpbbbbb,2026-03-01 20:40:16,bppbbpbbpbpbbbbbppbpbbbpppppbpbpbbbbpbpbpbpbbbbbpbb,51
716811,3998,12,3,bpbbpbpbbbb,b,bpbbpbpbbbbb,2026-03-02 13:59:33,bpbbpbbpbpbbbbbpbbbpbpbpbbpbbbpbp,33
719530,4015,12,7,bpbbpbpbbbb,b,bpbbpbpbbbbb,2026-03-02 15:10:28,pbpbbbbbpbbpbpbbbbbbbppbpbbbbppbpbbbpbpppbbpbbppbppppppbbpb,59
720107,4018,12,9,bpbbpbpbbbb,p,bpbbpbpbbbbp,2026-03-02 15:11:50,ppbbpppbpbpbbpbpbbbbppbpbpbbbpbppbbppbbpppbbbppbppbpb,53
733659,4097,12,37,bpbbpbpbbbb,b,bpbbpbpbbbbb,2026-03-04 09:25:04,pbpbbppbpbpbbbppbbbbppppbppppbbbbppbbbpbbpbpbbbbbpbppb,54
736840,4114,12,3,bpbbpbpbbbb,p,bpbbpbpbbbbp,2026-03-04 11:16:20,ppbbpbbpbpbbbbppbbbbppbppbppppbpbbbbbppbpppbpppbpbbbbbbbpbbbbbpb,64
738419,4123,12,10,bpbbpbpbbbb,b,bpbbpbpbbbbb,2026-03-04 11:20:23,pppbpbbbpbbpbbpbpbbbbbbbbbpbpbpbppbpbppbbbppbbbb,48
743469,4156,12,29,bpbbpbpbbbb,p,bpbbpbpbbbbp,2026-03-04 15:39:14,ppppppbpbpbbbbbpbpbbbpppbbpppbpbbpbpbbbbppbb,44
751291,4200,12,3,bpbbpbpbbbb,p,bpbbpbpbbbbp,2026-03-05 15:21:10,ppbbpbbpbpbbbbppppbbbbbbpppbbpbbbpppppbbpbbppppbbpppbbpbbpbbpppbbbp,67
759213,4249,12,37,bpbbpbpbbbb,b,bpbbpbpbbbbb,2026-03-05 22:15:58,bbbbbbbppppppbpbbbbppbbbpbppppbpbppppbpbbpbpbbbbbppbpp,54
774791,4339,12,34,bpbbpbpbbbb,b,bpbbpbpbbbbb,2026-03-09 19:52:27,bbbbbpbbbpbpbpbpbbbpbpbbbppbpbpbbbbpbbpbpbbbbbbppppbpbpppppbbbppbppbp,69
775195,4342,12,0,bpbbpbpbbbb,p,bpbbpbpbbbbp,2026-03-11 18:45:34,bpbbpbpbbbbpbpbbpbbppppbbbbbbpbbbbppppppbp,42
777194,4354,12,22,bpbbpbpbbbb,p,bpbbpbpbbbbp,2026-03-11 18:49:49,pppbpbppppppbpbpppppbbbpbbpbpbbbbpbppbbbpp,42
781489,4377,12,13,bpbbpbpbbbb,p,bpbbpbpbbbbp,2026-03-11 19:46:40,pbppbpbpbpbbbbpbbpbpbbbbpppbppbbbpbbpbppbppbppppbbpbbpbbbbbpbp,62
785447,4402,12,37,bpbbpbpbbbb,b,bpbbpbpbbbbb,2026-03-15 12:57:15,ppppbpbbbbbpppppbpbbbppppbbppppppbpbbbpbbpbpbbbbbpppbbpb,56
789826,4428,12,21,bpbbpbpbbbb,p,bpbbpbpbbbbp,2026-03-15 14:34:21,pbppbpbbpppbbpppbbppbbpbbpbpbbbbppppbb,38
796910,4467,12,36,bpbbpbpbbbb,p,bpbbpbpbbbbp,2026-03-17 07:03:58,bpbbbpppbppbpbppbpbbbbbbbbpbpppbppbpbpbbpbpbbbbpb,49
800440,4486,12,1,bpbbpbpbbbb,b,bpbbpbpbbbbb,2026-03-17 20:17:04,pbpbbpbpbbbbbpbpbpbpbbppbpbppbbbppppbpppppbbbbbbpbbppbppbbbbbb,62
806218,4519,12,0,bpbbpbpbbbb,p,bpbbpbpbbbbp,2026-03-18 07:53:30,bpbbpbpbbbbppbpbbbbbbppppbbppbbbpbbppbbbpbbbbpbbpbbbbbpbbpp,59
816301,4585,12,8,bpbbpbpbbbb,b,bpbbpbpbbbbb,2026-03-18 16:12:17,ppbpbbppbpbbpbpbbbbbpppbbpbbbbpbbbpbbppbbpppbp,46
821831,4618,12,16,bpbbpbpbbbb,p,bpbbpbpbbbbp,2026-03-19 20:10:36,bpbbbpbbpbbbpppbbpbbpbpbbbbpbbpbppppbbpbbpbpbbbpppbbpppbpp,58
825565,4639,12,18,bpbbpbpbbbb,b,bpbbpbpbbbbb,2026-03-22 10:07:21,bppppbbbbbbbpbbbppbpbbpbpbbbbbppbbpbbpppbbpbpb,46
832488,4684,12,9,bpbbpbpbbbb,p,bpbbpbpbbbbp,2026-04-12 15:38:54,pppbbbpbbbpbbpbpbbbbppppbpbbbpppppbpb,37
840084,4732,12,9,bpbbpbpbbbb,p,bpbbpbpbbbbp,2026-04-21 06:34:08,bppppbbpbbpbbpbpbbbbpppbppbpbpbppbbppbpbpppbbppppbbbbpppppbb,60
841623,4741,12,35,bpbbpbpbbbb,p,bpbbpbpbbbbp,2026-04-21 06:38:39,pbbbpbbppbbpbbpbbbbbpbbbbpbppbbbbpbbpbbpbpbbbbpppbppppbbbbbbpb,62
846169,4766,12,31,bpbbpbpbbbb,b,bpbbpbpbbbbb,2026-04-23 13:59:34,ppbbbpbppbpppbpbpbppbppbpbpppbpbpbbpbpbbbbbppbpppbpbbb,54
850772,4792,12,16,bpbbpbpbbbb,b,bpbbpbpbbbbb,2026-04-23 15:37:12,bpbpbppppppbppppbpbbpbpbbbbbbbbbpbbbppbppbppbbpbbppb,52
870518,4913,12,14,bpbbpbpbbbb,p,bpbbpbpbbbbp,2026-05-04 07:57:13,bpbbbpbpbpbppbbpbbpbpbbbbpbbpbbpbbppbbppbbppppbppbbpbpbbbpbbp,61
873804,4934,12,4,bpbbpbpbbbb,p,bpbbpbpbbbbp,2026-05-04 09:08:27,bppbbpbbpbpbbbbppppppppbpbppbbbbpppppbpppbbppppbbppbppp,55
874993,4941,12,1,bpbbpbpbbbb,p,bpbbpbpbbbbp,2026-05-04 09:14:47,bbpbbpbpbbbbpbbbpppbpbpppbbbbbpbbb,34
888270,5015,12,11,bpbbpbpbbbb,p,bpbbpbpbbbbp,2026-05-14 07:17:04,pbpbppbpppbbpbbpbpbbbbpbbpbpbbpbppbpppbbpbbpppbpbpbbbppppbbpb,61
904955,5110,12,36,bpbbpbpbbbb,b,bpbbpbpbbbbb,2026-05-26 10:08:35,bbppbppbppbbpppppbbbpppbppbbbpbpbppbbpbbpbpbbbbbppbbbpbbppbbbpbpbb,66
909363,5136,12,0,bpbbpbpbbbb,p,bpbbpbpbbbbp,2026-05-26 11:42:16,bpbbpbpbbbbpbbbbppbbpbpbpbpbppbpbpppbppbbbpbppppbpbpbbbbbpbp,60
926154,5237,12,6,bpbbpbpbbbb,b,bpbbpbpbbbbb,2026-05-28 15:58:06,bppbbbbpbbpbpbbbbbpppbpbppppbpbpbpppbpppbbbbbbbb,48
928392,5251,12,22,bpbbpbpbbbb,b,bpbbpbpbbbbb,2026-05-29 08:27:37,bpppbppbbppppbppbbbpbpbpbbpbpbbbbbpbpppbb,41
930254,5263,12,7,bpbbpbpbbbb,p,bpbbpbpbbbbp,2026-06-01 10:57:07,bbpbbpbbpbbpbpbbbbppppppbppbpbbbbppbpbbbbbpbpppbbbpbbb,54
930461,5264,12,19,bpbbpbpbbbb,b,bpbbpbpbbbbb,2026-06-01 10:58:09,pbppbbbbpbbpppbppbpbpbbpbpbbbbbbbpppppbpbbbppbbpbbpbpbpp,56
931105,5268,12,13,bpbbpbpbbbb,b,bpbbpbpbbbbb,2026-06-01 11:02:43,bbbpbbbpbppbbbpbbpbpbbbbbpbbppppppbbbbbbbbbbbppbpbpbb,53
933337,5280,12,31,bpbbpbpbbbb,p,bpbbpbpbbbbp,2026-06-05 06:58:21,pppbbpbbbppbbbbpbbppppppppbbbbpbpbbpbpbbbbpppbbbbbpbpbbb,56
939081,5316,12,24,bpbbpbpbbbb,b,bpbbpbpbbbbb,2026-06-06 14:20:58,pbbpbpbppbbbbppppppbbbpbbpbbpbpbbbbbbbpbbppbbpbbbpbpppbbpbpbpbb,63
941729,5331,12,26,bpbbpbpbbbb,p,bpbbpbpbbbbp,2026-06-07 11:16:41,bppppbppppbbbbbpbpbbpbbbbbbpbbpbpbbbbpbbbpbbbpbpbbbbbbbbbbppbbbbbpp,67
942325,5334,12,17,bpbbpbpbbbb,p,bpbbpbpbbbbp,2026-06-07 21:05:57,bbpbbbbbpbpbbbpbbbpbbpbpbbbbpbbppbpbbbpppbbbpbppbbbpbpb,55
946799,5362,12,3,bpbbpbpbbbb,p,bpbbpbpbbbbp,2026-06-10 10:00:53,pbpbpbbpbpbbbbppbppbppbbpbbbbpbbbbpbpbppbbpbbpppbbppppbpppbp,60
949218,5376,12,38,bpbbpbpbbbb,b,bpbbpbpbbbbb,2026-06-10 15:17:34,pbpppbpbbpbbpbbbbpbppppbppbppbpbbbbbpbbpbbpbpbbbbbpppbpbpppppbpp,64
962530,5455,12,25,bpbbpbpbbbb,b,bpbbpbpbbbbb,2026-06-20 09:19:38,ppbbpbpbbppppbppppbbpbppbbpbbpbpbbbbbpbpppppbbppb,49
970810,5500,12,37,bpbbpbpbbbb,b,bpbbpbpbbbbb,2026-06-21 09:42:57,bpppbbpppbbbbpbbbpppbpbbbbpbbpbbbbbpbbpbbpbpbbbbbpbbpbbppbbbppp,63
972016,5508,12,11,bpbbpbpbbbb,b,bpbbpbpbbbbb,2026-06-21 11:02:32,bbpbbbppppbbpbbpbpbbbbbpppbbpbbbpppbpbpppbbppbppppp,51
973544,5517,12,31,bpbbpbpbbbb,p,bpbbpbpbbbbp,2026-06-21 11:20:32,bpbpbpppbpbbbpbppppbbbpbppppbpbbpbbpbpbbbbpbbbbbbp,50
188443,146,12,17,bpbbpbpbbbp,p,bpbbpbpbbbpp,2026-01-26 10:57:31,ppppbbbpbppbpbbppbpbbpbpbbbpp,29
194335,292,12,37,bpbbpbpbbbp,p,bpbbpbpbbbpp,2026-01-26 10:57:31,bpbpbbbppppbbpppppbpbpbpbppbbpbbbpppbbpbbpbpbbbppbbbbppbppppb,61
194853,302,12,5,bpbbpbpbbbp,b,bpbbpbpbbbpb,2026-01-26 10:57:31,bbpbpbpbbpbpbbbpbbpbbpbbpbbb,28
195010,306,12,6,bpbbpbpbbbp,p,bpbbpbpbbbpp,2026-01-26 10:57:31,ppbbppbpbbpbpbbbppbppppbbpbppbpbpppbpbbpbbpbb,45
195862,322,12,38,bpbbpbpbbbp,b,bpbbpbpbbbpb,2026-01-26 10:57:31,bbbbbpppbppbppppbpbpbbbbbpppbbbpppppppbpbbpbpbbbpbpbbpbp,56
201994,431,12,45,bpbbpbpbbbp,p,bpbbpbpbbbpp,2026-01-26 10:57:31,pbpbbbpbbppbbbbbppbppbbbbpbppbbpbppbbppbpbbbpbpbbpbpbbbpppbpbp,62
204233,470,12,30,bpbbpbpbbbp,b,bpbbpbpbbbpb,2026-01-26 10:57:32,ppbbbpbppppbbpppbppppbbbbbpbppbpbbpbpbbbpb,42
206113,505,12,15,bpbbpbpbbbp,b,bpbbpbpbbbpb,2026-01-26 10:57:32,pppbpbpbbbpbbbpbpbbpbpbbbpbppbbpppbpbbbbbppbbpppbbpbbp,54
208230,548,12,8,bpbbpbpbbbp,b,bpbbpbpbbbpb,2026-01-26 10:57:32,bpbbpppbbpbbpbpbbbpbbppbpbpbbpbppbpbbbbbbp,42
212224,617,12,11,bpbbpbpbbbp,b,bpbbpbpbbbpb,2026-01-26 10:57:32,pbbbbbpbbbbbpbbpbpbbbpbbpbbpbbpbbpb,35
216785,704,12,2,bpbbpbpbbbp,p,bpbbpbpbbbpp,2026-01-26 10:57:32,bpbpbbpbpbbbppbppbppbbppbbpbpppppbbbpppppbpppbbpbbpppbppbb,58
219448,758,12,3,bpbbpbpbbbp,b,bpbbpbpbbbpb,2026-01-26 10:57:32,bpbbpbbpbpbbbpbbbppbpbpbbbppppbbbbbpbb,38
222717,820,12,48,bpbbpbpbbbp,p,bpbbpbpbbbpp,2026-01-26 10:57:32,pppbppbbpbbpbpppbpbbppbppbbpbpbbppppbpbbpppbbbpbbpbbpbpbbbppbbpbbppb,68
224930,859,12,19,bpbbpbpbbbp,b,bpbbpbpbbbpb,2026-01-26 10:57:32,pppbbppbpbppppppppbbpbbpbpbbbpbbbpppbbbpbpb,43
225433,868,12,35,bpbbpbpbbbp,b,bpbbpbpbbbpb,2026-01-26 10:57:32,bbbbppbpbpbbpppbpppbpppbpbbbbbbbppbbpbbpbpbbbpbppbbbbbpbbbpb,60
227708,907,12,3,bpbbpbpbbbp,p,bpbbpbpbbbpp,2026-01-26 10:57:32,ppbbpbbpbpbbbppbbpbpbppbpbbpppbbbpbb,36
237359,1072,12,40,bpbbpbpbbbp,p,bpbbpbpbbbpp,2026-01-26 10:57:32,pbbpppbpbbpppppbbppbbbbpbbpbbpbbbpppbppbbpbbpbpbbbppbbbb,56
237578,1076,12,32,bpbbpbpbbbp,p,bpbbpbpbbbpp,2026-01-26 10:57:32,bbpbbpbbpbbpbbbbpbpbpbbbppbpppbbbpbbpbpbbbpp,44
238509,1092,12,9,bpbbpbpbbbp,p,bpbbpbpbbbpp,2026-01-26 10:57:32,pbppbbbbbbpbbpbpbbbpppbppbppbbppbppb,36
242077,1158,12,34,bpbbpbpbbbp,b,bpbbpbpbbbpb,2026-01-26 10:57:32,pbpbbpppbbbbbbbpbpbppbpbbbpbbbbbpbbpbbpbpbbbpbbpbbbpp,53
244257,1194,12,38,bpbbpbpbbbp,b,bpbbpbpbbbpb,2026-01-26 10:57:33,pbpbbppbppbbpbppbppppbpbbbbbbbpbpbbbbbbpbbpbpbbbpbppp,53
245816,1220,12,18,bpbbpbpbbbp,p,bpbbpbpbbbpp,2026-01-26 10:57:33,bbpbppbbpbbbppbbbbbpbbpbpbbbppbpbppbbbbbpppbpbbppbbbpbbpbbpbbpbp,64
248532,1266,12,46,bpbbpbpbbbp,p,bpbbpbpbbbpp,2026-01-26 10:57:33,bpbpbbppppbbpbbpppbbbbbbppbbbbpbppbbpbbppppbbbbpbbpbpbbbppbbb,61
255852,1392,12,16,bpbbpbpbbbp,p,bpbbpbpbbbpp,2026-01-26 10:57:33,bpbpbppbpbbbpbppbpbbpbpbbbppppbpbbpppbppbppbbpbpbpbppbbpbpbbb,61
262382,1503,12,29,bpbbpbpbbbp,b,bpbbpbpbbbpb,2026-01-26 10:57:33,bbbbpbbpppbbpbpbpbbpppppppppbbpbbpbpbbbpbbpppppbbpbbpbbbbpbbp,61
264318,1534,12,19,bpbbpbpbbbp,b,bpbbpbpbbbpb,2026-01-26 10:57:33,pbpbpppbpppbpbbpbbpbpbbpbpbbbpbpbpbbpbbbbbppbbppbppppbbbppp,59
265498,1551,12,9,bpbbpbpbbbp,b,bpbbpbpbbbpb,2026-01-26 10:57:33,bbbbppbppbpbbpbpbbbpbpbbpppbbbppbbbpbpbpbbbpbbpbb,49
266604,1567,12,5,bpbbpbpbbbp,p,bpbbpbpbbbpp,2026-01-26 10:57:33,ppppbbpbbpbpbbbppbbbbbbpbbbbppbbpbppbbbbpbbppbbb,48
269994,1619,12,14,bpbbpbpbbbp,p,bpbbpbpbbbpp,2026-01-26 10:57:33,bpbpbpbbpppbbpbpbbpbpbbbppbppbpbpppbbbppbppbbppbbpbpbbp,55
271889,1650,12,19,bpbbpbpbbbp,p,bpbbpbpbbbpp,2026-01-26 10:57:33,bbpbbbbbbbbppppbbppbpbbpbpbbbppbppbpp,37
273016,1669,12,19,bpbbpbpbbbp,p,bpbbpbpbbbpp,2026-01-26 10:57:33,bbbppbpbpbpbppbbbbpbpbbpbpbbbpppbppbpppbppbbppppppppbb,54
273844,1685,12,48,bpbbpbpbbbp,b,bpbbpbpbbbpb,2026-01-26 10:57:33,bbbbbbbbpbbppbpbbppbpbbbpppppbbpbpbbppppbbpppppbbpbbpbpbbbpb,60
273910,1686,12,33,bpbbpbpbbbp,b,bpbbpbpbbbpb,2026-01-26 10:57:33,bbpppbpbbpbbppbpbpbbbbpbbbbbbbppbbpbbpbpbbbpbbpbbbpbbpb,55
278249,1761,12,3,bpbbpbpbbbp,p,bpbbpbpbbbpp,2026-01-26 10:57:33,bbbbpbbpbpbbbpppbpbbbbpbpbbpbpbppbpbbbpppbbpbbppbbbbppbppbbbpbp,63
278472,1764,12,14,bpbbpbpbbbp,b,bpbbpbpbbbpb,2026-01-26 10:57:33,bppbpppbbpbbbpbpbbpbpbbbpbbbpbpppbpbbbpbpppbppbpbppbppbbbbpbbbbp,64
278530,1765,12,6,bpbbpbpbbbp,b,bpbbpbpbbbpb,2026-01-26 10:57:33,pbbbbbbpbbpbpbbbpbbbbbpppbbbpbbbbppppbbbppppbbppbb,50
278730,1768,12,3,bpbbpbpbbbp,p,bpbbpbpbbbpp,2026-01-26 10:57:33,pbpbpbbpbpbbbppbbbpbpbpbpppbbpbpbbbbpbpppbppppbpbpb,51
283831,1852,12,9,bpbbpbpbbbp,b,bpbbpbpbbbpb,2026-01-26 10:57:34,pbpbpbbppbpbbpbpbbbpbppppbbbbppppbbpbbpbpbbppbpbppppbbbpppbb,60
287327,1889,12,6,bpbbpbpbbbp,p,bpbbpbpbbbpp,2026-01-26 11:41:04,bbbpppbpbbpbpbbbppbpppbbbpppbppbpppbppppbpbbpbbppppbbpp,55
295168,1934,12,10,bpbbpbpbbbp,b,bpbbpbpbbbpb,2026-01-26 17:18:49,bpbpppbbppbpbbpbpbbbpbbbbppppbpbpbppbbbbppbppbpbbbbbbbpbppppb,61
369730,1991,12,15,bpbbpbpbbbp,p,bpbbpbpbbbpp,2026-01-27 17:12:25,pbbbppbppbppbpbbpbbpbpbbbpppbbpbpbbpbbbbpppbpbpbbpbpbbbpbpbpbpppbp,66
369748,1991,12,45,bpbbpbpbbbp,b,bpbbpbpbbbpb,2026-01-27 17:12:25,pbbbppbppbppbpbbpbbpbpbbbpppbbpbpbbpbbbbpppbpbpbbpbpbbbpbpbpbpppbp,66
375477,2022,12,18,bpbbpbpbbbp,p,bpbbpbpbbbpp,2026-01-29 11:43:44,pbbbbbbbpbbbppppbbbpbbpbpbbbpppbpbppbpbpbbbbbbppbpppbbppppbppppbp,65
377415,2034,12,10,bpbbpbpbbbp,p,bpbbpbpbbbpp,2026-01-29 12:33:35,bpbpppppbbbpbbpbpbbbppbbbbpbppbbbpbbpb,38
383114,2066,12,27,bpbbpbpbbbp,p,bpbbpbpbbbpp,2026-01-30 10:12:09,bpbbpbppbpbppbbbpppbbpppbppbpbbpbpbbbppppbp,43
385314,2082,12,32,bpbbpbpbbbp,p,bpbbpbpbbbpp,2026-01-30 10:45:53,pbbbbbbbpbbpppbbpbppbbbbpbbbpbbbbpbbpbpbbbppbppppppbpp,54
394620,2134,12,14,bpbbpbpbbbp,p,bpbbpbpbbbpp,2026-01-31 07:50:17,bpbppppbbbppppbpbbpbpbbbppbpbbppbpbbbbbpbpbbppbbpbpppppbpbb,59
401010,2171,12,24,bpbbpbpbbbp,b,bpbbpbpbbbpb,2026-01-31 19:34:43,pbbpbbpbpbbpbbppbbpppppbbpbbpbpbbbpbppbpbbpppbbbppbpbbp,55
401478,2174,12,36,bpbbpbpbbbp,p,bpbbpbpbbbpp,2026-01-31 19:35:29,bbbpbbppbbbbpppbpbbbppbpbpbbbbbbpppbbpbbpbpbbbppppp,51
407192,2203,12,29,bpbbpbpbbbp,b,bpbbpbpbbbpb,2026-02-02 13:03:03,ppbppbppbbpbbbbbbbbpppbppppppbpbbpbpbbbpbbpppbpppbpbp,53
413482,2238,12,4,bpbbpbpbbbp,b,bpbbpbpbbbpb,2026-02-02 14:36:26,bbppbpbbpbpbbbpbppppbpbpppbbbbbpbppbpbppbbbp,44
423436,2292,12,16,bpbbpbpbbbp,b,bpbbpbpbbbpb,2026-02-03 10:25:57,bppppbpbppbpppppbpbbpbpbbbpbpppbpppbbpppbppbpbpbbppbbbbppb,58
425892,2305,12,17,bpbbpbpbbbp,p,bpbbpbpbbbpp,2026-02-04 15:57:16,bpbpbpbbbppbppbbpbpbbpbpbbbppppbpbpbpbpbpbbppppbpppbbpbppbbbb,61
428352,2319,12,33,bpbbpbpbbbp,b,bpbbpbpbbbpb,2026-02-04 16:53:59,bbbppbbppppbbpppbpbbpppbbbpbpbbpbbpbbpbpbbbpbpbpbppbbbpppbppbbpbbb,66
457572,2477,12,29,bpbbpbpbbbp,p,bpbbpbpbbbpp,2026-02-06 11:34:47,bbbpppppbpbbbbppbbbbpbbpppbpbbpbbpbpbbbpppbbpbpbpbpbbbbpb,57
457771,2478,12,20,bpbbpbpbbbp,b,bpbbpbpbbbpb,2026-02-06 11:35:02,ppppbppbbpbpbppbbbbbbpbbpbpbbbpbpbpbpbpbbpppbpbp,48
461729,2497,12,0,bpbbpbpbbbp,b,bpbbpbpbbbpb,2026-02-08 03:42:07,bpbbpbpbbbpbpbpbpppbpppppbbpbpbbppbbpbbpppbbbppbppppbppbpbbb,60
464273,2511,12,12,bpbbpbpbbbp,b,bpbbpbpbbbpb,2026-02-08 04:05:01,bbbpbbbbppbpbpbbpbpbbbpbpppppppbbpbbbbpbbppppbbpbpbpbbppb,57
469118,2539,12,31,bpbbpbpbbbp,b,bpbbpbpbbbpb,2026-02-09 15:50:38,pbppbbppppbpbpppppbbbbbpbpbbpppbpbbpbpbbbpbbbbb,47
489755,2662,12,35,bpbbpbpbbbp,p,bpbbpbpbbbpp,2026-02-11 14:21:10,pbbpbbbppbpbbpppppppbpbpbbbbbpbbpbpbpbbpbpbbbppppp,50
503981,2747,12,22,bpbbpbpbbbp,p,bpbbpbpbbbpp,2026-02-12 08:50:33,ppbbbbbbbbbbbppbpbbbppbpbbpbpbbbppbbbbpbbpbbbpbpbppbbbppbbb,59
507405,2765,12,20,bpbbpbpbbbp,b,bpbbpbpbbbpb,2026-02-12 09:48:45,bbbbbbbbpbbpbbbbbbppbpbbpbpbbbpbppbpbpppbppbbpbpbppbppp,55
507683,2767,12,12,bpbbpbpbbbp,b,bpbbpbpbbbpb,2026-02-12 09:49:40,pbbpbpppppppbpbbpbpbbbpbpbbpbppppppbbpbppbppppbb,48
523565,2856,12,31,bpbbpbpbbbp,p,bpbbpbpbbbpp,2026-02-13 13:50:52,pbpbbpbppbpbppbbppbbbpbpbbbbbppbpbbpbpbbbppbpppbpppppp,54
531527,2899,12,21,bpbbpbpbbbp,p,bpbbpbpbbbpp,2026-02-13 17:16:03,ppbbbbpbpppbbpbpbbppbbpbbpbpbbbppbbppbbpppp,43
541488,2955,12,18,bpbbpbpbbbp,p,bpbbpbpbbbpp,2026-02-14 10:35:50,bbbpbbbbpppppbbbbbbpbbpbpbbbppbppbpppbppbppbpbbpbbpbbbpppbbp,60
543897,2969,12,9,bpbbpbpbbbp,p,bpbbpbpbbbpp,2026-02-14 11:05:23,pppbbpbppbpbbpbpbbbpppbpppppbbbpbpppbbbppppbppbbppbpbpbp,56
561062,3066,12,20,bpbbpbpbbbp,p,bpbbpbpbbbpp,2026-02-17 15:05:37,pbppppbbppbbbbbbbbpbbpbbpbpbbbpppppbppbbppppppbbpbbp,52
561444,3068,12,3,bpbbpbpbbbp,p,bpbbpbpbbbpp,2026-02-17 15:06:34,bbbbpbbpbpbbbppbppppbbppbbppbpbppppppbbpbpbppb,46
570219,3114,12,39,bpbbpbpbbbp,b,bpbbpbpbbbpb,2026-02-17 17:21:48,pppbppbbpbpbpbpbbpbbbbpbbbbpbpbpbbpbbppbpbbpbpbbbpbpbpbbbbpp,60
584978,3198,12,11,bpbbpbpbbbp,p,bpbbpbpbbbpp,2026-02-20 10:42:16,ppbbppbbbbbbpbbpbpbbbppppbppbbpbpbppbppbbpbbbbbppppppbp,55
590388,3229,12,40,bpbbpbpbbbp,b,bpbbpbpbbbpb,2026-02-20 13:43:40,bpppbbpbpbbppbpppbppbpppbbpbpbpbpbbbbbbbbpbbpbpbbbpbppbbbp,58
591498,3236,12,42,bpbbpbpbbbp,p,bpbbpbpbbbpp,2026-02-20 14:13:33,bpbbpbppbpppbbbppppbbbpbpbpbbpbpbbppbpbbppbpbbpbpbbbppbbppbbbbp,63
593750,3253,12,20,bpbbpbpbbbp,b,bpbbpbpbbbpb,2026-02-20 15:27:02,bbpppbpbbppppbpppppbbpbbpbpbbbpbppppbbpbbpppbbb,47
604228,3322,12,43,bpbbpbpbbbp,b,bpbbpbpbbbpb,2026-02-21 11:42:19,bpbbbbbpppbpbppbpbbppbbbbbpppbbbbppbpppbpppbpbbpbpbbbpbbbb,58
612110,3379,12,26,bpbbpbpbbbp,p,bpbbpbpbbbpp,2026-02-21 15:09:58,bbbpbpbbbbppbpbbbpbpbbbpbbbpbbpbpbbbppbpbpbbpbbp,48
625592,3470,12,20,bpbbpbpbbbp,b,bpbbpbpbbbpb,2026-02-22 19:01:40,ppbbbbbbbbpppbppbpbbbpbbpbpbbbpbbbppbbbbpbpppbp,47
638733,3544,12,16,bpbbpbpbbbp,p,bpbbpbpbbbpp,2026-02-23 11:49:23,bpbbpbppppbbpbbpbpbbpbpbbbppppbppppppbbbppbpbbbppppppb,54
642776,3569,12,31,bpbbpbpbbbp,b,bpbbpbpbbbpb,2026-02-23 13:39:13,bbbbbbbbpbpppbppbbbbbbpbpbpbbppbpbbpbpbbbpbbpbppppbbbp,54
644982,3582,12,2,bpbbpbpbbbp,p,bpbbpbpbbbpp,2026-02-23 14:18:02,pbbpbbpbpbbbppbppppbpbppppbbbpppppppbpppbbbbbbbpbbppbpbbb,57
659175,3663,12,0,bpbbpbpbbbp,p,bpbbpbpbbbpp,2026-02-24 15:31:32,bpbbpbpbbbpppbpppbpbpbbbbbbpbpbpbpbbbpbppbbppbbppbbb,52
683588,3808,12,34,bpbbpbpbbbp,b,bpbbpbpbbbpb,2026-02-25 19:20:46,bbbbpbppbpbpbbbbbbpbbbpbppppbbpbbbbpbbpbpbbbpbbbpbbbbppbb,57
689060,3840,12,30,bpbbpbpbbbp,b,bpbbpbpbbbpb,2026-02-25 21:48:07,ppppppbppbbpbbbppbbppbbbppbpppbpbbpbpbbbpbpbb,45
690608,3848,12,8,bpbbpbpbbbp,p,bpbbpbpbbbpp,2026-02-26 08:16:42,bbpbpbppbpbbpbpbbbppppbpbbpbbbbbpppbpbbbbbpppp,46
729585,4074,12,29,bpbbpbpbbbp,p,bpbbpbpbbbpp,2026-03-03 19:05:49,ppbbbbbbpbpbpbbbbbpbbpppppppbbpbbpbpbbbpppbbpppbbppbpb,54
735024,4104,12,15,bpbbpbpbbbp,p,bpbbpbpbbbpp,2026-03-04 10:07:38,ppbbbbpbbppppbbbpbbpbpbbbppbpppbpbbppbbpppbppbbpppbb,52
736644,4112,12,26,bpbbpbpbbbp,b,bpbbpbpbbbpb,2026-03-04 11:15:56,bppbppbpbbbbpppppbpbbbbbppbpbbpbpbbbpbpbpbpbpbpbpbb,51
746320,4172,12,3,bpbbpbpbbbp,p,bpbbpbpbbbpp,2026-03-05 13:26:07,bbpbpbbpbpbbbppppbppppbpbbppppbpppbbppb,39
766838,4294,12,6,bpbbpbpbbbp,b,bpbbpbpbbbpb,2026-03-09 15:22:30,pbbbpbbpbbpbpbbbpbbpbbpbpbpppbpbbbpbbb,38
780889,4374,12,9,bpbbpbpbbbp,p,bpbbpbpbbbpp,2026-03-11 19:45:35,bbbbppppbbpbbpbpbbbpppppbppbppbpbpppbbbpbppbbbbbpbpbbbbp,56
783179,4388,12,12,bpbbpbpbbbp,p,bpbbpbpbbbpp,2026-03-11 20:09:01,pppbbbbpbpppbpbbpbpbbbppbppbpbppbpbpbppbpbbbbbbbpbppp,53
799188,4480,12,33,bpbbpbpbbbp,b,bpbbpbpbbbpb,2026-03-17 19:17:38,bpbbppppbbbppbbppppbbppbbbbpbppbpbpbbpbpbbbpbbp,47
804883,4512,12,33,bpbbpbpbbbp,b,bpbbpbpbbbpb,2026-03-18 07:49:11,bbbbbpbpbpppbppbbpbbbbpbpppbppbbpbpbbpbpbbbpbpbpbppppp,54
806540,4522,12,22,bpbbpbpbbbp,p,bpbbpbpbbbpp,2026-03-18 09:07:44,pppbbppbbbbbpbbbbpppbbbpbbpbpbbbppbpbbbbpbppppbbpbpb,52
821843,4618,12,37,bpbbpbpbbbp,p,bpbbpbpbbbpp,2026-03-19 20:10:36,bpbbbpbbpbbbpppbbpbbpbpbbbbpbbpbppppbbpbbpbpbbbpppbbpppbpp,58
826079,4643,12,22,bpbbpbpbbbp,p,bpbbpbpbbbpp,2026-03-22 10:09:42,ppbpbbbbbbbpbbppbbbbbbbpbbpbpbbbpppppbbbbpbbbbbpbbp,51
843241,4750,12,24,bpbbpbpbbbp,b,bpbbpbpbbbpb,2026-04-23 10:48:17,bpbbbpbbpbbbppppppbbbbpbbpbbpbpbbbpbpppppbbpbpb,47
857000,4830,12,14,bpbbpbpbbbp,p,bpbbpbpbbbpp,2026-04-23 19:31:58,pbbpbbbpbpbbppbpbbpbpbbbppbpbpbbpppbbppbbbpppbpbpbbbpbbpbp,58
870259,4912,12,20,bpbbpbpbbbp,b,bpbbpbpbbbpb,2026-05-04 07:56:19,bpbbbbbbbbbbpbbbbpbpbpbbpbpbbbpbpbbbppbbppbppppbbbbbbppbbpb,59
877286,4955,12,8,bpbbpbpbbbp,b,bpbbpbpbbbpb,2026-05-04 11:22:10,pbpbbbbbbpbbpbpbbbpbpbppbpppppbppbbbbpppbbbbbppbbbbpbpbbbbbbp,61
881647,4978,12,20,bpbbpbpbbbp,b,bpbbpbpbbbpb,2026-05-04 16:13:18,bbppbbbpbbpbpppbbbbpbpbbpbpbbbpbp,33
889476,5021,12,10,bpbbpbpbbbp,b,bpbbpbpbbbpb,2026-05-14 07:22:01,ppppbbpbppbpbbpbpbbbpbbpbpbpppppbbbbpbppbbpbppppbppbpp,54
925608,5234,12,7,bpbbpbpbbbp,b,bpbbpbpbbbpb,2026-05-28 15:32:33,bbbpbpbbpbbpbpbbbpbpbppppbpbbpppbpbbpppbpbbppppbbbb,51
939462,5318,12,2,bpbbpbpbbbp,b,bpbbpbpbbbpb,2026-06-06 14:24:06,ppbpbbpbpbbbpbbbbbbpbbbpbpbpbbpbpbpbppbbpbpbpbbpbbbbpbbbbbpb,60
939677,5319,12,5,bpbbpbpbbbp,b,bpbbpbpbbbpb,2026-06-06 14:26:07,bpbpbbpbbpbpbbbpbpppbppbppbpbpbbbpbpbbpbbpb,43
188218,137,12,20,bpbbpbpbpbb,b,bpbbpbpbpbbb,2026-01-26 10:57:31,bpbpbpbbpbpppbbpbbppbpbbpbpbpbbb,32
189149,174,12,10,bpbbpbpbpbb,p,bpbbpbpbpbbp,2026-01-26 10:57:31,ppppbppbppbpbbpbpbpbbppbb,25
194571,297,12,5,bpbbpbpbpbb,p,bpbbpbpbpbbp,2026-01-26 10:57:31,bbbpbbpbbpbpbpbbpppbpppbpbpbpbbbbp,34
195397,313,12,10,bpbbpbpbpbb,b,bpbbpbpbpbbb,2026-01-26 10:57:31,bpbpbbbbbbbpbbpbpbpbbbppbppbpbppbbppbbbbbbpbbpbbbppbbbbb,56
198423,367,12,7,bpbbpbpbpbb,p,bpbbpbpbpbbp,2026-01-26 10:57:31,bbpbbpbbpbbpbpbpbbppppbbppbpppbpbbpbpp,38
198680,371,12,42,bpbbpbpbpbb,p,bpbbpbpbpbbp,2026-01-26 10:57:31,pbpppbbpppppbppppbpppbbpppbppbbbppppbpbbpbbpbbpbpbpbbpbpp,57
202046,432,12,2,bpbbpbpbpbb,b,bpbbpbpbpbbb,2026-01-26 10:57:31,ppbpbbpbpbpbbbbbbbbbpppbppbppbbbbpppbppbbpppppbbbppbbppppppbb,61
205842,500,12,13,bpbbpbpbpbb,b,bpbbpbpbpbbb,2026-01-26 10:57:32,bbbbbbbpppbppbpbbpbpbpbbbpbpbppbbpbbpppbbbpppbpbppbbpppbppb,59
209934,578,12,18,bpbbpbpbpbb,p,bpbbpbpbpbbp,2026-01-26 10:57:32,pppbpbbppbbbpppbbpbpbbpbpbpbbpbbpbbbbpbbbbb,43
210547,589,12,3,bpbbpbpbpbb,p,bpbbpbpbpbbp,2026-01-26 10:57:32,bbpbpbbpbpbpbbpbbbbpbbbpbpbpbppbbpppbpbppbbppb,46
210952,595,12,6,bpbbpbpbpbb,p,bpbbpbpbpbbp,2026-01-26 10:57:32,bppbppbpbbpbpbpbbppbbpbbbppbbbpbppbbbbbppbbpbbbppbbbbpbbbbpbbbbbbp,66
211654,607,12,13,bpbbpbpbpbb,b,bpbbpbpbpbbb,2026-01-26 10:57:32,ppbppbppppbpbbpbbpbpbpbbbbpbppbppbbpppbbbbbbbbbbbppbpppp,56
211947,612,12,5,bpbbpbpbpbb,p,bpbbpbpbpbbp,2026-01-26 10:57:32,pbbbbbpbbpbpbpbbppppbpbbbbppbbbpbbbbpbpppbppppbpbbbbppbb,56
213222,636,12,5,bpbbpbpbpbb,b,bpbbpbpbpbbb,2026-01-26 10:57:32,pbpppbpbbpbpbpbbbbppppppbbpppp,30
216267,695,12,10,bpbbpbpbpbb,b,bpbbpbpbpbbb,2026-01-26 10:57:32,ppppbpbbpbbpbbpbpbpbbbppbppbbbpp,32
220392,774,12,29,bpbbpbpbpbb,b,bpbbpbpbpbbb,2026-01-26 10:57:32,pppppbbbppbbpbppppbpbpbpppbpbbpbbpbpbpbbbppppbbppbbppbp,55
223479,832,12,42,bpbbpbpbpbb,b,bpbbpbpbpbbb,2026-01-26 10:57:32,pbbbpbbppbpbpbpppbpbpbbppbbpbbbpbpbpbbpbbpbpbbpbpbpbbbbpb,57
233514,1007,12,5,bpbbpbpbpbb,b,bpbbpbpbpbbb,2026-01-26 10:57:32,ppbpbbpbbpbpbpbbbppppbbppppbppbbpbpbbbppbppppbbpbppbpbbpb,57
233761,1011,12,11,bpbbpbpbpbb,b,bpbbpbpbpbbb,2026-01-26 10:57:32,bpbbbpbbppbbpbbpbpbpbbbppbbbpp,30
238988,1101,12,29,bpbbpbpbpbb,b,bpbbpbpbpbbb,2026-01-26 10:57:32,pppbpbpbppbbbpppbbbpbbbbbbbpbbpbbpbpbpbbbbbbpbppbbpppbb,55
247132,1242,12,10,bpbbpbpbpbb,p,bpbbpbpbpbbp,2026-01-26 10:57:33,pbbpppbppbbpbbpbpbpbbpbbbbpbbbbppbppbbbpbbbp,44
249847,1289,12,40,bpbbpbpbpbb,p,bpbbpbpbpbbp,2026-01-26 10:57:33,pbbbbbbpbbbpbbbbbbppppbbbbbppppbppbppbbpbpbbpbpbpbbpppbbpppbbbpbbbbb,68
262120,1498,12,30,bpbbpbpbpbb,p,bpbbpbpbpbbp,2026-01-26 10:57:33,ppppppbbpppppbbbbpppbpbpbbbpbbbpbbpbpbpbbppbbp,46
264533,1537,12,9,bpbbpbpbpbb,b,bpbbpbpbpbbb,2026-01-26 10:57:33,bbpppbbbpbpbbpbpbpbbbpbbbbbpbbpbpbbppbpbpbpppbbpbpbppbpbpbpbppppbbb,67
266871,1572,12,1,bpbbpbpbpbb,p,bpbbpbpbpbbp,2026-01-26 10:57:33,bbpbbpbpbpbbpbbbbbbpbppppppbppbbbpbpbppppbbbppbbpppp,52
268491,1594,12,35,bpbbpbpbpbb,b,bpbbpbpbpbbb,2026-01-26 10:57:33,pbpbpbpbpbbbpbbpppbpbbpbpppbpbpppbpbpbbpbpbpbbbpbbppppbpbbpppbbbbb,66
275699,1719,12,1,bpbbpbpbpbb,p,bpbbpbpbpbbp,2026-01-26 10:57:33,pbpbbpbpbpbbppbbbbpbpppbpppbpbpbpbppb,37
280107,1790,12,15,bpbbpbpbpbb,b,bpbbpbpbpbbb,2026-01-26 10:57:33,pbpbbbpbbppbbpbbpbbpbpbpbbbbppppbbbpbbpbppbb,44
364077,1959,12,5,bpbbpbpbpbb,p,bpbbpbpbpbbp,2026-01-27 13:37:38,pbpppbpbbpbpbpbbpbbpbpbpbpbbbpbbbbbbppbbpbbppbbppbppbpbb,56
383974,2073,12,24,bpbbpbpbpbb,b,bpbbpbpbpbbb,2026-01-30 10:15:06,pppppppbbppbbbbbbbpbbpppbpbbpbpbpbbbbpbbpppppbbbb,49
390191,2109,12,26,bpbbpbpbpbb,p,bpbbpbpbpbbp,2026-01-31 06:08:43,bppbpbpbbbpbbbpbbpbppbbpppbpbbpbpbpbbpbbbbbbbbpbpb,50
402111,2177,12,44,bpbbpbpbpbb,b,bpbbpbpbpbbb,2026-01-31 19:36:39,bppbpbppppbpppbpbpbppbpbbpbpbbbbbbbbpbbbpbppbpbbpbpbpbbbbpbpbpbbp,65
404221,2188,12,46,bpbbpbpbpbb,b,bpbbpbpbpbbb,2026-01-31 19:59:14,ppbbpbpbbbbbbbbbpbbpppppbpbpbbbbbpbbpbbbpppppbbpbbpbpbpbbbbpbpp,63
417773,2262,12,24,bpbbpbpbpbb,p,bpbbpbpbpbbp,2026-02-02 15:46:13,pbbppbbbpppbpbpppbpbbbppbpbbpbpbpbbpbpbbpbbppbbpbppbbpbpp,57
420735,2278,12,29,bpbbpbpbpbb,b,bpbbpbpbpbbb,2026-02-03 09:41:47,pppbpbpbbpbppbbbpbbpbpbbbbpppbpbbpbpbpbbbppbp,45
421752,2283,12,12,bpbbpbpbpbb,b,bpbbpbpbpbbb,2026-02-03 09:43:47,bbbpbpbppbbbbpbbpbpbpbbbpbbppppbbpppbp,38
442842,2399,12,16,bpbbpbpbpbb,b,bpbbpbpbpbbb,2026-02-05 15:06:22,pbbppbbbppbpbbbpbpbbpbpbpbbbpppppbbbppb,39
450432,2439,12,24,bpbbpbpbpbb,b,bpbbpbpbpbbb,2026-02-06 10:21:33,bpbbbbpbbpbbpppbpbpbbbbpbpbbpbpbpbbbbbppbpbbbppbbbpbpbbbpbbbbpb,63
452553,2450,12,24,bpbbpbpbpbb,b,bpbbpbpbpbbb,2026-02-06 10:39:59,pbpbbpbbbbbbppbbbbbbbbppbpbbpbpbpbbbbbppbpbbpppbpbppbbbbp,57
458648,2482,12,21,bpbbpbpbpbb,b,bpbbpbpbpbbb,2026-02-06 12:34:12,ppbbbbbpppbpbbbppbpbbbpbbpbpbpbbbpbbbppbbbppbbpbbbbppbbpbpbpbppppp,66
463145,2505,12,17,bpbbpbpbpbb,b,bpbbpbpbpbbb,2026-02-08 03:45:46,pbbppbpppbpbppbbbbpbbpbpbpbbbpppbpbpbppbbbbpbppppppbpbbbbp,58
463341,2506,12,13,bpbbpbpbpbb,b,bpbbpbpbpbbb,2026-02-08 03:46:13,bbbppbpbbppbpbpbbpbpbpbbbpbbbpbpbpbbbbbbpbpp,44
472785,2560,12,7,bpbbpbpbpbb,p,bpbbpbpbpbbp,2026-02-10 16:34:37,ppppbppbpbbpbpbpbbpbppbpbpbpbbbpbpbbppbbbbbbbpbpbpbbppbpbbp,59
484927,2631,12,19,bpbbpbpbpbb,p,bpbbpbpbpbbp,2026-02-11 11:07:45,bbppbbpbbpbbpbbppbbbpbbpbpbpbbpbppbbbpppbpbbbbpppbppppbppbpbbpb,63
485746,2635,12,47,bpbbpbpbpbb,b,bpbbpbpbpbbb,2026-02-11 11:09:38,bppbbbbbpppbpbppbppbppbpbppbbppbpbbpbbbbppbbpppbpbbpbpbpbbbpbbbbbpp,67
488921,2656,12,3,bpbbpbpbpbb,p,bpbbpbpbpbbp,2026-02-11 14:16:23,bppbpbbpbpbpbbpbbbpbppbbpbpbbbbbbpbbbbpbbbppbbbbbbbpbbbbbppppbppbp,66
489749,2662,12,28,bpbbpbpbpbb,p,bpbbpbpbpbbp,2026-02-11 14:21:10,pbbpbbbppbpbbpppppppbpbpbbbbbpbbpbpbpbbpbpbbbppppp,50
496788,2706,12,26,bpbbpbpbpbb,b,bpbbpbpbpbbb,2026-02-11 20:27:56,pppbbbppbbbbbpppbppppppbpbbpbbpbpbpbbbpbbbbpppbbpbppbpbbbp,58
503571,2745,12,0,bpbbpbpbpbb,p,bpbbpbpbpbbp,2026-02-12 08:49:36,bpbbpbpbpbbppbbbpbbbppbpbbbpbpbbpp,34
514148,2804,12,27,bpbbpbpbpbb,b,bpbbpbpbpbbb,2026-02-12 15:51:33,bpbppppbppppbpppbpbbbbpbbpbbpbbpbpbpbbbbbbbp,44
516496,2818,12,23,bpbbpbpbpbb,b,bpbbpbpbpbbb,2026-02-12 16:37:15,ppbpbpbppppbbbbbbbbpbpbbpbbpbpbpbbbpbbpbppbppbbpbb,50
522721,2851,12,5,bpbbpbpbpbb,b,bpbbpbpbpbbb,2026-02-13 13:48:17,ppbbpbpbbpbpbpbbbpbpbpbbpbbpppbbbppppbppppppbpbbbpbbbppbpbbbpb,62
523156,2853,12,1,bpbbpbpbpbb,b,bpbbpbpbpbbb,2026-02-13 13:49:19,bbpbbpbpbpbbbpbpbpbbbpbbbpbppbpbppbpbbbpbppppbpb,48
524321,2860,12,46,bpbbpbpbpbb,p,bpbbpbpbpbbp,2026-02-13 14:19:18,bbppbbbpppbbbbbpbbbpbbbpppbpbpbbppbpbbpbbbbpbbbpbbpbpbpbbpbbbp,62
525712,2868,12,19,bpbbpbpbpbb,p,bpbbpbpbpbbp,2026-02-13 14:23:46,bpppppbppbbbbppbppbbpbbpbpbpbbppbbbppbbppbpbppbppb,50
528390,2883,12,8,bpbbpbpbpbb,b,bpbbpbpbpbbb,2026-02-13 16:22:43,ppppbppbbpbbpbpbpbbbbpbpbbbbpbppbbpbpbbpp,41
529478,2889,12,2,bpbbpbpbpbb,p,bpbbpbpbpbbp,2026-02-13 16:25:33,ppbpbbpbpbpbbppbppbbpbpppppbpbpbppbppbbpbbpb,44
530134,2892,12,12,bpbbpbpbpbb,p,bpbbpbpbpbbp,2026-02-13 16:26:50,bpbbbbpbbbpbbpbbpbpbpbbppbpbbpbbbpppbbbbbbpppbbbbbpbbbpbpppbp,61
532654,2906,12,34,bpbbpbpbpbb,p,bpbbpbpbpbbp,2026-02-13 17:48:50,bpbppbpbpbbpbbpbppppbbbbbbbbpbbpbbbpbbpbpbpbbppb,48
538649,2939,12,34,bpbbpbpbpbb,p,bpbbpbpbpbbp,2026-02-13 20:28:48,pbpbpbppbbppbbpbpppppbbppbbbpbpbbbbpbbpbpbpbbpbpbbpbbbppbbb,59
540853,2951,12,9,bpbbpbpbpbb,p,bpbbpbpbpbbp,2026-02-14 10:31:23,ppbbbbpbpbpbbpbpbpbbpppbpbbpbppbppbpbpppbpbbppbbpbbbp,53
546783,2986,12,38,bpbbpbpbpbb,b,bpbbpbpbpbbb,2026-02-14 15:26:50,pbppppbpbpbbpbbbppbpbbbbpbbbbpppppppbbbpbbpbpbpbbbbpp,53
547095,2989,12,24,bpbbpbpbpbb,b,bpbbpbpbpbbb,2026-02-14 15:28:18,ppbbppbbbbbpppppbbpbpbbbbpbbpbpbpbbbbbpbpppbbppppbpp,52
548637,3000,12,5,bpbbpbpbpbb,p,bpbbpbpbpbbp,2026-02-14 15:56:56,pppbbbpbbpbpbpbbppppbbppbbbbbbbbpbpppbppbbbpppbppppbpbbppbbpppbbppppb,69
558875,3055,12,23,bpbbpbpbpbb,b,bpbbpbpbpbbb,2026-02-17 14:31:00,ppbppppbpbppppbbbppppbbbpbbpbpbpbbbpbppbpbbbpbbbbpbbppbppbppppb,63
560517,3063,12,18,bpbbpbpbpbb,p,bpbbpbpbpbbp,2026-02-17 15:04:16,pbppbpbbbbbpbbbpbpbpbbpbpbpbbppbppbpppbbpppbbpbpbpppbpppb,57
564792,3086,12,48,bpbbpbpbpbb,b,bpbbpbpbpbbb,2026-02-17 16:15:12,bpbbpbppbbbppbpbbbpbbpppbpbbpbpbbbbbbbppbpppbbbpbpbbpbpbpbbbpbpb,64
567977,3103,12,8,bpbbpbpbpbb,b,bpbbpbpbpbbb,2026-02-17 16:49:18,bppbbpbpbpbbpbpbpbbbbppppppbbbpppppbbpbpbbpbbbbbpbppbbbbbbpbbbpb,64
581609,3180,12,29,bpbbpbpbpbb,p,bpbbpbpbpbbp,2026-02-19 11:10:35,bpppbbbbbbpbbbbpbpbppbbpbbpppbpbbpbpbpbbppbppbbpbpp,51
584593,3196,12,6,bpbbpbpbpbb,b,bpbbpbpbpbbb,2026-02-20 10:41:22,bppppbbpbbpbpbpbbbbbbbpbpppbbbbbppppbbbbbbppppppbb,50
588482,3219,12,10,bpbbpbpbpbb,b,bpbbpbpbpbbb,2026-02-20 12:54:05,bbbbpbpbbbbpbbpbpbpbbbbbbbpbbpppbpbbpbbpbppbbppbppbp,52
607250,3343,12,20,bpbbpbpbpbb,p,bpbbpbpbpbbp,2026-02-21 13:53:00,ppbpppbbpbbpbppppbpbbpbbpbpbpbbpppbbppbbp,41
609190,3357,12,3,bpbbpbpbpbb,p,bpbbpbpbpbbp,2026-02-21 14:27:38,bpbbpbbpbpbpbbppppppbbbbbbbpbbppbppbbpb,39
628465,3484,12,4,bpbbpbpbpbb,b,bpbbpbpbpbbb,2026-02-22 20:21:53,ppbbbpbbpbpbpbbbbpbpppbpbpppbbbbbpbpbbbbbbpppbbpppppbbbbppbbpp,62
640995,3558,12,41,bpbbpbpbpbb,b,bpbbpbpbpbbb,2026-02-23 12:32:55,pbppppppbbbpppbbppbpbbbbpbppbbbbppppbpppbbpbbpbpbpbbb,53
643002,3570,12,16,bpbbpbpbpbb,b,bpbbpbpbpbbb,2026-02-23 13:40:08,pbppbppbbbpppbpbbpbbpbpbpbbbbpppbbbpbpbpbppbpbpppbbbbb,54
647826,3599,12,18,bpbbpbpbpbb,b,bpbbpbpbpbbb,2026-02-23 14:58:40,pbbbbbppbbpbbpbbppbpbbpbpbpbbbppbbppbppbpppb,44
654007,3633,12,23,bpbbpbpbpbb,p,bpbbpbpbpbbp,2026-02-24 11:12:54,bbpppppbpppppbpbppbpbppbpbbpbpbpbbppbpbbbbpbbpbb,48
660311,3669,12,11,bpbbpbpbpbb,b,bpbbpbpbpbbb,2026-02-24 15:34:16,bppppbbpbbbbpbbpbpbpbbbppppbppbpbppbbpbbpbbpbbbppppbbbpppbbpbbbbbbb,67
660569,3670,12,47,bpbbpbpbpbb,b,bpbbpbpbpbbb,2026-02-24 15:34:41,bpbppbpbbbpbbbbppbppbbppppbppppppbbppbbpbbbppbpbpbbpbpbpbbbbb,61
661943,3678,12,17,bpbbpbpbpbb,b,bpbbpbpbpbbb,2026-02-24 17:36:18,bppbbbbbbpppbpbbbbpbbpbpbpbbbbpbpppbbpbppbpbbppbpb,50
689471,3842,12,19,bpbbpbpbpbb,p,bpbbpbpbpbbp,2026-02-26 08:12:29,pbpbpbbbbppbpbpbppbbpbbpbpbpbbpbpppbpbbpbbbbbbpbpbp,51
715094,3988,12,36,bpbbpbpbpbb,b,bpbbpbpbpbbb,2026-03-02 11:44:27,bpbbppbpppbbppbbbbppppbbpbbpbppppbppbpbbpbpbpbbbbpbbbpb,55
726724,4057,12,18,bpbbpbpbpbb,b,bpbbpbpbpbbb,2026-03-03 18:02:57,ppppppbbpbbbbbbpbbbpbbpbpbpbbbpppbbppbbbbppbbbbbppbb,52
731514,4085,12,29,bpbbpbpbpbb,p,bpbbpbpbpbbp,2026-03-03 19:42:46,bpbppbpbpbpbbbpbpppbppbbppbpbbpbbpbpbpbbppbbppb,47
781096,4375,12,19,bpbbpbpbpbb,b,bpbbpbpbpbbb,2026-03-11 19:45:55,pbpbpbbppbbpbpbbbbbbpbbpbpbpbbbpbbbbpbpbbppbbbp,47
782167,4381,12,12,bpbbpbpbpbb,b,bpbbpbpbpbbb,2026-03-11 19:48:29,pbppppbpbpbbbpbbpbpbpbbbbpbbbpppbpppp,37
786983,4410,12,23,bpbbpbpbpbb,b,bpbbpbpbpbbb,2026-03-15 13:00:27,bbbbpbpbbpbbbbbbbbbbpbpbpbbpbpbpbbbbppbbpbbpbppbb,49
787555,4414,12,34,bpbbpbpbpbb,b,bpbbpbpbpbbb,2026-03-15 13:45:24,bbbpbpbbppbbbbbpppbbpppbpbpppbppbbbpbbpbpbpbbbbb,48
792168,4441,12,3,bpbbpbpbpbb,p,bpbbpbpbpbbp,2026-03-16 19:08:58,pbpbpbbpbpbpbbppbbpbbppbpbbbpbbbpbbppbbbpbbpbbbpppbbppbbbbppb,61
796104,4462,12,32,bpbbpbpbpbb,b,bpbbpbpbpbbb,2026-03-16 20:02:19,pbpppbppbpbbbbbpbbpbbbbbbbpppbbpbpbbpbpbpbbbbpbppbbb,52
798774,4478,12,26,bpbbpbpbpbb,b,bpbbpbpbpbbb,2026-03-17 19:16:50,pbbbppbbbppbbbbbbpppbbbbppbpbbpbpbpbbbppppbbpbppbpbb,52
820021,4609,12,7,bpbbpbpbpbb,p,bpbbpbpbpbbp,2026-03-19 19:21:52,bbbbbpbbpbbpbpbpbbppppppppbbpbbpppbbppppbbbbpppbbbpbbbpp,56
840237,4733,12,2,bpbbpbpbpbb,p,bpbbpbpbpbbp,2026-04-21 06:34:35,bpbpbbpbpbpbbpbbbbpbpppbppbpbbbpb,33
844278,4756,12,47,bpbbpbpbpbb,p,bpbbpbpbpbbp,2026-04-23 13:52:52,ppbpppbpbppppbbbpbppbbbbbbbppppbppbpbbbbpbbbpbbbpbbpbpbpbbppppppbpbp,68
846909,4770,12,22,bpbbpbpbpbb,b,bpbbpbpbpbbb,2026-04-23 14:48:43,bbpppbpbbbpppbppbpbbppbpbbpbpbpbbbbppbbbpbbp,44
889263,5020,12,20,bpbbpbpbpbb,p,bpbbpbpbpbbp,2026-05-14 07:21:19,ppbbbbbppppbbpbbbpppbpbbpbpbpbbpbbbppppbpbpbbbppbpbbpppbpppppbb,63
905152,5111,12,37,bpbbpbpbpbb,p,bpbbpbpbpbbp,2026-05-26 10:08:57,pbppbpppbpbbbbbbbbppbpbpppbbbppbpppbpbpbbpbpbpbbpb,50
924868,5230,12,7,bpbbpbpbpbb,b,bpbbpbpbpbbb,2026-05-28 15:28:03,bpppbppbpbbpbpbpbbbpbbppbbbppbbppbpbppppbbpppppbppbpbpbb,56
939875,5320,12,36,bpbbpbpbpbb,p,bpbbpbpbpbbp,2026-06-06 14:27:37,pppbppppppbpbppbbpbbpbbbbbpppbbbbpbbbpbbpbpbpbbpppbbpb,54
960296,5442,12,2,bpbbpbpbpbb,b,bpbbpbpbpbbb,2026-06-19 14:02:23,bbbpbbpbpbpbbbbppppbbbppbpbbbbpbbppbbbpbp,41
981328,5562,12,12,bpbbpbpbpbb,p,bpbbpbpbpbbp,2026-06-23 07:15:53,bppbpbbpbppbbpbbpbpbpbbpbbbpbbbpppbpppbbpppppbbbbpb,51
188081,133,12,4,bpbbpbpbpbp,p,bpbbpbpbpbpp,2026-01-26 10:57:31,bppbbpbbpbpbpbppbbbbpbb,23
189595,193,12,2,bpbbpbpbpbp,p,bpbbpbpbpbpp,2026-01-26 10:57:31,pbbpbbpbpbpbppbbb,17
194818,301,12,46,bpbbpbpbpbp,b,bpbbpbpbpbpb,2026-01-26 10:57:31,pbpbppbbpbbbbpbbppbbbpbpbpbbpbppppbpbbbbpppbppbpbbpbpbpbpbpbbp,62
197679,354,12,50,bpbbpbpbpbp,p,bpbbpbpbpbpp,2026-01-26 10:57:31,bpbpbbpppbbpbpbppbbpbbbpbppbbppppbpbbpbppppppbpbpbbpbbpbpbpbpp,62
198933,375,12,20,bpbbpbpbpbp,b,bpbbpbpbpbpb,2026-01-26 10:57:31,ppbbppbppbbbpppbppppbpbbpbpbpbpbbbpbbbpbpbp,43
199132,378,12,20,bpbbpbpbpbp,b,bpbbpbpbpbpb,2026-01-26 10:57:31,ppbbppbppbbbpppbppppbpbbpbpbpbpbbbpbbbpbpbppbppb,48
199445,383,12,7,bpbbpbpbpbp,b,bpbbpbpbpbpb,2026-01-26 10:57:31,pbpbpbbbpbbpbpbpbpbbbppbbpppbpbpbbppppppbbbbpbbbbbbbbp,54
201615,425,12,21,bpbbpbpbpbp,p,bpbbpbpbpbpp,2026-01-26 10:57:31,bpppbbppppbpbbpppbpbpbpbbpbpbpbpp,33
203445,455,12,11,bpbbpbpbpbp,p,bpbbpbpbpbpp,2026-01-26 10:57:31,pppppbbbpbpbpbbpbpbpbppbppbpbbbppppbbbpbpbb,43
203930,465,12,28,bpbbpbpbpbp,p,bpbbpbpbpbpp,2026-01-26 10:57:31,bbpbpppppbbbbbpbpbbppppppbbbbpbbpbpbpbpppppbbbpbbbbpbppppbppppb,63
204647,478,12,35,bpbbpbpbpbp,p,bpbbpbpbpbpp,2026-01-26 10:57:32,pppppbbpbpbbpbppbpbpbbpppbbpbbppbppbpbbpbpbpbppbbbpbbbbbbpbbbpbbb,65
205520,494,12,6,bpbbpbpbpbp,p,bpbbpbpbpbpp,2026-01-26 10:57:32,bpppppbpbbpbpbpbpppbpbbpbbbbpbbbpbbbbp,38
207121,526,12,7,bpbbpbpbpbp,p,bpbbpbpbpbpp,2026-01-26 10:57:32,pppbppbbpbbpbpbpbppbpbbbppbbbpppbbppppppbbppb,45
222011,807,12,20,bpbbpbpbpbp,p,bpbbpbpbpbpp,2026-01-26 10:57:32,bppbbbbpbpbpbppppbbpbpbbpbpbpbppbbbppbpbbpppppbpppbppbpbbp,58
225839,875,12,5,bpbbpbpbpbp,b,bpbbpbpbpbpb,2026-01-26 10:57:32,ppbpbbpbbpbpbpbpbpbbbpbbpbpppbbppbppppbbb,41
232279,984,12,7,bpbbpbpbpbp,b,bpbbpbpbpbpb,2026-01-26 10:57:32,pbpbbbbbpbbpbpbpbpbpbpbppppppbbbppbbbbpbbbppbbbb,48
234194,1019,12,2,bpbbpbpbpbp,b,bpbbpbpbpbpb,2026-01-26 10:57:32,bpbpbbpbpbpbpbpppbpppbpbpbbbbppbppbppbbbbppppbpbbbbbpbppp,57
235231,1035,12,16,bpbbpbpbpbp,b,bpbbpbpbpbpb,2026-01-26 10:57:32,ppppbbpbbppbbpbbbpbbpbpbpbpbbppbpbppbppppppbp,45
239246,1106,12,14,bpbbpbpbpbp,p,bpbbpbpbpbpp,2026-01-26 10:57:32,bppbbpbbbppbbpbpbbpbpbpbppppppbb,32
244927,1205,12,2,bpbbpbpbpbp,p,bpbbpbpbpbpp,2026-01-26 10:57:33,bbbpbbpbpbpbpppbpbbpppppbbpbpbpppbbppbp,39
254122,1365,12,6,bpbbpbpbpbp,b,bpbbpbpbpbpb,2026-01-26 10:57:33,bpbbbpbpbbpbpbpbpbppbbbbpbbbbbpppbpbpbbbbpppb,45
255687,1390,12,41,bpbbpbpbpbp,b,bpbbpbpbpbpb,2026-01-26 10:57:33,bbbpbppbpbbppbpbpppbbbbbppbpppppbppbbpbbbbpbbpbpbpbpbpp,55
257424,1419,12,39,bpbbpbpbpbp,p,bpbbpbpbpbpp,2026-01-26 10:57:33,bbbpppbpbbbbpbbbbbppppppbbbppbbbpbbbbpbbpbbpbpbpbpppppb,55
260435,1469,12,16,bpbbpbpbpbp,p,bpbbpbpbpbpp,2026-01-26 10:57:33,bbbppbpbpbpbpbbbbpbbpbpbpbppbpbbbppbbbppp,41
261409,1485,12,26,bpbbpbpbpbp,b,bpbbpbpbpbpb,2026-01-26 10:57:33,ppbbpbbbpbppppppbbppbbpbbbbpbbpbpbpbpb,38
262678,1508,12,18,bpbbpbpbpbp,p,bpbbpbpbpbpp,2026-01-26 10:57:33,bppbppbbbbbbpbbbpbbpbbpbpbpbppppbbbbbpbb,40
263874,1527,12,30,bpbbpbpbpbp,b,bpbbpbpbpbpb,2026-01-26 10:57:33,ppbppbpbppbpbbbbpbpppbbbppbpppbpbbpbpbpbpbbpbbbbbbbbbbbbbbpbpbpbp,65
265573,1552,12,12,bpbbpbpbpbp,b,bpbbpbpbpbpb,2026-01-26 10:57:33,bpbpbpbbbbbbbpbbpbpbpbpbppbppbbpbpbbbppbbbppbbpb,48
272453,1659,12,21,bpbbpbpbpbp,p,bpbbpbpbpbpp,2026-01-26 10:57:33,pbpbbbpppbbppbbpbbpbbbpbbpbpbpbppbpppppbpbpbpbbppbbppbppb,57
272555,1661,12,1,bpbbpbpbpbp,b,bpbbpbpbpbpb,2026-01-26 10:57:33,bbpbbpbpbpbpbpppppppbbpbbbbpbpbpbbppbbbpbb,42
272739,1664,12,30,bpbbpbpbpbp,p,bpbbpbpbpbpp,2026-01-26 10:57:33,pbbbbbpppbpbbbppppbppppbpppbbbbpbbpbpbpbppppbp,46
274527,1698,12,16,bpbbpbpbpbp,p,bpbbpbpbpbpp,2026-01-26 10:57:33,pbbbppppbpppppbbbpbbpbpbpbppbbbbbbpbppbbpbpbppbpbbp,51
276473,1732,12,20,bpbbpbpbpbp,p,bpbbpbpbpbpp,2026-01-26 10:57:33,pbbbppbpbbpbbbbppbbpbpbbpbpbpbppppp,35
276682,1736,12,20,bpbbpbpbpbp,p,bpbbpbpbpbpp,2026-01-26 10:57:33,pbbbppbpbbpbbbbppbbpbpbbpbpbpbpppppbbpb,39
277587,1752,12,18,bpbbpbpbpbp,b,bpbbpbpbpbpb,2026-01-26 10:57:33,ppbpppbbbbbpppbbbbbpbbpbpbpbpbbbbpbppbbbbpbpbbpppbppbpppbpbbppbbbp,66
278378,1763,12,1,bpbbpbpbpbp,b,bpbbpbpbpbpb,2026-01-26 10:57:33,bbpbbpbpbpbpbbbppbbpbpppbbppbbbbbbbpbbbb,40
363826,1958,12,1,bpbbpbpbpbp,p,bpbbpbpbpbpp,2026-01-27 13:37:21,pbpbbpbpbpbppppbppbpbpbpbpbbpbbbbppbpbbbppppbbpbbbbpppbppbpbpb,62
364085,1959,12,15,bpbbpbpbpbp,b,bpbbpbpbpbpb,2026-01-27 13:37:38,pbpppbpbbpbpbpbbpbbpbpbpbpbbbpbbbbbbppbbpbbppbbppbppbpbb,56
366609,1973,12,44,bpbbpbpbpbp,p,bpbbpbpbpbpp,2026-01-27 14:38:26,pbpppbbppbbbbbppbbbpbbpbbbpbbpbppbpbbpbbbbbbbpbbpbpbpbppbp,58
369963,1992,12,23,bpbbpbpbpbp,b,bpbbpbpbpbpb,2026-01-27 17:12:43,bpbbbpbbbpbpppppbbbbbppbpbbpbpbpbpbppbbpbppbbbbppbpbpbbp,56
373416,2011,12,13,bpbbpbpbpbp,p,bpbbpbpbpbpp,2026-01-29 10:58:56,pbpbbbbbppbbbbpbbpbpbpbppbbpbbbpbbbbbpbbpppbpp,46
384344,2075,12,24,bpbbpbpbpbp,b,bpbbpbpbpbpb,2026-01-30 10:15:49,pbbbpbbpbpbbbbppbbppbbbpbpbbpbpbpbpbpbb,39
400644,2169,12,39,bpbbpbpbpbp,b,bpbbpbpbpbpb,2026-01-31 19:34:13,ppbbpbpbbpppppbbbppppppbpbbppbpbbppbbpbbpbbpbpbpbpbpbpbpppp,59
407578,2207,12,7,bpbbpbpbpbp,p,bpbbpbpbpbpp,2026-02-02 13:04:01,pbbppbbbpbbpbpbpbpppbpppbpbbppbpbbbpbbbbbppbbpbbppppppbpbp,58
409217,2215,12,13,bpbbpbpbpbp,b,bpbbpbpbpbpb,2026-02-02 13:31:39,ppppbppppbbpbbpbbpbpbpbpbppbpbpbbbppbbpbbb,42
415588,2250,12,24,bpbbpbpbpbp,b,bpbbpbpbpbpb,2026-02-02 15:03:06,bbpbpbbbpbbpppbbpppbpbbbbpbbpbpbpbpbpppbppp,43
421618,2282,12,39,bpbbpbpbpbp,b,bpbbpbpbpbpb,2026-02-03 09:43:15,pbppbppbbbbpbbbpbpbpbppbpbpppbbbpbbbbbpbpbbpbpbpbpbbbb,54
421914,2284,12,21,bpbbpbpbpbp,b,bpbbpbpbpbpb,2026-02-03 09:44:10,bbppbbpbbbbbbbbbbppbbbpbbpbpbpbpbppbppppbbppbbbbb,49
435650,2360,12,0,bpbbpbpbpbp,b,bpbbpbpbpbpb,2026-02-04 18:25:23,bpbbpbpbpbpbbpbbpppppbbbbpppbbpbppppbbbbbpbpbp,46
444545,2408,12,25,bpbbpbpbpbp,p,bpbbpbpbpbpp,2026-02-05 15:35:29,pppbpppppppppppbpppbbbbppbpbbpbpbpbppbbppbpbppppbbbppppbpb,58
451252,2443,12,9,bpbbpbpbpbp,p,bpbbpbpbpbpp,2026-02-06 10:23:06,bpbpbbpbbbpbbpbpbpbppbbppbbpbbppbpbppppbbpbbppppbpbbbbpbp,57
451953,2447,12,23,bpbbpbpbpbp,p,bpbbpbpbpbpp,2026-02-06 10:38:52,bbbbbpbppppbbpbbbbpbppbbpbbpbpbpbppppbpbb,41
453091,2453,12,34,bpbbpbpbpbp,p,bpbbpbpbpbpp,2026-02-06 10:40:44,pppbbpppppbppbpbbbpbppbppbbppbbppbbpbbpbpbpbpp,46
459939,2489,12,17,bpbbpbpbpbp,p,bpbbpbpbpbpp,2026-02-06 13:00:30,bpbppbbbbbbpppbpbbpbbpbpbpbppbpbppppppbbppbpbpbbppppbbp,55
461047,2494,12,37,bpbbpbpbpbp,p,bpbbpbpbpbpp,2026-02-06 13:02:03,pppbbppppbbbpbppbpbpbpbbpbbbpbpbpbbbpbpbbpbpbpbpppbbbbpb,56
465665,2520,12,7,bpbbpbpbpbp,p,bpbbpbpbpbpp,2026-02-08 04:08:59,pbppbbbbpbbpbpbpbppppbpbpbbbbbbppbbp,36
469693,2542,12,22,bpbbpbpbpbp,p,bpbbpbpbpbpp,2026-02-09 15:51:37,pbbpbpbbpppbppppbpppppbpbbpbpbpbpppbbppbbbbbppbp,48
491155,2670,12,28,bpbbpbpbpbp,b,bpbbpbpbpbpb,2026-02-11 15:02:44,ppbpbpbpppbbppppppbbbpppbpbbbpbbpbpbpbpbbbbpbpbppppbbpbbpppb,60
494685,2692,12,8,bpbbpbpbpbp,p,bpbbpbpbpbpp,2026-02-11 16:43:21,ppbppbppbpbbpbpbpbppbbbbbbbbppbbpbpbpbbpbb,42
495134,2694,12,16,bpbbpbpbpbp,p,bpbbpbpbpbpp,2026-02-11 16:44:22,bbbpppbpbbbbbbpbbpbbpbpbpbppbbbpbbbbpbbbbppbbbbbbpp,51
504607,2750,12,0,bpbbpbpbpbp,b,bpbbpbpbpbpb,2026-02-12 09:08:23,bpbbpbpbpbpbbpppbbpppbpbbppbpbbbppbpbppppbbppbbpbbpbbppbppbbbbbppbbb,68
512003,2792,12,5,bpbbpbpbpbp,p,bpbbpbpbpbpp,2026-02-12 14:39:41,ppbppbpbbpbpbpbppbbbppbpppbbppbpbpbpbpbppppbbbppb,49
514491,2806,12,5,bpbbpbpbpbp,p,bpbbpbpbpbpp,2026-02-12 15:52:26,bbbpbbpbbpbpbpbppbbppbbbbpbppbppbpppbpbpbpbbbppb,48
521383,2844,12,13,bpbbpbpbpbp,p,bpbbpbpbpbpp,2026-02-13 12:48:30,bbpbpppppbbpbbpbbpbpbpbppppbbbbpbbpbbbbpbpbpbbppbppppbbbbb,58
530852,2895,12,31,bpbbpbpbpbp,p,bpbbpbpbpbpp,2026-02-13 17:14:14,pppppbbbppbbppbbbbbpbpbbbbbppbbbpbbpbpbpbppbpbpbbpbbbpbppppbbbpbbb,66
539468,2943,12,4,bpbbpbpbpbp,b,bpbbpbpbpbpb,2026-02-13 20:31:12,bbbpbpbbpbpbpbpbbppppbppbpppbppppppbpbbbbpbpbbpbbpbbpppbbp,58
556624,3042,12,41,bpbbpbpbpbp,p,bpbbpbpbpbpp,2026-02-15 21:18:59,ppbbbpbbbpppppbppppbpbpbppbbbbbpbpbppbpbpbpbbpbpbpbpppppb,57
563555,3080,12,13,bpbbpbpbpbp,b,bpbbpbpbpbpb,2026-02-17 15:48:41,pbpbbbbpbbpppbpbbpbpbpbpbppppppbbppbpbbp,40
573040,3133,12,42,bpbbpbpbpbp,p,bpbbpbpbpbpp,2026-02-17 20:46:48,pbpbpbpbpbbbbbpbpbbpppbbbpbppbbpbpppbppbbbbpbbpbpbpbppbbb,57
584452,3195,12,17,bpbbpbpbpbp,p,bpbbpbpbpbpp,2026-02-20 10:40:54,bbbbbbpbbbbpbppbbbpbbpbpbpbppbbbbpbpbbbbbppppbppbpbpppbbpbbpbppppb,66
597446,3279,12,0,bpbbpbpbpbp,p,bpbbpbpbpbpp,2026-02-21 10:08:10,bpbbpbpbpbppbbbpbbppppbppbbpbbpppppbpppbbpbbbbbbpppbpppbbbpbpbpp,64
601191,3302,12,1,bpbbpbpbpbp,p,bpbbpbpbpbpp,2026-02-21 10:37:33,pbpbbpbpbpbppppppbbpbbppbpbpppbbppbppbbppbpbbbppbpbp,52
648434,3602,12,10,bpbbpbpbpbp,p,bpbbpbpbpbpp,2026-02-23 15:01:08,bpbpbppbpbbpbbpbpbpbppbbpbpppppbpbpbbpbpbbpbbpppbbpppp,54
658806,3661,12,10,bpbbpbpbpbp,p,bpbbpbpbpbpp,2026-02-24 14:56:15,pppbbpppbbbpbbpbpbpbppbpbpbbbpbbppppppbbbbpbbpbbppppbp,54
664474,3692,12,34,bpbbpbpbpbp,b,bpbbpbpbpbpb,2026-02-24 19:27:38,bpppppbppbppbbppbppppppbbppbpppbppbpbbpbpbpbpbpbbpbppbbpb,57
667742,3711,12,15,bpbbpbpbpbp,b,bpbbpbpbpbpb,2026-02-24 19:47:28,ppppppbbppbpppbbpbbpbpbpbpbpbpbbbbpbbpbpbppbpbb,47
675424,3761,12,4,bpbbpbpbpbp,b,bpbbpbpbpbpb,2026-02-25 17:23:19,pbpbbpbbpbpbpbpbpbbppppbpbpbbbppb,33
675820,3763,12,13,bpbbpbpbpbp,p,bpbbpbpbpbpp,2026-02-25 17:24:09,bpbpbbpbbbpbbbpbbpbpbpbppbpbpppbpbbpbpbpb,41
691172,3851,12,4,bpbbpbpbpbp,p,bpbbpbpbpbpp,2026-02-26 08:18:31,pppbbpbbpbpbpbpppppppbbpbbpbbbpbppbbbpbbpbppppbbpbpbpbbbpbpp,60
705721,3934,12,34,bpbbpbpbpbp,p,bpbbpbpbpbpp,2026-03-01 18:45:34,pppbbbbbpbpbbbppbppbpbpbpbbbppppbbbpbbpbpbpbppppppb,51
725634,4051,12,2,bpbbpbpbpbp,b,bpbbpbpbpbpb,2026-03-03 18:00:47,bpbpbbpbpbpbpbpbpppbbppbppppppbpbbbpbpppppbbbpbp,48
732932,4093,12,12,bpbbpbpbpbp,p,bpbbpbpbpbpp,2026-03-04 09:22:59,bbppbpbpppbbbpbbpbpbpbppppbpbbpbpbppbbbpbbbpbppbbppbbbb,55
734038,4099,12,11,bpbbpbpbpbp,b,bpbbpbpbpbpb,2026-03-04 10:04:44,bbpbbpbpbbpbpbbpbpbpbpbppppbbpbbpb,34
751945,4205,12,34,bpbbpbpbpbp,p,bpbbpbpbpbpp,2026-03-05 15:23:31,pbppbpbbbbbbbbpbppbppbpppbbpbbbbppbpbbpbpbpbppppppbpbpbb,56
764639,4281,12,14,bpbbpbpbpbp,b,bpbbpbpbpbpb,2026-03-06 17:52:37,bbpbbpppbbpbppbpbbpbpbpbpbbbbppbpbbpbp,38
780506,4372,12,4,bpbbpbpbpbp,p,bpbbpbpbpbpp,2026-03-11 19:44:52,pbppbpbbpbpbpbppbppbbppppbppbbpbbppbpppbp,41
784995,4400,12,44,bpbbpbpbpbp,p,bpbbpbpbpbpp,2026-03-15 12:55:21,bpbbpbbpbbbbpbpbbbpbbpbppbbbppppppppbbbpbpbbbpbbpbpbpbpppbbpb,61
799648,4482,12,38,bpbbpbpbpbp,b,bpbbpbpbpbpb,2026-03-17 19:18:36,bbpbbbpbbbpbpbbpppbbbbbbppbppppbbbppbpbpbbpbpbpbpbppbbbpppbp,60
800205,4485,12,14,bpbbpbpbpbp,p,bpbbpbpbpbpp,2026-03-17 20:16:36,pppppbbpbbpbbbbpbbpbpbpbpppbpppbppbpbppppbpbbbpbpbpppbpppppb,60
802001,4495,12,21,bpbbpbpbpbp,p,bpbbpbpbpbpp,2026-03-17 20:21:16,bbbbpppbppppppbpbbbbbbpbbpbpbpbppbppbpbbbpppb,45
831668,4679,12,17,bpbbpbpbpbp,b,bpbbpbpbpbpb,2026-04-12 13:36:39,pbppbppppbbpbbbbpbpbbpbpbpbpbbbppbbbpbbbpbpbbbbbppbbppp,55
834269,4697,12,7,bpbbpbpbpbp,p,bpbbpbpbpbpp,2026-04-12 16:05:20,pbpbbbpbpbbpbpbpbpppppbbbppbbpppbppbbpppbbb,43
842075,4744,12,13,bpbbpbpbpbp,b,bpbbpbpbpbpb,2026-04-23 10:44:29,bbppbbbbpbbbbbpbbpbpbpbpbbbpbppppbppppbppbpppbbbpbbpbp,54
845316,4761,12,49,bpbbpbpbpbp,p,bpbbpbpbpbpp,2026-04-23 13:56:13,pbbbbbpbpbpppbbbpppppbbppbbppbppbbpbpbpbpbbbbpbppbpbbpbpbpbppbp,63
860162,4849,12,6,bpbbpbpbpbp,p,bpbbpbpbpbpp,2026-04-26 08:41:19,bpbbpbbpbbpbpbpbpppbpppppbbppbbbpbpbpppbpp,42
869848,4910,12,34,bpbbpbpbpbp,p,bpbbpbpbpbpp,2026-05-04 07:54:36,bppbpbpppppbbbpbbppppbpbbpppbpbbppbpbbpbpbpbpppbbbp,51
872232,4924,12,24,bpbbpbpbpbp,p,bpbbpbpbpbpp,2026-05-04 08:26:53,pppppbbbbpbbbppbpbbbppppbpbbpbpbpbppbbppbpbbpbpppppb,52
874886,4940,12,45,bpbbpbpbpbp,p,bpbbpbpbpbpp,2026-05-04 09:14:05,ppbppbppbbbbbbbbbbpbppppbbbpbppbbpbpbbbpbppbpbpbbpbpbpbppbbbbppbbpp,67
877715,4957,12,40,bpbbpbpbpbp,p,bpbbpbpbpbpp,2026-05-04 11:28:53,pppppbbpbbbpbpppbbpbbbppbpbpppbpppbbpbppbpbbpbpbpbppbppppbb,59
882619,4985,12,3,bpbbpbpbpbp,b,bpbbpbpbpbpb,2026-05-04 16:28:25,pbbbpbbpbpbpbpbpbbbppbppbpppbbbpbpbbbpbp,40
900603,5084,12,34,bpbbpbpbpbp,p,bpbbpbpbpbpp,2026-05-23 06:39:49,bppppppbbbbbbbbppbbppppbpbbbpbpbppbpbbpbpbpbpppbbpbbbbbbbbppp,61
902032,5093,12,18,bpbbpbpbpbp,b,bpbbpbpbpbpb,2026-05-23 06:43:54,bbbppbbppbbbbbppppbpbbpbpbpbpbpppbpbpbppbbbbbpbbpbpb,52
917730,5187,12,10,bpbbpbpbpbp,b,bpbbpbpbpbpb,2026-05-28 10:05:07,ppppbbppbpbpbbpbpbpbpbpbbppppbpbpbbppbpppbppbbpbbbb,51
920873,5206,12,8,bpbbpbpbpbp,b,bpbbpbpbpbpb,2026-05-28 12:39:42,pbpbbbbpbpbbpbpbpbpbppbbpbbbppbppbbbbpppppbpbbpbbpbppbbbpbbpppbppbbpb,69
928877,5254,12,30,bpbbpbpbpbp,p,bpbbpbpbpbpp,2026-05-29 08:34:32,bpppbpppbpbppbbbbbbbpbppppbbpbbpbbpbpbpbppbpppbppbbbbpb,55
930612,5265,12,1,bpbbpbpbpbp,p,bpbbpbpbpbpp,2026-06-01 10:59:16,pbpbbpbpbpbppbbbbbpppbpbbppbbbpppbppbpbbb,41
931437,5270,12,22,bpbbpbpbpbp,p,bpbbpbpbpbpp,2026-06-01 11:04:49,bbpppbbpbbpbppbbbbppbpbpbbpbpbpbppbppbppppp,43
936777,5301,12,9,bpbbpbpbpbp,p,bpbbpbpbpbpp,2026-06-06 13:44:34,bpbbbpbppbpbbpbpbpbppbbpbbpbppppbpp,35
939476,5318,12,26,bpbbpbpbpbp,p,bpbbpbpbpbpp,2026-06-06 14:24:06,ppbpbbpbpbbbpbbbbbbpbbbpbpbpbbpbpbpbppbbpbpbpbbpbbbbpbbbbbpb,60
947863,5368,12,15,bpbbpbpbpbp,b,bpbbpbpbpbpb,2026-06-10 10:09:07,bppbbpbbbbppppbbpbbpbpbpbpbbpppbppppppbpbbpbpbppppbpb,53
950471,5384,12,29,bpbbpbpbpbp,p,bpbbpbpbpbpp,2026-06-10 15:28:17,bbbbpppbbbpppppbbppbbbbppppbpbpbbpbpbpbppppbpbpbppbbppbbppb,59
186880,67,12,3,bpbbpbpbppp,b,bpbbpbpbpppb,2026-01-26 10:57:31,bbbbpbbpbpbpppbpbpppbpbpbp,26
192094,252,12,26,bpbbpbpbppp,p,bpbbpbpbpppp,2026-01-26 10:57:31,pbbbppppppppppbpbpbpbppbppbpbbpbpbppppbpp,41
194076,287,12,16,bpbbpbpbppp,p,bpbbpbpbpppp,2026-01-26 10:57:31,bpbbpbppppbbpbbbbpbbpbpbpppppbbbbpbpbbppbbpbbppbpbb,51
195756,320,12,34,bpbbpbpbppp,b,bpbbpbpbpppb,2026-01-26 10:57:31,bbpbbbppppbbbbpppbppbbpbppbbbpbbpbbpbbpbpbpppbbbbpbpb,53
196259,329,12,10,bpbbpbpbppp,p,bpbbpbpbpppp,2026-01-26 10:57:31,pbbbbbpbbbbpbbpbpbpppppbbbbpbppbbbbbppppppppppbb,48
201748,427,12,32,bpbbpbpbppp,b,bpbbpbpbpppb,2026-01-26 10:57:31,pbbbpbpppppppbpbpbbpbppbpbpbbpbbbpbbpbpbpppbbbbpbpbpbppppbpbp,61
201831,428,12,39,bpbbpbpbppp,p,bpbbpbpbpppp,2026-01-26 10:57:31,bbppbbpbpbpbppbbbbpbpppbpppppbpbppbppbbbpbbpbpbppppp,52
209069,563,12,26,bpbbpbpbppp,p,bpbbpbpbpppp,2026-01-26 10:57:32,pbpppbpbbbbpppbppbbbbpppbbbpbbpbpbppppbbpbpppppbppbbbpbbpppbbpbpbb,66
209872,577,12,39,bpbbpbpbppp,b,bpbbpbpbpppb,2026-01-26 10:57:32,bbbpppbpppbppppbbbpbpppbppppbbpbbpbbppbbpbbpbpbpppbpbppppbpbbpbbp,65
212626,624,12,21,bpbbpbpbppp,p,bpbbpbpbpppp,2026-01-26 10:57:32,pbppbbbpbbbbbppbbbppbbpbbpbpbppppbbbbbbpbbbbbpbb,48
213981,651,12,7,bpbbpbpbppp,p,bpbbpbpbpppp,2026-01-26 10:57:32,pppbbbbbpbbpbpbppppbbbbbbbbbpbpbpbpbbpbbbbpp,44
214705,666,12,23,bpbbpbpbppp,p,bpbbpbpbpppp,2026-01-26 10:57:32,pppbbbpppbbbbbbpppppppbbpbbpbpbppppbbppbpbbbppbp,48
215192,675,12,31,bpbbpbpbppp,b,bpbbpbpbpppb,2026-01-26 10:57:32,ppppbppbbpppbppbpbbpbpbppbpbbpbbpbbpbpbpppbbbpbb,48
217123,711,12,13,bpbbpbpbppp,p,bpbbpbpbpppp,2026-01-26 10:57:32,ppbppppbbppbpbpbbpbpbppppbbbbbbbppppbppp,40
223218,828,12,10,bpbbpbpbppp,p,bpbbpbpbpppp,2026-01-26 10:57:32,pbppbbpppbbpbbpbpbppppbppbpppp,30
223286,829,12,17,bpbbpbpbppp,p,bpbbpbpbpppp,2026-01-26 10:57:32,bppppbbbpbbbbbbbbbpbbpbpbppppbppppbpbbpbbpbpbppbbpbbpbpbppbbpbb,63
227167,899,12,10,bpbbpbpbppp,p,bpbbpbpbpppp,2026-01-26 10:57:32,ppppppbppbbpbbpbpbpppppbbbbbbbpbpbbbpbpbppbppbbpbbpbbbp,55
231459,970,12,1,bpbbpbpbppp,b,bpbbpbpbpppb,2026-01-26 10:57:32,bbpbbpbpbpppbbppbbpbpbppbpbbbpbbbbbppppbpbpbbbbbppbbpbbbbbpppppbb,65
234778,1027,12,2,bpbbpbpbppp,p,bpbbpbpbpppp,2026-01-26 10:57:32,bpbpbbpbpbpppppbbbppbpbppbbpbbppbbpbbpppbbbbpppbbpbppppbbpp,59
238466,1091,12,25,bpbbpbpbppp,b,bpbbpbpbpppb,2026-01-26 10:57:32,pbbppbpppbpbpbpbppbpppbbpbpbbpbpbpppbbbbpbpppbbbbbpppbpbpp,58
239416,1110,12,3,bpbbpbpbppp,p,bpbbpbpbpppp,2026-01-26 10:57:32,pppbpbbpbpbpppppbppbppbbpppppbppbpbbbpbbpppbpbpbpbb,51
244313,1195,12,14,bpbbpbpbppp,p,bpbbpbpbpppp,2026-01-26 10:57:33,bbbbppppppbppbbpbbpbpbppppbppbbppbbbpppbpppbbbpbbpbbbpbbpppbbp,62
250645,1303,12,26,bpbbpbpbppp,b,bpbbpbpbpppb,2026-01-26 10:57:33,bbbpbppbpppbpbbppppbpbbbpbbpbbpbpbpppbpppbppbbbbpbbbpbppppp,59
251288,1314,12,18,bpbbpbpbppp,b,bpbbpbpbpppb,2026-01-26 10:57:33,pppbppbpbpbbppppbbbpbbpbpbpppbppbbbbbpbbpbp,43
256011,1395,12,3,bpbbpbpbppp,p,bpbbpbpbpppp,2026-01-26 10:57:33,ppbbpbbpbpbppppppbbpbbbbppbpbpppppppbppb,40
264070,1530,12,34,bpbbpbpbppp,p,bpbbpbpbpppp,2026-01-26 10:57:33,ppbpbppbbpbbbbbpbppppbpbpbpppppbbpbpbbpbpbppppbbppbpbp,54
266043,1559,12,1,bpbbpbpbppp,p,bpbbpbpbpppp,2026-01-26 10:57:33,pbpbbpbpbppppbpppbpppbppbbpbpbbbpbbpppppppbppppbp,49
266548,1566,12,6,bpbbpbpbppp,b,bpbbpbpbpppb,2026-01-26 10:57:33,bbpbppbpbbpbpbpppbbbbbbppbbbpbbppppbppbbppbppppbbpbbpbbpbppp,60
268038,1588,12,36,bpbbpbpbppp,p,bpbbpbpbpppp,2026-01-26 10:57:33,bbbbpppbpbpbpbbbpbbbpbbbpbppbbbbbbbbbpbbpbpbppppbbpbpbbpppp,59
270094,1620,12,49,bpbbpbpbppp,p,bpbbpbpbpppp,2026-01-26 10:57:33,pbbpbbppbpbbpppbbbpbppbpbpbbppbbbbbpbbpppbbbppbbbbpbbpbpbpppppb,63
271565,1645,12,10,bpbbpbpbppp,b,bpbbpbpbpppb,2026-01-26 10:57:33,pbpbppbppbbpbbpbpbpppbbbpbpbbbppbpbbpbppbbbbbppbpppbppbbpbpbbpp,63
271735,1647,12,19,bpbbpbpbppp,b,bpbbpbpbpppb,2026-01-26 10:57:33,bppbbppbbbppbbbbpbpbpbbpbpbpppbbppbpbppbbppbppbpp,49
279005,1772,12,24,bpbbpbpbppp,b,bpbbpbpbpppb,2026-01-26 10:57:33,bpppppbbbbbbppbbpbbbpbbbbpbbpbpbpppbbbbpbp,42
279067,1773,12,16,bpbbpbpbppp,p,bpbbpbpbpppp,2026-01-26 10:57:33,bpbpbpbbbpppbbbpbpbbpbpbppppppbpbpbbbbpppbpbpbpb,48
281368,1810,12,0,bpbbpbpbppp,p,bpbbpbpbpppp,2026-01-26 10:57:33,bpbbpbpbppppppbpppppbbpbbppbbpbbppbpbpppbbpbpbbbbpbbbppbbbpp,60
282705,1832,12,28,bpbbpbpbppp,b,bpbbpbpbpppb,2026-01-26 10:57:34,ppbbbpbpbbbbbbpppbpbbbppbbppbpbbpbpbpppbpbpbbbbbppbpbbbb,56
290697,1909,12,19,bpbbpbpbppp,p,bpbbpbpbpppp,2026-01-26 16:13:55,bbbbbbbppppppbpppbbbpbbpbpbppppppbppppbbbbpbppppppbbbbpbppppp,61
294685,1932,12,27,bpbbpbpbppp,p,bpbbpbpbpppp,2026-01-26 17:18:13,pppbpbbpppppbpppppppbpbpbbbbpbbpbpbpppppbppbbpppbppbbpppbppbb,61
374611,2017,12,25,bpbbpbpbppp,b,bpbbpbpbpppb,2026-01-29 11:00:42,pbpbbppbpbbbbbbpppppbbpbbbpbbpbpbpppbbpbpbppppbbpbpbpbbbppbbppp,63
376856,2030,12,13,bpbbpbpbppp,b,bpbbpbpbpppb,2026-01-29 12:25:08,ppbbbpbbppbpbbpbbpbpbpppbbbpppbpppppbppbbbpb,44
388327,2098,12,32,bpbbpbpbppp,b,bpbbpbpbpppb,2026-01-30 10:52:39,pbpbpbbbbpbpbppbbpbppbpppbpppbbpbpbbpbpbpppbppbbbpbppbppbbpp,60
393423,2128,12,0,bpbbpbpbppp,p,bpbbpbpbpppp,2026-01-31 07:13:14,bpbbpbpbppppbppppbpbpbpbbpbppbppbbpppbbbppppbpbppppbpppb,56
415929,2252,12,29,bpbbpbpbppp,b,bpbbpbpbpppb,2026-02-02 15:03:40,bbbbbpbbpppppppbpbbpbbpppbbppbpbbpbpbpppbb,42
446460,2419,12,34,bpbbpbpbppp,p,bpbbpbpbpppp,2026-02-05 15:55:42,bpppbpbppbbpbbbbbpppbppbpppbbppbbpbpbbpbpbpppp,46
447511,2424,12,25,bpbbpbpbppp,b,bpbbpbpbpppb,2026-02-05 16:47:32,bbppbpbppppbbbbpbppbbpbppbpbbpbpbpppbpppbbppbbpbpbbppbpppbbpbp,62
466498,2525,12,26,bpbbpbpbppp,p,bpbbpbpbpppp,2026-02-09 15:26:40,pbppbpbpbbbbpbbpppbpbbbbbpbpbbpbpbpppppp,40
474781,2570,12,23,bpbbpbpbppp,p,bpbbpbpbpppp,2026-02-10 17:24:24,pbppbpppbppppbbppppbpppbpbbpbpbppppbbpbbbbbppbpbbbpppbbbbb,58
476975,2581,12,4,bpbbpbpbppp,p,bpbbpbpbpppp,2026-02-10 18:16:12,bppbbpbbpbpbppppbpbbppbppbppbbbbpbppbpbbppb,43
480959,2608,12,8,bpbbpbpbppp,b,bpbbpbpbpppb,2026-02-10 19:36:27,ppbbppbpbpbbpbpbpppbppbbbppbbbppppbbbpppppbbbppbbbbb,52
485261,2633,12,24,bpbbpbpbppp,b,bpbbpbpbpppb,2026-02-11 11:08:44,bbbpbpppbbbbpbpppppppbbpbpbbpbpbpppbbbppbppbbpbppppb,52
503333,2743,12,14,bpbbpbpbppp,p,bpbbpbpbpppp,2026-02-12 08:48:45,pbpppbbppbbpbbbpbbpbpbppppppppbppbbbpppppbbpbbbpbpbb,52
512266,2793,12,43,bpbbpbpbppp,p,bpbbpbpbpppp,2026-02-12 15:10:49,pbbpbppbpppbpbpbbppbbppbpbbbbpppbbppbbpbpppbpbbpbpbppppbp,57
534893,2918,12,41,bpbbpbpbppp,b,bpbbpbpbpppb,2026-02-13 19:22:36,bbbpbbpppbbpbpbbpbbpbbpbbbbppppbbbbbpbpbpbpbbpbpbpppbbpbbbbbbpbb,64
546113,2982,12,7,bpbbpbpbppp,p,bpbbpbpbpppp,2026-02-14 15:23:18,pppbbpbbpbbpbpbppppbbpppbpbbppbbpbbpbbppbbpppbpbbpp,51
548422,2999,12,7,bpbbpbpbppp,p,bpbbpbpbpppp,2026-02-14 15:56:28,pbbbbpbbpbbpbpbppppbpbbbbbbpppbbbpbpbbbpb,41
566774,3096,12,20,bpbbpbpbppp,b,bpbbpbpbpppb,2026-02-17 16:19:58,ppbbpbbpbppbbpbpbbpbbpbbpbpbpppbpbpbpbpbbpb,43
577754,3160,12,22,bpbbpbpbppp,p,bpbbpbpbpppp,2026-02-19 10:43:02,bbbpppppbppppbbbpbbppbbpbbpbpbppppbbbppppbpbpbbb,48
586499,3206,12,11,bpbbpbpbppp,p,bpbbpbpbpppp,2026-02-20 11:07:15,bbbbppbpbpbbpbbpbpbppppppppbppbpbbppppppbpbpppbbpbbb,52
589245,3223,12,2,bpbbpbpbppp,b,bpbbpbpbpppb,2026-02-20 13:41:11,bbbpbbpbpbpppbpppbbppbppbpppbbbbpbbppbbpbpbbbbbpp,49
594726,3260,12,33,bpbbpbpbppp,p,bpbbpbpbpppp,2026-02-20 15:30:36,pbbbbbbpbbbbpbpbppbppbbppppbpbbbbbpbbpbpbppppppbppb,51
594895,3261,12,25,bpbbpbpbppp,p,bpbbpbpbpppp,2026-02-20 15:31:06,pbbpbpbpbpppbppbbbpbbbbbpbpbbpbpbppppppp,40
606618,3340,12,19,bpbbpbpbppp,b,bpbbpbpbpppb,2026-02-21 13:14:28,bpbpbbpbbpbpppbpbbbbpbbpbpbpppbbpppb,36
616573,3413,12,28,bpbbpbpbppp,b,bpbbpbpbpppb,2026-02-22 10:07:11,bppppbpbpbbbbbbpppppppppbbbpbpbbpbpbpppbpbbppbbbp,49
618681,3426,12,13,bpbbpbpbppp,b,bpbbpbpbpppb,2026-02-22 10:32:29,pbbbbpbbbbpbbbpbbpbpbpppbpbppbbbpbb,35
620028,3435,12,19,bpbbpbpbppp,b,bpbbpbpbpppb,2026-02-22 11:07:57,pppppbpbbbbpbbbbbpbbpbbpbpbpppbbpbbbpppbpbpbppbbbpppp,53
626120,3472,12,51,bpbbpbpbppp,p,bpbbpbpbpppp,2026-02-22 19:02:30,bppbpppbbpppppbpbpbpbpbpbpbbpbppppbbppppbppbppbbpppbpbbpbpbppppbpbb,67
629151,3488,12,32,bpbbpbpbppp,b,bpbbpbpbpppb,2026-02-22 20:23:31,pbpbbbbbbbpppppbpbbbbbpbpbpppbppbpbbpbpbpppbpbp,47
632275,3506,12,32,bpbbpbpbppp,p,bpbbpbpbpppp,2026-02-23 09:16:13,pppbpbbbbppbpbbpbbpbbbpbbpbbbppbbpbbpbpbpppppbbpbpbbbbpbpbp,59
647324,3596,12,36,bpbbpbpbppp,b,bpbbpbpbpppb,2026-02-23 14:56:38,pbbpbbpbpbbbbbbppbbpbpbbpbppppbbpbppbpbbpbpbpppbbbpbpbbbbbppbpbb,64
655918,3644,12,9,bpbbpbpbppp,b,bpbbpbpbpppb,2026-02-24 14:26:30,bbpbpbbbbbpbbpbpbpppbbbbbpbppbpppbbppbppbppbbpbb,48
668140,3713,12,9,bpbbpbpbppp,p,bpbbpbpbpppp,2026-02-24 20:18:12,bppbpbbbpbpbbpbpbppppbbbppbpbpbbbbpppbbppbppbbbpppbppb,54
668959,3718,12,37,bpbbpbpbppp,p,bpbbpbpbpppp,2026-02-24 20:21:04,bpppbbbbppbpbbppbppbppbbbbpbbpbbbbbbpbpbbpbpbppppppbbpppb,57
688901,3839,12,5,bpbbpbpbppp,p,bpbbpbpbpppp,2026-02-25 21:47:47,ppbpbbpbbpbpbpppppbppbppbppppbbpbppbppp,39
697866,3889,12,28,bpbbpbpbppp,b,bpbbpbpbpppb,2026-03-01 11:12:21,bbbpbbbbpbbppppbbbpbbbppppbbbpbbpbpbpppbbpbpbbbppbbbpbb,55
698576,3893,12,5,bpbbpbpbppp,b,bpbbpbpbpppb,2026-03-01 11:14:31,ppbbbbpbbpbpbpppbppbbpppbpppbbppbppbppp,39
717693,4003,12,20,bpbbpbpbppp,b,bpbbpbpbpppb,2026-03-02 14:43:00,ppbbbpbbbbbpbbpbbpppbpbbpbpbpppbpbbpppppbbpbbpbppbbbbbpppbb,59
719906,4017,12,25,bpbbpbpbppp,p,bpbbpbpbpppp,2026-03-02 15:11:24,bpbbbpbpppbbpbppbpbbbbpppbpbbpbpbppppbpbppbbppbpppbp,52
731757,4086,12,22,bpbbpbpbppp,p,bpbbpbpbpppp,2026-03-03 19:43:12,ppbpbppbbbpbbbpbppbppbbpbbpbpbppppbpbbbppppbbbbpbppbpbbbpbbbpbb,63
733249,4095,12,8,bpbbpbpbppp,b,bpbbpbpbpppb,2026-03-04 09:24:03,bpbbbppbbpbbpbpbpppbbpbbbbppbppbbbppbbbbbppbbb,46
766846,4294,12,18,bpbbpbpbppp,b,bpbbpbpbpppb,2026-03-09 15:22:30,pbbbpbbpbbpbpbbbpbbpbbpbpbpppbpbbbpbbb,38
768062,4301,12,32,bpbbpbpbppp,b,bpbbpbpbpppb,2026-03-09 15:27:03,ppbpbbbbbpbpbppbbpbbbpbppbpbpbbbbpbbpbpbpppbp,45
778765,4363,12,7,bpbbpbpbppp,p,bpbbpbpbpppp,2026-03-11 19:15:00,pbpppbpbpbbpbpbppppbpbbpbppbpppppbbppbpbbppbppbpppbpbbpp,56
784212,4395,12,26,bpbbpbpbppp,b,bpbbpbpbpppb,2026-03-11 20:11:35,bbbbpbbbbbbbbbpbpppppbbbppbpbbpbpbpppbbppbbbpp,46
797808,4472,12,1,bpbbpbpbppp,p,bpbbpbpbpppp,2026-03-17 07:06:49,pbpbbpbpbppppbbppbpppbbpbbbpppppbpbpppbpbbppbbp,47
797990,4473,12,14,bpbbpbpbppp,p,bpbbpbpbpppp,2026-03-17 07:07:29,pbpbpppppppppbbpbbpbpbpppppbpbbpbpbppppbppbbbppbp,49
797998,4473,12,27,bpbbpbpbppp,p,bpbbpbpbpppp,2026-03-17 07:07:29,pbpbpppppppppbbpbbpbpbpppppbpbbpbpbppppbppbbbppbp,49
811007,4553,12,12,bpbbpbpbppp,p,bpbbpbpbpppp,2026-03-18 14:16:54,bbbppbbbbbbbbpbbpbpbpppppbbppbpppbpppbpbbbpbpppbpbpbbpbpppbbp,61
819716,4607,12,28,bpbbpbpbppp,b,bpbbpbpbpppb,2026-03-19 19:20:59,ppbpbpbbbpbpppppppbbpppbbbppbpbbpbpbpppbpbpbpbbbppb,51
820556,4612,12,35,bpbbpbpbppp,p,bpbbpbpbpppp,2026-03-19 20:08:01,ppbbppbpbpppbbbbbbpbppbbppbbpppbbbpbpbbpbpbppppbpbppppbp,56
824372,4631,12,31,bpbbpbpbppp,p,bpbbpbpbpppp,2026-03-22 09:20:36,bbbppbppppbpppppppppbppbppbpbpbbpbbpbpbppppbbbp,47
839351,4727,12,31,bpbbpbpbppp,p,bpbbpbpbpppp,2026-04-21 06:31:49,bpppbbpbpbbppbbbpbppbpbppppbpbpbpbbpbpbppppb,44
842459,4746,12,20,bpbbpbpbppp,p,bpbbpbpbpppp,2026-04-23 10:45:48,bpbbppbpbppbpbbbbbpbbpbbpbpbppppbpbbpbpbbppbbbppbppbpbpbbpbppbbp,64
847447,4773,12,12,bpbbpbpbppp,b,bpbbpbpbpppb,2026-04-23 14:50:55,bpppbbbbpbbpbpbbpbpbpppbbpppbpppbbpbppbppbbbbbbbpbbbppbbbpbpbpb,63
868991,4904,12,34,bpbbpbpbppp,b,bpbbpbpbpppb,2026-04-30 16:36:09,bbpbppbbpbbpbbbbbbbpbbppbbbppbbpbbbpbbpbpbpppbbbbpbp,52
881522,4977,12,15,bpbbpbpbppp,b,bpbbpbpbpppb,2026-05-04 16:12:20,bbpbbbbbbbpbbpbbpbbpbpbpppbppbbpbpbbppppppbp,44
885065,4999,12,21,bpbbpbpbppp,p,bpbbpbpbpppp,2026-05-04 17:38:35,bbbppbbppbbpbbbbpbbbpbpbbpbpbpppppbpbpbbbb,42
889482,5021,12,19,bpbbpbpbppp,p,bpbbpbpbpppp,2026-05-14 07:22:01,ppppbbpbppbpbbpbpbbbpbbpbpbpppppbbbbpbppbbpbppppbppbpp,54
890156,5025,12,13,bpbbpbpbppp,p,bpbbpbpbpppp,2026-05-14 07:25:12,bpppbbpbbbbbpbpbbpbpbppppbpbbbppbpbbpbpbbppbppppbppbppbpp,57
894258,5049,12,20,bpbbpbpbppp,b,bpbbpbpbpppb,2026-05-14 09:03:40,bbpbbbbppppbbpppbpbpbpbbpbpbpppbbpbppbbpppbpbppb,48
897783,5068,12,19,bpbbpbpbppp,b,bpbbpbpbpppb,2026-05-22 05:38:07,bbbpppbbbpbppppbbbpbpbbpbpbpppbpppbbbbbbpppppbppbbbpppbpbpbbpbbb,64
900400,5083,12,37,bpbbpbpbppp,p,bpbbpbpbpppp,2026-05-23 06:39:22,ppppppbppbbbbbbbbbbbpbbpppbbpbpbppbbpbpbbpbpbppppbbbbbpp,56
914988,5170,12,30,bpbbpbpbppp,p,bpbbpbpbpppp,2026-05-27 11:12:51,bpppbpbppbbbpbbpbbppbpbbpbbbbbbpbbpbpbppppbppppb,48
944390,5348,12,30,bpbbpbpbppp,p,bpbbpbpbpppp,2026-06-07 21:24:12,bpppppbbbbpbpbbpppbppppbbbbppbbpbbpbpbppppbpbpbbbpppbpp,55
947877,5368,12,38,bpbbpbpbppp,p,bpbbpbpbpppp,2026-06-10 10:09:07,bppbbpbbbbppppbbpbbpbpbpbpbbpppbppppppbpbbpbpbppppbpb,53
972984,5513,12,14,bpbbpbpbppp,p,bpbbpbpbpppp,2026-06-21 11:12:34,bbbbbppbpbbbbpbpbbpbpbppppbpbbbpbbpbbbbpbbpbbbbpbppbpbpp,56
974533,5522,12,11,bpbbpbpbppp,p,bpbbpbpbpppp,2026-06-22 09:14:56,bbbpbpbpbpbbpbbpbpbpppppbbpbbpbppbpbbbbbppbbbbbppbppbbbbbbpbpb,62
976158,5532,12,11,bpbbpbpbppp,b,bpbbpbpbpppb,2026-06-22 09:46:35,pbpbbpbbppbbpbbpbpbpppbpbbbpbpbppbbppppbbpbppbpb,48
185515,6,12,11,bpbbpbpppbb,p,bpbbpbpppbbp,2026-01-26 10:57:31,bbppbbpbpbpbpbbpbpppbbpppp,26
186217,36,12,2,bpbbpbpppbb,p,bpbbpbpppbbp,2026-01-26 10:57:31,pbbpbbpbpppbbppbbbpp,20
188208,137,12,4,bpbbpbpppbb,p,bpbbpbpppbbp,2026-01-26 10:57:31,bpbpbpbbpbpppbbpbbppbpbbpbpbpbbb,32
191287,237,12,4,bpbbpbpppbb,b,bpbbpbpppbbb,2026-01-26 10:57:31,bppbbpbbpbpppbbbbpbbpbppbppbbpbppbppbbpbpbpbpbpbpbbp,52
193609,278,12,14,bpbbpbpppbb,b,bpbbpbpppbbb,2026-01-26 10:57:31,bbppbbbbpbpppbbpbbpbpppbbbppppbbpbppppbppppbpbppppbbbbbppbppbbppp,65
193853,283,12,20,bpbbpbpppbb,b,bpbbpbpppbbb,2026-01-26 10:57:31,ppbppbbppbbppbpbppppbpbbpbpppbbbpbpppbbbbppbbbpbbppppbbppbbb,60
194948,305,12,0,bpbbpbpppbb,b,bpbbpbpppbbb,2026-01-26 10:57:31,bpbbpbpppbbbbpppbbbbppbpbbpbbpbppppppbbbb,41
195325,312,12,15,bpbbpbpppbb,b,bpbbpbpppbbb,2026-01-26 10:57:31,pbpbbppbbbppbppbpbbpbpppbbbbbpppbbbpbppbpppbppbpbpbppbppp,57
197929,358,12,37,bpbbpbpppbb,p,bpbbpbpppbbp,2026-01-26 10:57:31,bpbpppppbppbbpppppppbbbppbbbpbbbbbbpbbpbbpbpppbbpppbpppp,56
203994,466,12,25,bpbbpbpppbb,b,bpbbpbpppbbb,2026-01-26 10:57:31,ppbbbbpbpbpppbbpbbppbbpbbbpbbpbpppbbbbbbbpp,43
206683,517,12,13,bpbbpbpppbb,p,bpbbpbpppbbp,2026-01-26 10:57:32,bpbbbbbbbbbpbbpbbpbpppbbpbbbbpppbbbbbpbpppbppppbpppbbbpp,56
207428,533,12,9,bpbbpbpppbb,p,bpbbpbpppbbp,2026-01-26 10:57:32,ppppbbbbpbpbbpbpppbbppbpbbpppbpbppbppbppbbpbbpbbbbppppbppppbbbbbpp,66
208407,552,12,0,bpbbpbpppbb,p,bpbbpbpppbbp,2026-01-26 10:57:32,bpbbpbpppbbppppppppppbppbppbbpbbbppbbpbbpbpbbp,46
211466,603,12,18,bpbbpbpppbb,p,bpbbpbpppbbp,2026-01-26 10:57:32,ppbbpbbbpbpbbppppbbpbbpbpppbbpbbppbpbbbpbpbbpbppppbbp,53
211834,610,12,5,bpbbpbpppbb,p,bpbbpbpppbbp,2026-01-26 10:57:32,pbppbbpbbpbpppbbpbpbppbpppbbbpbpbpbpbbbppbbppbb,47
212169,616,12,5,bpbbpbpppbb,p,bpbbpbpppbbp,2026-01-26 10:57:32,pbppbbpbbpbpppbbpbpbppbpppbbbpbpbpbpbbbppbbppbbbbppbpbpbpb,58
216936,707,12,47,bpbbpbpppbb,b,bpbbpbpppbbb,2026-01-26 10:57:32,ppbbppbbbbbbpppbbpppbpbbppbpppbppppbbbbpbbppppbbpbbpbpppbbb,59
224857,857,12,36,bpbbpbpppbb,b,bpbbpbpppbbb,2026-01-26 10:57:32,pbbbbpbpppbbbppppbpbbbppbbppppbbppbbbpbbpbpppbbbb,49
225851,875,12,20,bpbbpbpppbb,p,bpbbpbpppbbp,2026-01-26 10:57:32,ppbpbbpbbpbpbpbpbpbbbpbbpbpppbbppbppppbbb,41
226520,886,12,23,bpbbpbpppbb,b,bpbbpbpppbbb,2026-01-26 10:57:32,bpbbbppbppbbpbbbppbpbppbpbbpbpppbbbpbpppbbbbbpbbbpbpp,53
229117,932,12,26,bpbbpbpppbb,b,bpbbpbpppbbb,2026-01-26 10:57:32,bbpppbpbbbbpbpbpbppbbbbpbbbpbbpbpppbbbb,39
231082,964,12,8,bpbbpbpppbb,p,bpbbpbpppbbp,2026-01-26 10:57:32,pbbppbbbbpbbpbpppbbppppbbbpbpbpbpbbbbbpbbpppbbp,47
234696,1026,12,14,bpbbpbpppbb,b,bpbbpbpppbbb,2026-01-26 10:57:32,pbpbpbpbbpbbbbbpbbpbpppbbbpbbbpppbpbppbbppbppbpbpbpbpppbpbpppppp,64
234873,1028,12,40,bpbbpbpppbb,p,bpbbpbpppbbp,2026-01-26 10:57:32,bbppppppbpbpbpppbbpbpbppbbppbppppppbpbpbbpbbpbpppbbpb,53
235332,1037,12,9,bpbbpbpppbb,p,bpbbpbpppbbp,2026-01-26 10:57:32,pbpppbpbbbpbbpbpppbbpbppbbpppbppppbbpppbpbpbppbbpppb,52
235407,1038,12,9,bpbbpbpppbb,p,bpbbpbpppbbp,2026-01-26 10:57:32,pbpppbpbbbpbbpbpppbbpbppbbpppbppppbbpppbpbpbppbbpppbbb,54
245532,1216,12,5,bpbbpbpppbb,p,bpbbpbpppbbp,2026-01-26 10:57:33,pbbbpbpbbpbpppbbpppbpbbpbppppbbpppbbppbbpbbppbppbppp,52
248457,1265,12,37,bpbbpbpppbb,b,bpbbpbpppbbb,2026-01-26 10:57:33,pbpbbpbbbppppbbpppppbbppbbppbbpppbpbpbpbbpbpppbbbbbpbbbbbb,58
249092,1275,12,5,bpbbpbpppbb,b,bpbbpbpppbbb,2026-01-26 10:57:33,bppbpbpbbpbpppbbbppbbbbpppbppppbpbpppbbpbpbbbpbpbp,50
253128,1347,12,19,bpbbpbpppbb,b,bpbbpbpppbbb,2026-01-26 10:57:33,bbpbpbpbbppppppbpbpbpbbpbpppbbbpbpbbbbppbbbbpbbbbppbpbpbbbbbb,61
260512,1470,12,31,bpbbpbpppbb,b,bpbbpbpppbbb,2026-01-26 10:57:33,bpbbpbpbbbbpbpbpbpbbpbppbbbbppbbpbbpbpppbbbb,44
262435,1504,12,1,bpbbpbpppbb,b,bpbbpbpppbbb,2026-01-26 10:57:33,bbpbbpbpppbbbbbpbpbppppbppbpbbbpbpbbppppbbpbp,45
264125,1531,12,3,bpbbpbpppbb,p,bpbbpbpppbbp,2026-01-26 10:57:33,bbpbpbbpbpppbbpbpbbbbpbbpppbbpbbbbpbbpppbppppppppppbbppbb,57
265981,1558,12,0,bpbbpbpppbb,p,bpbbpbpppbbp,2026-01-26 10:57:33,bpbbpbpppbbpppbbbppppbbpppbbpbbppbbpppppbpbppb,46
266220,1561,12,22,bpbbpbpppbb,p,bpbbpbpppbbp,2026-01-26 10:57:33,bbbbpbpbpbbppbpbbbbppbbpbbpbpppbbpbbpbbppbpbbpppbb,50
272030,1652,12,33,bpbbpbpppbb,b,bpbbpbpppbbb,2026-01-26 10:57:33,ppbpbpppbppbbbpppbpbpbbbpbbppbppbbpbbpbpppbbbbbpbb,50
274852,1703,12,38,bpbbpbpppbb,b,bpbbpbpppbbb,2026-01-26 10:57:33,bbbpppppbbppbppbppbbbbbbbpbbppbpbppbpbbpbbpbpppbbbpbp,53
281825,1818,12,17,bpbbpbpppbb,b,bpbbpbpppbbb,2026-01-26 10:57:34,bbbppbbpbbppbpppbbpbbpbpppbbbbppppbpppbpbbpbbbpp,48
284429,1861,12,16,bpbbpbpppbb,p,bpbbpbpppbbp,2026-01-26 10:57:34,bbpbppppbbpbbppbbpbbpbpppbbpbpbbpbppppppbbbbb,45
296455,1942,12,3,bpbbpbpppbb,p,bpbbpbpppbbp,2026-01-26 17:21:24,bpbbpbbpbpppbbpbbbpbpppbbpbbbbbpbbppbpb,39
367838,1980,12,0,bpbbpbpppbb,p,bpbbpbpppbbp,2026-01-27 16:27:12,bpbbpbpppbbppppbbppppbbbppppbbbbbpppbbbbbpbbpbpbppp,51
375692,2023,12,18,bpbbpbpppbb,b,bpbbpbpppbbb,2026-01-29 11:44:01,bbpbbpbbbbbppbpbbpbpbbpbpppbbbbbpppbbpppbpbpbpbbbbpbbbb,55
386748,2090,12,7,bpbbpbpppbb,p,bpbbpbpppbbp,2026-01-30 10:49:31,pbbpbbpbpbbpbpppbbpbbppbpbppbbbpbpppbppbpppppbpbp,49
392535,2123,12,48,bpbbpbpppbb,b,bpbbpbpppbbb,2026-01-31 07:11:38,bbbpbbppbbbpbpppppppbbpbbbbppbpbbbpbbbppbpppbppbbpbbpbpppbbb,60
394062,2131,12,3,bpbbpbpppbb,p,bpbbpbpppbbp,2026-01-31 07:49:32,pppbpbbpbpppbbpbpbbbpbpbppbpbpppbpbpbbpbbpbppppppbppbpbbppbpp,61
396944,2148,12,35,bpbbpbpppbb,p,bpbbpbpppbbp,2026-01-31 08:27:05,ppbbbpppppbbbbpbbpbbbbbpppbpbbppbbbbpbbpbpppbbppbppbpppbbppbbbbbbpb,67
401295,2173,12,10,bpbbpbpppbb,b,bpbbpbpppbbb,2026-01-31 19:35:14,pbbbbbbbbbbpbbpbpppbbbpppbbbpppbbpbbppbpbppppbbpp,49
413327,2237,12,34,bpbbpbpppbb,p,bpbbpbpppbbp,2026-02-02 14:36:05,bbpbpbpbppbpbppbpbbbpbbbpbbppppbpbbpbbpbpppbbp,46
419267,2270,12,38,bpbbpbpppbb,p,bpbbpbpppbbp,2026-02-02 16:48:39,bbpbpbbppbbpbbbbpppbppppbbbpppppbbpppbbpbbpbpppbbpbpppppbbpbpp,62
424090,2296,12,8,bpbbpbpppbb,b,bpbbpbpppbbb,2026-02-04 15:39:19,pbppppbbbpbbpbpppbbbbbpbpppbbbbppppppbbbbbbpppbbpbppppppbpp,59
425191,2302,12,18,bpbbpbpppbb,p,bpbbpbpppbbp,2026-02-04 15:41:12,ppbpbbpbpbppbppbbbbpbbpbpppbbppbpbbbbbbpbpbpbbppbbbbppppbb,58
429697,2327,12,28,bpbbpbpppbb,p,bpbbpbpppbbp,2026-02-04 17:10:33,pbpbpbbppbbbpbbbbbbbbpppbbbbbpbbpbpppbbpppppppbbpbbbppppbbbbbppbbp,66
433053,2346,12,27,bpbbpbpppbb,p,bpbbpbpppbbp,2026-02-04 18:04:42,pbbbbbpbppbpbbpbbbpbpbbppppbpbbpbpppbbpbpbppppbp,48
442060,2395,12,3,bpbbpbpppbb,b,bpbbpbpppbbb,2026-02-05 15:04:32,ppbbpbbpbpppbbbpppbpppbbbpbpbppbbbpppbpbpbbbpbb,47
451464,2444,12,4,bpbbpbpppbb,b,bpbbpbpppbbb,2026-02-06 10:37:31,bpbpbpbbpbpppbbbppbpbbbpbbpppppbbpbppbpbbbbbpbbbbbpbbbp,55
453272,2454,12,22,bpbbpbpppbb,b,bpbbpbpppbbb,2026-02-06 10:40:58,bbbppbpbppbbbpbbpbpbppbpbbpbpppbbbbbpbpppbpbpbp,47
458150,2480,12,11,bpbbpbpppbb,p,bpbbpbpppbbp,2026-02-06 12:33:40,bbpbpbbpbppbpbbpbpppbbpbpbbbpbbbbpbpbppppppppbpbppppppbpb,57
459395,2486,12,31,bpbbpbpppbb,b,bpbbpbpppbbb,2026-02-06 12:35:26,ppbpppbbbppppbpbbbppbbpppbbbbpbbpbbpbpppbbbbppbbppbpbb,54
479772,2601,12,48,bpbbpbpppbb,b,bpbbpbpppbbb,2026-02-10 18:51:14,bbbpbpbpppbpbbbbpbbbbbppbppbppbbbpbbbpbppbbpppbbbpbbpbpppbbb,60
481613,2612,12,24,bpbbpbpppbb,b,bpbbpbpppbbb,2026-02-10 19:37:49,bbbppppppbbpppbppbpbpbbbbpbbpbpppbbbbbbpbbppppppbpbppb,54
484685,2630,12,4,bpbbpbpppbb,p,bpbbpbpppbbp,2026-02-11 11:07:20,bppbbpbbpbpppbbpbbbbbpppbppppppppbbbppbppbbbp,45
507204,2764,12,6,bpbbpbpppbb,p,bpbbpbpppbbp,2026-02-12 09:42:28,pbbpbpbpbbpbpppbbpppbpbbbpbbbpbpppbppbbbbbbb,44
513565,2801,12,3,bpbbpbpppbb,b,bpbbpbpppbbb,2026-02-12 15:15:14,bbbbpbbpbpppbbbbpbppppbbpbpbpbbbpppbbbbpbbbpbbbppppppppppbbppbpbb,65
530608,2894,12,18,bpbbpbpppbb,p,bpbbpbpppbbp,2026-02-13 17:13:39,pbpbbbbbbpbppbppbbbpbbpbpppbbpbbbbpbpppbpbpppbppbpbpbbpbppp,59
534426,2916,12,42,bpbbpbpppbb,b,bpbbpbpppbbb,2026-02-13 19:21:30,pbpbbbbbpppppbppbbppbppbbppbpbpbppbbppbbpbbpbbpbpppbbbpp,56
539752,2945,12,15,bpbbpbpppbb,p,bpbbpbpppbbp,2026-02-13 20:32:11,pbpppppbppppbpbbpbbpbpppbbpppbppbbpppppbbppbbbp,47
541295,2954,12,41,bpbbpbpppbb,b,bpbbpbpppbbb,2026-02-14 10:35:09,pppbppbpppbpbpbbbbbpbbppbbbppbppbpppbbbbpbpbbpbpppbbbbbppb,58
547352,2991,12,29,bpbbpbpppbb,p,bpbbpbpppbbp,2026-02-14 15:29:14,ppbppbbbbpbpbbpbppppbppbbpbpbbpbbpbpppbbppbpbbbbpbbppbppppbppbbp,64
566210,3093,12,29,bpbbpbpppbb,b,bpbbpbpppbbb,2026-02-17 16:18:30,bbbpbpppbpbbbppbpbbpbbbbpbbppbpbbpbpppbbbppppbppbbbbbpbpbpppbpp,63
571648,3122,12,30,bpbbpbpppbb,b,bpbbpbpppbbb,2026-02-17 19:41:51,pppppbbpppbpppbpbppbpppbpbbbbbbpbbpbpppbbbpbb,45
578841,3165,12,37,bpbbpbpppbb,b,bpbbpbpppbbb,2026-02-19 10:45:26,bpppbbpbbbbbbpbbbbbbppbpppbbbbpbpbbpbbpbbpbpppbbbppppbppppbpbbbpbp,66
580650,3175,12,13,bpbbpbpppbb,p,bpbbpbpppbbp,2026-02-19 11:08:15,pbpbpbbppbpbbbpbbpbpppbbpbpbbbppppppppbpppbbbpppbbpbbbppbbbbppbbp,65
582613,3185,12,40,bpbbpbpppbb,p,bpbbpbpppbbp,2026-02-19 11:46:28,pbpppppbppbpbpbbbpbppbbpbpbpppbpbbbbbbbbbpbbpbpppbbpppbpbb,58
584196,3194,12,1,bpbbpbpppbb,b,bpbbpbpppbbb,2026-02-20 10:40:28,bbpbbpbpppbbbpbpbpbppbbppbpppbpbbpbbbbpppbbppbppppbpbpbppbbbbbbpp,65
595059,3263,12,31,bpbbpbpppbb,p,bpbbpbpppbbp,2026-02-20 15:31:57,ppbppbpppbpbppbpbbbppppbbbbbpppbpbbpbpppbbpppbb,47
600637,3299,12,9,bpbbpbpppbb,p,bpbbpbpppbbp,2026-02-21 10:36:07,bbppbbpbpbpbbpbpppbbpbbpbbppbppbbbbbbpppbb,42
625443,3469,12,16,bpbbpbpppbb,b,bpbbpbpppbbb,2026-02-22 18:23:15,pbbpbbbbpbppbppbbpbbpbpppbbbppbpbbbbbpbbpppbbpbbbbpbppp,55
627503,3479,12,17,bpbbpbpppbb,b,bpbbpbpppbbb,2026-02-22 19:04:42,ppppbbbbppbpbpbbpbpbbpbpppbbbbbbppbbbppbppppbpppppbppbpbp,57
628651,3485,12,19,bpbbpbpppbb,p,bpbbpbpppbbp,2026-02-22 20:22:11,bbppbbbpbpbppppppbpbpbbpbpppbbppbbppppbbbbbpbppbbpp,51
659880,3667,12,21,bpbbpbpppbb,b,bpbbpbpppbbb,2026-02-24 15:33:14,bbpppbbbppbbbbpbpbppbbpbbpbpppbbbpppbpbbbpbbpbbpb,49
662585,3681,12,23,bpbbpbpppbb,b,bpbbpbpppbbb,2026-02-24 17:37:41,pbppbppbbppbbpppbbpbpbpbpbbpbpppbbbpbpbppppbpbbbbpbbb,53
680831,3792,12,42,bpbbpbpppbb,p,bpbbpbpppbbp,2026-02-25 18:44:54,pbpbpbpbbbpppbbbppbbppbppbbbppbbpbbpppppbpbpbbpbpppbbpbbppbbpbb,63
681923,3799,12,36,bpbbpbpppbb,p,bpbbpbpppbbp,2026-02-25 19:17:04,bpppbbbbpbpbpbppbbbppppbpbbpbppbppppbpbbpbpppbbpbbpppbpbppbb,60
698106,3890,12,29,bpbbpbpppbb,p,bpbbpbpppbbp,2026-03-01 11:12:52,pbbbbbpbbpppppbpbbbbppbppbppbbpbbpbpppbbpbppbbbpbppbbpbbbpbpppbbp,65
700557,3905,12,23,bpbbpbpppbb,b,bpbbpbpppbbb,2026-03-01 12:33:08,bppbpbbbbpbbppbpppbbbppbpbbpbpppbbbbpppbbbbbbbbpbbpppppp,56
706406,3938,12,43,bpbbpbpppbb,p,bpbbpbpppbbp,2026-03-01 18:47:19,bbpbppbpppppbbbbpbbbbpbbbbbbppbpbbbpbppbppbbpbbpbpppbbpbbbpppppb,64
707621,3946,12,24,bpbbpbpppbb,p,bpbbpbpppbbp,2026-03-01 19:25:09,bbbbbbppppbbpppbppbppbbbbpbbpbpppbbppppbbpbpbbppbbbb,52
734244,4100,12,23,bpbbpbpppbb,b,bpbbpbpppbbb,2026-03-04 10:05:12,bbpbbbppppbppppbbppbbbbbpbbpbpppbbbbpbpbbpbbbpbbpbbbbpppbppbpbbp,64
745455,4167,12,9,bpbbpbpppbb,p,bpbbpbpppbbp,2026-03-05 13:23:18,ppbbppbpbbpbbpbpppbbppppppbbppbpbppbpbbbpbbbp,45
746551,4173,12,32,bpbbpbpppbb,b,bpbbpbpppbbb,2026-03-05 13:50:45,bppbppppbpppbpbbbpppbpbbbpbppbpbbpbbpbpppbbbbbbpppbbbppbppbbpbb,63
752605,4208,12,0,bpbbpbpppbb,p,bpbbpbpppbbp,2026-03-05 16:13:55,bpbbpbpppbbppbbpbppppbbbbpbpbbpbbpppbpbpbbbbbbpbbpbpppbppbbpp,61
753611,4214,12,3,bpbbpbpppbb,p,bpbbpbpppbbp,2026-03-05 16:16:43,pbbbpbbpbpppbbppppppbbbbppbpppbbpbbpbbpbbppp,44
761613,4262,12,39,bpbbpbpppbb,p,bpbbpbpppbbp,2026-03-06 17:00:32,pbbbbppbbppbppbppppbbbpbbpbbpppbbpbbpppbpbbpbpppbbpbp,53
765526,4286,12,42,bpbbpbpppbb,b,bpbbpbpppbbb,2026-03-06 17:54:22,pbpbppppppbbbbbpbpbbbpppppbbbpbpbbbpppbppbbpbbpbpppbbbbppbbp,60
777884,4358,12,8,bpbbpbpppbb,b,bpbbpbpppbbb,2026-03-11 19:13:09,pbppbpbbbpbbpbpppbbbbbbpbbbppppppppbbpbbbppbb,45
781245,4376,12,20,bpbbpbpppbb,p,bpbbpbpppbbp,2026-03-11 19:46:16,pbbbbbpbbppbbppbpbbbbpbbpbpppbbpbbbpbpbppp,42
795412,4458,12,16,bpbbpbpppbb,b,bpbbpbpppbbb,2026-03-16 20:00:20,bpbppppbppppbbbbbpbbpbpppbbbbppbpppbbpbbpbbpbppbbb,50
811029,4553,12,49,bpbbpbpppbb,p,bpbbpbpppbbp,2026-03-18 14:16:54,bbbppbbbbbbbbpbbpbpbpppppbbppbpppbpppbpbbbpbpppbpbpbbpbpppbbp,61
833971,4695,12,15,bpbbpbpppbb,p,bpbbpbpppbbp,2026-04-12 16:02:49,bpbbbpbpbbbppppbpbbpbpppbbpppbpbpbb,35
853577,4809,12,3,bpbbpbpppbb,b,bpbbpbpppbbb,2026-04-23 18:50:08,pbbbpbbpbpppbbbppbbbbppppbbbpbbpppbppbbppbbbbbpbbbbpbpbppppbbppp,64
862258,4861,12,6,bpbbpbpppbb,b,bpbbpbpppbbb,2026-04-26 08:49:42,bpbbppbpbbpbpppbbbbbbbbpppbpbbbbpbpbppbpbbbpbbppbpbpbpbpbpppbppbp,65
862576,4863,12,5,bpbbpbpppbb,b,bpbbpbpppbbb,2026-04-26 09:17:47,ppbbpbpbbpbpppbbbbpbppbpbbbbbbbpbbppbppbb,41
862981,4865,12,20,bpbbpbpppbb,p,bpbbpbpppbbp,2026-04-26 09:21:22,bbbbpbpbbpppbppbbbppbpbbpbpppbbppbbbbbppbpbpbbppbbbbbppbbp,58
881639,4978,12,6,bpbbpbpppbb,b,bpbbpbpppbbb,2026-05-04 16:13:18,bbppbbbpbbpbpppbbbbpbpbbpbpbbbpbp,33
884232,4994,12,38,bpbbpbpppbb,p,bpbbpbpppbbp,2026-05-04 17:33:50,bbbbpbbbpppbbbbbbpbpbbpbbppbbbpppbpbbpbpbbpbpppbbpbpbppbbbbp,60
893011,5043,12,22,bpbbpbpppbb,b,bpbbpbpppbbb,2026-05-14 08:59:33,pbppbbbbpbbppbbpbbbpbpbpbbpbpppbbbp,35
900219,5082,12,33,bpbbpbpppbb,b,bpbbpbpppbbb,2026-05-22 05:45:02,bbppbbbbbbbbppppbpbpbpbbbbbpbbbpbbpbbpbpppbbbbpbbbpbbbbbpppp,60
911271,5146,12,29,bpbbpbpppbb,b,bpbbpbpppbbb,2026-05-27 07:16:39,bpppbbpbpbbpbppppbpbppbppppbpbpbbpbpppbbbbbbpbpbppbppbbpbppbbppp,64
913306,5159,12,4,bpbbpbpppbb,p,bpbbpbpppbbp,2026-05-27 07:56:43,pbbpbpbbpbpppbbpbpppbppbbpppbb,30
958419,5432,12,11,bpbbpbpppbb,b,bpbbpbpppbbb,2026-06-18 09:20:39,pppbbpppbbpbpbbpbpppbbbbbbpbbbpbbpbbpbpppbpbppppbbbbpbpbbpppbpbpbbp,67
964514,5466,12,28,bpbbpbpppbb,p,bpbbpbpppbbp,2026-06-20 10:41:38,pbbbpppbpbbpppbppbbbbbbbpbpbbpbbpbpppbbppppbbbbbbbbppppbppbpppp,63
189829,208,12,8,bpbbpbpppbp,p,bpbbpbpppbpp,2026-01-26 10:57:31,bpbpbbbbbpbbpbpppbppbp,22
189951,212,12,13,bpbbpbpppbp,p,bpbbpbpppbpp,2026-01-26 10:57:31,ppbppppppppbpbpbbpbpppbppbbp,28
191874,248,12,13,bpbbpbpppbp,p,bpbbpbpppbpp,2026-01-26 10:57:31,bbpbppbbppbbbbpbbpbpppbpppbpbbbpbbbbppbbppbbpbp,47
195686,319,12,8,bpbbpbpppbp,p,bpbbpbpppbpp,2026-01-26 10:57:31,ppppbpppbpbbpbpppbppbbbpbppbbpbp,32
197742,355,12,36,bpbbpbpppbp,p,bpbbpbpppbpp,2026-01-26 10:57:31,pbbppbpbbpbbppppbbpbbbbpbbbbpppbbpppbpbbpbpppbppppbpbp,54
199943,391,12,24,bpbbpbpppbp,p,bpbbpbpppbpp,2026-01-26 10:57:31,pbbpbppbbppbbppbppbpbpppbpbbpbpppbppbbbbpbbpbbbpbbppbbbpbbpbpbbb,64
202873,445,12,39,bpbbpbpppbp,p,bpbbpbpppbpp,2026-01-26 10:57:31,pbpbbppppbbppbbpbbpbbbpppbbbbppbpbbppbbbpbbpbpppbpppppbbbbpbbbbp,64
207241,529,12,21,bpbbpbpppbp,b,bpbbpbpppbpb,2026-01-26 10:57:32,bpbbbbpbbbbbbpbppbpppbpbbpbpppbpb,33
209683,574,12,32,bpbbpbpppbp,p,bpbbpbpppbpp,2026-01-26 10:57:32,bbppbbpppbbbbpppbbpbpbppbbbppppbbpbbpbpppbppbb,46
220135,770,12,38,bpbbpbpppbp,b,bpbbpbpppbpb,2026-01-26 10:57:32,bpbpppbbpbppppppbbbbpbpbbpbbppbppppbppbpbbpbpppbpbppbbbp,56
220434,775,12,2,bpbbpbpppbp,p,bpbbpbpppbpp,2026-01-26 10:57:32,bpbpbbpbpppbpppppbpbbbbpbppppbbbpbbbpb,38
221794,803,12,44,bpbbpbpppbp,b,bpbbpbpppbpb,2026-01-26 10:57:32,ppbbbppbppbppbbbpppppbpbbbbbbbbbppppppbppbbpbpbbpbpppbpbbppbp,61
222693,820,12,7,bpbbpbpppbp,b,bpbbpbpppbpb,2026-01-26 10:57:32,pppbppbbpbbpbpppbpbbppbppbbpbpbbppppbpbbpppbbbpbbpbbpbpbbbppbbpbbppb,68
228405,919,12,12,bpbbpbpppbp,p,bpbbpbpppbpp,2026-01-26 10:57:32,bpppbbbpbpppbpbbpbpppbppbbpbpppbpbppbbpppbppb,45
232555,990,12,6,bpbbpbpppbp,b,bpbbpbpppbpb,2026-01-26 10:57:32,bbbbbpbpbbpbpppbpbpbpppbbbbbbbppbbbppppbpppb,44
233657,1009,12,32,bpbbpbpppbp,b,bpbbpbpppbpb,2026-01-26 10:57:32,pbppbbbbpbpbpbpppppbppbbbbbpbpppbpbbpbpppbpbbbbbpbpbppbpbppb,60
236185,1051,12,33,bpbbpbpppbp,p,bpbbpbpppbpp,2026-01-26 10:57:32,bpppbpbpbpbbbppbbbpbbpppbpbpbppppbpbbpbpppbppbp,47
236326,1054,12,24,bpbbpbpppbp,p,bpbbpbpppbpp,2026-01-26 10:57:32,pppbbbppbpbpbbbbbbbpppppbpbbpbpppbpp,36
240198,1124,12,0,bpbbpbpppbp,b,bpbbpbpppbpb,2026-01-26 10:57:32,bpbbpbpppbpbb,13
250475,1300,12,12,bpbbpbpppbp,p,bpbbpbpppbpp,2026-01-26 10:57:33,ppbbppppbbppbpbbpbpppbppbbppbbpbbpppbbppppbbpppb,48
256327,1401,12,23,bpbbpbpppbp,b,bpbbpbpppbpb,2026-01-26 10:57:33,pbbpppbbppppbpbbbbpbpppbpbbpbpppbpbppbbbpbpppbpbbb,50
257493,1420,12,10,bpbbpbpppbp,b,bpbbpbpppbpb,2026-01-26 10:57:33,bppbbpbpbbbpbbpbpppbpbbbbbppbppppbppbbppbpbbppbbppppbbppbppbppbbp,65
261649,1489,12,40,bpbbpbpppbp,p,bpbbpbpppbpp,2026-01-26 10:57:33,pbbppbpbpppppbppbpppbppbbbpbppbpbpbpppbbbpbbpbpppbppbbbbb,57
264702,1539,12,2,bpbbpbpppbp,b,bpbbpbpppbpb,2026-01-26 10:57:33,bpbpbbpbpppbpbppbbpbpbbbbbbbpbbpbpbppbbpbpbbppbpbb,50
268479,1594,12,18,bpbbpbpppbp,b,bpbbpbpppbpb,2026-01-26 10:57:33,pbpbpbpbpbbbpbbpppbpbbpbpppbpbpppbpbpbbpbpbpbbbpbbppppbpbbpppbbbbb,66
271222,1640,12,33,bpbbpbpppbp,b,bpbbpbpppbpb,2026-01-26 10:57:33,ppbbbpbppppbbbpppppbbbbppbpbppbbbbpbbpbpppbpbbbpbpbbbbbbbbbbb,61
271413,1643,12,16,bpbbpbpppbp,p,bpbbpbpppbpp,2026-01-26 10:57:33,pbbbbbbbpbbppbbbbpbbpbpppbpppbpbppbbbpbpbpb,43
271784,1648,12,5,bpbbpbpppbp,p,bpbbpbpppbpp,2026-01-26 10:57:33,bpppbbpbbpbpppbppbbpbbpppbbpbppbbpbppbp,39
272244,1656,12,11,bpbbpbpppbp,b,bpbbpbpppbpb,2026-01-26 10:57:33,bpppbppbbpbbpbbpbpppbpbbbpbppbppbpbbbbpbbpbbbbppbppbbbbpp,57
278653,1767,12,13,bpbbpbpppbp,b,bpbbpbpppbpb,2026-01-26 10:57:33,bpppbpppbbbbpbpbbpbpppbpbpbppbbppbbbppbppbbpbpppppbbpb,54
279330,1777,12,11,bpbbpbpppbp,b,bpbbpbpppbpb,2026-01-26 10:57:33,pbbpbpbbpppbpbbpbpppbpbbpppbbbpbppppppbpppppbpbpbpbpbbpbbbbbbbpb,64
280249,1792,12,36,bpbbpbpppbp,p,bpbbpbpppbpp,2026-01-26 10:57:33,ppbpbpbppbbbppppbpppbbppppbpppppppbpbpbbpbpppbppppbbppbpppbppbpppbpbbp,70
282253,1825,12,47,bpbbpbpppbp,p,bpbbpbpppbpp,2026-01-26 10:57:34,bpppbbpppbbpppppbbbpbpbbppbbpbpppbpbpppbbbppbppbpbbpbpppbpppbpppp,65
283186,1841,12,24,bpbbpbpppbp,b,bpbbpbpppbpb,2026-01-26 10:57:34,ppppbpbpppppbbbbbpbbpbbpbpbbpbpppbpbbppbbbpbpppb,48
288936,1898,12,21,bpbbpbpppbp,b,bpbbpbpppbpb,2026-01-26 13:57:02,ppbbpppbpbpbbpppbbpbbbpbbpbpppbpbpppbb,38
294954,1933,12,46,bpbbpbpppbp,b,bpbbpbpppbpb,2026-01-26 17:18:33,pbpbbpppppbbppbbbbpbppbpbppbpbpbbppbpppppbppbpbpbbpbpppbpbpbb,61
382349,2061,12,27,bpbbpbpppbp,p,bpbbpbpppbpp,2026-01-29 17:50:50,pbbbppbpbppppbbbppbppbpppppbpbbpbpppbppppbpbbpbbbbbppbbbp,57
384857,2079,12,11,bpbbpbpppbp,b,bpbbpbpppbpb,2026-01-30 10:20:12,pbbppbbbpbbbpbbpbpppbpbppbbpbpbppbbbbpbbpbpppppppb,50
399673,2163,12,39,bpbbpbpppbp,b,bpbbpbpppbpb,2026-01-31 19:11:16,ppbbbbbbppbbbbbbppbpbppbbpppbbpppppbbbpbpbbpbpppbpbbbbpbp,57
403421,2184,12,16,bpbbpbpppbp,p,bpbbpbpppbpp,2026-01-31 19:57:51,bbbbpbpbpbbbbppbbpbbpbpppbppbbpbpbpbbbpbpbbppbbbpbbp,52
413872,2240,12,34,bpbbpbpppbp,p,bpbbpbpppbpp,2026-02-02 14:37:11,bbpbpppbppbppbppbbbpbbpbbbbpppbppbbpbbpbpppbppbbp,49
420012,2274,12,28,bpbbpbpppbp,b,bpbbpbpppbpb,2026-02-02 16:49:50,ppbpbppppppppbbbpbppbpbbpppbbpbbpbpppbpbbbppbbbbpb,50
422495,2287,12,31,bpbbpbpppbp,b,bpbbpbpppbpb,2026-02-03 10:22:38,bpbpbpppppbpppppppbppppbbppppbbbpbbpbpppbpbbbbbppppbbbppb,57
440388,2386,12,12,bpbbpbpppbp,b,bpbbpbpppbpb,2026-02-05 14:03:15,bpbbpbbbppbpbpbbpbpppbpbbpbppbbppbppppbbb,41
443929,2405,12,1,bpbbpbpppbp,p,bpbbpbpppbpp,2026-02-05 15:34:33,pbpbbpbpppbppbpbpbbbpbbbbbpbpbpbpbbpppbpbbpppbbbpbbppbpppbpbpb,62
447020,2422,12,24,bpbbpbpppbp,b,bpbbpbpppbpb,2026-02-05 15:56:34,ppbbbbpbbbbbbbbpbbbbbbpbbpbbpbpppbpbbbpbbppbbbppbbbb,52
473848,2565,12,37,bpbbpbpppbp,p,bpbbpbpppbpp,2026-02-10 16:53:46,ppbppbbpbbpbbbpbppbpbbbbbpbbpbpbbbbpbbpbbpbpppbppp,50
474037,2566,12,37,bpbbpbpppbp,b,bpbbpbpppbpb,2026-02-10 16:54:10,pbbbpbpbpbpppppbppbppbbbppbbbbpppbpppbpbbpbpppbpbbb,51
476550,2579,12,3,bpbbpbpppbp,p,bpbbpbpppbpp,2026-02-10 18:15:19,ppbbpbbpbpppbppbpppbbbpppbbpbbbpbbppppbpbpppbpbbpbppbpppbbpbb,61
480190,2604,12,24,bpbbpbpppbp,b,bpbbpbpppbpb,2026-02-10 19:34:58,ppbppbbbbppbbppppppppbppbpbbpbpppbpbpbpppppbpbbppp,50
504977,2752,12,9,bpbbpbpppbp,b,bpbbpbpppbpb,2026-02-12 09:09:20,ppbbbbpbbbpbbpbpppbpbpbbpppppbpbppbbbpbpppbpbbbpbbbpppppbpppppppb,65
507885,2768,12,31,bpbbpbpppbp,b,bpbbpbpppbpb,2026-02-12 09:50:59,bppbbbpbbbppbpbppbbppbbbpbbppppbpbbpbpppbpbppbbbpb,50
511122,2787,12,44,bpbbpbpppbp,b,bpbbpbpppbpb,2026-02-12 14:37:15,bbppbpbbpbbpbppbbbpbbppbpbpppbpbbppbbbbbbbppbpbbpbpppbpbbbb,59
515034,2809,12,14,bpbbpbpppbp,b,bpbbpbpppbpb,2026-02-12 15:53:38,bbppbpbbbpbpbbbpbbpbpppbpbpbpbbppbpppbbbpbbppbbbpppppb,54
532871,2907,12,48,bpbbpbpppbp,p,bpbbpbpppbpp,2026-02-13 17:49:21,bbbbppbppbbpppbpbbpbbpbbbbbbpbbpbbppbppbbpbbbbbbbpbbpbpppbppbbp,63
535519,2922,12,18,bpbbpbpppbp,p,bpbbpbpppbpp,2026-02-13 19:24:35,bpbpbppbppppbppbpbbpbbpbpppbppppbbbbbbbbbbbbbpppbbpbb,53
535844,2924,12,10,bpbbpbpppbp,p,bpbbpbpppbpp,2026-02-13 19:25:31,bbppbbbbpbbpbbpbpppbppbbbpbppbpbbpppppbbbpb,43
541846,2957,12,37,bpbbpbpppbp,b,bpbbpbpppbpb,2026-02-14 10:36:55,bbbbbbbbbpbbbbbppbbbbppppbpbpbpbbbbbpbpbbpbpppbpbpppb,53
551551,3015,12,19,bpbbpbpppbp,p,bpbbpbpppbpp,2026-02-14 16:48:53,bpppbbpbbbpbbpbppppbpbbpbpppbppbbbbbbbbpbbbpbbbpppbppbppbp,58
557151,3045,12,3,bpbbpbpppbp,p,bpbbpbpppbpp,2026-02-15 21:20:22,bbbbpbbpbpppbppbpbbbbbbbbpppbppbppbbbbpbbppbbbbpppbpbbpppb,58
569925,3113,12,16,bpbbpbpppbp,b,bpbbpbpppbpb,2026-02-17 17:21:20,pbpbpbpbppppbpppbpbbpbpppbpbpbpppbppbpbbbbbppbppbbbppbbbpbbbb,61
574479,3141,12,35,bpbbpbpppbp,b,bpbbpbpppbpb,2026-02-17 20:51:01,bpbppbbpppppppbppbppppbbpbbppbbbpppbpbbpbpppbpbpppbpbpbbpbb,59
606610,3340,12,5,bpbbpbpppbp,b,bpbbpbpppbpb,2026-02-21 13:14:28,bpbpbbpbbpbpppbpbbbbpbbpbpbpppbbpppb,36
607068,3342,12,3,bpbbpbpppbp,p,bpbbpbpppbpp,2026-02-21 13:52:32,bbbbpbbpbpppbppbbppbpbpbppppbpppppbbbbbbppbbbbppbpbbpbbbbppbpbp,63
625829,3471,12,41,bpbbpbpppbp,p,bpbbpbpppbpp,2026-02-22 19:02:10,pbppbpbpppbppppppbpbpbbbppbpbbbbbppbpbpbbbpbbpbpppbppbpbb,57
628280,3483,12,20,bpbbpbpppbp,b,bpbbpbpppbpb,2026-02-22 20:21:32,bbpbbppbpbbppbpppppbbpbbpbpppbpbpbbpppb,39
632478,3508,12,14,bpbbpbpppbp,p,bpbbpbpppbpp,2026-02-23 09:17:07,bbbbbpbbppbpbpbpbbpbpppbpppppbbbbbbpbpbbpbbpbpppbpbppbp,55
632490,3508,12,39,bpbbpbpppbp,b,bpbbpbpppbpb,2026-02-23 09:17:07,bbbbbpbbppbpbpbpbbpbpppbpppppbbbbbbpbpbbpbbpbpppbpbppbp,55
633012,3511,12,2,bpbbpbpppbp,b,bpbbpbpppbpb,2026-02-23 09:19:07,bpbpbbpbpppbpbbbppbppbpbbpppppppbbbpbbpb,40
633159,3512,12,2,bpbbpbpppbp,b,bpbbpbpppbpb,2026-02-23 09:19:34,bpbpbbpbpppbpbbbppbppbpbbpppppppbbbpbbpbp,41
639863,3550,12,40,bpbbpbpppbp,b,bpbbpbpppbpb,2026-02-23 11:54:09,bpbpbbpppbbbbppppbbppppbppbbbbppppbpbppbbpbbpbpppbpbbppbppppppp,63
644660,3580,12,35,bpbbpbpppbp,p,bpbbpbpppbpp,2026-02-23 14:17:06,bbbbbpbpbbpbbpbppbppbpppppbbpbbbbbbbpbbpbpppbppppb,50
662077,3679,12,7,bpbbpbpppbp,p,bpbbpbpppbpp,2026-02-24 17:36:53,ppbbbbbbpbbpbpppbppbbbbpbbbbpbbpbpppppppbbppbpp,47
674874,3758,12,21,bpbbpbpppbp,b,bpbbpbpppbpb,2026-02-25 11:37:16,pbpbpbbbbbbpbbppbbbpbbpbbpbpppbpbppbbbbbpppbbbpbbpbppbpbpp,58
679454,3783,12,32,bpbbpbpppbp,p,bpbbpbpppbpp,2026-02-25 18:05:54,pbpbpbpbbppbpppppbpbpbppbbpppbbpbpbbpbpppbpppppbbbppbbbpbpbppp,62
685414,3820,12,24,bpbbpbpppbp,b,bpbbpbpppbpb,2026-02-25 20:55:08,ppbbbbbbbppbbppppbbbbbbpbpbbpbpppbpbpppbpbp,43
689477,3842,12,26,bpbbpbpppbp,b,bpbbpbpppbpb,2026-02-26 08:12:29,pbpbpbbbbppbpbpbppbbpbbpbpbpbbpbpppbpbbpbbbbbbpbpbp,51
693698,3867,12,10,bpbbpbpppbp,b,bpbbpbpppbpb,2026-02-26 09:03:53,pbpbbpppppbpbbpbpppbpbppbpbpbpbbbbbppb,38
708842,3952,12,1,bpbbpbpppbp,p,bpbbpbpppbpp,2026-03-01 19:28:48,bbpbbpbpppbpppbpppbbpbbbbpbbppbbppbpbpbpppppbppppbpbbpbbbbpbbbpbpbpbp,69
720741,4024,12,32,bpbbpbpppbp,p,bpbbpbpppbpp,2026-03-03 13:37:17,bppbppbpppppbbbppbpppbbbbpbpbbbbbpbbpbpppbpppbpbbbppbbbppppbbbp,63
730885,4082,12,15,bpbbpbpppbp,p,bpbbpbpppbpp,2026-03-03 19:08:51,pppbppbbbbbpbbpbpbbpbpppbpppbbpbbbppbbpbbpppbbbbbbpbbbppbppp,60
741809,4147,12,27,bpbbpbpppbp,b,bpbbpbpppbpb,2026-03-04 15:10:09,bppbpbpbppbpbpppbbbbbpbbbbpbpbbpbpppbpbpbpbbbb,46
748211,4184,12,21,bpbbpbpppbp,b,bpbbpbpppbpb,2026-03-05 13:55:19,pppbpppbbbbbbpbpbpbbbbpbbpbpppbpbppbppbpp,41
752629,4208,12,45,bpbbpbpppbp,p,bpbbpbpppbpp,2026-03-05 16:13:55,bpbbpbpppbbppbbpbppppbbbbpbpbbpbbpppbpbpbbbbbbpbbpbpppbppbbpp,61
769155,4307,12,2,bpbbpbpppbp,p,bpbbpbpppbpp,2026-03-09 16:03:28,ppbpbbpbpppbpppbbbbpbbpppbppbpppbbppbpbppbbpbbbbbbbbppbppb,58
786807,4409,12,39,bpbbpbpppbp,p,bpbbpbpppbpp,2026-03-15 13:00:06,bpbppbbbpppbbppppbbpbbbpppppppbbbpppbppbpbbpbpppbpppbppbpbppbpppp,65
789353,4425,12,29,bpbbpbpppbp,b,bpbbpbpppbpb,2026-03-15 14:33:10,bppbpbppbppppppbbbbpbppppbbppbpbbpbpppbpbpbbppbpbpbbppbbbbpbbb,62
791937,4440,12,51,bpbbpbpppbp,b,bpbbpbpppbpb,2026-03-16 19:08:32,ppppbbpbbbbbpbbppbpbpbpbppppbpbbpbbpppbbpbbbpbbppbbbpbbpbpppbpb,63
793282,4447,12,38,bpbbpbpppbp,b,bpbbpbpppbpb,2026-03-16 19:12:04,bpbbbbpbpbppbbpbbpbppbpbbpbbpppbbbpbbbbpbbpbpppbpbbbbpbpbppp,60
793987,4451,12,38,bpbbpbpppbp,b,bpbbpbpppbpb,2026-03-16 19:13:41,bpbbbbpbpbppbbpbbpbppbpbbpbbpppbbbpbbbbpbbpbpppbpbbbbpbpbpppbpb,63
805895,4517,12,15,bpbbpbpppbp,p,bpbbpbpppbpp,2026-03-18 07:52:12,bbbbbbbppbbpbppbpbbpbpppbpppbpbpbbppbbbppbpbpbbbbbpbbbbb,56
809268,4542,12,3,bpbbpbpppbp,p,bpbbpbpppbpp,2026-03-18 13:42:24,bppbpbbpbpppbpppbbpbbpbppbppbppbppbpppbpbpbpbpbbppppbbpbbppppbpbbp,66
815372,4580,12,2,bpbbpbpppbp,b,bpbbpbpppbpb,2026-03-18 15:41:20,bpbpbbpbpppbpbpppbpbpbbpppppbbpbpbbppppppbbbpbb,47
821399,4616,12,46,bpbbpbpppbp,p,bpbbpbpppbpp,2026-03-19 20:09:48,bpbbbpbbbbpbpppbppbbbpbppbbbbbbbpbpbpbbbbpbpppbpbbpbpppbppppppbpb,65
828603,4659,12,2,bpbbpbpppbp,b,bpbbpbpppbpb,2026-04-12 12:32:18,ppbpbbpbpppbpbpbbbbppppppppppppbbbpbppppppppbpbbbpbbbbpppbbbbpbbp,65
837041,4714,12,18,bpbbpbpppbp,p,bpbbpbpppbpp,2026-04-20 06:39:36,bbbppppbbbpbbpbppbbpbbpbpppbppbbbpbbbpb,39
851946,4799,12,26,bpbbpbpppbp,p,bpbbpbpppbpp,2026-04-23 17:47:28,bppbbbpppbbbbbbpbbpppbpppbbpbbpbpppbpppppppbbppbbpbbbppbbppbpbbp,64
854756,4817,12,42,bpbbpbpppbp,p,bpbbpbpppbpp,2026-04-23 18:56:36,pbpbbpbbbbbpbpbpbppppbpbpbpbbpppppbbbbbbpbbpbbpbpppbppb,55
858991,4842,12,6,bpbbpbpppbp,b,bpbbpbpppbpb,2026-04-23 20:10:48,bpbpbbbpbbpbpppbpbbbbpbbbbbbbppbbbbbbpbbpppbpbpppbppbbbbbppbpp,62
859134,4843,12,18,bpbbpbpppbp,b,bpbbpbpppbpb,2026-04-23 20:11:30,ppbbbbppbbbbpbpbpbbpbbpbpppbpbpbpbb,35
890470,5027,12,27,bpbbpbpppbp,p,bpbbpbpppbpp,2026-05-14 08:07:22,bpppppbpppbpbbppbbbbpbpbbppbpbbpbpppbpppbp,42
908748,5133,12,16,bpbbpbpppbp,b,bpbbpbpppbpb,2026-05-26 11:40:46,bbbpbppppbpbpbbbbpbbpbpppbpbppbbpbbbbpp,39
909115,5135,12,12,bpbbpbpppbp,p,bpbbpbpppbpp,2026-05-26 11:41:45,pbpppbbbbbbbbpbbpbpppbpppbbbbbppbpppbbbbppbppbbbppb,51
919404,5197,12,30,bpbbpbpppbp,p,bpbbpbpppbpp,2026-05-28 10:50:18,pbppbppbbpbbbpbppbpppbbbpppbpbbpbbpbpppbpppbppbpbppbpppbppbppp,62
920589,5205,12,7,bpbbpbpppbp,b,bpbbpbpppbpb,2026-05-28 12:38:42,ppbbbbbbpbbpbpppbpbbppbbpbbbbbpbbpbbpbbbbbpbbpbbbbbbp,53
923743,5222,12,7,bpbbpbpppbp,p,bpbbpbpppbpp,2026-05-28 14:23:23,bbbpbbpbpbbpbpppbpppppppppbbppppppbpppppppbbbbpbbpbpbpp,55
929481,5258,12,49,bpbbpbpppbp,p,bpbbpbpppbpp,2026-06-01 10:51:58,pbbpbpbbppbpbpppbbpppbppbppbbbbbpbppbbppbbbppbbbpbpbbpbpppbppbbb,64
929782,5260,12,43,bpbbpbpppbp,p,bpbbpbpppbpp,2026-06-01 10:54:00,pbppbppppbbbbpppbbbbbppbpbbpbbbppppppbppbbpbpbbpbpppbppbbppp,60
955107,5413,12,10,bpbbpbpppbp,p,bpbbpbpppbpp,2026-06-17 21:38:46,bpbbpppbppbpbbpbpppbppbpbbpbbpbppppbpbbbpbpppbpbpbbbbbbppbpppbbbbbpp,68
956375,5420,12,10,bpbbpbpppbp,b,bpbbpbpppbpb,2026-06-18 09:05:13,bpbbpbbbpbbpbbpbpppbpbbbpbbppbpbbbp,35
958429,5432,12,32,bpbbpbpppbp,b,bpbbpbpppbpb,2026-06-18 09:20:39,pppbbpppbbpbpbbpbpppbbbbbbpbbbpbbpbbpbpppbpbppppbbbbpbpbbpppbpbpbbp,67
964748,5467,12,3,bpbbpbpppbp,b,bpbbpbpppbpb,2026-06-20 10:42:59,pppbpbbpbpppbpbbppbpbpbbbbpbpbbbbppbbppbbppbbbpppbpbpbppbbbpbb,62
968650,5488,12,16,bpbbpbpppbp,p,bpbbpbpppbpp,2026-06-20 12:16:03,bpbppbppbppbppppbpbbpbpppbppbbbpbpppbbbpbbpbbbbpppbbbp,54
187616,109,12,11,bpbbpbppppb,p,bpbbpbppppbp,2026-01-26 10:57:31,bpbbpbpbbppbpbbpbppppbpppbppp,29
194068,287,12,0,bpbbpbppppb,b,bpbbpbppppbb,2026-01-26 10:57:31,bpbbpbppppbbpbbbbpbbpbpbpppppbbbbpbpbbppbbpbbppbpbb,51
194806,301,12,24,bpbbpbppppb,p,bpbbpbppppbp,2026-01-26 10:57:31,pbpbppbbpbbbbpbbppbbbpbpbpbbpbppppbpbbbbpppbppbpbbpbpbpbpbpbbp,62
195151,309,12,20,bpbbpbppppb,b,bpbbpbppppbb,2026-01-26 10:57:31,bbpbbbpbbpbbbpbbpbpbbpbbpbppppbbbpppb,37
197340,349,12,14,bpbbpbppppb,b,bpbbpbppppbb,2026-01-26 10:57:31,pbbbbpbpppbbpbbpbbpbppppbbbpbbppbpbbbppbpbbbbbbpp,49
199290,381,12,29,bpbbpbppppb,b,bpbbpbppppbb,2026-01-26 10:57:31,bbppppbpppbbpppbbbpbppbbppbppbpbbpbppppbbppbbbbppbb,51
200002,392,12,14,bpbbpbppppb,b,bpbbpbppppbb,2026-01-26 10:57:31,pbbpbppbbbbbbpbpbbpbppppbbpbppbbbbbbppppppppbbpbb,49
202720,443,12,16,bpbbpbppppb,b,bpbbpbppppbb,2026-01-26 10:57:31,pppbbpbppbbppbppbpbbpbppppbbpppppppbppbbbbpbbpppbpbppbppbbbpppp,63
203026,448,12,19,bpbbpbppppb,b,bpbbpbppppbb,2026-01-26 10:57:31,pbbbbpbpbpbbbpbbbbbbpbbpbppppbbppppbbppbbbbppbb,47
203179,451,12,18,bpbbpbppppb,p,bpbbpbppppbp,2026-01-26 10:57:31,bbppppppbpppbbpbpbbpbbpbppppbpbbbpppppbpbbppbbppppppppbbppbpppb,63
205273,489,12,26,bpbbpbppppb,p,bpbbpbppppbp,2026-01-26 10:57:32,bbbpbbbpbpppbpppbbbbbbpbbpbpbbpbppppbppbbppppbbbbbppppbppbb,59
207867,541,12,18,bpbbpbppppb,p,bpbbpbppppbp,2026-01-26 10:57:32,ppbpbbbppbpbbpbppbbpbbpbppppbpppbpbppp,38
208019,544,12,18,bpbbpbppppb,p,bpbbpbppppbp,2026-01-26 10:57:32,ppbpbbbppbpbbpbppbbpbbpbppppbpppbpbppppppbp,43
211480,603,12,40,bpbbpbppppb,b,bpbbpbppppbb,2026-01-26 10:57:32,ppbbpbbbpbpbbppppbbpbbpbpppbbpbbppbpbbbpbpbbpbppppbbp,53
220656,781,12,14,bpbbpbppppb,b,bpbbpbppppbb,2026-01-26 10:57:32,bppppppbbpbbbbbpbbpbppppbbbbpppbbpb,35
225210,864,12,17,bpbbpbppppb,p,bpbbpbppppbp,2026-01-26 10:57:32,bbpbpppppbbpbppppbpbbpbppppbpbbp,32
228237,916,12,3,bpbbpbppppb,p,bpbbpbppppbp,2026-01-26 10:57:32,bppbpbbpbppppbpbpbbbpbbbbbpppbbpppbpbpbbpbbbppbpbpbbpbbbbpbbbb,62
229484,938,12,15,bpbbpbppppb,b,bpbbpbppppbb,2026-01-26 10:57:32,pbpbpbbbpppbpbbbpbbpbppppbbbbbbppppbp,37
238780,1097,12,21,bpbbpbppppb,b,bpbbpbppppbb,2026-01-26 10:57:32,pbbpbpppbbbbbppbbpppbbpbbpbppppbbpbpppbbbpbp,44
238874,1099,12,21,bpbbpbppppb,b,bpbbpbppppbb,2026-01-26 10:57:32,pbbpbpppbbbbbppbbpppbbpbbpbppppbbpbpppbbbpbppb,46
240175,1123,12,5,bpbbpbppppb,p,bpbbpbppppbp,2026-01-26 10:57:32,pbppbbpbbpbppppbppppppbbpbppbbbpbbbbbpbppbbbppppbpppbp,54
245471,1215,12,28,bpbbpbppppb,b,bpbbpbppppbb,2026-01-26 10:57:33,bbbbpbpbppbbbbpppppppppppbbbbpbbpbppppbbbppbpbbbbbpbbbbbppbpb,61
245540,1216,12,19,bpbbpbppppb,b,bpbbpbppppbb,2026-01-26 10:57:33,pbbbpbpbbpbpppbbpppbpbbpbppppbbpppbbppbbpbbppbppbppp,52
245746,1219,12,26,bpbbpbppppb,b,bpbbpbppppbb,2026-01-26 10:57:33,bbppppppbbbppbpbppbpbpbpbbbpbbpbppppbbpbppbp,44
246479,1232,12,22,bpbbpbppppb,b,bpbbpbppppbb,2026-01-26 10:57:33,pbbppbppppbbpbbpbbpbbpbpbbpbppppbbpbbbbpppbbpppp,48
247912,1256,12,16,bpbbpbppppb,p,bpbbpbppppbp,2026-01-26 10:57:33,bpbpbpbbpppbppppbpbbpbppppbpbbppbbpbbbppbbbbpppb,48
250334,1297,12,23,bpbbpbppppb,p,bpbbpbppppbp,2026-01-26 10:57:33,pbpppppbppbpppbpbbppppbbpbbpbppppbpbbpbbbpp,43
252858,1342,12,4,bpbbpbppppb,b,bpbbpbppppbb,2026-01-26 10:57:33,pbppbpbbpbppppbbbpbpbpbppppbbbppbppbbpppbb,42
252994,1345,12,19,bpbbpbppppb,p,bpbbpbppppbp,2026-01-26 10:57:33,ppbbbbbbbbbbpbppbpbbpbbpbppppbpbbbbp,36
253190,1348,12,24,bpbbpbppppb,b,bpbbpbppppbb,2026-01-26 10:57:33,pppbbpbpppppbbbpbbpbbpppbpbbpbppppbbbpppppbpbpp,47
253323,1351,12,24,bpbbpbppppb,b,bpbbpbppppbb,2026-01-26 10:57:33,pppbbpbpppppbbbpbbpbbpppbpbbpbppppbbbpppppbpbppppp,50
257931,1427,12,22,bpbbpbppppb,p,bpbbpbppppbp,2026-01-26 10:57:33,ppbbbbpbpbbbbppbbbbbbbbpbbpbppppbppbpbppppbpppbbpbbppbpppbbbpbp,63
258067,1429,12,13,bpbbpbppppb,p,bpbbpbppppbp,2026-01-26 10:57:33,bbpbppbbbpbbpbpbbpbppppbpbbpbbbbppppbbbpbpbppbpbppppppp,55
259022,1445,12,11,bpbbpbppppb,b,bpbbpbppppbb,2026-01-26 10:57:33,pppbpbbbbbpbpbbpbppppbbbbbbppppbppbbpppbppppbbpppbpbppbpbppppbb,63
264234,1533,12,13,bpbbpbppppb,p,bpbbpbppppbp,2026-01-26 10:57:33,bpbbbbpbbbpppbpbbpbppppbppppbbppbbb,35
267144,1576,12,21,bpbbpbppppb,b,bpbbpbppppbb,2026-01-26 10:57:33,bpppppbpbbbbbbpbpppbpbpbbpbppppbbbpbbbbppbbbbpbbpp,50
269089,1604,12,27,bpbbpbppppb,b,bpbbpbppppbb,2026-01-26 10:57:33,ppbbpbppbbpbbppbpppppbbbbbpbpbbpbppppbbbppbpbbpp,48
280372,1794,12,12,bpbbpbppppb,b,bpbbpbppppbb,2026-01-26 10:57:33,ppbbbppppppbbpbbpbppppbbpbbbpbbpbppppbbpppbbpppb,48
280380,1794,12,27,bpbbpbppppb,b,bpbbpbppppbb,2026-01-26 10:57:33,ppbbbppppppbbpbbpbppppbbpbbbpbbpbppppbbpppbbpppb,48
291262,1912,12,20,bpbbpbppppb,b,bpbbpbppppbb,2026-01-26 16:14:47,pppbpbbbbbppbbbpbbpbbpbbpbppppbbpbppbpbbbpppbppbppbbppppb,57
366002,1970,12,32,bpbbpbppppb,p,bpbbpbppppbp,2026-01-27 14:37:31,ppbbppbpbpppbpbbbbbpbppbpppbpbppbpbbpbppppbp,44
380367,2051,12,31,bpbbpbppppb,b,bpbbpbppppbb,2026-01-29 17:45:57,bpppppppbpppbbpbpbpbbpbbbbbpbpbbpbbpbppppbbbbppppbbpbbppp,57
381746,2058,12,2,bpbbpbppppb,b,bpbbpbppppbb,2026-01-29 17:49:15,bpbpbbpbppppbbbbbbppppbbppppbpbppppbbpppbbbppbbbbbpppppppbppbppbbppb,68
383513,2070,12,29,bpbbpbppppb,p,bpbbpbppppbp,2026-01-30 10:13:35,pppbppbppbpppbbbbbpbbbbpppbbbbpbbpbppppbppbbpbbppp,50
393642,2129,12,4,bpbbpbppppb,b,bpbbpbppppbb,2026-01-31 07:13:36,bpbbbpbbpbppppbbbpbbppbbbbbpbbbbpbppbpbpbpbbppppbpbpbbbb,56
395665,2140,12,21,bpbbpbppppb,p,bpbbpbppppbp,2026-01-31 08:24:56,bppbbpbppbbpppbpppbppbpbbpbppppbppbppppbp,41
420294,2276,12,17,bpbbpbppppb,b,bpbbpbppppbb,2026-02-03 09:40:59,bbppbbpbbpbbbpbbbbpbbpbppppbbpbbppbppppbbbbpbpbbp,49
424452,2298,12,1,bpbbpbppppb,b,bpbbpbppppbb,2026-02-04 15:39:50,pbpbbpbppppbbpbpppbbpbppppbpbbpppbbbbpbpppbbbbbbbbbbpbpbpbpbbpbpb,65
430612,2332,12,4,bpbbpbppppb,b,bpbbpbppppbb,2026-02-04 17:11:57,pppbbpbbpbppppbbbbpbbpbbppbbpppbbbpbbbbbpbbppbbbbbpbppbpbbpbppbbpb,66
434105,2352,12,22,bpbbpbppppb,p,bpbbpbppppbp,2026-02-04 18:09:30,bbbpbbpppppppbbpbpbpbbbpbbpbppppbpppbbpbbbpbbbbbpb,50
452154,2448,12,11,bpbbpbppppb,b,bpbbpbppppbb,2026-02-06 10:39:28,bbbbpppbbbpbpbbpbppppbbbppbpbbppbpbppbpppppbbppppbpbppbppbbb,60
454240,2459,12,39,bpbbpbppppb,p,bpbbpbppppbp,2026-02-06 11:00:53,bbpbbbbppppbbbbbbpbbbbbppbpbppbpppbpbpbbpbbpbppppbppp,53
457025,2474,12,8,bpbbpbppppb,b,bpbbpbppppbb,2026-02-06 11:33:59,bppbpbbbbpbbpbppppbbpppbpbbbpppbppbppbbbp,41
459055,2484,12,19,bpbbpbppppb,b,bpbbpbppppbb,2026-02-06 12:34:50,bppbpbbpppbpbbbbpbpbpbbpbppppbbbbbppbppbpppbbbbb,48
476099,2577,12,21,bpbbpbppppb,p,bpbbpbppppbp,2026-02-10 18:14:39,pbbpbpbbbbbppbbbppppbbpbbpbppppbpbbpppbbpbpb,44
477782,2588,12,28,bpbbpbppppb,b,bpbbpbppppbb,2026-02-10 18:19:47,bbbbpbppbpbbpppbbbbpppbbbbbbbpbbpbppppbbpbppbp,46
485084,2632,12,22,bpbbpbppppb,p,bpbbpbppppbp,2026-02-11 11:08:14,pbppbbbbppbbpbbbpppbbpbpbbpbppppbpbpbppp,40
493647,2685,12,20,bpbbpbppppb,b,bpbbpbppppbb,2026-02-11 16:17:19,bpbbbbpbbbppbbbbbbbpbpbbpbppppbbbpbbppppbpppbbbppppbbbpppbb,59
517335,2823,12,6,bpbbpbppppb,p,bpbbpbppppbp,2026-02-12 16:39:37,bbppbbbpbbpbppppbpbpbppbbbbbbpbpbbppbbpbbbbbbpb,47
522479,2850,12,8,bpbbpbppppb,p,bpbbpbppppbp,2026-02-13 13:47:47,bppbpppbbpbbpbppppbpppbbpppppbbpppbpbbbbbpbbpbbppppbbppbpppppbbb,64
532644,2906,12,10,bpbbpbppppb,b,bpbbpbppppbb,2026-02-13 17:48:50,bpbppbpbpbbpbbpbppppbbbbbbbbpbbpbbbpbbpbpbpbbppb,48
547340,2991,12,10,bpbbpbppppb,p,bpbbpbppppbp,2026-02-14 15:29:14,ppbppbbbbpbpbbpbppppbppbbpbpbbpbbpbpppbbppbpbbbbpbbppbppppbppbbp,64
551545,3015,12,9,bpbbpbppppb,p,bpbbpbppppbp,2026-02-14 16:48:53,bpppbbpbbbpbbpbppppbpbbpbpppbppbbbbbbbbpbbbpbbbpppbppbppbp,58
574700,3142,12,4,bpbbpbppppb,p,bpbbpbppppbp,2026-02-17 20:51:36,pbppbpbbpbppppbpbpbbppbbppbbbppbpbpbppppbppppbppbpppbbbbp,57
585690,3201,12,6,bpbbpbppppb,b,bpbbpbppppbb,2026-02-20 11:04:52,bpbbbpbpbbpbppppbbpbbbbbpppbbbbbpbpbppbpppppbpppppbbppbbbppb,60
598241,3283,12,6,bpbbpbppppb,p,bpbbpbppppbp,2026-02-21 10:10:57,bpbbppbpbbpbppppbpbpbbbbbbbpbbbppbpbbbpppppppbbppb,50
600266,3296,12,19,bpbbpbppppb,p,bpbbpbppppbp,2026-02-21 10:34:47,pppppbbbpppbpppppbbbpbbpbppppbpbppppbbbpbbbpbpbpppbb,52
600487,3298,12,43,bpbbpbppppb,b,bpbbpbppppbb,2026-02-21 10:35:40,bpbbbbpbbpbbbbppbbbpbpbpppbpbbppbpbbbbbbbppbpbbpbppppbbbb,57
605886,3335,12,27,bpbbpbppppb,p,bpbbpbppppbp,2026-02-21 13:11:05,pbbbbpbbbbppbbbbpbppppppbbbbpbbpbppppbppppbpb,45
607242,3343,12,7,bpbbpbppppb,p,bpbbpbppppbp,2026-02-21 13:53:00,ppbpppbbpbbpbppppbpbbpbbpbpbpbbpppbbppbbp,41
610508,3366,12,38,bpbbpbppppb,b,bpbbpbppppbb,2026-02-21 14:31:54,bbpbppbbpppbbpbpbpbpppbpbpppbpppppbpbbbpbbpbppppbbpbpbbpppbpbbp,63
620415,3437,12,1,bpbbpbppppb,p,bpbbpbppppbp,2026-02-22 11:09:18,bbpbbpbppppbpbbppbbpppppbbpbbppbpbbbppbbbppbbbbbbppbbbbppb,58
626106,3472,12,24,bpbbpbppppb,b,bpbbpbppppbb,2026-02-22 19:02:30,bppbpppbbpppppbpbpbpbpbpbpbbpbppppbbppppbppbppbbpppbpbbpbpbppppbpbb,67
638723,3544,12,0,bpbbpbppppb,b,bpbbpbppppbb,2026-02-23 11:49:23,bpbbpbppppbbpbbpbpbbpbpbbbppppbppppppbbbppbpbbbppppppb,54
642782,3569,12,40,bpbbpbppppb,b,bpbbpbppppbb,2026-02-23 13:39:13,bbbbbbbbpbpppbppbbbbbbpbpbpbbppbpbbpbpbbbpbbpbppppbbbp,54
647314,3596,12,20,bpbbpbppppb,b,bpbbpbppppbb,2026-02-23 14:56:38,pbbpbbpbpbbbbbbppbbpbpbbpbppppbbpbppbpbbpbpbpppbbbpbpbbbbbppbpbb,64
650309,3613,12,29,bpbbpbppppb,b,bpbbpbppppbb,2026-02-24 09:53:07,bpbbpppbpppppbbbpbpbpbbpppbbpbpbbpbppppbbbpppbpppppbbbbbbbbpbbbbpbpbpbp,71
661753,3677,12,1,bpbbpbppppb,p,bpbbpbppppbp,2026-02-24 17:35:56,pbpbbpbppppbpbppbbbbppppbbbpppbbpppbbbbbbbpppbbbpbbbpbppbppbpb,62
672336,3740,12,0,bpbbpbppppb,p,bpbbpbppppbp,2026-02-25 10:26:14,bpbbpbppppbppbbppbppbbppbbppbbpbppb,35
672468,3741,12,1,bpbbpbppppb,p,bpbbpbppppbp,2026-02-25 10:26:40,pbpbbpbppppbppbbbpbbbbbppppbpbbbpbpppbpb,40
673000,3744,12,36,bpbbpbppppb,p,bpbbpbppppbp,2026-02-25 11:30:59,ppppbpbppbpbppbppbbbpbpppbpbpbpppbbbbpbbpbppppbppbbbpbbbpb,58
677223,3771,12,0,bpbbpbppppb,p,bpbbpbppppbp,2026-02-25 18:01:54,bpbbpbppppbpbppbbbbppppbbpbbbpbbbpbbb,37
680258,3788,12,1,bpbbpbppppb,p,bpbbpbppppbp,2026-02-25 18:43:17,pbpbbpbppppbpbbbbbpbbpppppbpppbbppbbppbpbbbbpbbppbbbpbb,55
691190,3851,12,36,bpbbpbppppb,b,bpbbpbppppbb,2026-02-26 08:18:31,pppbbpbbpbpbpbpppppppbbpbbpbbbpbppbbbpbbpbppppbbpbpbpbbbpbpp,60
694286,3870,12,26,bpbbpbppppb,p,bpbbpbppppbp,2026-02-26 09:05:21,bbppbpbbbbpppbpppbppbbbppbbpbbpbppppbpppppbppbbpbpppppbbb,57
695383,3876,12,17,bpbbpbppppb,p,bpbbpbppppbp,2026-02-28 13:37:37,pppbpbbbbbpbbppbbbpbbpbppppbppbbbbpppbpbbbpppbppppbppbbpppppbbppp,65
701794,3913,12,14,bpbbpbppppb,b,bpbbpbppppbb,2026-03-01 15:44:46,bbbbppbbppppppbpbbpbppppbbpbpbpppppbbbbbbbbbpbbpppbbbpb,55
702970,3919,12,35,bpbbpbppppb,b,bpbbpbppppbb,2026-03-01 15:46:41,pbppbpppbbppbpbbbpppbpbpbpbbbppppbpbpbbpbppppbbppb,50
703140,3920,12,10,bpbbpbppppb,p,bpbbpbppppbp,2026-03-01 15:46:57,bbpppbppbbbpbbpbppppbpbppbbppbbpbppbpbpppbbbppp,47
715086,3988,12,23,bpbbpbppppb,p,bpbbpbppppbp,2026-03-02 11:44:27,bpbbppbpppbbppbbbbppppbbpbbpbppppbppbpbbpbpbpbbbbpbbbpb,55
717939,4004,12,52,bpbbpbppppb,p,bpbbpbppppbp,2026-03-02 14:43:38,bppbbbbbbbppbpbbbppbpppbpbpbpppppbpppppbbbppbpbpbbbbbpbbpbppppbppbp,67
728821,4070,12,19,bpbbpbppppb,p,bpbbpbppppbp,2026-03-03 19:03:35,bbppbbbbpppbbbppbbpbpbbpbppppbppbbbbpbbpbbpbb,45
732708,4092,12,18,bpbbpbppppb,b,bpbbpbppppbb,2026-03-04 09:22:26,pppbbpbbbpbbppbppbbpbbpbppppbbbbbbbbbbbppp,42
747020,4177,12,28,bpbbpbppppb,b,bpbbpbppppbb,2026-03-05 13:52:08,bpbbpbbppbbbppppbpbbpbbpbbpbbpbbpbppppbbb,41
776330,4349,12,28,bpbbpbppppb,p,bpbbpbppppbp,2026-03-11 18:48:01,ppbbbppbbbpbpbbbpbbbbppbbpppbpbbpbppppbpppppppbpbbpbbpbpbpp,59
776495,4350,12,9,bpbbpbppppb,p,bpbbpbppppbp,2026-03-11 18:48:24,bbbpbppbbbpbbpbppppbppppbbbbpbbpppbpppbbpbppppbbpbbb,52
787176,4411,12,30,bpbbpbppppb,b,bpbbpbppppbb,2026-03-15 13:00:54,bbbpbbppbbpbbbppbpppbpbpbppbpbbpbbpbppppbbppbp,46
818302,4599,12,5,bpbbpbppppb,p,bpbbpbppppbp,2026-03-19 19:17:40,bpbpbbpbbpbppppbpbbppppbpbppbppppppp,36
819373,4605,12,11,bpbbpbppppb,b,bpbbpbppppbb,2026-03-19 19:20:12,bppbpppbppbbpbbpbppppbbpbbpbbbppbppbbp,38
821837,4618,12,26,bpbbpbppppb,b,bpbbpbppppbb,2026-03-19 20:10:36,bpbbbpbbpbbbpppbbpbbpbpbbbbpbbpbppppbbpbbpbpbbbpppbbpppbpp,58
825937,4641,12,5,bpbbpbppppb,b,bpbbpbppppbb,2026-03-22 10:08:25,pbppbbpbbpbppppbbppbpbbppppppppppppbbbpbpppbbppbbbppbp,54
835249,4703,12,34,bpbbpbppppb,b,bpbbpbppppbb,2026-04-19 15:48:56,bbbbppppbbpbppbbbbbpbbbbpbbpbbpbppbpbbpbppppbbpbppppbppbbbpbbb,62
853205,4807,12,19,bpbbpbppppb,p,bpbbpbppppbp,2026-04-23 17:52:23,pbpbbbpbpbpbpbbppppbpbbpbppppbppbpbppb,38
855374,4821,12,10,bpbbpbppppb,b,bpbbpbppppbb,2026-04-23 18:59:01,bbbpbpbpbpbpbbpbppppbbbbbbpbpbpppppbppbpbbbpbbbpbpbbbbp,55
859443,4845,12,21,bpbbpbppppb,b,bpbbpbppppbb,2026-04-23 20:13:02,bbpbbppppbbbbbbbpbbbbbpbbpbppppbbpbbbbbbbpbbbpbbpbbpppbpppp,59
869329,4907,12,2,bpbbpbppppb,b,bpbbpbppppbb,2026-05-04 07:52:20,bbbpbbpbppppbbbbppppbpbpppppbbppbpbpbbppbb,42
885713,5002,12,52,bpbbpbppppb,b,bpbbpbppppbb,2026-05-04 17:41:30,ppbbpbbpppbbpppbbppbbppbbpbpppbppbpppbbppppppbpbbbbbbpbbpbppppbbbbpp,68
888700,5017,12,0,bpbbpbppppb,p,bpbbpbppppbp,2026-05-14 07:18:45,bpbbpbppppbppppbbbbbppbppbpbbpbppbbpbpbppbbbppbpbbpbppbpbppbpbbp,64
898968,5075,12,6,bpbbpbppppb,b,bpbbpbppppbb,2026-05-22 05:41:40,bbppppbpbbpbppppbbpbbpbppppbbpbbbbpbppbbppppbbp,47
898974,5075,12,17,bpbbpbppppb,b,bpbbpbppppbb,2026-05-22 05:41:40,bbppppbpbbpbppppbbpbbpbppppbbpbbbbpbppbbppppbbp,47
911257,5146,12,7,bpbbpbppppb,p,bpbbpbppppbp,2026-05-27 07:16:39,bpppbbpbpbbpbppppbpbppbppppbpbpbbpbpppbbbbbbpbpbppbppbbpbppbbppp,64
911851,5149,12,18,bpbbpbppppb,b,bpbbpbppppbb,2026-05-27 07:18:06,pbpbbbpbbbpbpppbpbbpbbpbppppbbbbbbbppbbbbbbppbbbb,49
927575,5246,12,9,bpbbpbppppb,b,bpbbpbppppbb,2026-05-28 16:03:19,bpppbpbbpbpbbpbppppbbbbbbpbpbbppbbbb,36
936787,5301,12,22,bpbbpbppppb,p,bpbbpbppppbp,2026-06-06 13:44:34,bpbbbpbppbpbbpbpbpbppbbpbbpbppppbpp,35
938720,5314,12,0,bpbbpbppppb,p,bpbbpbppppbp,2026-06-06 14:18:55,bpbbpbppppbppbppbpbbbbppppppbbbbbbbpppbpppppb,45
947324,5365,12,1,bpbbpbppppb,b,bpbbpbppppbb,2026-06-10 10:05:05,bbpbbpbppppbbbpbbbpbbpbbbppppbpbbppbpbbpbppbbppppbbp,52
955117,5413,12,25,bpbbpbppppb,p,bpbbpbppppbp,2026-06-17 21:38:46,bpbbpppbppbpbbpbpppbppbpbbpbbpbppppbpbbbpbpppbpbpbbbbbbppbpppbbbbbpp,68
981689,5564,12,28,bpbbpbppppb,p,bpbbpbppppbp,2026-06-23 07:18:27,bppbbbppbbbbppbpppbbbbbpppbpbpbbpbppppbpbppbbbppppbbbp,54
188375,144,12,13,bpbbpbppppp,b,bpbbpbpppppb,2026-01-26 10:57:31,pppbpbpbppbppbpbbpbpppppbppbb,29
194530,296,12,13,bpbbpbppppp,b,bpbbpbpppppb,2026-01-26 10:57:31,pbpbbppppppbbbpbbpbpppppbpbbbbpppppppbp,39
194960,305,12,25,bpbbpbppppp,p,bpbbpbpppppp,2026-01-26 10:57:31,bpbbpbpppbbbbpppbbbbppbpbbpbbpbppppppbbbb,41
197669,354,12,33,bpbbpbppppp,p,bpbbpbpppppp,2026-01-26 10:57:31,bpbpbbpppbbpbpbppbbpbbbpbppbbppppbpbbpbppppppbpbpbbpbbpbpbpbpp,62
201255,418,12,15,bpbbpbppppp,b,bpbbpbpppppb,2026-01-26 10:57:31,bpbbbbbppbppbppbpbbpbpppppbbpbbpbbpppbb,39
204544,477,12,28,bpbbpbppppp,p,bpbbpbpppppp,2026-01-26 10:57:32,bbbpbbbpbpppbpbbbbpbpppbbpbpbpbbpbppppppbbpbpppbbpbpbppbbppbbbbppbp,67
206342,510,12,28,bpbbpbppppp,b,bpbbpbpppppb,2026-01-26 10:57:32,bbpppbbbppbpbppbbpbbbbppbbppbpbbpbpppppbpbbbpp,46
215786,687,12,9,bpbbpbppppp,p,bpbbpbpppppp,2026-01-26 10:57:32,bbpbppbpbbpbbpbppppppbpppbbpppbpbpbppbbbppppbpbbpbp,51
216028,691,12,25,bpbbpbppppp,b,bpbbpbpppppb,2026-01-26 10:57:32,bppbppbppbbppppppppppbbppbpbbpbpppppbbbbppbpbpbbpbb,51
218669,741,12,16,bpbbpbppppp,b,bpbbpbpppppb,2026-01-26 10:57:32,pbbbpbppppppbpbpbpbbpbpppppbpppbbpppppbppbpbbpppbppbp,53
220274,772,12,4,bpbbpbppppp,p,bpbbpbpppppp,2026-01-26 10:57:32,bbppbpbbpbppppppbpppbbpbbbpbpbpbpbpbbbppppbpbpb,47
220784,784,12,27,bpbbpbppppp,p,bpbbpbpppppp,2026-01-26 10:57:32,bbpppbbpbppbbpbbbbbpbbbbbbbbpbbpbpppppppppbbpbpp,48
225500,869,12,6,bpbbpbppppp,b,bpbbpbpppppb,2026-01-26 10:57:32,bbpbpbbpbbpbpppppbpbbbbbbpbpbbbpbbbbpbpbbbpbbppbpppppbppp,57
226594,888,12,9,bpbbpbppppp,p,bpbbpbpppppp,2026-01-26 10:57:32,bpbpbbpppbpbbpbppppppbpbpp,26
226693,890,12,35,bpbbpbppppp,b,bpbbpbpppppb,2026-01-26 10:57:32,bbbbbpppbbpppppbpbpbbbppbppbbpbpbbpbpbbpbpppppbpbbpppbbbbbbbbbpppbp,67
229235,934,12,16,bpbbpbppppp,b,bpbbpbpppppb,2026-01-26 10:57:32,bbpbpbpbbpbbpbppbpbbpbpppppbbpbpbbppppbbpbbpbbpbbbbbpppbbpbpbpp,63
236531,1058,12,17,bpbbpbppppp,b,bpbbpbpppppb,2026-01-26 10:57:32,ppbbbppppbppbppbpbpbbpbpppppbpbbpppbbbbpbpb,43
241260,1144,12,35,bpbbpbppppp,b,bpbbpbpppppb,2026-01-26 10:57:32,bppbpbpbppbbpppbppppbpbbpppppbbpbbbbpbbpbpppppbpppbbbpppppb,59
254741,1374,12,24,bpbbpbppppp,b,bpbbpbpppppb,2026-01-26 10:57:33,bbppbpbppbbbpbpbbpppppppbpbbpbpppppbbbpbpbbbbppppbbbbpbbp,57
255747,1391,12,13,bpbbpbppppp,b,bpbbpbpppppb,2026-01-26 10:57:33,pppbbbbbbbbpbbpbbpbpppppbbbppbbpbbpppbpbpbpbbbbbppbbbpbbbpbpbbbbpppb,68
257733,1424,12,13,bpbbpbppppp,b,bpbbpbpppppb,2026-01-26 10:57:33,bbbppbbbpbbpbbpbbpbpppppbbpbpbpbbbppppppbbbbb,45
262819,1511,12,24,bpbbpbppppp,b,bpbbpbpppppb,2026-01-26 10:57:33,bpppbbbpbpbpbbbppbppbbppbpbbpbpppppbp,37
266159,1560,12,51,bpbbpbppppp,b,bpbbpbpppppb,2026-01-26 10:57:33,bppbbbpbpbpbbbpbbppbbbpbpbpppbppppbbpbbbpbppbbpbpppbpbbpbpppppbp,64
266475,1565,12,2,bpbbpbppppp,b,bpbbpbpppppb,2026-01-26 10:57:33,bpbpbbpbpppppbpppppbbbbbpbpbbpppbppbpppppppppbbppbbp,52
276249,1728,12,7,bpbbpbppppp,b,bpbbpbpppppb,2026-01-26 10:57:33,bbbppppbpbbpbpppppbbbbpbpbppbpbpbbpbbbbbpbb,43
276738,1737,12,37,bpbbpbppppp,b,bpbbpbpppppb,2026-01-26 10:57:33,bbbbppppbbpbbbppppbbpppppppbpbpppbpbbbpbbpbpppppbpb,51
279441,1779,12,14,bpbbpbppppp,b,bpbbpbpppppb,2026-01-26 10:57:33,pppbbbppbpppppbpbbpbpppppbpppppbpppppppbpbpbppbbpbbppbbp,56
280736,1800,12,20,bpbbpbppppp,p,bpbbpbpppppp,2026-01-26 10:57:33,bpbbppbpppppbpppbbbpbpbbpbppppppbbbbp,37
281179,1807,12,1,bpbbpbppppp,b,bpbbpbpppppb,2026-01-26 10:57:33,bbpbbpbpppppbpbpppbppbpbpbpppbbbbbbpb,37
282949,1837,12,17,bpbbpbppppp,b,bpbbpbpppppb,2026-01-26 10:57:34,ppbppbbpppbbbbppbbpbbpbpppppbpppppbpppbpppbpbpbpbbbbpp,54
284437,1861,12,28,bpbbpbppppp,p,bpbbpbpppppp,2026-01-26 10:57:34,bbpbppppbbpbbppbbpbbpbpppbbpbpbbpbppppppbbbbb,45
286590,1884,12,14,bpbbpbppppp,b,bpbbpbpppppb,2026-01-26 11:16:06,bbbbbppbppbbbbbpbbpbpppppbbbpbbppppbbppbbbbbbbpp,48
368448,1984,12,29,bpbbpbppppp,b,bpbbpbpppppb,2026-01-27 17:10:16,bbbpbbpppbbbbpppbppppppbppbpbbpbbpbpppppbbpbbbpbbbbp,52
370982,1998,12,27,bpbbpbppppp,p,bpbbpbpppppp,2026-01-28 10:56:22,bbbpbbbpbppppbbpbbpppbbppbpbpbbpbpppppppbpbbbppppbbbbpbppppp,60
378685,2041,12,46,bpbbpbppppp,p,bpbbpbpppppp,2026-01-29 13:02:18,ppbbppbppppppppppbpbpppbbbpppbpbbbpppbpbbpppppbpbbpbppppppbbb,61
379359,2045,12,20,bpbbpbppppp,b,bpbbpbpppppb,2026-01-29 13:03:35,pbpppppbbbpbpppbpbppbpbbpbpppppbpbpbpb,38
384873,2079,12,36,bpbbpbppppp,p,bpbbpbpppppp,2026-01-30 10:20:12,pbbppbbbpbbbpbbpbpppbpbppbbpbpbppbbbbpbbpbpppppppb,50
392864,2125,12,19,bpbbpbppppp,p,bpbbpbpppppp,2026-01-31 07:12:16,pbbppbbbpbpbpppbbbbbpbbpbpppppppbbpbbbbppbppbbbbbpp,51
394086,2131,12,37,bpbbpbppppp,p,bpbbpbpppppp,2026-01-31 07:49:32,pppbpbbpbpppbbpbpbbbpbpbppbpbpppbpbpbbpbbpbppppppbppbpbbppbpp,61
397429,2151,12,0,bpbbpbppppp,p,bpbbpbpppppp,2026-01-31 08:28:10,bpbbpbpppppppppbpbbbbbbbpbbpbbbbbppppppbppbpbbbbbbpbbbbbpbpp,60
400157,2167,12,15,bpbbpbppppp,p,bpbbpbpppppp,2026-01-31 19:12:17,pbbbbpbbbpbppbbbpbbpbppppppppbpbbpbbpbbpbbpbpbbbbbppbppppp,58
402529,2179,12,37,bpbbpbppppp,p,bpbbpbpppppp,2026-01-31 19:37:33,bbbpppbbbpbbbbppbbpbpbpbppbpppbbbppbpbpbbpbppppppbbbbbppp,57
411073,2225,12,12,bpbbpbppppp,b,bpbbpbpppppb,2026-02-02 14:14:35,bbpppbbppppbbpbbpbpppppbpbpbppbbpppbppppppbppbpbppbbpbp,55
432535,2343,12,7,bpbbpbppppp,p,bpbbpbpppppp,2026-02-04 17:27:02,bbpppbbbpbbpbpppppppbbbbppppbpbpbpppbbpppbbbb,45
462220,2500,12,9,bpbbpbppppp,b,bpbbpbpppppb,2026-02-08 03:43:29,pppbpppbbbpbbpbpppppbbbbpbbbbbbbpbppbpppbbpbpbbpbbppp,53
479235,2598,12,14,bpbbpbppppp,b,bpbbpbpppppb,2026-02-10 18:46:46,pppbpppppbpbpbbpbbpbpppppbbbbbbpbbbbbppppbppbpb,47
490711,2668,12,27,bpbbpbppppp,b,bpbbpbpppppb,2026-02-11 15:01:41,bppbppbpbbbbbbbbppbbpppbpppbpbbpbpppppbppppbppppppbppppbbbpbbppbp,65
507691,2767,12,23,bpbbpbppppp,p,bpbbpbpppppp,2026-02-12 09:49:40,pbbpbpppppppbpbbpbpbbbpbpbbpbppppppbbpbppbppppbb,48
511273,2788,12,6,bpbbpbppppp,b,bpbbpbpppppb,2026-02-12 14:37:45,ppppbbbpbbpbpppppbppppbppbpbppbbpppbbppbbbppppppppppbppppbp,59
511631,2790,12,25,bpbbpbppppp,b,bpbbpbpppppb,2026-02-12 14:38:40,bbpbppbpbbpbbbbppbbbbbbppbpbbpbpppppbpppbb,42
523869,2858,12,6,bpbbpbppppp,p,bpbbpbpppppp,2026-02-13 13:51:55,bbpbppbpbbpbppppppbbppbppbpbbbpbbppppbppppbbbbpbbbbppppbbbpb,60
552976,3023,12,2,bpbbpbppppp,b,bpbbpbpppppb,2026-02-15 19:50:13,bbbpbbpbpppppbbppbbpppbbbppppbbpbbpbbpbppbppbppppbbbbppbpbpbppb,63
553319,3025,12,0,bpbbpbppppp,b,bpbbpbpppppb,2026-02-15 19:51:10,bpbbpbpppppbppbbbpppbpbppbpppbpbbbpbbbbpbbbpbpbp,48
557434,3046,12,23,bpbbpbppppp,b,bpbbpbpppppb,2026-02-15 21:20:49,bpbpppppppbpppbppbpppbbbpbbpbpppppbbpbbppppbpbpbppbpbpbpbpbpbpbpppb,67
574256,3140,12,12,bpbbpbppppp,b,bpbbpbpppppb,2026-02-17 20:50:29,ppbbbbpbpbbbbpbbpbpppppbpbbpppbpbbbbbpbbppppp,45
577599,3159,12,14,bpbbpbppppp,b,bpbbpbpppppb,2026-02-19 10:42:32,bbppbpbpbbbbppbpbbpbpppppbbpbpbpbpbbpppbppbbpbbpppbpp,53
583797,3192,12,17,bpbbpbppppp,p,bpbbpbpppppp,2026-02-19 11:49:35,ppbpbpbbbppbbbpbbbpbbpbppppppbpbppbpbpbbbp,42
590552,3230,12,15,bpbbpbppppp,b,bpbbpbpppppb,2026-02-20 13:44:07,ppbbbppbbbpbppbbpbbpbpppppbbpppbbppbbbbbpppbbpbppppppbp,55
592729,3246,12,13,bpbbpbppppp,b,bpbbpbpppppb,2026-02-20 14:49:00,pppbbbbbbbbppbpbbpbpppppbbpbbppppbbpbpbbbpbbbbbppppbbbb,55
603581,3319,12,29,bpbbpbppppp,b,bpbbpbpppppb,2026-02-21 11:40:58,pbbbpbpbbppbbpppbpbppbppbpbppbpbbpbpppppbbpbbpppbppppb,54
654469,3636,12,33,bpbbpbppppp,b,bpbbpbpppppb,2026-02-24 11:14:23,ppbbbbppppbbbpbbpppbppbbbpbbpbbppbpbbpbpppppbbpppbpp,52
662087,3679,12,27,bpbbpbppppp,p,bpbbpbpppppp,2026-02-24 17:36:53,ppbbbbbbpbbpbpppbppbbbbpbbbbpbbpbpppppppbbppbpp,47
684920,3817,12,31,bpbbpbppppp,b,bpbbpbpppppb,2026-02-25 20:09:43,bbppbbppbbbpbbbpbbbppbbbbppppbpbpbbpbpppppb,43
690940,3850,12,2,bpbbpbppppp,b,bpbbpbpppppb,2026-02-26 08:17:59,bbbpbbpbpppppbpbppppbppbbbpppbbpbppppbbpppppbbbbbbbp,52
695866,3878,12,51,bpbbpbppppp,b,bpbbpbpppppb,2026-02-28 13:38:44,pbpbpbbbbbpppbpbbpbppbbbbpbpppbbppbbpbppbbbbbbpbbbbbpbbpbpppppbbpb,66
705285,3932,12,16,bpbbpbppppp,b,bpbbpbpppppb,2026-03-01 18:44:53,bbbpbbpbbpbbbbpbbpbbpbpppppbbbbbppppbbbbbbppppppppbbbp,54
718255,4006,12,29,bpbbpbppppp,p,bpbbpbpppppp,2026-03-02 14:44:41,bpbbbbbbbpppbpppppbbbppbbppppbpbbpbpppppppppppbppp,50
721909,4031,12,18,bpbbpbppppp,p,bpbbpbpppppp,2026-03-03 13:41:33,pbbbpbbbbpbpbbpbbbbpbbpbppppppbpbpbbbpppbbbpbppbbbbbpppp,56
738652,4124,12,40,bpbbpbppppp,b,bpbbpbpppppb,2026-03-04 11:20:48,bppbpbpbppbbbbppbpbppbbbbpppbpbbbbpbppppbpbbpbpppppbbbpbbb,58
747555,4180,12,13,bpbbpbppppp,p,bpbbpbpppppp,2026-03-05 13:53:31,bppppbbpbpbbpbpbbpbpppppppppbbppppbpppbbpppb,44
754422,4219,12,37,bpbbpbppppp,b,bpbbpbpppppb,2026-03-05 18:09:25,pbpbpppbbbpbppbbbppbbbppbpbbbbbbbbpbpbpbbpbpppppbbpbbppppbbbbpb,63
772313,4325,12,45,bpbbpbppppp,p,bpbbpbpppppp,2026-03-09 19:05:06,ppppbbpbpbppbbppbpppbppbbbpbpbpbbbpbbpbpbbpbbbpbbpbppppppppb,60
781779,4379,12,33,bpbbpbppppp,b,bpbbpbpppppb,2026-03-11 19:47:44,ppbpbppbppbbpbbbbbppppbbbppbbbbppbpbbpbpppppb,45
788621,4421,12,42,bpbbpbppppp,p,bpbbpbpppppp,2026-03-15 13:48:41,bbbbpbpbpbbpbbpbbbbbbbbbpbpbbbbpppbbppbbppbpbbpbpppppppbppbbbb,62
796218,4463,12,3,bpbbpbppppp,b,bpbbpbpppppb,2026-03-16 20:02:45,pppbpbbpbpppppbbbpbbbbbbbbpppbbppbpbbppppbb,43
797299,4469,12,46,bpbbpbppppp,p,bpbbpbpppppp,2026-03-17 07:05:03,bbppbppppppbppppbbbppbbbbbbpppbpbpbbpbpbbppbpbbpbbpbppppppbbbpbbpp,66
802431,4497,12,50,bpbbpbppppp,b,bpbbpbpppppb,2026-03-17 20:47:32,pbppbpbbppbpbbbbpbpbbbpbpbppppbpbbbbpppppbbbppppbbbpbbpbpppppb,62
810804,4552,12,20,bpbbpbppppp,b,bpbbpbpppppb,2026-03-18 14:16:24,ppppppppppppbpppbbppbpbbpbpppppbppbppbbbpppb,44
814525,4575,12,10,bpbbpbppppp,b,bpbbpbpppppb,2026-03-18 15:38:34,pbpbbppbppbpbbpbpppppbbbbpppppppppbppbbppbbb,44
823721,4627,12,39,bpbbpbppppp,b,bpbbpbpppppb,2026-03-22 09:18:27,ppbbbbbbbpppbppbpbbbbpppbpbbbpppbpbpbbpbpbbpbpppppbppbppbpp,59
838302,4722,12,7,bpbbpbppppp,b,bpbbpbpppppb,2026-04-20 06:42:51,pbpppbpbpbbpbpppppbbpbbpppbbbbbbpbbbppbbbbbb,44
872244,4924,12,40,bpbbpbppppp,b,bpbbpbpppppb,2026-05-04 08:26:54,pppppbbbbpbbbppbpbbbppppbpbbpbpbpbppbbppbpbbpbpppppb,52
873108,4929,12,14,bpbbpbppppp,b,bpbbpbpppppb,2026-05-04 09:04:00,bpppbbbbbbbbppbpbbpbpppppbbbbpbbpppbpbppbppbbbpb,48
886099,5004,12,20,bpbbpbppppp,b,bpbbpbpppppb,2026-05-06 18:02:51,ppbpppbbppppppppbppbbpbbpbpppppbbbppbpbpbbpppbbpbbpbbbbppp,58
887749,5012,12,11,bpbbpbppppp,p,bpbbpbpppppp,2026-05-14 07:14:37,bpbbbppppbbbpbbpbppppppppbpppppbbbpbpbpbbpbbbbbbp,49
901342,5089,12,1,bpbbpbppppp,p,bpbbpbpppppp,2026-05-23 06:42:05,bbpbbpbppppppbbpbbbpbpbppbbbpppbpbbpbpppppppbppbbbbpppppbbpbbbbb,64
901358,5089,12,31,bpbbpbppppp,p,bpbbpbpppppp,2026-05-23 06:42:05,bbpbbpbppppppbbpbbbpbpbppbbbpppbpbbpbpppppppbppbbbbpppppbbpbbbbb,64
912054,5150,12,32,bpbbpbppppp,p,bpbbpbpppppp,2026-05-27 07:18:34,bbbbbbpbpppbpbbppbpbbbbpbbpbbbbbbpbbpbppppppbpbbbppbbbbpbppbbpb,63
916676,5180,12,15,bpbbpbppppp,b,bpbbpbpppppb,2026-05-28 09:59:41,bbbpbpbbppbppppbpbbpbpppppbppppbbpbbbpbbpbppbb,46
948198,5370,12,5,bpbbpbppppp,p,bpbbpbpppppp,2026-06-10 10:11:44,ppbppbpbbpbppppppbbbppbbpbpppbpbpbbbbpbbpbbpbpbbpbbppbpbbp,58
950033,5382,12,16,bpbbpbppppp,b,bpbbpbpppppb,2026-06-10 15:26:15,ppbbpbbpbbbbpbpbbpbbpbpppppbbbppbpbbbbpbppb,43
960484,5443,12,42,bpbbpbppppp,b,bpbbpbpppppb,2026-06-19 14:03:32,bbbpbbbbbbbbbpppbpbpbpbbpbppbbpppbppbbbbbbbpbbpbpppppbb,55
961976,5452,12,22,bpbbpbppppp,b,bpbbpbpppppb,2026-06-20 09:12:45,bbpbppbpbbbpppbpbbbpbpbpbbpbpppppbppbppbbppppbpppbpbbbbppppbb,61
970597,5499,12,22,bpbbpbppppp,b,bpbbpbpppppb,2026-06-21 09:41:32,pbpppbbpbbpbpbbpbbbbppbpbbpbpppppbbpbbppppbbpb,46
191112,233,12,44,bpbbpppbbbb,b,bpbbpppbbbbb,2026-01-26 10:57:31,ppppppbbbbbpbppbppbbppbpbbbppppbpbpppppppbbpbpbbpppbbbbbpbpb,60
191410,240,12,14,bpbbpppbbbb,b,bpbbpppbbbbb,2026-01-26 10:57:31,pbpbbpbppbbpbbbpbbpppbbbbbbbpbbbppbp,36
196816,339,12,18,bpbbpppbbbb,b,bpbbpppbbbbb,2026-01-26 10:57:31,ppbpbbppppbppbpbbpbpbbpppbbbbbpppppbbpppbpbbpppbbbppbbpbbp,58
204690,479,12,3,bpbbpppbbbb,p,bpbbpppbbbbp,2026-01-26 10:57:32,pppbpbbpppbbbbppbpbbpbbpbpbbbbbbbbpbppbb,40
211780,609,12,41,bpbbpppbbbb,p,bpbbpppbbbbp,2026-01-26 10:57:32,pbbbbpbbbppbppbppppppbbbpbppbpbpppbpbpppbbpbbpppbbbbp,53
212073,614,12,41,bpbbpppbbbb,p,bpbbpppbbbbp,2026-01-26 10:57:32,pbbbbpbbbppbppbppppppbbbpbppbpbpppbpbpppbbpbbpppbbbbpbbppppbb,61
212573,623,12,9,bpbbpppbbbb,b,bpbbpppbbbbb,2026-01-26 10:57:32,bpbpbbbpbbpbbpppbbbbbpbpbppbpbbbpbbp,36
213191,635,12,32,bpbbpppbbbb,b,bpbbpppbbbbb,2026-01-26 10:57:32,bbbbbbbpbbbpbbbpppbbpbbppppppbpbbpbbpppbbbbbpppbpbbppp,54
218328,736,12,27,bpbbpppbbbb,p,bpbbpppbbbbp,2026-01-26 10:57:32,pppppbpppbbbbpbbbpppppbppppbpbbpppbbbbpbbbbbbppppbbbbpbpbppbppbb,64
222509,817,12,35,bpbbpppbbbb,b,bpbbpppbbbbb,2026-01-26 10:57:32,pbbbbpbppppbpbpbppppbbbbbpppbbbppbbbpbbpppbbbbbpbppbbb,54
226699,890,12,46,bpbbpppbbbb,b,bpbbpppbbbbb,2026-01-26 10:57:32,bbbbbpppbbpppppbpbpbbbppbppbbpbpbbpbpbbpbpppppbpbbpppbbbbbbbbbpppbp,67
227245,900,12,17,bpbbpppbbbb,b,bpbbpppbbbbb,2026-01-26 10:57:32,ppppbbbpppppbpppbbpbbpppbbbbbbppbpbbpppbpbpbpbbpbpbbpbbbpbbbbpb,63
234796,1027,12,33,bpbbpppbbbb,p,bpbbpppbbbbp,2026-01-26 10:57:32,bpbpbbpbpbpppppbbbppbpbppbbpbbppbbpbbpppbbbbpppbbpbppppbbpp,59
236537,1058,12,28,bpbbpppbbbb,p,bpbbpppbbbbp,2026-01-26 10:57:32,ppbbbppppbppbppbpbpbbpbpppppbpbbpppbbbbpbpb,43
242061,1158,12,1,bpbbpppbbbb,b,bpbbpppbbbbb,2026-01-26 10:57:32,pbpbbpppbbbbbbbpbpbppbpbbbpbbbbbpbbpbbpbpbbbpbbpbbbpp,53
242879,1171,12,32,bpbbpppbbbb,b,bpbbpppbbbbb,2026-01-26 10:57:32,bppbbpppbbpbppbpppbbppbbbbpppbpbbpbbpppbbbbbbbppbpbpbppbppp,59
248518,1266,12,11,bpbbpppbbbb,b,bpbbpppbbbbb,2026-01-26 10:57:33,bpbpbbppppbbpbbpppbbbbbbppbbbbpbppbbpbbppppbbbbpbbpbpbbbppbbb,61
249206,1277,12,25,bpbbpppbbbb,p,bpbbpppbbbbp,2026-01-26 10:57:33,bbbppbppbbbbbbbpbpbpppbppbpbbpppbbbbppbbpbpppppbpppbbp,54
249488,1283,12,28,bpbbpppbbbb,b,bpbbpppbbbbb,2026-01-26 10:57:33,bppbbbbbbbbbppbbbpppppbpppbbbpbbpppbbbbbbbbpbpbbpppbbpbb,56
250807,1306,12,4,bpbbpppbbbb,b,bpbbpppbbbbb,2026-01-26 10:57:33,ppppbpbbpppbbbbbpbbpbbpbbbppbbbppbbbbpbpbbppbbbppp,50
259564,1453,12,10,bpbbpppbbbb,b,bpbbpppbbbbb,2026-01-26 10:57:33,ppbbbbppbbbpbbpppbbbbbbbbpppbbbpbbppbpbbpppppbpppbbbbb,54
262176,1499,12,30,bpbbpppbbbb,p,bpbbpppbbbbp,2026-01-26 10:57:33,bpppbpppppbpbbbbppppbpbppbbbpbbpbbpppbbbbppbpppbpbp,51
268503,1594,12,54,bpbbpppbbbb,b,bpbbpppbbbbb,2026-01-26 10:57:33,pbpbpbpbpbbbpbbpppbpbbpbpppbpbpppbpbpbbpbpbpbbbpbbppppbpbbpppbbbbb,66
279984,1788,12,28,bpbbpppbbbb,p,bpbbpppbbbbp,2026-01-26 10:57:33,bpbpbbpppbppbbppbppppbbppbpbbpbbpppbbbbppbbppppbbbbppppppbb,59
282050,1822,12,23,bpbbpppbbbb,p,bpbbpppbbbbp,2026-01-26 10:57:34,bbpppppbpbpppbbbbbpppppbpbbpppbbbbpbbbbbbpppbbbpbbppbbpbp,57
284117,1857,12,5,bpbbpppbbbb,b,bpbbpppbbbbb,2026-01-26 10:57:34,pppbpbpbbpppbbbbbpbpppbpppbpppbpppppbppbppppb,45
284839,1867,12,8,bpbbpppbbbb,b,bpbbpppbbbbb,2026-01-26 10:57:34,bppbbbpbbpbbpppbbbbbbppppppbpbbbbppppbpbpppbbppppppbpbbbbbbbpbppp,65
368436,1984,12,2,bpbbpppbbbb,p,bpbbpppbbbbp,2026-01-27 17:10:16,bbbpbbpppbbbbpppbppppppbppbpbbpbbpbpppppbbpbbbpbbbbp,52
378180,2038,12,26,bpbbpppbbbb,p,bpbbpppbbbbp,2026-01-29 12:52:49,pbbbppbpbpbppppbbppbbpbpppbpbbpppbbbbpbbpbbppbbb,48
408648,2212,12,4,bpbbpppbbbb,b,bpbbpppbbbbb,2026-02-02 13:30:47,bbppbpbbpppbbbbbppbppbbppbppppbbpbpppbpbbpppbbbppbppbpp,55
424466,2298,12,26,bpbbpppbbbb,p,bpbbpppbbbbp,2026-02-04 15:39:50,pbpbbpbppppbbpbpppbbpbppppbpbbpppbbbbpbpppbbbbbbbbbbpbpbpbpbbpbpb,65
431821,2339,12,28,bpbbpppbbbb,p,bpbbpppbbbbp,2026-02-04 17:25:49,ppbppppppbbbpbbbpppbppbbbpbbbpbbpppbbbbpbpppbbbpppbbppp,55
441632,2393,12,50,bpbbpppbbbb,p,bpbbpppbbbbp,2026-02-05 14:32:24,bbpbpbpbppbppbbppbbbbpbpppppbpbpbbbpbbppbbpbppbbbbbpbbpppbbbbp,62
468529,2536,12,12,bpbbpppbbbb,p,bpbbpppbbbbp,2026-02-09 15:49:53,pbpbbbbbbpppbpbbpppbbbbppbbpppbbbpbppbbpbbpbbppppbbbpbpbppbbbbb,63
477776,2588,12,8,bpbbpppbbbb,p,bpbbpppbbbbp,2026-02-10 18:19:47,bbbbpbppbpbbpppbbbbpppbbbbbbbpbbpbppppbbpbppbp,46
499281,2719,12,46,bpbbpppbbbb,p,bpbbpppbbbbp,2026-02-11 21:03:02,bbbbpbbbpbpbppppppbpbpbpppppppbbppppppbpbbbpppbpbbpppbbbbppppb,62
506840,2762,12,39,bpbbpppbbbb,b,bpbbpppbbbbb,2026-02-12 09:41:37,pbpppbpbpbbbbbpbppbbbpbpbppbbbbbbbppppbbpbbpppbbbbbbbb,54
523335,2854,12,24,bpbbpppbbbb,b,bpbbpppbbbbb,2026-02-13 13:49:49,pppppppbpppbpbpbpbppppbbbpbbpppbbbbbbpbbpppbbbpbbbbppp,54
528055,2881,12,15,bpbbpppbbbb,b,bpbbpppbbbbb,2026-02-13 16:21:53,bbpppppbpbbbbbbbpbbpppbbbbbbppppppbpppbbppbbbpbpppbppbb,55
532465,2905,12,38,bpbbpppbbbb,p,bpbbpppbbbbp,2026-02-13 17:48:17,bbppbbpbpppbpppbppbpbbbpbbppbpppppppbpbpbbpppbbbbpppppbp,56
536969,2930,12,15,bpbbpppbbbb,b,bpbbpppbbbbb,2026-02-13 20:04:17,bpbbpppppbpppppbpbbpppbbbbbpbpbbbbbppbbbpbbbbbpbpppbpbbbppbppb,62
560081,3061,12,1,bpbbpppbbbb,p,bpbbpppbbbbp,2026-02-17 14:33:51,pbpbbpppbbbbpbbpbbpbbpbbbpbbbbbbbbpbppbppppbbpbppp,50
564217,3083,12,15,bpbbpppbbbb,b,bpbbpppbbbbb,2026-02-17 15:50:27,bbbbbpbbppppbppbpbbpppbbbbbppbpbpbbpppbpbbppbbbpppbpbbbp,56
572597,3131,12,38,bpbbpppbbbb,p,bpbbpppbbbbp,2026-02-17 20:45:50,ppbbbbbpbppbpbpbppbpbppbpbpbbbbbpbbppbbpbbpppbbbbpbpppppbbbbpbbppp,66
598746,3286,12,5,bpbbpppbbbb,p,bpbbpppbbbbp,2026-02-21 10:12:12,ppbbpbpbbpppbbbbpbppbppbpbbbbpbppbbppbbpppbpbbbppbpbp,53
602642,3311,12,28,bpbbpppbbbb,b,bpbbpppbbbbb,2026-02-21 11:21:38,bbbpbbppbppppbbbbpppbpppbbbpbpbbpppbbbbbpbp,43
623367,3458,12,28,bpbbpppbbbb,b,bpbbpppbbbbb,2026-02-22 12:18:57,pbbppbbpbbbbppbpbbpbppbpbpbbbpbbpppbbbbbbpbbpbbbppbbppp,55
623979,3461,12,46,bpbbpppbbbb,p,bpbbpppbbbbp,2026-02-22 18:20:52,pbbpbbppbpbbbpbbbppbppbpbbbpbpbbbppppppbbbppppbpbbpppbbbbppbp,61
634913,3521,12,15,bpbbpppbbbb,b,bpbbpppbbbbb,2026-02-23 09:56:18,bbbpppbppbpppbpbpbbpppbbbbbbpppbpbbbbpbpbpppbb,46
637220,3534,12,19,bpbbpppbbbb,p,bpbbpppbbbbp,2026-02-23 11:18:54,ppppppbbbppbbpbpbppbpbbpppbbbbpppbbpbbpppbbbbbbp,48
637226,3534,12,34,bpbbpppbbbb,b,bpbbpppbbbbb,2026-02-23 11:18:54,ppppppbbbppbbpbpbppbpbbpppbbbbpppbbpbbpppbbbbbbp,48
639847,3550,12,2,bpbbpppbbbb,p,bpbbpppbbbbp,2026-02-23 11:54:09,bpbpbbpppbbbbppppbbppppbppbbbbppppbpbppbbpbbpbpppbpbbppbppppppp,63
641491,3561,12,13,bpbbpppbbbb,b,bpbbpppbbbbb,2026-02-23 12:35:02,bpbpbpbbppbbbbpbbpppbbbbbbbppppbbbbpppbpbppbp,45
658467,3659,12,7,bpbbpppbbbb,p,bpbbpppbbbbp,2026-02-24 14:55:09,bbbppbbbpbbpppbbbbpbbpbpbbbbpppbbppbpbbbbpbbbppbpbbbbp,54
668345,3715,12,30,bpbbpppbbbb,b,bpbbpppbbbbb,2026-02-24 20:19:46,bppbbppbpppbpbpbbpbppbbbbpbpbpbpbbpppbbbbbpbb,45
677943,3775,12,17,bpbbpppbbbb,p,bpbbpppbbbbp,2026-02-25 18:03:09,ppppppbpbbpppbppbbpbbpppbbbbpbpppbbbpbbppbpbbbbb,48
679194,3782,12,26,bpbbpppbbbb,b,bpbbpppbbbbb,2026-02-25 18:05:36,bbbbppppppbpbbbbppbbbbbbppbpbbpppbbbbbppbbppbpbbbbbpbpbbpbbbpbb,63
685106,3818,12,43,bpbbpppbbbb,b,bpbbpppbbbbb,2026-02-25 20:10:04,bbbbpbbbppbpbppbpbbbppbbppppppbbbbbpppbpbbpbpbbpppbbbbbpb,57
685278,3819,12,0,bpbbpppbbbb,b,bpbbpppbbbbb,2026-02-25 20:10:25,bpbbpppbbbbbbpppbbbbpbppbpbppbppbpbpbbpbbbbpbbbbpbpbp,53
685559,3821,12,4,bpbbpppbbbb,b,bpbbpppbbbbb,2026-02-25 20:55:31,bpbbbpbbpppbbbbbbpbpbbbbpbppbpbbpbpbppbpbb,42
707816,3947,12,13,bpbbpppbbbb,b,bpbbpppbbbbb,2026-03-01 19:25:33,pbbpppbpbpbbpbpbbpppbbbbbbpbpppbpppbbpbpppbpbbbbpbbbp,53
730897,4082,12,37,bpbbpppbbbb,b,bpbbpppbbbbb,2026-03-03 19:08:51,pppbppbbbbbpbbpbpbbpbpppbpppbbpbbbppbbpbbpppbbbbbbpbbbppbppp,60
748488,4186,12,32,bpbbpppbbbb,b,bpbbpppbbbbb,2026-03-05 14:38:28,bppbbppppbppbpbbbpbbbppppbbbppbbbpbbpppbbbbbbpbbbbbpppbbb,57
790142,4430,12,23,bpbbpppbbbb,b,bpbbpppbbbbb,2026-03-15 14:35:02,bpbpbbppppbpbpbbppbbppbbpbbpppbbbbbbpppbpbbbbbpbbbbpbb,54
799636,4482,12,11,bpbbpppbbbb,b,bpbbpppbbbbb,2026-03-17 19:18:36,bbpbbbpbbbpbpbbpppbbbbbbppbppppbbbppbpbpbbpbpbpbpbppbbbpppbp,60
805700,4516,12,45,bpbbpppbbbb,p,bpbbpppbbbbp,2026-03-18 07:51:31,pbpbpbpppppbbbbbpbpbpbppbppbbpbbpbbbpbppbpbbpbpbbpppbbbbpbp,59
811170,4554,12,16,bpbbpppbbbb,p,bpbbpppbbbbp,2026-03-18 14:17:24,bpbbbbbpbpbbpbbbbpbbpppbbbbppbpppbbpbbpbbbbbb,45
823281,4625,12,12,bpbbpppbbbb,b,bpbbpppbbbbb,2026-03-22 09:16:51,bpbbppbbbppbbpbbpppbbbbbppppbppppbbbbpbbpppppbbpbbpppp,54
824514,4633,12,40,bpbbpppbbbb,b,bpbbpppbbbbb,2026-03-22 09:21:32,bbbbpbbbppbppbbbbbbpbbbbbbbbppbbppbbpbbbbpbbpppbbbbbppp,55
825771,4640,12,16,bpbbpppbbbb,b,bpbbpppbbbbb,2026-03-22 10:07:51,ppbbbbpppppppbppbpbbpppbbbbbbppbppbppbpbpbppbpbbbbppbpbpppbpbp,62
826610,4647,12,51,bpbbpppbbbb,p,bpbbpppbbbbp,2026-03-24 06:19:49,bpbpbpppppbpbbbpbpppbbbpbbbppppbppbpbbpbpbbpbpbbpppbpbbpppbbbbpbpbp,67
829380,4663,12,32,bpbbpppbbbb,p,bpbbpppbbbbp,2026-04-12 12:37:22,bpbpbppbbpppbpppbppbbbbpbppppbppbpbbpppbbbbpbpbppbppppbbbpbbbp,62
829973,4666,12,25,bpbbpppbbbb,p,bpbbpppbbbbp,2026-04-12 12:41:14,bbbpbbppbppbbpppbpbbbpbbbbpbbpppbbbbpbppbppbppbpbppbbpb,55
830309,4668,12,7,bpbbpppbbbb,b,bpbbpppbbbbb,2026-04-12 12:42:41,bbppbpbbpbbpppbbbbbpbbpbppbbbbbbpbpbbpb,39
838308,4722,12,19,bpbbpppbbbb,b,bpbbpppbbbbb,2026-04-20 06:42:51,pbpppbpbpbbpbpppppbbpbbpppbbbbbbpbbbppbbbbbb,44
858799,4841,12,20,bpbbpppbbbb,p,bpbbpppbbbbp,2026-04-23 20:10:02,pbpbbppbbpbbbpbbpbppbpbbpppbbbbpppbbpbp,39
859775,4847,12,44,bpbbpppbbbb,p,bpbbpppbbbbp,2026-04-23 20:14:37,bpbppbbbpppbpbbbbbbbbbpbbppbbppbpppbppbpbpbpbpbbpppbbbbpb,57
860463,4851,12,16,bpbbpppbbbb,b,bpbbpppbbbbb,2026-04-26 08:42:27,bbbpbbppbbbbbbppbpbbpppbbbbbbppbpppbpbbppbpbbppbbppppbbbpbbp,60
867978,4897,12,41,bpbbpppbbbb,p,bpbbpppbbbbp,2026-04-30 16:28:24,bbbbppbbppbpppbppbbpppbbbbppppbbpbpbbpbbpbpbbpppbbbbpbbp,56
878230,4960,12,18,bpbbpppbbbb,b,bpbbpppbbbbb,2026-05-04 15:32:27,bbbbppbbbbbbppppbpbpbbpppbbbbbbppppppppbbbpbbpbbpbbb,52
880882,4974,12,7,bpbbpppbbbb,b,bpbbpppbbbbb,2026-05-04 15:44:11,bbpbpbbbpbbpppbbbbbbppbpbpbbbpbbpppbpbbpbppbpbpbbp,50
893210,5044,12,8,bpbbpppbbbb,b,bpbbpppbbbbb,2026-05-14 09:00:16,pbbbppbpbpbbpppbbbbbbpbbppbpbbppbbppbbpppppbbpppbbpppbpppbpbppbp,64
895618,5056,12,34,bpbbpppbbbb,p,bpbbpppbbbbp,2026-05-22 05:05:28,bbpbpbbbbbpbbpbppbpbbpbbpbppbbbpbpbpbbpppbbbbpbpppbbp,53
919518,5198,12,1,bpbbpppbbbb,b,bpbbpppbbbbb,2026-05-28 10:51:00,bbpbbpppbbbbbbpppbppbbbppbpbpppbpppppbb,39
927057,5243,12,21,bpbbpppbbbb,b,bpbbpppbbbbb,2026-05-28 16:01:48,ppbbppbbbbbbpbpppbbbpbpbbpppbbbbbbbbpbbppbbpbbppbbppp,53
942817,5337,12,30,bpbbpppbbbb,p,bpbbpppbbbbp,2026-06-07 21:10:34,pbppbbbbbbppbbpbbbbbbbpbbpbbpbbpbbpppbbbbpbpbpbb,48
952364,5396,12,28,bpbbpppbbbb,b,bpbbpppbbbbb,2026-06-15 12:22:53,pbbppbbbpbbppbppppbppbppbpbpbpbbpppbbbbbpbbbbpbbpppbb,53
960842,5445,12,1,bpbbpppbbbb,b,bpbbpppbbbbb,2026-06-19 14:05:35,bbpbbpppbbbbbppbbbbbpppbbpppbbbbbbppppbpbbpbppbpbbppppbbbbbbpbbbbpb,67
966035,5474,12,17,bpbbpppbbbb,p,bpbbpppbbbbp,2026-06-20 11:37:04,bppbpbppppbpbpbbpbpbbpppbbbbpbbpbbbbbpbpbppppbbpbbbpb,53
966418,5476,12,8,bpbbpppbbbb,p,bpbbpppbbbbp,2026-06-20 11:39:52,pbpppbpbbpbbpppbbbbppppbbppbpbpbbbpbbppppppppbpppbbbpbpbbb,58
967403,5481,12,26,bpbbpppbbbb,p,bpbbpppbbbbp,2026-06-20 11:46:56,bbpbbpbbbbpbbppbbbpppbpbpbbpbbpppbbbbpppbpbppbppbbbbpbbbbppbb,61
981001,5560,12,32,bpbbpppbbbb,p,bpbbpppbbbbp,2026-06-23 07:13:13,bppbbppbbbbpbpbppppbbpppbpppppbpbpbbpppbbbbppbpbpbpbbppbbpb,59
185711,13,12,16,bpbbpppbbbp,p,bpbbpppbbbpp,2026-01-26 10:57:31,pbbpbpbppbbpbppbbpbbpppbbbpppbppb,33
188585,153,12,10,bpbbpppbbbp,b,bpbbpppbbbpb,2026-01-26 10:57:31,bbpbbbbbbbbpbbpppbbbpbbppp,26
192594,261,12,22,bpbbpppbbbp,p,bpbbpppbbbpp,2026-01-26 10:57:31,ppbppbppbppbbbppbbbppbbpbbpppbbbpppbppbppbppbbbpbpppbppbpppp,60
193165,271,12,24,bpbbpppbbbp,b,bpbbpppbbbpb,2026-01-26 10:57:31,bpbpbbbbbpppbppbpbbbpppbbpbbpppbbbpbbbbb,40
194188,290,12,23,bpbbpppbbbp,p,bpbbpppbbbpp,2026-01-26 10:57:31,pbbpbbbbpbbpbbppbppbpbbbpbbpppbbbppppbbbppppbbp,47
195240,311,12,1,bpbbpppbbbp,p,bpbbpppbbbpp,2026-01-26 10:57:31,bbpbbpppbbbppbbbbpppppbbbppppbppbppbpbppppppbpbpbpppbpbbppppbb,62
196824,339,12,40,bpbbpppbbbp,p,bpbbpppbbbpp,2026-01-26 10:57:31,ppbpbbppppbppbpbbpbpbbpppbbbbbpppppbbpppbpbbpppbbbppbbpbbp,58
200695,405,12,22,bpbbpppbbbp,b,bpbbpppbbbpb,2026-01-26 10:57:31,bpbpppbbbbppbbppbbpbpbbpbbpppbbbpbppbbpppbpbppbppbbppbpppp,58
205856,500,12,32,bpbbpppbbbp,p,bpbbpppbbbpp,2026-01-26 10:57:32,bbbbbbbpppbppbpbbpbpbpbbbpbpbppbbpbbpppbbbpppbpbppbbpppbppb,59
222711,820,12,36,bpbbpppbbbp,b,bpbbpppbbbpb,2026-01-26 10:57:32,pppbppbbpbbpbpppbpbbppbppbbpbpbbppppbpbbpppbbbpbbpbbpbpbbbppbbpbbppb,68
227722,907,12,23,bpbbpppbbbp,b,bpbbpppbbbpb,2026-01-26 10:57:32,ppbbpbbpbpbbbppbbpbpbppbpbbpppbbbpbb,36
227785,908,12,13,bpbbpppbbbp,p,bpbbpppbbbpp,2026-01-26 10:57:32,bbppbpbppppbbbpbbpppbbbppbpppbbbpppbpbppbbppppbpppbbpbpbpbbbpppp,64
232094,981,12,17,bpbbpppbbbp,p,bpbbpppbbbpp,2026-01-26 10:57:32,bbppbpbbpbbbpbbpbbpbbpppbbbppbppbbbpbpbp,40
232632,991,12,18,bpbbpppbbbp,b,bpbbpppbbbpb,2026-01-26 10:57:32,ppppbpbpbbppbbpbbpbpbbpppbbbpbbppppbbpbbppppbbpbbbbbbbbpppppbpppp,65
234448,1023,12,54,bpbbpppbbbp,p,bpbbpppbbbpp,2026-01-26 10:57:32,pppbbpbbbbpbpbppbbbbbpbbpbbbbpppbbbbbpbbppppbppbbbbbpbbpbbpppbbbpp,66
242313,1162,12,25,bpbbpppbbbp,p,bpbbpppbbbpp,2026-01-26 10:57:32,ppbppbpbppbpbbbbppppbbpppbpbbpppbbbppbbpbppbpbbpbpbbpp,54
252353,1334,12,48,bpbbpppbbbp,p,bpbbpppbbbpp,2026-01-26 10:57:33,bbpbppbbpppbbpbbpppbbpbppbpppbbbpppppbpppppbpbbbbpbbpppbbbppbbp,63
253465,1354,12,24,bpbbpppbbbp,b,bpbbpppbbbpb,2026-01-26 10:57:33,bppbppbbbppppbpbppbpbbpbbpbbpppbbbpbpbp,39
265506,1551,12,20,bpbbpppbbbp,p,bpbbpppbbbpp,2026-01-26 10:57:33,bbbbppbppbpbbpbpbbbpbpbbpppbbbppbbbpbpbpbbbpbbpbb,49
266370,1563,12,32,bpbbpppbbbp,b,bpbbpppbbbpb,2026-01-26 10:57:33,pbbbppppbpbbppbbppbpppbbpppbbbppbpbbpppbbbpbbpbppbpbbbbp,56
267880,1586,12,8,bpbbpppbbbp,p,bpbbpppbbbpp,2026-01-26 10:57:33,pbpbbbbpbpbbpppbbbppbppbbppbpppbbbpbbbbbppbbpppbp,49
268106,1589,12,38,bpbbpppbbbp,b,bpbbpppbbbpb,2026-01-26 10:57:33,pbbppppbpbbbbbpppbpbbbbbpbppbpppbpppbbbpbbpppbbbpbbbbbpbb,57
268164,1590,12,2,bpbbpppbbbp,p,bpbbpppbbbpp,2026-01-26 10:57:33,bpbpbbpppbbbppbpbppbpbbpppbbbppbbbpppbbbbbbbpbbbppbppbbbppppbbpb,64
268174,1590,12,19,bpbbpppbbbp,p,bpbbpppbbbpp,2026-01-26 10:57:33,bpbpbbpppbbbppbpbppbpbbpppbbbppbbbpppbbbbbbbpbbbppbppbbbppppbbpb,64
270074,1620,12,8,bpbbpppbbbp,b,bpbbpppbbbpb,2026-01-26 10:57:33,pbbpbbppbpbbpppbbbpbppbpbpbbppbbbbbpbbpppbbbppbbbbpbbpbpbpppppb,63
270088,1620,12,34,bpbbpppbbbp,p,bpbbpppbbbpp,2026-01-26 10:57:33,pbbpbbppbpbbpppbbbpbppbpbpbbppbbbbbpbbpppbbbppbbbbpbbpbpbpppppb,63
270578,1629,12,28,bpbbpppbbbp,p,bpbbpppbbbpp,2026-01-26 10:57:33,ppbbpbpbppbbppbbbpbbpbppbpbpbpbbpppbbbpppppbp,45
275195,1710,12,23,bpbbpppbbbp,p,bpbbpppbbbpp,2026-01-26 10:57:33,ppbpbpbppbpbpbbppbbpppbbpbbpppbbbppppppbpppbpppbbbppbpppbppbbbbpp,65
275268,1711,12,34,bpbbpppbbbp,b,bpbbpppbbbpb,2026-01-26 10:57:33,bppbbbpbbbbpbppbbppbpbppbbpppbbbppbpbbpppbbbpbpp,48
279336,1777,12,20,bpbbpppbbbp,b,bpbbpppbbbpb,2026-01-26 10:57:33,pbbpbpbbpppbpbbpbpppbpbbpppbbbpbppppppbpppppbpbpbpbpbbpbbbbbbbpb,64
280318,1793,12,25,bpbbpppbbbp,p,bpbbpppbbbpp,2026-01-26 10:57:33,bpbpppbbbbbbppppbbbbpbbbbbpbbpppbbbppbppbpbbbpppbbpbbppbbbbppbppbpp,67
281585,1814,12,4,bpbbpppbbbp,p,bpbbpppbbbpp,2026-01-26 10:57:34,ppbbbpbbpppbbbppbbppbbpppbbbbbpbpbbbppbbbbppbpbpbpbbbppbppbpb,61
281690,1816,12,19,bpbbpppbbbp,p,bpbbpppbbbpp,2026-01-26 10:57:34,pbpbppppbbppppbpbpbbpbbpppbbbppbbpbbpbpbp,41
283504,1846,12,21,bpbbpppbbbp,b,bpbbpppbbbpb,2026-01-26 10:57:34,pppbpbbpbppbpbbbbpbbbbpbbpppbbbpbbbppbpppbppppbbpbbppbpbpbpbpbpp,64
283903,1853,12,32,bpbbpppbbbp,b,bpbbpppbbbpb,2026-01-26 10:57:34,pbbpbbbbpbppbbpbpppppbbbbpppppbpbpbbpppbbbpb,44
377614,2035,12,2,bpbbpppbbbp,b,bpbbpppbbbpb,2026-01-29 12:33:52,bpbpbbpppbbbpbbppbpbbbpbbpbppbbbbppbppppppbbpppbpbbppbbppp,58
380028,2049,12,22,bpbbpppbbbp,p,bpbbpppbbbpp,2026-01-29 17:45:06,pbbppbppbbbbpbppbbpbpbbpbbpppbbbpppbpbppbpb,43
396535,2145,12,30,bpbbpppbbbp,b,bpbbpppbbbpb,2026-01-31 08:26:28,bppbppbppppbppbbpbppppbbpbbpbbbpbbpppbbbpbb,43
399117,2160,12,11,bpbbpppbbbp,p,bpbbpppbbbpp,2026-01-31 19:10:09,bpbbpbbppppbpbbpppbbbppbbpbpbbbbbpbppbbbbbbbppppbpbpbbppbbpbbb,62
401020,2171,12,38,bpbbpppbbbp,p,bpbbpppbbbpp,2026-01-31 19:34:43,pbbpbbpbpbbpbbppbbpppppbbpbbpbpbbbpbppbpbbpppbbbppbpbbp,55
402674,2180,12,22,bpbbpppbbbp,p,bpbbpppbbbpp,2026-01-31 19:37:53,bbpbbppbppppbbbbbbppbbbpbbpppbbbppbpbbbppbbbbpbpbbp,51
404435,2189,12,46,bpbbpppbbbp,b,bpbbpppbbbpb,2026-01-31 19:59:34,bbbbbpbppbpppbbbbppbbpbbpbbbpbbppbpbbbbpbppppbbpbbpppbbbpbpbbp,62
404990,2192,12,23,bpbbpppbbbp,b,bpbbpppbbbpb,2026-02-02 12:30:54,ppbbpppbpbpppppbbppppppbpbbpppbbbpbppppbpbpbpbbpppppbbpbpbppp,61
406659,2200,12,2,bpbbpppbbbp,b,bpbbpppbbbpb,2026-02-02 13:02:06,bpbpbbpppbbbpbbpbbpbbbpppbpppppbpbbpbbppbpppbbpbpppbbpbppppbpppp,64
408664,2212,12,37,bpbbpppbbbp,p,bpbbpppbbbpp,2026-02-02 13:30:47,bbppbpbbpppbbbbbppbppbbppbppppbbpbpppbpbbpppbbbppbppbpp,55
412509,2233,12,0,bpbbpppbbbp,p,bpbbpppbbbpp,2026-02-02 14:34:35,bpbbpppbbbpppppbbpbbbpppbbbpbbpppbpbbbppbbbbpbpbpppbbppbbbbbppbbbp,66
414528,2244,12,13,bpbbpppbbbp,p,bpbbpppbbbpp,2026-02-02 15:00:06,ppbbpppbpbpppbpbbpppbbbppbpppbppppbbbbbppbppppb,47
428342,2319,12,16,bpbbpppbbbp,b,bpbbpppbbbpb,2026-02-04 16:53:59,bbbppbbppppbbpppbpbbpppbbbpbpbbpbbpbbpbpbbbpbpbpbppbbbpppbppbbpbbb,66
428880,2322,12,3,bpbbpppbbbp,p,bpbbpppbbbpp,2026-02-04 16:54:54,pbbbpbbpppbbbpppppppppbpbbppppbbbpbpbbpbp,41
443953,2405,12,38,bpbbpppbbbp,b,bpbbpppbbbpb,2026-02-05 15:34:33,pbpbbpbpppbppbpbpbbbpbbbbbpbpbpbpbbpppbpbbpppbbbpbbppbpppbpbpb,62
448521,2429,12,17,bpbbpppbbbp,b,bpbbpppbbbpb,2026-02-05 16:51:32,pbbbbpbpbbbbbpppbbpbbpppbbbpbbpbpbbpbbpbppbpbpb,47
457203,2475,12,32,bpbbpppbbbp,p,bpbbpppbbbpp,2026-02-06 11:34:13,bbpbpppbbppbpbbbbbpbbpbbbppbpbppbpbbpppbbbppp,45
461751,2497,12,35,bpbbpppbbbp,p,bpbbpppbbbpp,2026-02-08 03:42:08,bpbbpbpbbbpbpbpbpppbpppppbbpbpbbppbbpbbpppbbbppbppppbppbpbbb,60
462787,2503,12,36,bpbbpppbbbp,b,bpbbpppbbbpb,2026-02-08 03:44:51,pppbpbppppbpbppppbbbbbbbbbppppbpppbpbpbbpppbbbpbbpppbppp,56
480360,2605,12,14,bpbbpppbbbp,p,bpbbpppbbbpp,2026-02-10 19:35:17,bpbpbpbbpbppbpbpbbpppbbbpppbpbbbppbpbbb,39
481448,2611,12,6,bpbbpppbbbp,p,bpbbpppbbbpp,2026-02-10 19:37:29,ppbpbpbpbbpppbbbpppbpbpbppppbbpbpbbppbbpbbpb,44
482467,2617,12,6,bpbbpppbbbp,b,bpbbpppbbbpb,2026-02-10 20:16:54,bbppppbpbbpppbbbpbbbpbbpppppppppppbppbbpppbbbbpbpbppbpbbb,57
483167,2620,12,32,bpbbpppbbbp,p,bpbbpppbbbpp,2026-02-10 20:17:59,bbpbbbbpbbbpbbbbpbbpbbpbpbbpbbppbpbbpppbbbpppppbpbbpppbbpbpbbpbpppp,67
483762,2623,12,31,bpbbpppbbbp,b,bpbbpppbbbpb,2026-02-10 20:19:06,pbbpbppbbpbbbbbbbbbbppbpbbbpbpbbpbbpppbbbpbpbbbbbbppbbbbbp,58
485458,2634,12,14,bpbbpppbbbp,b,bpbbpppbbbpb,2026-02-11 11:09:15,pbpbbpbbpbbpbbbpbbpppbbbpbpbpbbbpbpppbbbppbbbbbppppb,52
489869,2663,12,25,bpbbpppbbbp,p,bpbbpppbbbpp,2026-02-11 14:59:37,bbpbbbbbpbbppbbbbbbbppbbbbpbbpppbbbppbppbppbb,45
490506,2667,12,13,bpbbpppbbbp,p,bpbbpppbbbpp,2026-02-11 15:01:14,bppbppbppbpbbbpbbpppbbbppbbppbpbppbppbbpbbbbbbbppppppppbbbpp,60
512428,2794,12,30,bpbbpppbbbp,b,bpbbpppbbbpb,2026-02-12 15:11:17,bbbpbbbppbbpbbpbppbpppbbbppbbpbpbbpppbbbpbbpbp,46
517166,2822,12,9,bpbbpppbbbp,p,bpbbpppbbbpp,2026-02-12 16:39:02,bbpbpbpbbbpbbpppbbbpppppbbpbpbbpppbpbppbppbbbbbbpp,50
517908,2826,12,24,bpbbpppbbbp,b,bpbbpppbbbpb,2026-02-12 16:40:58,pbpbbbpbbbppbbppppppbbppbpbbpppbbbpbbppbbbpppbbpppbbbbppbbppbpbppbb,67
522735,2851,12,23,bpbbpppbbbp,p,bpbbpppbbbpp,2026-02-13 13:48:17,ppbbpbpbbpbpbpbbbpbpbpbbpbbpppbbbppppbppppppbpbbbpbbbppbpbbbpb,62
523339,2854,12,36,bpbbpppbbbp,b,bpbbpppbbbpb,2026-02-13 13:49:49,pppppppbpppbpbpbpbppppbbbpbbpppbbbbbbpbbpppbbbpbbbbppp,54
552377,3020,12,40,bpbbpppbbbp,p,bpbbpppbbbpp,2026-02-15 19:48:44,pbbbbpbpbppppbbbpbbbbbbpppppbpbbpppppbbpbpbbpppbbbppbbpbbpppbpbp,64
565596,3090,12,29,bpbbpppbbbp,b,bpbbpppbbbpb,2026-02-17 16:17:05,pbbpppbpppppbpbpppbbbppppbbpbbpbbpppbbbpbppbpppbbpbpbppbppppp,61
573026,3133,12,15,bpbbpppbbbp,b,bpbbpppbbbpb,2026-02-17 20:46:48,pbpbpbpbpbbbbbpbpbbpppbbbpbppbbpbpppbppbbbbpbbpbpbpbppbbb,57
586313,3205,12,10,bpbbpppbbbp,p,bpbbpppbbbpp,2026-02-20 11:06:45,bpbbpbbpppbpbbpppbbbpppbbpbpbbpbbbbpppbbbpbbppbpbpbpp,53
594356,3258,12,8,bpbbpppbbbp,p,bpbbpppbbbpp,2026-02-20 15:29:39,pbbppppbbpbbpppbbbpppbpbbbppbbbppbbbbbpppbbpbpbpp,49
603053,3314,12,15,bpbbpppbbbp,b,bpbbpppbbbpb,2026-02-21 11:23:05,bppppbbbpbpbpbbbpbbpppbbbpbpbpbpbbbbppbpppbbbbbbpbbb,52
604368,3324,12,1,bpbbpppbbbp,p,bpbbpppbbbpp,2026-02-21 11:43:24,bbpbbpppbbbpppbbpbppbpbppbpbpbbbppbpbppp,40
608519,3351,12,47,bpbbpppbbbp,b,bpbbpppbbbpb,2026-02-21 13:58:06,bpbpppbbbbppppbpbpbpbbbppppbbpbbbppbpppppppbpbbbpbbpppbbbpbbppbbppb,67
610237,3364,12,24,bpbbpppbbbp,b,bpbbpppbbbpb,2026-02-21 14:31:01,pbpbbbpbpbpppppbbbppppbpbpbbpppbbbpbbpbpbbbbpbpbbpbpbbppbpbbbb,62
623156,3457,12,4,bpbbpppbbbp,p,bpbbpppbbbpp,2026-02-22 12:18:26,ppbbbpbbpppbbbpppbpbbbpbbppppbbpppppbpppbbbpp,45
645724,3587,12,30,bpbbpppbbbp,p,bpbbpppbbbpp,2026-02-23 14:20:34,bppppbppppbbpbppbbppppbpbpbpbpbpbbpppbbbpppbpppbb,49
651956,3622,12,35,bpbbpppbbbp,p,bpbbpppbbbpp,2026-02-24 10:18:16,pbbbpbbbppbppbppbpppbpbbpbbbpbppbppbpbbpppbbbppppbbb,52
659560,3665,12,47,bpbbpppbbbp,p,bpbbpppbbbpp,2026-02-24 15:32:19,bppbpbbbbpbbbbbpbpbppbppbpbbpbppbbbbpppbbppbpppbpbbpppbbbppb,60
666329,3702,12,19,bpbbpppbbbp,b,bpbbpppbbbpb,2026-02-24 19:31:51,pbppbpbbpppppbbppbbbpbbpppbbbpbbbbppbpbbppbbbbbpbpbbbpppbpppbppb,64
669251,3720,12,15,bpbbpppbbbp,p,bpbbpppbbbpp,2026-02-24 20:22:06,bbbpbbpppbpbpppbpbbpppbbbpppbpbbppbppbbbbpp,43
673744,3749,12,24,bpbbpppbbbp,p,bpbbpppbbbpp,2026-02-25 11:33:11,pppbpbpbbpppppbbbpbpppbpbpbbpppbbbppppbpbbbpbpbpb,49
673931,3750,12,19,bpbbpppbbbp,p,bpbbpppbbbpp,2026-02-25 11:33:37,ppppbbppbpbpbpbbbbbbpbbpppbbbppbbbpbpbpbpbpbbpbppp,50
699219,3897,12,11,bpbbpppbbbp,p,bpbbpppbbbpp,2026-03-01 12:27:45,bpbbbbbbbpbbpbbpppbbbpppppbpbpppbpppbbbpbbbbpbpbbbp,51
701806,3913,12,43,bpbbpppbbbp,b,bpbbpppbbbpb,2026-03-01 15:44:46,bbbbppbbppppppbpbbpbppppbbpbpbpppppbbbbbbbbbpbbpppbbbpb,55
705521,3933,12,37,bpbbpppbbbp,b,bpbbpppbbbpb,2026-03-01 18:45:10,bbpppbpbpbbpbbpppppbpbbppbpppbbppbpppbpbbpppbbbpbbbbpbpppbpppbp,63
719325,4014,12,12,bpbbpppbbbp,p,bpbbpppbbbpp,2026-03-02 15:09:59,bbbpbbpbbbpbbpbbpppbbbppbpbbpbpbppbppbbppbbbbppbbppppbbb,56
721722,4030,12,31,bpbbpppbbbp,p,bpbbpppbbbpp,2026-03-03 13:40:59,bbbppbppbbbpbbbpbbbbpbbbpbpbpppbpbbpppbbbppppb,46
722509,4034,12,31,bpbbpppbbbp,p,bpbbpppbbbpp,2026-03-03 15:35:33,pbbppbbbpbbpbbbbpppppppbpbbppbpbpbbpppbbbpppbbpbpbbbpppb,56
722876,4036,12,5,bpbbpppbbbp,b,bpbbpppbbbpb,2026-03-03 15:36:32,pppbpbpbbpppbbbpbpbbbbbbpbpbbpppppbbbbpbbppppbbppbppbppbbbbb,60
729409,4073,12,8,bpbbpppbbbp,p,bpbbpppbbbpp,2026-03-03 19:05:25,bbpbbbppbpbbpppbbbppppbbppppbbbbbbbpbpbbbbpbpbpppbpbbbbbbbpbb,61
745046,4165,12,30,bpbbpppbbbp,p,bpbbpppbbbpp,2026-03-05 13:22:11,ppbbbbppppbbpbppbpppbppbbbpbpbbpbbpppbbbpppppppp,48
787370,4412,12,19,bpbbpppbbbp,p,bpbbpppbbbpp,2026-03-15 13:01:17,bbpbppppppbbpppbpppbpbbpppbbbppppppbbbbpbbbbbpbbpbppbpbbpppbpppbbb,66
793276,4447,12,24,bpbbpppbbbp,b,bpbbpppbbbpb,2026-03-16 19:12:04,bpbbbbpbpbppbbpbbpbppbpbbpbbpppbbbpbbbbpbbpbpppbpbbbbpbpbppp,60
793981,4451,12,24,bpbbpppbbbp,b,bpbbpppbbbpb,2026-03-16 19:13:41,bpbbbbpbpbppbbpbbpbppbpbbpbbpppbbbpbbbbpbbpbpppbpbbbbpbpbpppbpb,63
815634,4581,12,34,bpbbpppbbbp,p,bpbbpppbbbpp,2026-03-18 15:44:27,pppppbpbbpbpbbpbbbpbpbpbbbpbppbpbpbpbbpppbbbppppbppbpbbppb,58
845656,4763,12,31,bpbbpppbbbp,b,bpbbpppbbbpb,2026-04-23 13:57:42,bbppbbpbbppbbpbbbpbbpbbpbbbbpbbbpbbpppbbbpbbppp,47
853882,4811,12,12,bpbbpppbbbp,b,bpbbpppbbbpb,2026-04-23 18:51:19,bpbbppbbpbppbpbbpppbbbpbpbbbbbbbpppb,36
880506,4972,12,34,bpbbpppbbbp,p,bpbbpppbbbpp,2026-05-04 15:42:18,bpbbbbbbbbbbpbpbppbbbpbpbppbbppbbbbpbbpppbbbppbb,48
882809,4986,12,3,bpbbpppbbbp,b,bpbbpppbbbpb,2026-05-04 16:29:30,pbbbpbbpppbbbpbpbbbbbbpbpbpbbbbppbpbbbbppppbpbbbpppbbpbpp,57
884474,4996,12,6,bpbbpppbbbp,b,bpbbpppbbbpb,2026-05-04 17:35:51,pbpbbpbpbbpppbbbpbbpppbppppbbbpppppppbbpbbp,43
901847,5092,12,33,bpbbpppbbbp,b,bpbbpppbbbpb,2026-05-23 06:43:22,bpbpppbpppbbbbbbbbbbbbbpppbbpbbppbpbbpppbbbpbppb,48
923601,5221,12,28,bpbbpppbbbp,p,bpbbpppbbbpp,2026-05-28 14:22:50,pbbbpppbpbpbbpbppbbbppppbpbbbpbbpppbbbppbbbbbpbppbbbbppppbb,59
935616,5294,12,27,bpbbpppbbbp,p,bpbbpppbbbpp,2026-06-05 20:14:44,bbbbppppbbbpbpbbbpbpbbppppbbpbbpppbbbppbpbbpbbp,47
954089,5407,12,37,bpbbpppbbbp,p,bpbbpppbbbpp,2026-06-17 10:19:31,bppbbppbbppppppbpbpbpppbbpbpbbppbbbbbbpbbpppbbbppppp,52
973239,5515,12,16,bpbbpppbbbp,p,bpbbpppbbbpp,2026-06-21 11:17:37,ppppbbpppbbbppbpbpbbpppbbbppppbppbppbbbp,40
973346,5516,12,27,bpbbpppbbbp,b,bpbbpppbbbpb,2026-06-21 11:18:58,bbbppbbpppppbbbbbbbbppbbppbbpbbpppbbbpbpbpbb,44
981498,5563,12,0,bpbbpppbbbp,b,bpbbpppbbbpb,2026-06-23 07:17:16,bpbbpppbbbpbpbbppbpbppbpbpbpppppbpbpbbbbp,41
188335,143,12,5,bpbbpppbpbb,b,bpbbpppbpbbb,2026-01-26 10:57:31,pbbppbpbbpppbpbbbbpb,20
206219,507,12,2,bpbbpppbpbb,b,bpbbpppbpbbb,2026-01-26 10:57:32,bbbpbbpppbpbbbbpbbbpbbbppbpppbbpbpp,35
210205,583,12,2,bpbbpppbpbb,p,bpbbpppbpbbp,2026-01-26 10:57:32,ppbpbbpppbpbbpbbpppbbpbppppbppbppbbpbbbbpbbpbbppppbpbpppppbbbbp,63
212879,629,12,14,bpbbpppbpbb,p,bpbbpppbpbbp,2026-01-26 10:57:32,pbbbppbbbpbppbbpbbpppbpbbppbbbbbbpbbpb,38
219858,765,12,16,bpbbpppbpbb,p,bpbbpppbpbbp,2026-01-26 10:57:32,pbbbbbpppbppppbbbpbbpppbpbbpbbpbbpppppppbbbpbpbbpbbbbp,54
226590,888,12,2,bpbbpppbpbb,p,bpbbpppbpbbp,2026-01-26 10:57:32,bpbpbbpppbpbbpbppppppbpbpp,26
227622,905,12,44,bpbbpppbpbb,p,bpbbpppbpbbp,2026-01-26 10:57:32,bpppbpbpbpbpbppbbppppbbbbbpbpbbppppppbbpbbpbbpbbpppbpbbpbbppbbbp,64
246262,1228,12,35,bpbbpppbpbb,b,bpbbpppbpbbb,2026-01-26 10:57:33,pbppbpbpbppbbbbpbbpppbbpbbpppbbppppbpbbpppbpbbbpbbpbppp,55
246411,1231,12,11,bpbbpppbpbb,p,bpbbpppbpbbp,2026-01-26 10:57:33,bppppbpbbbbbpbbpppbpbbpbpbppbbbbpppbbbbb,40
253186,1348,12,17,bpbbpppbpbb,p,bpbbpppbpbbp,2026-01-26 10:57:33,pppbbpbpppppbbbpbbpbbpppbpbbpbppppbbbpppppbpbpp,47
253319,1351,12,17,bpbbpppbpbb,p,bpbbpppbpbbp,2026-01-26 10:57:33,pppbbpbpppppbbbpbbpbbpppbpbbpbppppbbbpppppbpbppppp,50
254425,1369,12,28,bpbbpppbpbb,p,bpbbpppbpbbp,2026-01-26 10:57:33,ppbpppppbpbbbpbpppppbbbppbbbbpbbpppbpbbpppbpbbbbpbpbpbpbbp,58
254429,1369,12,35,bpbbpppbpbb,b,bpbbpppbpbbb,2026-01-26 10:57:33,ppbpppppbpbbbpbpppppbbbppbbbbpbbpppbpbbpppbpbbbbpbpbpbpbbp,58
257615,1422,12,11,bpbbpppbpbb,b,bpbbpppbpbbb,2026-01-26 10:57:33,ppbbpbpbpbbbpbbpppbpbbbpbbppbpppbpbpbbbbbppbbbbpbb,50
259744,1457,12,11,bpbbpppbpbb,p,bpbbpppbpbbp,2026-01-26 10:57:33,bpbbpbbpbppbpbbpppbpbbpppbbppbbbpppppbbb,40
260206,1465,12,30,bpbbpppbpbb,p,bpbbpppbpbbp,2026-01-26 10:57:33,bbbbbpbpbbpbbbpbbpppbpbppbbpbpbpbbpppbpbbpppbbpbbppppbbppbb,59
260606,1472,12,2,bpbbpppbpbb,b,bpbbpppbpbbb,2026-01-26 10:57:33,bbbpbbpppbpbbbbpbppppbbbbppppbbpbppbpbbbpbpb,44
261564,1488,12,35,bpbbpppbpbb,b,bpbbpppbpbbb,2026-01-26 10:57:33,bpppbbppbpbppbbpbppppppbppbbpbpbbpbbpbbpppbpbbbbbbbbbbbpbp,58
264192,1532,12,24,bpbbpppbpbb,p,bpbbpppbpbbp,2026-01-26 10:57:33,bppbbbpppbpbbbbbbbbbbbppbpbbpppbpbbpppbppbpppbpppbpp,52
266767,1570,12,34,bpbbpppbpbb,p,bpbbpppbpbbp,2026-01-26 10:57:33,bbbbbppbbbpbpbbbbbpppppbbpbpbbbpppbpbbpppbpbbppbbpb,51
267035,1574,12,25,bpbbpppbpbb,p,bpbbpppbpbbp,2026-01-26 10:57:33,pbpbpbbbpppbbbbpppbppppbbbpbbpppbpbbpbpbbbbppbbbbbpbb,53
268475,1594,12,11,bpbbpppbpbb,p,bpbbpppbpbbp,2026-01-26 10:57:33,pbpbpbpbpbbbpbbpppbpbbpbpppbpbpppbpbpbbpbpbpbbbpbbppppbpbbpppbbbbb,66
268644,1596,12,22,bpbbpppbpbb,p,bpbbpppbpbbp,2026-01-26 10:57:33,pbpbpbbbbbbbpbbbbbppppbpbbpppbpbbpbpbppbbpbppbbbbbbbpbpbb,57
274369,1695,12,7,bpbbpppbpbb,b,bpbbpppbpbbb,2026-01-26 10:57:33,bpbpbbbbpbbpppbpbbbpbpppppbbpbppppbppbppbbpbpbbbbbbppbbb,56
278036,1758,12,49,bpbbpppbpbb,b,bpbbpppbpbbb,2026-01-26 10:57:33,bbpbbbpbppbbpbpbbppbbppppbpbpppppppbbbppbpbpbpbbbbpbbpppbpbbbbb,63
279326,1777,12,4,bpbbpppbpbb,p,bpbbpppbpbbp,2026-01-26 10:57:33,pbbpbpbbpppbpbbpbpppbpbbpppbbbpbppppppbpppppbpbpbpbpbbpbbbbbbbpb,64
282121,1823,12,38,bpbbpppbpbb,p,bpbbpppbpbbp,2026-01-26 10:57:34,bppbbpppppbpbbbbbbpppppppbpbbppbbpbpbpbpbbpppbpbbpbpbpb,55
282318,1826,12,22,bpbbpppbpbb,p,bpbbpppbpbbp,2026-01-26 10:57:34,bpbpppbpbpbbppbbppbbbbbpbbpppbpbbpbbbpppbbbpbbbbbbpbpb,54
288782,1897,12,12,bpbbpppbpbb,p,bpbbpppbpbbp,2026-01-26 13:56:39,bbbbppbpppbpbpbbpppbpbbppbppbpbbpbpbbppbbbpppbpp,48
289275,1900,12,25,bpbbpppbpbb,b,bpbbpppbpbbb,2026-01-26 13:57:36,bppbpbbpppbppbpppbpbbpbbbbpbbpppbpbbbbbbbbbpppbpbpppbbp,55
364252,1960,12,16,bpbbpppbpbb,b,bpbbpppbpbbb,2026-01-27 13:37:57,bbbbpbbpppbbppbpbpbbpppbpbbbpbbbpbppppbppbppp,45
368042,1982,12,33,bpbbpppbpbb,p,bpbbpppbpbbp,2026-01-27 17:09:43,ppbbbpbpbppbpppbbpbbppbbpbbbbbbbpbpbbpppbpbbpbbpbpbp,52
370788,1997,12,26,bpbbpppbpbb,b,bpbbpppbpbbb,2026-01-28 10:55:59,bpbbppbbbpbppbppbppppbppbpbpbbpppbpbbbpppbb,43
383970,2073,12,17,bpbbpppbpbb,p,bpbbpppbpbbp,2026-01-30 10:15:06,pppppppbbppbbbbbbbpbbpppbpbbpbpbpbbbbpbbpppppbbbb,49
402326,2178,12,38,bpbbpppbpbb,p,bpbbpppbpbbp,2026-01-31 19:36:56,pbpbpbbbbppbpbppbbbbbpbpbpppbbpbbbbpppbpbbpppbpbbpbbpp,54
405638,2195,12,49,bpbbpppbpbb,p,bpbbpppbpbbp,2026-02-02 12:31:58,bppbbppbbbppbpbbbpbbpbbppppbpbbbpbbpbbbppbpbbpppbbpbbpppbpbbppp,63
408283,2210,12,12,bpbbpppbpbb,b,bpbbpppbpbbb,2026-02-02 13:30:13,ppbbppbbppbpbpbbpppbpbbbbppbpbppbppppppppbbpbppppbppppbbbbppbbbpbbp,67
410756,2223,12,33,bpbbpppbpbb,b,bpbbpppbpbbb,2026-02-02 14:13:59,ppbbbbbppppbpbbpbbbpbbbpbpppppbppbpbbpppbpbbbbpb,48
412519,2233,12,26,bpbbpppbpbb,b,bpbbpppbpbbb,2026-02-02 14:34:35,bpbbpppbbbpppppbbpbbbpppbbbpbbpppbpbbbppbbbbpbpbpppbbppbbbbbppbbbp,66
416671,2257,12,26,bpbbpppbpbb,b,bpbbpppbpbbb,2026-02-02 15:44:48,bbpppbppbpbpppbbppbbbpbpbbbpbbpppbpbbbpbpppbbbb,47
421117,2280,12,22,bpbbpppbpbb,p,bpbbpppbpbbp,2026-02-03 09:42:29,bbpbpbbbbpbbbbbppbbbppbpbbpppbpbbppbbbbbpbpppbbbpp,50
433590,2349,12,25,bpbbpppbpbb,b,bpbbpppbpbbb,2026-02-04 18:05:45,pbbbbpbppbbppbbbpbpppbpppbpbbpppbpbbbbbbpbbpbppbbppppbppbpbbbbppbbb,67
436935,2367,12,28,bpbbpppbpbb,b,bpbbpppbpbbb,2026-02-04 19:41:27,pbbbpbpppppppbbbppbpbbpbbppbbpbbpppbpbbbpppbp,45
443006,2400,12,37,bpbbpppbpbb,p,bpbbpppbpbbp,2026-02-05 15:06:42,bbbbbpbbbbbbbpbbpbbpppppppppbbpppbbbbbpbbpppbpbbppbppppbpbbbpbb,63
443949,2405,12,31,bpbbpppbpbb,p,bpbbpppbpbbp,2026-02-05 15:34:33,pbpbbpbpppbppbpbpbbbpbbbbbpbpbpbpbbpppbpbbpppbbbpbbppbpppbpbpb,62
457566,2477,12,19,bpbbpppbpbb,p,bpbbpppbpbbp,2026-02-06 11:34:47,bbbpppppbpbbbbppbbbbpbbpppbpbbpbbpbpbbbpppbbpbpbpbpbbbbpb,57
459045,2484,12,3,bpbbpppbpbb,b,bpbbpppbpbbb,2026-02-06 12:34:50,bppbpbbpppbpbbbbpbpbpbbpbppppbbbbbppbppbpppbbbbb,48
460434,2491,12,40,bpbbpppbpbb,p,bpbbpppbpbbp,2026-02-06 13:01:04,bppbppbbbbpbppppbbppbppppppppppbpbppbppbbpbbpppbpbbpbpp,55
464412,2512,12,5,bpbbpppbpbb,b,bpbbpppbpbbb,2026-02-08 04:05:29,bbpppbpbbpppbpbbbbpbpbppppbpbbbbbppppbpbpb,42
466490,2525,12,11,bpbbpppbpbb,b,bpbbpppbpbbb,2026-02-09 15:26:40,pbppbpbpbbbbpbbpppbpbbbbbpbpbbpbpbpppppp,40
469114,2539,12,24,bpbbpppbpbb,p,bpbbpppbpbbp,2026-02-09 15:50:38,pbppbbppppbpbpppppbbbbbpbpbbpppbpbbpbpbbbpbbbbb,47
475013,2571,12,39,bpbbpppbpbb,b,bpbbpppbpbbb,2026-02-10 17:24:40,bbpbpbbbppbppbbbbbpbpbbpbbbbpbpbbpbpbbbbpbbpppbpbbbpbpbb,56
488694,2654,12,2,bpbbpppbpbb,b,bpbbpppbpbbb,2026-02-11 14:15:37,bpbpbbpppbpbbbbpbpbppppbpbbppppbbbbpppbpbbbbbppbbbb,51
509148,2775,12,28,bpbbpppbpbb,b,bpbbpppbpbbb,2026-02-12 14:09:05,pbbbbbppbbppbbbbbbbbbpbpbbbbbpbbpppbpbbbbppppbppbpppbbpbpbbpppbpbbpb,68
509162,2775,12,55,bpbbpppbpbb,p,bpbbpppbpbbp,2026-02-12 14:09:05,pbbbbbppbbppbbbbbbbbbpbpbbbbbpbbpppbpbbbbppppbppbpppbbpbpbbpppbpbbpb,68
510120,2782,12,0,bpbbpppbpbb,p,bpbbpppbpbbp,2026-02-12 14:34:52,bpbbpppbpbbppbbbbpppbbbbpbppbbbpppbbpppbbp,42
515937,2814,12,12,bpbbpppbpbb,p,bpbbpppbpbbp,2026-02-12 15:55:47,ppppbbppppbpbpbbpppbpbbpbpbppbpbppbbpbbpbbbbpppb,48
527174,2876,12,15,bpbbpppbpbb,p,bpbbpppbpbbp,2026-02-13 15:05:47,bpbpbbppbbbpbpbbpbbpppbpbbpppppbppbpbbpbbb,42
529922,2891,12,32,bpbbpppbpbb,p,bpbbpppbpbbp,2026-02-13 16:26:24,bpbpppbpppbbbpppppbpbbppbbbpbpbbbpbbpppbpbbpppbbppbbpbppbpppppbbbbbbbbp,71
537145,2931,12,10,bpbbpppbpbb,b,bpbbpppbpbbb,2026-02-13 20:04:43,bbpbbppbbpbpbbpppbpbbbbppbbpppbpbbbpbpbpbpppp,45
540859,2951,12,16,bpbbpppbpbb,p,bpbbpppbpbbp,2026-02-14 10:31:23,ppbbbbpbpbpbbpbpbpbbpppbpbbpbppbppbpbpppbpbbppbbpbbbp,53
548077,2997,12,22,bpbbpppbpbb,b,bpbbpppbpbbb,2026-02-14 15:55:40,bbbpppppbpbbbpppppbpbbbpbbpppbpbbbbppbbbpbppbpppbppbpbppppppbp,62
559756,3059,12,46,bpbbpppbpbb,b,bpbbpppbpbbb,2026-02-17 14:32:48,bpppbpbpbbpbbbbpppbbpbbbpbbbbbpbbbpbpppbbbppppbpbbpppbpbbbpp,60
563551,3080,12,6,bpbbpppbpbb,p,bpbbpppbpbbp,2026-02-17 15:48:41,pbpbbbbpbbpppbpbbpbpbpbpbppppppbbppbpbbp,40
564225,3083,12,31,bpbbpppbpbb,p,bpbbpppbpbbp,2026-02-17 15:50:27,bbbbbpbbppppbppbpbbpppbbbbbppbpbpbbpppbpbbppbbbpppbpbbbp,56
564776,3086,12,17,bpbbpppbpbb,p,bpbbpppbpbbp,2026-02-17 16:15:12,bpbbpbppbbbppbpbbbpbbpppbpbbpbpbbbbbbbppbpppbbbpbpbbpbpbpbbbpbpb,64
574262,3140,12,23,bpbbpppbpbb,b,bpbbpppbpbbb,2026-02-17 20:50:29,ppbbbbpbpbbbbpbbpbpppppbpbbpppbpbbbbbpbbppppp,45
579164,3167,12,14,bpbbpppbpbb,p,bpbbpppbpbbp,2026-02-19 10:46:20,pbbpbbbppbbbpbbpbbpppbpbbpbpbppbbbp,35
581605,3180,12,22,bpbbpppbpbb,p,bpbbpppbpbbp,2026-02-19 11:10:35,bpppbbbbbbpbbbbpbpbppbbpbbpppbpbbpbpbpbbppbppbbpbpp,51
586309,3205,12,3,bpbbpppbpbb,p,bpbbpppbpbbp,2026-02-20 11:06:45,bpbbpbbpppbpbbpppbbbpppbbpbpbbpbbbbpppbbbpbbppbpbpbpp,53
588490,3219,12,25,bpbbpppbpbb,p,bpbbpppbpbbp,2026-02-20 12:54:05,bbbbpbpbbbbpbbpbpbpbbbbbbbpbbpppbpbbpbbpbppbbppbppbp,52
609982,3363,12,3,bpbbpppbpbb,b,bpbbpppbpbbb,2026-02-21 14:30:32,bbbbpbbpppbpbbbbbppbbppppppppbbbppbpbpbbbppbbbp,47
610516,3366,12,51,bpbbpppbpbb,p,bpbbpppbpbbp,2026-02-21 14:31:54,bbpbppbbpppbbpbpbpbpppbpbpppbpppppbpbbbpbbpbppppbbpbpbbpppbpbbp,63
621903,3449,12,8,bpbbpppbpbb,p,bpbbpppbpbbp,2026-02-22 12:13:57,bbbbbpbpbpbbpppbpbbppbbppbbpbpppbbpbpppbpbbppbpppbbp,52
649703,3609,12,1,bpbbpppbpbb,b,bpbbpppbpbbb,2026-02-24 09:50:58,bbpbbpppbpbbbpbbbbpbbbbbppbpbppbbpppbpbpbpppbpbpbbbbpppbpppbbbpbp,65
667261,3708,12,31,bpbbpppbpbb,p,bpbbpppbpbbp,2026-02-24 19:46:04,bppbppppbbpbbbbbbpbbbbbbpbbpbppbpbbpppbpbbppppppbpbppbbbbppp,60
717689,4003,12,13,bpbbpppbpbb,p,bpbbpppbpbbp,2026-03-02 14:43:00,ppbbbpbbbbbpbbpbbpppbpbbpbpbpppbpbbpppppbbpbbpbppbbbbbpppbb,59
725093,4048,12,16,bpbbpppbpbb,b,bpbbpppbpbbb,2026-03-03 17:59:39,bppbpbbbbbbbbpppbpbbpppbpbbbpbppbpbbpppbppbbbpbbpppbp,53
725978,4053,12,16,bpbbpppbpbb,p,bpbbpppbpbbp,2026-03-03 18:01:32,pbppbbbpbpbpppppbpbbpppbpbbpppbpbbpbbbpbbbb,43
725982,4053,12,23,bpbbpppbpbb,p,bpbbpppbpbbp,2026-03-03 18:01:32,pbppbbbpbpbpppppbpbbpppbpbbpppbpbbpbbbpbbbb,43
741292,4144,12,36,bpbbpppbpbb,b,bpbbpppbpbbb,2026-03-04 15:08:43,pbpbpbpbbpbbbpppbppbbpppbpbbbbbbbbpbbpbbpppbpbbbbbbbppbp,56
743324,4155,12,44,bpbbpppbpbb,b,bpbbpppbpbbb,2026-03-04 15:38:47,bpppbbpppbppbbpppbbbbpbbpbbpbbppbbbpbbpbbppbbpbbpppbpbbb,56
748325,4185,12,13,bpbbpppbpbb,b,bpbbpppbpbbb,2026-03-05 13:55:47,pbpbbppbbbppbbpbbpppbpbbbbbbpbpbbpb,35
750718,4197,12,29,bpbbpppbpbb,b,bpbbpppbpbbb,2026-03-05 14:43:26,bbppbppbpppbbbpbbpbbbppppbbbbbpbbpppbpbbbpppppppbb,50
751097,4199,12,8,bpbbpppbpbb,p,bpbbpppbpbbp,2026-03-05 14:44:33,ppbbpbpbbpbbpppbpbbpbppbpbpbbbppbppbpb,38
751440,4201,12,14,bpbbpppbpbb,p,bpbbpppbpbbp,2026-03-05 15:21:43,ppbpbppppbbbppbpbbpppbpbbpbbbbppbbpppbbb,40
761609,4262,12,32,bpbbpppbpbb,p,bpbbpppbpbbp,2026-03-06 17:00:32,pbbbbppbbppbppbppppbbbpbbpbbpppbbpbbpppbpbbpbpppbbpbp,53
762313,4266,12,6,bpbbpppbpbb,p,bpbbpppbpbbp,2026-03-06 17:02:12,pppbppbpbbpppbpbbpbbbbppbppbppbpbbpbbpppppbbppppppppbpppbppb,60
762709,4269,12,30,bpbbpppbpbb,p,bpbbpppbpbbp,2026-03-06 17:03:04,pbbbpbpbppbbbbpbppbpbpppbpbpbbbpbbpppbpbbpbbppppbppbbbppbp,58
803226,4502,12,25,bpbbpppbpbb,b,bpbbpppbpbbb,2026-03-17 20:50:06,pppppbppbpppbbppppbbbppbpbpbbpppbpbbbpppbpppppbpppbpp,53
816748,4588,12,42,bpbbpppbpbb,b,bpbbpppbpbbb,2026-03-18 16:13:51,pbbbbpbpppbbpbbbbpbbbpbppbbbpbppbbbpbpbpbpbpbbpppbpbbbb,55
826606,4647,12,44,bpbbpppbpbb,p,bpbbpppbpbbp,2026-03-24 06:19:49,bpbpbpppppbpbbbpbpppbbbpbbbppppbppbpbbpbpbbpbpbbpppbpbbpppbbbbpbpbp,67
845054,4760,12,32,bpbbpppbpbb,p,bpbbpppbpbbp,2026-04-23 13:55:29,bbpbbbpbbbpbpppbbppbppbpbpbbbbppbpbbpppbpbbppppppb,50
848735,4779,12,31,bpbbpppbpbb,p,bpbbpppbpbbp,2026-04-23 14:55:17,pbbbpbbbbbpppbbppbbbpbpbbbpbpppbpbbpppbpbbpppppppppbppbpppbppp,62
855025,4819,12,12,bpbbpppbpbb,p,bpbbpppbpbbp,2026-04-23 18:57:48,bbbbpbbpbppbbpbbpppbpbbpbbbpppppbpbbb,37
869471,4908,12,23,bpbbpppbpbb,p,bpbbpppbpbbp,2026-05-04 07:53:03,bbbbpbpbbpppppppbbbpbbpbpbbpppbpbbpppbbppp,42
869840,4910,12,21,bpbbpppbpbb,p,bpbbpppbpbbp,2026-05-04 07:54:36,bppbpbpppppbbbpbbppppbpbbpppbpbbppbpbbpbpbpbpppbbbp,51
871822,4922,12,13,bpbbpppbpbb,b,bpbbpppbpbbb,2026-05-04 08:25:15,ppppbbbppbppbbpbbpppbpbbbbpbppbpbpbppbbppbppbppbppppbpp,55
874408,4938,12,27,bpbbpppbpbb,p,bpbbpppbpbbp,2026-05-04 09:11:59,bpppppppppppbbppppbbppbbpbpbpbbpppbpbbppbbpbbbpbp,49
878098,4959,12,0,bpbbpppbpbb,b,bpbbpppbpbbb,2026-05-04 11:31:15,bpbbpppbpbbbbpbppbppbbppppppbppbppbpbppbpbbbbpbp,48
880892,4974,12,28,bpbbpppbpbb,p,bpbbpppbpbbp,2026-05-04 15:44:11,bbpbpbbbpbbpppbbbbbbppbpbpbbbpbbpppbpbbpbppbpbpbbp,50
889797,5023,12,27,bpbbpppbpbb,b,bpbbpppbpbbb,2026-05-14 07:23:43,pbbppbbbbpbbbpbbpbpbppbppbpbpbbpppbpbbbbpbbpbppbbbbpb,53
906047,5117,12,38,bpbbpppbpbb,b,bpbbpppbpbbb,2026-05-26 10:12:11,ppbbbbbppbbbppbppbbbbbppppbbppppbbbbpbbpbbpppbpbbbbpbpbbbbbppppppb,66
908420,5131,12,39,bpbbpppbpbb,p,bpbbpppbpbbp,2026-05-26 11:39:37,bbbbbbbpbpbbbbpbpbbpbbbbppbbbppbppbbbpbbpbbpppbpbbppbbbpbbpbbp,62
918355,5191,12,17,bpbbpppbpbb,p,bpbbpppbpbbp,2026-05-28 10:43:22,bbppbbpbbppbbppbpbpbbpppbpbbpbbpbbbpppbbbbbpbp,46
925620,5234,12,25,bpbbpppbpbb,p,bpbbpppbpbbp,2026-05-28 15:32:33,bbbpbpbbpbbpbpbbbpbpbppppbpbbpppbpbbpppbpbbppppbbbb,51
925624,5234,12,32,bpbbpppbpbb,p,bpbbpppbpbbp,2026-05-28 15:32:33,bbbpbpbbpbbpbpbbbpbpbppppbpbbpppbpbbpppbpbbppppbbbb,51
951861,5393,12,11,bpbbpppbpbb,b,bpbbpppbpbbb,2026-06-15 12:19:50,ppbppbbpbbbbpbbpppbpbbbpppppppbpbpbpppbppppb,44
954834,5412,12,13,bpbbpppbpbb,b,bpbbpppbpbbb,2026-06-17 21:37:31,pbpbpbbpppppbbpbbpppbpbbbpbpppbppppppbpbppppbpbbbbpbbpbbppp,59
960164,5441,12,21,bpbbpppbpbb,b,bpbbpppbpbbb,2026-06-19 14:01:22,bpbbbbbppbbbpbpbbppbbbpbbpppbpbbbpbpbbbbbbpbbppppbpbpb,54
961640,5450,12,13,bpbbpppbpbb,b,bpbbpppbpbbb,2026-06-20 09:09:16,bbppbbbbbbbbpbpbbpppbpbbbpppbbpbbbppppbpbppbbb,46
973114,5514,12,11,bpbbpppbpbb,p,bpbbpppbpbbp,2026-06-21 11:14:02,bbpppppppbbbpbbpppbpbbpppppbppbbpppbbbbbbbbpppppppbppppp,56
975965,5531,12,37,bpbbpppbpbb,b,bpbbpppbpbbb,2026-06-22 09:45:22,bbpbbbbppbbbbpppbpbppbbpbppppppppbbppbpbbpppbpbbbpbpb,53
978910,5548,12,31,bpbbpppbpbb,b,bpbbpppbpbbb,2026-06-23 06:41:25,bbbppbbppppbbbbpbbppbpppbbbpppbbpbbpppbpbbbbpbbppppbpbpppbpppbppbb,66
187274,90,12,3,bpbbpppbpbp,b,bpbbpppbpbpb,2026-01-26 10:57:31,bpbbpbbpppbpbpbbbbbpppp,23
194659,298,12,32,bpbbpppbpbp,b,bpbbpppbpbpb,2026-01-26 10:57:31,ppbbbbpbbbpbpbbbpbbppppbbbpbpbppbpbbpppbpbpbpbppbbbbpbppppppb,61
198368,366,12,16,bpbbpppbpbp,b,bpbbpppbpbpb,2026-01-26 10:57:31,pbbbpppbppppbbbbbpbbpppbpbpbppppppbbpbbpbppbpbbppbpbppp,55
201607,425,12,10,bpbbpppbpbp,b,bpbbpppbpbpb,2026-01-26 10:57:31,bpppbbppppbpbbpppbpbpbpbbpbpbpbpp,33
202730,443,12,41,bpbbpppbpbp,p,bpbbpppbpbpp,2026-01-26 10:57:31,pppbbpbppbbppbppbpbbpbppppbbpppppppbppbbbbpbbpppbpbppbppbbbpppp,63
204360,474,12,2,bpbbpppbpbp,p,bpbbpppbpbpp,2026-01-26 10:57:32,ppbpbbpppbpbppbbbbppppppppbpbppp,32
206963,522,12,6,bpbbpppbpbp,p,bpbbpppbpbpp,2026-01-26 10:57:32,bbbpbpbpbbpppbpbppppbppbpbbpbbbbbbpbbbbbbbpppbp,47
207436,533,12,22,bpbbpppbpbp,p,bpbbpppbpbpp,2026-01-26 10:57:32,ppppbbbbpbpbbpbpppbbppbpbbpppbpbppbppbppbbpbbpbbbbppppbppppbbbbbpp,66
212488,621,12,49,bpbbpppbpbp,b,bpbbpppbpbpb,2026-01-26 10:57:32,pbpbbppbpbbbppbpppbbpbpbbbppbpbpbpbbpbbbbppbbpppbbpbbpppbpbpbppbb,65
215898,689,12,2,bpbbpppbpbp,p,bpbbpppbpbpp,2026-01-26 10:57:32,bpbpbbpppbpbppbbpbbppppppbbppbpbppbbpbbpbb,42
216226,694,12,36,bpbbpppbpbp,b,bpbbpppbpbpb,2026-01-26 10:57:32,pppbbbbpbbbpbbbppbbbbpppbpppppppbbppbpbbpppbpbpbbpppppbpbp,58
218880,746,12,17,bpbbpppbpbp,p,bpbbpppbpbpp,2026-01-26 10:57:32,pbpbbppppbbppppppbpbbpppbpbppbbbbppb,36
219807,764,12,47,bpbbpppbpbp,p,bpbbpppbpbpp,2026-01-26 10:57:32,pppbpppppbppbbbbbbbpbbppbpbpbppbbbbppbpppppppbpbpbbpppbpbppppbpbpbppbp,70
227251,900,12,32,bpbbpppbpbp,b,bpbbpppbpbpb,2026-01-26 10:57:32,ppppbbbpppppbpppbbpbbpppbbbbbbppbpbbpppbpbpbpbbpbpbbpbbbpbbbbpb,63
232410,987,12,19,bpbbpppbpbp,b,bpbbpppbpbpb,2026-01-26 10:57:32,bbbpbpppbbppbbppppbbpbbpppbpbpbbbppppbbbbp,42
232992,998,12,22,bpbbpppbpbp,p,bpbbpppbpbpp,2026-01-26 10:57:32,bbppbbpbpbppbppbbbpppbbpbbpppbpbpppbbbppp,41
236175,1051,12,17,bpbbpppbpbp,b,bpbbpppbpbpb,2026-01-26 10:57:32,bpppbpbpbpbbbppbbbpbbpppbpbpbppppbpbbpbpppbppbp,47
239434,1110,12,36,bpbbpppbpbp,b,bpbbpppbpbpb,2026-01-26 10:57:32,pppbpbbpbpbpppppbppbppbbpppppbppbpbbbpbbpppbpbpbpbb,51
240828,1136,12,9,bpbbpppbpbp,b,bpbbpppbpbpb,2026-01-26 10:57:32,bbbbpbbppbpbbpppbpbpbbbpppbppbpbppbbbbpbpppppb,46
246603,1234,12,2,bpbbpppbpbp,b,bpbbpppbpbpb,2026-01-26 10:57:33,bpbpbbpppbpbpbbbpbpbpbbpbbbbpppbbppbbbpbbpbpbppbpbpbbbpbbppbbpppbb,66
247483,1249,12,33,bpbbpppbpbp,p,bpbbpppbpbpp,2026-01-26 10:57:33,pbbpbbpbbppbpbbpbbbbppbbpppbbpbppbpbbpppbpbppbppbb,50
247590,1251,12,28,bpbbpppbpbp,b,bpbbpppbpbpb,2026-01-26 10:57:33,bbbpbpbpbbpppbbppbbbpbbbpbpbbpbbpppbpbpbpp,42
249977,1291,12,22,bpbbpppbpbp,p,bpbbpppbpbpp,2026-01-26 10:57:33,bppbbbbpbbbppppbpbbbbpbpbbpppbpbppbpbbpbbpbpbbbbbppbbbbpbppb,60
250115,1293,12,32,bpbbpppbpbp,b,bpbbpppbpbpb,2026-01-26 10:57:33,ppbpbppppbbpbpbbppbpbpbbbppbbbbpbpbbpppbpbpb,44
252629,1338,12,17,bpbbpppbpbp,b,bpbbpppbpbpb,2026-01-26 10:57:33,pbpbpbbbbbpbbppppbpbbpppbpbpbbbpbpbbbppbbbb,43
255755,1391,12,30,bpbbpppbpbp,b,bpbbpppbpbpb,2026-01-26 10:57:33,pppbbbbbbbbpbbpbbpbpppppbbbppbbpbbpppbpbpbpbbbbbppbbbpbbbpbpbbbbpppb,68
257996,1428,12,17,bpbbpppbpbp,b,bpbbpppbpbpb,2026-01-26 10:57:33,pbppbbpbpppbppbbbbpbbpppbpbpbpppbbpbpbpbbbp,43
259639,1455,12,22,bpbbpppbpbp,p,bpbbpppbpbpp,2026-01-26 10:57:33,pppbbpbpbbpppbppbpbpbbbpbbpppbpbppbpbbpp,40
260194,1465,12,13,bpbbpppbpbp,p,bpbbpppbpbpp,2026-01-26 10:57:33,bbbbbpbpbbpbbbpbbpppbpbppbbpbpbpbbpppbpbbpppbbpbbppppbbppbb,59
267239,1577,12,40,bpbbpppbpbp,b,bpbbpppbpbpb,2026-01-26 10:57:33,bbpbbbbbpbppbpppbpbpbbpbppbbbppbbppppbbbbpbbpppbpbpbpbpbppbpppbbpp,66
267441,1580,12,13,bpbbpppbpbp,b,bpbbpppbpbpb,2026-01-26 10:57:33,pbbpbbbbpbpbbbpbbpppbpbpbbppbpbpbppppbppbbbppbppbppb,52
271479,1644,12,14,bpbbpppbpbp,p,bpbbpppbpbpp,2026-01-26 10:57:33,bpbbbbbpbbppbpbpbbpppbpbppbpbpbbbpppbbbpbbppbbbbb,49
280440,1795,12,11,bpbbpppbpbp,b,bpbbpppbpbpb,2026-01-26 10:57:33,bppbpbbbbbbbpbbpppbpbpbbpbbpbppbppbppbbpbpppbbpbbpp,51
285039,1870,12,31,bpbbpppbpbp,p,bpbbpppbpbpp,2026-01-26 10:57:34,pppbpbbbpbpbbppppbpbbbpbbpbppbpbpbbpppbpbppp,44
285097,1871,12,12,bpbbpppbpbp,p,bpbbpppbpbpp,2026-01-26 10:57:34,pbbbbppbbppbbpbbpppbpbpppppbbpbppppbpbpbbbpbbpbbppbbpppbp,57
285174,1872,12,32,bpbbpppbpbp,p,bpbbpppbpbpp,2026-01-26 10:57:34,bpppbbpbbpppppbbbbbbpbbpppbpppppbpbbpppbpbpppbbpbpppppbbbp,58
361837,1947,12,41,bpbbpppbpbp,p,bpbbpppbpbpp,2026-01-27 13:12:24,bbpbpbppppbbbbpbppbpbpbbbbbpbbbbppbpbbbppbpbbpppbpbppb,54
383365,2069,12,25,bpbbpppbpbp,p,bpbbpppbpbpp,2026-01-30 10:13:10,pppbbbpbbbbpbbbbbbbbpbpbpbpbbpppbpbpp,37
386352,2088,12,24,bpbbpppbpbp,b,bpbbpppbpbpb,2026-01-30 10:48:45,bbpbpbbpbbppbbppbppbpbbbbpbbpppbpbpbpbbp,40
397107,2149,12,3,bpbbpppbpbp,p,bpbbpppbpbpp,2026-01-31 08:27:32,ppbbpbbpppbpbppppbppppbbppppbbbpppbbbbbbbbpbpppbbppppbpbpbbp,60
397690,2152,12,47,bpbbpppbpbp,p,bpbbpppbpbpp,2026-01-31 08:28:25,bppppbpbppppbppbpbppbpbbpppbbppbpbbbpbbpbbbppbbbpbbpppbpbppbpb,62
401818,2176,12,17,bpbbpppbpbp,b,bpbbpppbpbpb,2026-01-31 19:36:12,bbbpbbbpppbpbppbbbpbbpppbpbpbppppbppbbpbppbbpbpppb,50
403217,2183,12,39,bpbbpppbpbp,b,bpbbpppbpbpb,2026-01-31 19:57:24,ppbbbbbppbbbbppbppbbpbbbppppbbbpbpppbppbpbbpppbpbpbppbbp,56
415211,2248,12,30,bpbbpppbpbp,p,bpbbpppbpbpp,2026-02-02 15:01:57,ppbbppbbbpbbbbpbbbbbppbpbbpbppbpbbpppbpbpppb,44
422126,2285,12,19,bpbbpppbpbp,b,bpbbpppbpbpb,2026-02-03 10:21:53,ppppppbbbpbbbbpbpbpbpbbpppbpbpbpbpppbpppbbbppppbbpbpbppbb,57
427874,2317,12,20,bpbbpppbpbp,b,bpbbpppbpbpb,2026-02-04 16:53:07,pbbbpbpbppppppbbppppbpbbpppbpbpbbbpbppbbbpppppbbppbpppb,55
450422,2439,12,8,bpbbpppbpbp,b,bpbbpppbpbpb,2026-02-06 10:21:33,bpbbbbpbbpbbpppbpbpbbbbpbpbbpbpbpbbbbbppbpbbbppbbbpbpbbbpbbbbpb,63
450680,2440,12,26,bpbbpppbpbp,b,bpbbpppbpbpb,2026-02-06 10:21:52,pbppppbpppppbpbppbpbbpbbppbpbbpppbpbpbpbbpbbpbppbbbbbbppb,57
452563,2450,12,40,bpbbpppbpbp,p,bpbbpppbpbpp,2026-02-06 10:39:59,pbpbbpbbbbbbppbbbbbbbbppbpbbpbpbpbbbbbppbpbbpppbpbppbbbbp,57
462448,2501,12,6,bpbbpppbpbp,b,bpbbpppbpbpb,2026-02-08 03:43:58,pppbbpbpbbpppbpbpbpppbbpbbppbpbpppbbbpbbbpbppbpppbpppbpppb,58
478544,2593,12,2,bpbbpppbpbp,b,bpbbpppbpbpb,2026-02-10 18:44:56,pbbpbbpppbpbpbpbpbppppppbppppbppbbbpppbpppbpbbbbbbpbbp,54
480604,2606,12,37,bpbbpppbpbp,b,bpbbpppbpbpb,2026-02-10 19:35:35,pbbbppbpbbbpbpbpbbbppbppbppbbbpbbpbbbbpbbpppbpbpbpbpbbppp,57
489082,2657,12,17,bpbbpppbpbp,b,bpbbpppbpbpb,2026-02-11 14:17:58,ppbbppbbbbpbppbbpbpbbpppbpbpbpbpbbbp,36
497741,2711,12,33,bpbbpppbpbp,b,bpbbpppbpbpb,2026-02-11 20:59:39,pbbppbppppppppppbpbpbpbpppppbpbbpbpbbpppbpbpbpbppppppbbpbpppbbpbb,65
509686,2779,12,2,bpbbpppbpbp,b,bpbbpppbpbpb,2026-02-12 14:10:52,pbbpbbpppbpbpbppbpppbbpbppbbbbpppbbppbbpbpppbbbbppbbpbppbb,58
513746,2802,12,16,bpbbpppbpbp,b,bpbbpppbpbpb,2026-02-12 15:15:39,pbpbppbbpbbbppbbbpbbpppbpbpbppbpbbbbpbppb,41
517174,2822,12,27,bpbbpppbpbp,p,bpbbpppbpbpp,2026-02-12 16:39:02,bbpbpbpbbbpbbpppbbbpppppbbpbpbbpppbpbppbppbbbbbbpp,50
538215,2937,12,5,bpbbpppbpbp,p,bpbbpppbpbpp,2026-02-13 20:07:46,pbbbpbpbbpppbpbpppbbbbpbbppppppbbpbbbpbbpb,42
540074,2947,12,5,bpbbpppbpbp,b,bpbbpppbpbpb,2026-02-13 20:33:26,bbppbbpbbpppbpbpbpppbpbbbpppppppbbbbpbppp,41
548803,3001,12,22,bpbbpppbpbp,p,bpbbpppbpbpp,2026-02-14 15:57:26,bpppppppppbbbpppppbbppbpbbpppbpbppppppbbppbbpbbppppppbppb,57
550769,3011,12,23,bpbbpppbpbp,p,bpbbpppbpbpp,2026-02-14 16:46:49,pbbbbpbbppbpbppbppbpbpbbpbbpppbpbpppbbpppbpppbpbppbbpbpbbbbpppbbb,65
562298,3072,12,25,bpbbpppbpbp,b,bpbbpppbpbpb,2026-02-17 15:08:21,bbbbbpbpbpppbbppbpbbbpbpbbpbbpppbpbpbppppbbbbbbbpbpbpbpbbbbpbbbpbpp,67
567109,3098,12,41,bpbbpppbpbp,b,bpbbpppbpbpb,2026-02-17 16:46:57,bbbpppppppbppbpppbpbpppppbbbbbpbbbbpbppbpbpbbpppbpbpbpbbbbbppppbbpp,67
578615,3164,12,14,bpbbpppbpbp,b,bpbbpppbpbpb,2026-02-19 10:44:53,pppbppbbppppbbbpbbpppbpbpbbbppbppbbpbbbbbpbppbppbbppbppppbpbbpppbp,66
586656,3207,12,1,bpbbpppbpbp,b,bpbbpppbpbpb,2026-02-20 11:07:42,pbpbbpppbpbpbbbpbbbbbbbbbpppbppppppbbppbbbbpppbpbpbppb,54
597685,3280,12,13,bpbbpppbpbp,p,bpbbpppbpbpp,2026-02-21 10:09:14,pbppbpbbbppbbbpbbpppbpbppbpppbpbbppbpbpbpbbppbpbpbbb,52
606450,3339,12,5,bpbbpppbpbp,p,bpbbpppbpbpp,2026-02-21 13:13:48,pbpbpbpbbpppbpbpppbbpbpppbbppppbbpbbbbbbpbbbbppbbppbbpppppp,59
624493,3464,12,4,bpbbpppbpbp,b,bpbbpppbpbpb,2026-02-22 18:21:45,bppbbpbbpppbpbpbbbbbpbpbpbpbpbbppppppppbbpbppbppbbbbbbbbbbbbpbpbbbp,67
627674,3480,12,2,bpbbpppbpbp,b,bpbbpppbpbpb,2026-02-22 19:05:03,pbbpbbpppbpbpbpbpbbppbppppbpppbpppppbppbpbppp,45
631089,3499,12,1,bpbbpppbpbp,b,bpbbpppbpbpb,2026-02-22 20:50:15,pbpbbpppbpbpbpppppbppbpbpbbppbbbbppbbpbbpbpp,44
634286,3518,12,28,bpbbpppbpbp,b,bpbbpppbpbpb,2026-02-23 09:54:12,bpppbbppppbbbpbbpbbbbbbpbbbbbpbbpppbpbpbbbbbbbpppbpbpbbbp,57
637973,3539,12,7,bpbbpppbpbp,b,bpbbpppbpbpb,2026-02-23 11:22:06,bbbbpbbbpbbpppbpbpbppbbpbppppbbppbppbbbppppbpppbbpppbbbppbbbpbbbbbpbbp,70
644340,3578,12,3,bpbbpppbpbp,p,bpbbpppbpbpp,2026-02-23 13:44:55,bbpbpbbpppbpbppbppbbppbbpbpbpppbbppbppppbppbbbbbbpbbpbbpbbbbpbb,63
653814,3632,12,16,bpbbpppbpbp,p,bpbbpppbpbpp,2026-02-24 11:12:25,bppppbpbbbbbppbpbpbbpppbpbpppppbppbppbbpbp,42
665993,3700,12,2,bpbbpppbpbp,p,bpbbpppbpbpp,2026-02-24 19:30:56,bpbpbbpppbpbppbbbbpppbbbbbbbbbpbpbppbbbbpppbbppppppppbpppbbp,60
669243,3720,12,2,bpbbpppbpbp,p,bpbbpppbpbpp,2026-02-24 20:22:06,bbbpbbpppbpbpppbpbbpppbbbpppbpbbppbppbbbbpp,43
681929,3799,12,46,bpbbpppbpbp,p,bpbbpppbpbpp,2026-02-25 19:17:04,bpppbbbbpbpbpbppbbbppppbpbbpbppbppppbpbbpbpppbbpbbpppbpbppbb,60
687164,3830,12,20,bpbbpppbpbp,p,bpbbpppbpbpp,2026-02-25 20:58:49,bpbbpbbpppbppppbppbpbpbbpppbpbppbpbbbbbpbbppbp,46
689716,3843,12,30,bpbbpppbpbp,b,bpbbpppbpbpb,2026-02-26 08:13:19,bppppbpbbppbpppbbbbpppbppppbpbbpbbpppbpbpbpbbbpppbpbpbbppppppbb,63
711720,3971,12,1,bpbbpppbpbp,p,bpbbpppbpbpp,2026-03-01 20:38:19,pbpbbpppbpbppbbpbbbbpbbppppppbbbpbpbbppbpbbpb,45
721564,4029,12,37,bpbbpppbpbp,b,bpbbpppbpbpb,2026-03-03 13:40:22,bbbppbppbppbbbbbpbbppbpbppbbbpbpppbbpbpbbpppbpbpbb,50
726185,4054,12,2,bpbbpppbpbp,p,bpbbpppbpbpp,2026-03-03 18:01:56,ppbpbbpppbpbppbpbppppbpbbpppppppppbpbpppbppppbbpbppbbpbbpbpp,60
750567,4196,12,44,bpbbpppbpbp,b,bpbbpppbpbpb,2026-03-05 14:42:52,ppbbbbpppbbpbbpbbpbbpbbppbpbbpbppbpbppppbbppbpbbpppbpbpbbppbpbpbb,65
752621,4208,12,29,bpbbpppbpbp,b,bpbbpppbpbpb,2026-03-05 16:13:55,bpbbpbpppbbppbbpbppppbbbbpbpbbpbbpppbpbpbbbbbbpbbpbpppbppbbpp,61
798190,4474,12,31,bpbbpppbpbp,b,bpbbpppbpbpb,2026-03-17 07:08:05,bbppppbbbpbbppbpbpbbbpbpbbbbbbbbpbbpppbpbpbpbbpbpppb,52
800604,4487,12,23,bpbbpppbpbp,p,bpbbpppbpbpp,2026-03-17 20:17:34,pbbpbbpppbbpppppbppppbbbpbbpppbpbppbbpbpbppp,44
803655,4504,12,28,bpbbpppbpbp,p,bpbbpppbpbpp,2026-03-17 20:51:02,pbbpppbppbpbpppppppbbppbpppbbpbbpppbpbppbpbbbppbbpbbbpbb,56
806044,4518,12,27,bpbbpppbpbp,b,bpbbpppbpbpb,2026-03-18 07:52:48,bbbppbbpppbbbbbppbppbbpbbbbbpbbpppbpbpbpbppp,44
808010,4536,12,1,bpbbpppbpbp,b,bpbbpppbpbpb,2026-03-18 09:15:06,bbpbbpppbpbpbbbbbppppbppbpbppbbpppppppbpp,41
817112,4591,12,26,bpbbpppbpbp,b,bpbbpppbpbpb,2026-03-18 16:15:58,bbbbpppbbbpbppbpppppbbppppbpbbpppbpbpbbbpbpbppbpp,49
828146,4656,12,31,bpbbpppbpbp,b,bpbbpppbpbpb,2026-03-24 06:24:28,ppbppbpbbbbbpbbbbbpbbppppbpbbbbbpbbpppbpbpbbpbppppp,51
859003,4842,12,36,bpbbpppbpbp,p,bpbbpppbpbpp,2026-04-23 20:10:48,bpbpbbbpbbpbpppbpbbbbpbbbbbbbppbbbbbbpbbpppbpbpppbppbbbbbppbpp,62
873114,4929,12,28,bpbbpppbpbp,p,bpbbpppbpbpp,2026-05-04 09:04:00,bpppbbbbbbbbppbpbbpbpppppbbbbpbbpppbpbppbppbbbpb,48
875797,4945,12,0,bpbbpppbpbp,b,bpbbpppbpbpb,2026-05-04 09:17:47,bpbbpppbpbpbbpbpbbpbppbbppppbpbpppbbbpbppbppppppppbbbbpppppp,60
886495,5006,12,27,bpbbpppbpbp,p,bpbbpppbpbpp,2026-05-06 18:04:46,bppppbbpbpppppbpbbbbppppbbbbpbbpppbpbppbpbpbbbpbpbbbbppbb,57
888288,5015,12,39,bpbbpppbpbp,b,bpbbpppbpbpb,2026-05-14 07:17:04,pbpbppbpppbbpbbpbpbbbbpbbpbpbbpbppbpppbbpbbpppbpbpbbbppppbbpb,61
892574,5040,12,26,bpbbpppbpbp,b,bpbbpppbpbpb,2026-05-14 08:57:23,pppppbpbppbppbbbbppbpbppbbbpbbpppbpbpbpbppbpbpbpbbpp,52
893432,5045,12,32,bpbbpppbpbp,b,bpbbpppbpbpb,2026-05-14 09:00:59,bpbpbbbbbpbbbbpbbbpbbbpbpppbbbbpbpbbpppbpbpbbbpbbpppbppb,56
905342,5113,12,8,bpbbpppbpbp,b,bpbbpppbpbpb,2026-05-26 10:09:54,pbpbpbppbpbbpppbpbpbbbbbbpb,27
907314,5124,12,2,bpbbpppbpbp,b,bpbbpppbpbpb,2026-05-26 10:15:35,bpbpbbpppbpbpbpbbpbpbppbpppbbpbpppbbbpbpppp,43
921351,5209,12,24,bpbbpppbpbp,p,bpbbpppbpbpp,2026-05-28 12:42:14,bbbpbbbbpppbppbbbbppbbpbbpbbpppbpbppbpbbbbppbpbpbbbbppbbbb,58
922674,5216,12,3,bpbbpppbpbp,p,bpbbpppbpbpp,2026-05-28 14:19:49,bppbpbbpppbpbpppbbbpbppbppppbbppbbpbppbpbbpppbpbppbbpppbpbbbpbppb,65
922694,5216,12,38,bpbbpppbpbp,p,bpbbpppbpbpp,2026-05-28 14:19:49,bppbpbbpppbpbpppbbbpbppbppppbbppbbpbppbpbbpppbpbppbbpppbpbbbpbppb,65
936445,5299,12,41,bpbbpppbpbp,b,bpbbpppbpbpb,2026-06-06 13:39:43,bbpppppbbbppbpbpbbpbbppbpppppppbppbbbbbbbbpbbpppbpbpbpbppbbbbbppbp,66
945234,5353,12,7,bpbbpppbpbp,p,bpbbpppbpbpp,2026-06-08 10:15:06,bbbbbppbpbbpppbpbpppbbbbbpbpbbbbbbpppbpbppbbbpppbppbbpbbb,57
958441,5432,12,53,bpbbpppbpbp,b,bpbbpppbpbpb,2026-06-18 09:20:39,pppbbpppbbpbpbbpbpppbbbbbbpbbbpbbpbbpbpppbpbppppbbbbpbpbbpppbpbpbbp,67
966236,5475,12,28,bpbbpppbpbp,b,bpbbpppbpbpb,2026-06-20 11:38:26,bbbppbppbbbpbbpbppbbbbbbbppbbpbbpppbpbpbpppbpppbppbbpbbp,56
968882,5489,12,37,bpbbpppbpbp,b,bpbbpppbpbpb,2026-06-20 12:17:14,bbbpppppbpbpppbbbbbbbpbbbbbppbppbpbppbpbbpppbpbpbpbbpbppbpppp,61
969988,5496,12,27,bpbbpppbpbp,p,bpbbpppbpbpp,2026-06-21 09:37:16,bpppbbpbppbpbpbbbpppppppppbbpbbpppbpbpppppbppbbppppbppbppppbbbpp,64
974291,5521,12,3,bpbbpppbpbp,p,bpbbpppbpbpp,2026-06-22 09:13:27,pppbpbbpppbpbpppppbbpbpbbbbppppppbbpbppbpppbbpbppbpbbbbpppb,59
976395,5533,12,24,bpbbpppbpbp,p,bpbbpppbpbpp,2026-06-22 09:48:03,bpbppbbbppbbbbpbpbbppbbpbpbbpppbpbppppppbpbppbbpbppbpbbbb,57
192813,265,12,11,bpbbpppbppp,p,bpbbpppbpppp,2026-01-26 10:57:31,bbbbbpbbppbbpbbpppbppppbpppbpbpbpbbbbpbbppppbpppbpppp,53
194577,297,12,12,bpbbpppbppp,b,bpbbpppbpppb,2026-01-26 10:57:31,bbbpbbpbbpbpbpbbpppbpppbpbpbpbbbbp,34
200062,393,12,25,bpbbpppbppp,p,bpbbpppbpppp,2026-01-26 10:57:31,pbpbbbbbbppbbpppppbbppbppbpbbpppbppppbpppppbbbpppppbbp,54
200800,408,12,4,bpbbpppbppp,b,bpbbpppbpppb,2026-01-26 10:57:31,ppbpbpbbpppbpppbbpbbbpbbpbb,27
201038,414,12,3,bpbbpppbppp,p,bpbbpppbpppp,2026-01-26 10:57:31,pppbpbbpppbppppppbpbbbppbppppppbpbpppbbbpbbpbbbbbppbpppbpbp,59
202584,441,12,16,bpbbpppbppp,b,bpbbpppbpppb,2026-01-26 10:57:31,bpbbppbpbbbpppbpbpbbpppbpppbbbppbppbpbpbbppbpppbbbpbpbb,55
206531,513,12,29,bpbbpppbppp,p,bpbbpppbpppp,2026-01-26 10:57:32,bbpbpbbpbpbbbbbbbpbbbbbpppbppbpbbpppbppppbbpbbpbbbbpp,53
208958,561,12,41,bpbbpppbppp,b,bpbbpppbpppb,2026-01-26 10:57:32,bppppbppbppbbppbppbbbbbbppppbbpppbppbpbpbbpbbpppbpppbbppppppp,61
210623,590,12,24,bpbbpppbppp,p,bpbbpppbpppp,2026-01-26 10:57:32,pbppbbpppbbpbpppbppbpbbpbpbbpppbpppppppppp,42
213390,639,12,28,bpbbpppbppp,b,bpbbpppbpppb,2026-01-26 10:57:32,pbbbppbbbpbpppppppbbbpbbpbbpbpbbpppbpppbpppbpbbpppbp,52
215238,676,12,24,bpbbpppbppp,p,bpbbpppbpppp,2026-01-26 10:57:32,bpbppppbpbpbbbbbppbbbbpbbpbbpppbppppb,37
219058,750,12,23,bpbbpppbppp,b,bpbbpppbpppb,2026-01-26 10:57:32,pppbpbppbpppbppbpbppbbbbpbbpppbpppbppppbpbbppbbb,48
222848,822,12,1,bpbbpppbppp,b,bpbbpppbpppb,2026-01-26 10:57:32,bbpbbpppbpppbpbppppppbpppbpppbppppbpbbbbpbpppbbbpbppppbppbbpb,61
224405,848,12,1,bpbbpppbppp,b,bpbbpppbpppb,2026-01-26 10:57:32,bbpbbpppbpppbbbpbpppppbpbbbpbbpbbppbbppbpbbpbpbbppbpbpbbb,57
225421,868,12,8,bpbbpppbppp,b,bpbbpppbpppb,2026-01-26 10:57:32,bbbbppbpbpbbpppbpppbpppbpbbbbbbbppbbpbbpbpbbbpbppbbbbbpbbbpb,60
228562,922,12,35,bpbbpppbppp,b,bpbbpppbpppb,2026-01-26 10:57:32,pbbpbbbbpbpppbpppbbbbppppppppppbpbpbpbbpppbpppbp,48
230401,953,12,8,bpbbpppbppp,p,bpbbpppbpppp,2026-01-26 10:57:32,bppbpbbbbpbbpppbpppppppbpppbbpbbbpppppbbppppbbbbbbbp,52
235270,1036,12,2,bpbbpppbppp,p,bpbbpppbpppp,2026-01-26 10:57:32,bpbpbbpppbpppppppbbpppbbbppppbpbppp,35
237994,1083,12,36,bpbbpppbppp,b,bpbbpppbpppb,2026-01-26 10:57:32,bpbpppbpppbbbppbbpppbppbbbbppbbbpbbbbpbbpppbpppbpbbb,52
239829,1117,12,44,bpbbpppbppp,b,bpbbpppbpppb,2026-01-26 10:57:32,bpbppbppbpbppppppbpbbpbppbpbpbbbppbpbbbbbbbpbpbbpppbpppbpbp,59
242382,1163,12,23,bpbbpppbppp,p,bpbbpppbpppp,2026-01-26 10:57:32,bpppbpbpbpbpbpppbbpbpbbbpbbpppbppppppppbbbpbbpbp,48
244621,1200,12,34,bpbbpppbppp,b,bpbbpppbpppb,2026-01-26 10:57:33,bbbbpppbppbppbppbpbpbbbbbpbbppppppbpbbpppbpppbbb,48
245858,1221,12,4,bpbbpppbppp,p,bpbbpppbpppp,2026-01-26 10:57:33,ppppbpbbpppbpppppppbpbpppbbpbppppp,34
247906,1256,12,4,bpbbpppbppp,p,bpbbpppbpppp,2026-01-26 10:57:33,bpbpbpbbpppbppppbpbbpbppppbpbbppbbpbbbppbbbbpppb,48
249357,1280,12,15,bpbbpppbppp,b,bpbbpppbpppb,2026-01-26 10:57:33,bpppbpbbbbbbpbpbpbbpppbpppbpbpbppbbbpbpbbbppbbbppbpppbbbpp,58
254804,1375,12,31,bpbbpppbppp,b,bpbbpppbpppb,2026-01-26 10:57:33,pbppbbbpppbbpbppbpppppbbpbbbppbbpbbpppbpppbpbbp,47
256575,1405,12,42,bpbbpppbppp,p,bpbbpppbpppp,2026-01-26 10:57:33,ppbpppbpbppbpbppbpbbbbpbbpppppbpbbpbbbbbbpbpbbpppbppppbbppppbpppbbp,67
259233,1448,12,33,bpbbpppbppp,p,bpbbpppbpppp,2026-01-26 10:57:33,bbpbpbppbbppbpbppbppbbppbpbpbpppbbpbbpppbppppbbpbbbpbbbpb,57
259949,1461,12,25,bpbbpppbppp,p,bpbbpppbpppp,2026-01-26 10:57:33,bppbbbbbbpppbpbpbbbbppbpbbpbbpppbpppppbppbppbbb,47
263283,1518,12,40,bpbbpppbppp,p,bpbbpppbpppp,2026-01-26 10:57:33,pbbbpbbbbbbpppbbpbppbpbbpppppbbbpppbbpbpbpbbpppbpppp,52
264141,1531,12,33,bpbbpppbppp,p,bpbbpppbpppp,2026-01-26 10:57:33,bbpbpbbpbpppbbpbpbbbbpbbpppbbpbbbbpbbpppbppppppppppbbppbb,57
266809,1571,12,1,bpbbpppbppp,p,bpbbpppbpppp,2026-01-26 10:57:33,bbpbbpppbppppbppbbpbpppbbbppbppppbbppbpbppbppbbb,48
268783,1599,12,16,bpbbpppbppp,b,bpbbpppbpppb,2026-01-26 10:57:33,ppbbpbbbpbbbpbbpbpbbpppbpppbppbbpbbpbbppbpbbbpbp,48
280540,1797,12,13,bpbbpppbppp,b,bpbbpppbpppb,2026-01-26 10:57:33,pppppbbpppbppbpbbpppbpppbpbpppbppbbb,36
285168,1872,12,19,bpbbpppbppp,p,bpbbpppbpppp,2026-01-26 10:57:34,bpppbbpbbpppppbbbbbbpbbpppbpppppbpbbpppbpbpppbbpbpppppbbbp,58
294483,1931,12,9,bpbbpppbppp,b,bpbbpppbpppb,2026-01-26 17:17:53,pppppbbppbpbbpppbpppbbbbppppbbbbbbbpbpp,39
295746,1938,12,15,bpbbpppbppp,b,bpbbpppbpppb,2026-01-26 17:20:11,pppbbbbbbpbpbpbbpbbpppbpppbbbpppbbpbpbpppp,42
362566,1951,12,15,bpbbpppbppp,b,bpbbpppbpppb,2026-01-27 13:13:31,ppbpbpbbbpppbbpbpbbpppbpppbppbppppbbbbbpppbbpbbbpbpppbbbbpbppbb,63
387179,2092,12,43,bpbbpppbppp,b,bpbbpppbpppb,2026-01-30 10:50:21,bpbbbppppbpbbbpbbpbbpbbbpbppppppbpbbppbbppbbpbbpppbpppbbbbppbb,62
404782,2191,12,14,bpbbpppbppp,p,bpbbpppbpppp,2026-01-31 20:00:07,pbpbppppbbpppbbpbbpppbppppbbbpbpbbbpppbpbpppbpppppbp,52
407198,2203,12,38,bpbbpppbppp,b,bpbbpppbpppb,2026-02-02 13:03:03,ppbppbppbbpbbbbbbbbpppbppppppbpbbpbpbbbpbbpppbpppbpbp,53
409941,2219,12,26,bpbbpppbppp,b,bpbbpppbpppb,2026-02-02 14:12:04,pppppbppbpppppbbbbbpbpppppbpbbpppbpppbpppbpbbppbpb,50
411261,2226,12,26,bpbbpppbppp,b,bpbbpppbpppb,2026-02-02 14:15:02,pppppbppbpppppbbbbbpbpppppbpbbpppbpppbpppbpbbppbpbbppbbbb,57
412155,2231,12,2,bpbbpppbppp,b,bpbbpppbpppb,2026-02-02 14:33:58,bpbpbbpppbpppbpbbbppbpbppbpbpbppbbpbbbpppbppbpbbbbbbbpppp,57
466686,2526,12,37,bpbbpppbppp,p,bpbbpppbpppp,2026-02-09 15:26:56,pbppbbbbbpppppbbbpppbbbpbbpppbppbpbppbpbbpppbpppppbbbbppbbbpbb,62
469685,2542,12,4,bpbbpppbppp,p,bpbbpppbpppp,2026-02-09 15:51:37,pbbpbpbbpppbppppbpppppbpbbpbpbpbpppbbppbbbbbppbp,48
489553,2661,12,24,bpbbpppbppp,b,bpbbpppbpppb,2026-02-11 14:19:59,bppppbbpppbppppbbbbpbbbbbpbbpppbpppbbbbbpbbppbbbppbbbb,54
503176,2742,12,42,bpbbpppbppp,b,bpbbpppbpppb,2026-02-12 08:48:15,bppppppbbbbbbbppppbppbppbbpbpbbbpbbbpbppbbbpbbpppbpppbpbbp,58
503787,2746,12,27,bpbbpppbppp,b,bpbbpppbpppb,2026-02-12 08:50:09,pbbpbbpppbbpbpbbbbpppbppbbbbpbbpppbpppbpppbbbbpbbppbppppbpbbbp,62
512556,2795,12,4,bpbbpppbppp,p,bpbbpppbpppp,2026-02-12 15:11:59,pbpbbpbbpppbppppbbppbbbbbbbbbbppbpppppppbppbbbbbbpbpbp,54
521157,2843,12,7,bpbbpppbppp,p,bpbbpppbpppp,2026-02-13 12:48:04,bpbpbbpbpbbpppbpppppbpbppbpbpppbbpbbpbbpppbpbb,46
526100,2870,12,18,bpbbpppbppp,p,bpbbpppbpppp,2026-02-13 15:02:54,bbbbbpbbbbbpbbpbbpbpbbpppbpppppbbpbppbppppbpb,45
553550,3026,12,20,bpbbpppbppp,b,bpbbpppbpppb,2026-02-15 19:51:36,bpbpppbbbbpppbppbbpbbpbbpppbpppbpbpppbpbpbppbpbpbbpppp,54
564529,3085,12,24,bpbbpppbppp,p,bpbbpppbpppp,2026-02-17 15:51:35,bbbbpbpbbbppppppppbbpbbpbpbbpppbppppbppbbp,42
573417,3135,12,53,bpbbpppbppp,b,bpbbpppbpppb,2026-02-17 20:47:47,bbbpbbpbpbbppbbpbbpbpbppbbpppppppppbppppbppbbpbbbppbbbpbbpppbpppb,65
591217,3235,12,11,bpbbpppbppp,b,bpbbpppbpppb,2026-02-20 14:13:03,ppbbbppbpbpbpbbpppbpppbbbbbpbpbpbpbppppbpbb,43
591947,3240,12,13,bpbbpppbppp,p,bpbbpppbpppp,2026-02-20 14:15:19,ppbpppbbpbpbpbpbbpppbppppbppppbbpbbp,36
603587,3319,12,41,bpbbpppbppp,p,bpbbpppbpppp,2026-02-21 11:40:58,pbbbpbpbbppbbpppbpbppbppbpbppbpbbpbpppppbbpbbpppbppppb,54
644481,3579,12,6,bpbbpppbppp,b,bpbbpppbpppb,2026-02-23 14:16:39,bbbpbbbpbbpppbpppbpbpbpbbbbbpbpbbbbp,36
650293,3613,12,0,bpbbpppbppp,p,bpbbpppbpppp,2026-02-24 09:53:07,bpbbpppbpppppbbbpbpbpbbpppbbpbpbbpbppppbbbpppbpppppbbbbbbbbpbbbbpbpbpbp,71
656761,3649,12,52,bpbbpppbppp,p,bpbbpppbpppp,2026-02-24 14:49:57,pbbppbbbpbbbpbppbpbppppbpbppppbpbbpbbpbbbpbbpbpbppbbbpbbpppbpppp,64
661459,3675,12,24,bpbbpppbppp,b,bpbbpppbpppb,2026-02-24 17:35:00,bbpppbpbppbpbpbbbpbpbbbbbpbbpppbpppbppbpppbpbp,46
681000,3794,12,19,bpbbpppbppp,b,bpbbpppbpppb,2026-02-25 18:45:48,bpppbpbbbbbpbbbpbbbbpbbpppbpppbpbppbpbppbbbbbbbpbpb,51
682300,3801,12,1,bpbbpppbppp,p,bpbbpppbpppp,2026-02-25 19:17:50,bbpbbpppbpppppbpbbbbbpbpppbppppbpbbbbbppppbpppbbbpbbpppbppb,59
687154,3830,12,3,bpbbpppbppp,p,bpbbpppbpppp,2026-02-25 20:58:49,bpbbpbbpppbppppbppbpbpbbpppbpbppbpbbbbbpbbppbp,46
696532,3882,12,10,bpbbpppbppp,p,bpbbpppbpppp,2026-02-28 13:41:25,ppbbbbpbpbbpbbpppbppppbbbbbppbbpppbbbpbpbbpbbbppp,49
697677,3888,12,19,bpbbpppbppp,b,bpbbpppbpppb,2026-03-01 11:11:41,bbpbpppbbbbbbbbbpbpbpbbpppbpppbpbpbbpbbppbpbbbbppppppbpbpbpbp,61
701976,3914,12,7,bpbbpppbppp,b,bpbbpppbpppb,2026-03-01 15:45:03,bbppbbpbpbbpppbpppbbpbbppbppppbbbbpppbbbbbbbbbbbpbbbbbpbpbbpbppb,64
704248,3926,12,30,bpbbpppbppp,p,bpbbpppbpppp,2026-03-01 16:36:44,ppbbpbpbpppbpbpppbpppbpppppppbbpbbpppbpppppbpbppppp,51
708141,3949,12,11,bpbbpppbppp,p,bpbbpppbpppp,2026-03-01 19:26:35,pbbppbbbbbpbpbbpppbppppbbbbbbbbbpbbbpbppbpbpbppbpbbbbbbbp,57
740644,4140,12,0,bpbbpppbppp,b,bpbbpppbpppb,2026-03-04 12:03:10,bpbbpppbpppbpppbbbpbbbbbbbbbpbppbpbbpbbpppbpp,45
774898,4340,12,18,bpbbpppbppp,p,bpbbpppbpppp,2026-03-11 18:44:46,ppbbbppppppbpbbpbbbpbbpppbppppbbbpbpb,37
776503,4350,12,27,bpbbpppbppp,b,bpbbpppbpppb,2026-03-11 18:48:24,bbbpbppbbbpbbpbppppbppppbbbbpbbpppbpppbbpbppppbbpbbb,52
782608,4383,12,46,bpbbpppbppp,p,bpbbpppbpppp,2026-03-11 19:49:10,bppppppbbppbppbpbbppbpbbbbbpppppbpbpbppbppbbppbpbbpppbppppbp,60
787384,4412,12,52,bpbbpppbppp,b,bpbbpppbpppb,2026-03-15 13:01:17,bbpbppppppbbpppbpppbpbbpppbbbppppppbbbbpbbbbbpbbpbppbpbbpppbpppbbb,66
823839,4628,12,12,bpbbpppbppp,b,bpbbpppbpppb,2026-03-22 09:19:02,ppppppbpppbbbpbbpppbpppbpppppppbbpbppbpbbbbpb,45
848055,4776,12,15,bpbbpppbppp,b,bpbbpppbpppb,2026-04-23 14:53:26,pbpbppbbbppppbbbpbbpppbpppbpbbbpppbpbbbbbbpbbppbbbpbpbbppbppbbbppppb,68
850461,4790,12,8,bpbbpppbppp,p,bpbbpppbpppp,2026-04-23 15:35:54,pbbpbbppbpbbpppbppppppbpbpppbpppbpppbbbpppbbppbbpbp,51
851940,4799,12,14,bpbbpppbppp,b,bpbbpppbpppb,2026-04-23 17:47:28,bppbbbpppbbbbbbpbbpppbpppbbpbbpbpppbpppppppbbppbbpbbbppbbppbpbbp,64
859455,4845,12,47,bpbbpppbppp,p,bpbbpppbpppp,2026-04-23 20:13:02,bbpbbppppbbbbbbbpbbbbbpbbpbppppbbpbbbbbbbpbbbpbbpbbpppbpppp,59
868234,4899,12,7,bpbbpppbppp,p,bpbbpppbpppp,2026-04-30 16:30:11,pppbpbbbpbbpppbpppppbpppbppppppbpbbbbbbbppbpbpp,47
882119,4981,12,30,bpbbpppbppp,b,bpbbpppbpppb,2026-05-04 16:24:05,ppbppbbpbbbbbbpbppppbppbppbbppbpbbpppbpppbbbpp,46
883650,4991,12,6,bpbbpppbppp,b,bpbbpppbpppb,2026-05-04 17:24:54,pbbbbbbpbbpppbpppbbbbbpbpbbpbbppbppbbbbpbbpbppp,47
884478,4996,12,15,bpbbpppbppp,p,bpbbpppbpppp,2026-05-04 17:35:51,pbpbbpbpbbpppbbbpbbpppbppppbbbpppppppbbpbbp,43
889281,5020,12,48,bpbbpppbppp,p,bpbbpppbpppp,2026-05-14 07:21:19,ppbbbbbppppbbpbbbpppbpbbpbpbpbbpbbbppppbpbpbbbppbpbbpppbpppppbb,63
905501,5114,12,8,bpbbpppbppp,p,bpbbpppbpppp,2026-05-26 10:10:24,pbbbbbpbbpbbpppbpppppppbbpppppppbpbbbbbpbppbbpbppbbpbppbp,57
906958,5122,12,0,bpbbpppbppp,b,bpbbpppbpppb,2026-05-26 10:14:36,bpbbpppbpppbbppppppbpbbbbpppbpbpbbpbbbpbpppbbpppbbbppbpbpppbppb,63
918181,5190,12,23,bpbbpppbppp,p,bpbbpppbpppp,2026-05-28 10:10:19,pbppbpppbbbpppppppppbbpbpbbpppbppppbbppbbpbpbbbpbbppbbpb,56
918492,5192,12,22,bpbbpppbppp,b,bpbbpppbpppb,2026-05-28 10:44:00,pppppbppbpbppbpppppbbbbpbbpppbpppbbbpbbbbppbp,45
940513,5324,12,34,bpbbpppbppp,b,bpbbpppbpppb,2026-06-07 11:07:13,bbpbbbbpppbpbppbpbbbpppbpbppppbbbpbpbbpppbpppbpbbpp,51
944382,5348,12,11,bpbbpppbppp,p,bpbbpppbpppp,2026-06-07 21:24:12,bpppppbbbbpbpbbpppbppppbbbbppbbpbbpbpbppppbpbpbbbpppbpp,55
947143,5364,12,8,bpbbpppbppp,b,bpbbpppbpppb,2026-06-10 10:03:33,pbbppbbpbpbbpppbpppbbbpbbppbbbbpbpbppbp,39
947871,5368,12,24,bpbbpppbppp,p,bpbbpppbpppp,2026-06-10 10:09:07,bppbbpbbbbppppbbpbbpbpbpbpbbpppbppppppbpbbpbpbppppbpb,53
969253,5492,12,20,bpbbpppbppp,b,bpbbpppbpppb,2026-06-20 12:21:42,pbpppppbbbppppbbbbpbbpbbpppbpppbbpppppbpbbpppp,46
974100,5520,12,32,bpbbpppbppp,p,bpbbpppbpppp,2026-06-21 11:24:48,bpbbppbbbpbbbbpbbpppppppbpbpbbppbpbbpppbppppbbbp,48
980425,5557,12,1,bpbbpppbppp,p,bpbbpppbpppp,2026-06-23 07:09:39,bbpbbpppbppppbppbbpbbbpppbbpppbbbpppbbppbbpbbppppp,50
190762,228,12,16,bpbbppppbbb,b,bpbbppppbbbb,2026-01-26 10:57:31,pbbbpbppppbbbpbpbpbbppppbbbbbbbbbpbpbbbpbbbbpb,46
194649,298,12,15,bpbbppppbbb,p,bpbbppppbbbp,2026-01-26 10:57:31,ppbbbbpbbbpbpbbbpbbppppbbbpbpbppbpbbpppbpbpbpbppbbbbpbppppppb,61
196992,342,12,34,bpbbppppbbb,p,bpbbppppbbbp,2026-01-26 10:57:31,bbpbbppbppbppbpbbbbpbbppbpbppbbbppbpbbppppbbbpppbppbb,53
198811,373,12,45,bpbbppppbbb,p,bpbbppppbbbp,2026-01-26 10:57:31,pbbbpppbppbbbbbpbbbppbpppbbppbpppbpbbbbpbpbppbpbbppppbbbpp,58
206597,515,12,12,bpbbppppbbb,p,bpbbppppbbbp,2026-01-26 10:57:32,pbbpppbpbbbbbpbbppppbbbpppbpbbbppp,34
213540,643,12,19,bpbbppppbbb,p,bpbbppppbbbp,2026-01-26 10:57:32,pppbppbbbpbbbppbpbbbpbbppppbbbpbpbppbbpbpbbpbp,46
214348,658,12,12,bpbbppppbbb,b,bpbbppppbbbb,2026-01-26 10:57:32,pbpbpbppbbbpbpbbppppbbbbpppbpppppbb,35
224249,845,12,1,bpbbppppbbb,b,bpbbppppbbbb,2026-01-26 10:57:32,pbpbbppppbbbbppbpbbppbbbbpbpbbbbppppbbbbbpp,43
225122,862,12,19,bpbbppppbbb,b,bpbbppppbbbb,2026-01-26 10:57:32,bpbpbpppbbpppbpbpbbbpbbppppbbbbbppbpbppbbp,42
232682,992,12,10,bpbbppppbbb,p,bpbbppppbbbp,2026-01-26 10:57:32,bbppbbbpppbpbbppppbbbpbbbpppppbppbbbpppbbbbbbbpbpp,50
233189,1002,12,15,bpbbppppbbb,p,bpbbppppbbbp,2026-01-26 10:57:32,bbbppbppbbpbbpbbpbbppppbbbpbbppbpbbbppbbbpbbppbbpbbppbpbpb,58
241907,1155,12,6,bpbbppppbbb,p,bpbbppppbbbp,2026-01-26 10:57:32,bppbpbbpbbppppbbbpppppppppbppbbppbbbbpbpbbppbbpbpppbpbpbp,57
248528,1266,12,35,bpbbppppbbb,b,bpbbppppbbbb,2026-01-26 10:57:33,bpbpbbppppbbpbbpppbbbbbbppbbbbpbppbbpbbppppbbbbpbbpbpbbbppbbb,61
251284,1314,12,8,bpbbppppbbb,p,bpbbppppbbbp,2026-01-26 10:57:33,pppbppbpbpbbppppbbbpbbpbpbpppbppbbbbbpbbpbp,43
254285,1367,12,28,bpbbppppbbb,b,bpbbppppbbbb,2026-01-26 10:57:33,bppbbpbpbpbbbbbbbpbbpbbbbpbpbpbbppppbbbbpbpbpbpbpppbbpbpbpbbbpp,63
258209,1431,12,0,bpbbppppbbb,b,bpbbppppbbbb,2026-01-26 10:57:33,bpbbppppbbbbbbbbbppbbbpppppbbbpbpbbpbbppbbbbbbpppbpb,52
259087,1446,12,15,bpbbppppbbb,b,bpbbppppbbbb,2026-01-26 10:57:33,ppbbpbppppbbbbpbpbbppppbbbbpppbppbbbbbpbpbbpbbpbbpbb,52
259403,1450,12,38,bpbbppppbbb,b,bpbbppppbbbb,2026-01-26 10:57:33,ppbpppbbbbppbpbbppbppbpbbbbbpbbbbbbppbbpbbppppbbbbppbbpbbpbppbbbpp,66
260889,1477,12,36,bpbbppppbbb,p,bpbbppppbbbp,2026-01-26 10:57:33,ppppbbppppbbbbbbpbbbpbpbbbppbpppbbbbbpbbppppbbbppbbbbb,54
268236,1591,12,22,bpbbppppbbb,b,bpbbppppbbbb,2026-01-26 10:57:33,ppbbbbbppppppppppppbppbpbbppppbbbbppbpbpbppbbppbbpbppppppppp,60
268887,1601,12,28,bpbbppppbbb,b,bpbbppppbbbb,2026-01-26 10:57:33,bpbppbbppbppbbpbbbppbpbbbbbbbpbbppppbbbbpbpbbp,46
270379,1626,12,10,bpbbppppbbb,b,bpbbppppbbbb,2026-01-26 10:57:33,ppppbbppppbpbbppppbbbbbbbbpppbbppbbpbbpbbpbpbbpbpbbbbbpbbppb,60
270449,1627,12,30,bpbbppppbbb,p,bpbbppppbbbp,2026-01-26 10:57:33,pbbbppbbbpbppppbbpbppppbppppppbpbbppppbbbpbppbpbbpp,51
275122,1709,12,33,bpbbppppbbb,b,bpbbppppbbbb,2026-01-26 10:57:33,pppbbbpbbpbbpbbbpbpbbbbbbbbbppbppbpbbppppbbbb,45
409052,2214,12,22,bpbbppppbbb,p,bpbbppppbbbp,2026-02-02 13:31:19,pbpbppbpppbbbbbppbppbpbpbbppppbbbpbpbbppbbb,43
417918,2263,12,6,bpbbppppbbb,b,bpbbppppbbbb,2026-02-02 15:47:00,bbbpppbpbbppppbbbbpppppppbbppbbpbbpbbpbbpbbbbpppbp,50
419703,2272,12,9,bpbbppppbbb,p,bpbbppppbbbp,2026-02-02 16:49:12,pppbppbppbpbbppppbbbppbbbbbbbpbppbppbppppbbbbbbppbpbpbpbbbbpbpppbbpbb,69
426442,2308,12,21,bpbbppppbbb,p,bpbbppppbbbp,2026-02-04 15:58:27,bbpbpbppbppppbppppbbbbpbbppppbbbpppbppbpppbppbbbppbbpppb,56
428079,2318,12,0,bpbbppppbbb,b,bpbbppppbbbb,2026-02-04 16:53:39,bpbbppppbbbbppbbpppbpppppbbpbpbpbbbpbpppbppppppbpbbbbpppbppbpbpbp,65
428886,2322,12,22,bpbbppppbbb,p,bpbbppppbbbp,2026-02-04 16:54:54,pbbbpbbpppbbbpppppppppbpbbppppbbbpbpbbpbp,41
452353,2449,12,22,bpbbppppbbb,p,bpbbppppbbbp,2026-02-06 10:39:43,ppppbpbbbbbppbppbbpppbbpbbppppbbbpbppbpppbbbbpbbbpbbbpbpppbb,60
468543,2536,12,41,bpbbppppbbb,p,bpbbppppbbbp,2026-02-09 15:49:53,pbpbbbbbbpppbpbbpppbbbbppbbpppbbbpbppbbpbbpbbppppbbbpbpbppbbbbb,63
468930,2538,12,2,bpbbppppbbb,b,bpbbppppbbbb,2026-02-09 15:50:21,pbbpbbppppbbbbpbpbpppbpbppbppbbpbppbbpppppbbpbpbbbbppp,54
473001,2561,12,8,bpbbppppbbb,p,bpbbppppbbbp,2026-02-10 16:34:58,pbpbbppbbpbbppppbbbppppbbbbbbpppppppbbbpbpbpbbpbpbbpbbbppppbbbpp,64
488706,2654,12,23,bpbbppppbbb,b,bpbbppppbbbb,2026-02-11 14:15:37,bpbpbbpppbpbbbbpbpbppppbpbbppppbbbbpppbpbbbbbppbbbb,51
492885,2680,12,12,bpbbppppbbb,p,bpbbppppbbbp,2026-02-11 15:29:01,bbbppppbppppbpbbppppbbbpppbpbbppbppbpbppbbpbbppbbpppbbpppppp,60
531234,2897,12,30,bpbbppppbbb,b,bpbbppppbbbb,2026-02-13 17:15:06,pbbbpbbpbbbpbpbppbpppbppbpbbbpbpbbppppbbbbppppbpbb,50
546584,2985,12,12,bpbbppppbbb,p,bpbbppppbbbp,2026-02-14 15:26:16,pppppbppbbpbbpbbppppbbbpbbpbbbbpbbbpppbpppbbbppbbbbpbbppbppppb,62
583047,3187,12,4,bpbbppppbbb,b,bpbbppppbbbb,2026-02-19 11:47:32,bbpbbpbbppppbbbbppbppbpbbpbbbppbppppbppbbpbbbpbppbpppppbbbpppbbpbpp,67
602499,3310,12,5,bpbbppppbbb,p,bpbbppppbbbp,2026-02-21 11:21:12,bbpbpbpbbppppbbbppbbppppbbpbbpbppbpbbppbpbppbbpbppbpbb,54
611529,3375,12,20,bpbbppppbbb,b,bpbbppppbbbb,2026-02-21 15:06:37,bbbbbbpbpbbbpppbbbbbbpbbppppbbbbpbbppbbbpbbbbbbppbb,51
627326,3478,12,18,bpbbppppbbb,p,bpbbppppbbbp,2026-02-22 19:04:23,pbbppbbpbppbbppppbbpbbppppbbbpbbbbbbbbpbbbppbpp,47
629465,3490,12,4,bpbbppppbbb,b,bpbbppppbbbb,2026-02-22 20:24:12,bbbbbpbbppppbbbbpbbpbbpbbpppppbppbpppbpppppppppbpbbpp,53
631870,3504,12,20,bpbbppppbbb,p,bpbbppppbbbp,2026-02-23 09:14:54,bbpbppbbbbbpbbbpbbbpbpbbppppbbbppbbppbpppbbbppppbpbpbbbpbppppbbbpbb,67
640149,3553,12,8,bpbbppppbbb,p,bpbbppppbbbp,2026-02-23 11:56:44,pbpbbbbbbpbbppppbbbpbbppbbppbbbbbppbppbpppppbbppbp,50
643919,3576,12,13,bpbbppppbbb,b,bpbbppppbbbb,2026-02-23 13:43:48,bbppbbpppbbppbpbbppppbbbbpbpbbbbppbbbppbpppbbbbpbpbppppppbbp,60
651232,3618,12,30,bpbbppppbbb,p,bpbbppppbbbp,2026-02-24 10:16:20,bbppbppppppbppbbpbpbppbpppbpppbpbbppppbbbppbbbpbbpbp,52
651523,3620,12,7,bpbbppppbbb,b,bpbbppppbbbb,2026-02-24 10:17:18,pppbpppbpbbppppbbbbppbpbppbbppbpbbbbpbbbb,41
662342,3680,12,10,bpbbppppbbb,b,bpbbppppbbbb,2026-02-24 17:37:18,pbpbppppbbbpbbppppbbbbppbpbpbpbppppbbbpbppbpbpbbbbbpbpbpbpbbbpbbbb,66
697858,3889,12,7,bpbbppppbbb,p,bpbbppppbbbp,2026-03-01 11:12:21,bbbpbbbbpbbppppbbbpbbbppppbbbpbbpbpbpppbbpbpbbbppbbbpbb,55
699592,3899,12,43,bpbbppppbbb,b,bpbbppppbbbb,2026-03-01 12:28:39,pppppbbpbbpppppppbppbbpppbbbpbbbbpbppbpppppbpbbppppbbbbpbp,58
708991,3953,12,34,bpbbppppbbb,b,bpbbppppbbbb,2026-03-01 19:29:16,pbbbbpppbbbpppppbbbbbppppbbpppbbbpbpbbppppbbbbbbbbppppp,55
725817,4052,12,20,bpbbppppbbb,b,bpbbppppbbbb,2026-03-03 18:01:11,bpbpbpbpbpbpbppbbbbbbpbbppppbbbbpppppppbbppppbpbb,49
735020,4104,12,5,bpbbppppbbb,p,bpbbppppbbbp,2026-03-04 10:07:38,ppbbbbpbbppppbbbpbbpbpbbbppbpppbpbbppbbpppbppbbpppbb,52
754428,4219,12,49,bpbbppppbbb,b,bpbbppppbbbb,2026-03-05 18:09:25,pbpbpppbbbpbppbbbppbbbppbpbbbbbbbbpbpbpbbpbpppppbbpbbppppbbbbpb,63
769300,4308,12,20,bpbbppppbbb,b,bpbbppppbbbb,2026-03-09 16:04:01,ppppbbbpbbppbppppbbpbpbbppppbbbbpbppbbbpbp,42
771169,4319,12,20,bpbbppppbbb,p,bpbbppppbbbp,2026-03-09 19:03:10,bbbppppbppppbpbpbpppbpbbppppbbbpbpbpbppbbbbppppppp,50
775205,4342,12,15,bpbbppppbbb,b,bpbbppppbbbb,2026-03-11 18:45:34,bpbbpbpbbbbpbpbbpbbppppbbbbbbpbbbbppppppbp,42
779201,4365,12,1,bpbbppppbbb,p,bpbbppppbbbp,2026-03-11 19:15:47,bbpbbppppbbbpbpppbbbbbpbbbpbbbppbbbpppbbppppbppppppbppbpppppbp,62
781626,4378,12,15,bpbbppppbbb,p,bpbbppppbbbp,2026-03-11 19:47:21,bbppbppppbbbppbbpbbppppbbbppbppbpbbpbppb,40
792387,4442,12,27,bpbbppppbbb,p,bpbbppppbbbp,2026-03-16 19:09:41,bpbpbppbbpbbbbbbbpbbbpppbbbbpbbppppbbbpbpbbpbbbbpppppppbbppbpbppp,65
795249,4457,12,30,bpbbppppbbb,p,bpbbppppbbbp,2026-03-16 19:59:20,ppppppppbbpbpbbppbpppbbbppbbbpbpbbppppbbbppbpbpppbpbbpbbpp,58
799172,4480,12,0,bpbbppppbbb,p,bpbbppppbbbp,2026-03-17 19:17:38,bpbbppppbbbppbbppppbbppbbbbpbppbpbpbbpbpbbbpbbp,47
799404,4481,12,17,bpbbppppbbb,b,bpbbppppbbbb,2026-03-17 19:18:06,bpbppbppbbppbbbbpbpbbppppbbbbpbppbbbppbbbbpbpbbpbpbppbbppbp,59
801840,4494,12,2,bpbbppppbbb,p,bpbbppppbbbp,2026-03-17 20:20:53,pbbpbbppppbbbpbbppbpbbppbpbpbpbpbppbpbppbpb,43
817758,4596,12,17,bpbbppppbbb,b,bpbbppppbbbb,2026-03-18 16:18:51,bpbpppppbbpppbpbbbpbbppppbbbbbbbbpbpbppbpbpppbbbbbbpbbpbbpb,59
817976,4597,12,20,bpbbppppbbb,p,bpbbppppbbbp,2026-03-19 19:16:53,pppbppbbbbpbbbbbpbbpbpbbppppbbbpbbbbpppppbpbpbbppbbppbbpbpbppppp,64
822732,4622,12,10,bpbbppppbbb,p,bpbbppppbbbp,2026-03-22 09:15:04,pppbppbbbpbpbbppppbbbpbbbpbbpbpbppbbpbbbppbpppppbbpbbbpbpbbpbpb,63
823513,4626,12,43,bpbbppppbbb,p,bpbbppppbbbp,2026-03-22 09:17:23,pbpppbpppbpbbpppppbpbppbpppbppppbpbbbbbbppbbpbbppppbbbppbpbbpbpbb,65
844026,4755,12,2,bpbbppppbbb,p,bpbbppppbbbp,2026-04-23 10:51:35,ppbpbbppppbbbppppppbbpbpbpbpppbbpbpbbbppbbppbpbbppbp,52
846349,4767,12,15,bpbbppppbbb,b,bpbbppppbbbb,2026-04-23 14:46:44,bpbppbbpbbppbbpbpbbppppbbbbppbpbpppbbbppbbbbbpbppbpb,52
859437,4845,12,1,bpbbppppbbb,b,bpbbppppbbbb,2026-04-23 20:13:02,bbpbbppppbbbbbbbpbbbbbpbbpbppppbbpbbbbbbbpbbbpbbpbbpppbpppp,59
864566,4875,12,27,bpbbppppbbb,p,bpbbppppbbbp,2026-04-30 10:38:43,bpppppbppbbbbbbppbbpbppbpbpbpbbppppbbbpbbbpbbpbbpbbppbppbpb,59
877089,4954,12,4,bpbbppppbbb,p,bpbbppppbbbp,2026-05-04 11:20:56,ppppbpbbppppbbbpppbbpbbbppbpbppbbbpbpp,38
877933,4958,12,44,bpbbppppbbb,b,bpbbppppbbbb,2026-05-04 11:30:13,ppbbbpbbppppbppbppppppppbbbbpbpbppbpbbpbpbbpbpbbppppbbbbbbbbp,61
878380,4961,12,1,bpbbppppbbb,b,bpbbppppbbbb,2026-05-04 15:33:14,pbpbbppppbbbbpbbbpbpbppbbbppbbppppbbppbpppbbpppb,48
883886,4992,12,24,bpbbppppbbb,b,bpbbppppbbbb,2026-05-04 17:25:56,bpbbpbpbppbpbbbpbpbpbbppbpbbppppbbbbpbppbbbpppbpppbbpbp,55
891941,5036,12,12,bpbbppppbbb,p,bpbbppppbbbp,2026-05-14 08:15:41,bbpbpppbpbppbpbbppppbbbpbbbpbpbpppppbbbpppbbbbbpppbbppbpbp,58
900034,5081,12,19,bpbbppppbbb,b,bpbbppppbbbb,2026-05-22 05:44:34,bbbppbpbpppbbpbpbpbbpbbppppbbbbbppb,35
901525,5090,12,34,bpbbppppbbb,b,bpbbppppbbbb,2026-05-23 06:42:30,bpbbpbbbppbbbppppbbbbpbbbpbbbbbbbbbpbbppppbbbbbbbpppbpbbppppbbpb,64
919895,5201,12,6,bpbbppppbbb,b,bpbbppppbbbb,2026-05-28 10:52:19,bbpbbpbpbbppppbbbbpppbbpbpppbpppbpbppbpbpbpppbbpbbbbpbbbbpbbbp,62
922802,5217,12,24,bpbbppppbbb,b,bpbbppppbbbb,2026-05-28 14:20:32,bbbbppbbpppppbppppbbbbppbpbbppppbbbbpppppppppppb,48
924119,5225,12,7,bpbbppppbbb,b,bpbbppppbbbb,2026-05-28 15:22:39,bbbppbbbpbbppppbbbbpbppbpbbbbppppbpbppppb,41
925628,5234,12,39,bpbbppppbbb,b,bpbbppppbbbb,2026-05-28 15:32:33,bbbpbpbbpbbpbpbbbpbpbppppbpbbpppbpbbpppbpbbppppbbbb,51
950848,5387,12,33,bpbbppppbbb,b,bpbbppppbbbb,2026-06-15 12:13:13,bbbpbbpppppppbbpppbpppppppbppbbpbbpbbppppbbbbppppppppbbb,56
957773,5429,12,34,bpbbppppbbb,p,bpbbppppbbbp,2026-06-18 09:16:29,pbbppppppppbpppbbbbbppbpbpbbppbbpbbpbbppppbbbppbbbppbbbbpppbbbpb,64
960860,5445,12,46,bpbbppppbbb,b,bpbbppppbbbb,2026-06-19 14:05:35,bbpbbpppbbbbbppbbbbbpppbbpppbbbbbbppppbpbbpbppbpbbppppbbbbbbpbbbbpb,67
967186,5480,12,27,bpbbppppbbb,p,bpbbppppbbbp,2026-06-20 11:45:28,pbpbpbppbbbpppbpppbpppppbpbbpbbppppbbbpbpbpppppppppppppbpb,58
186444,45,12,1,bpbbppppbpb,p,bpbbppppbpbp,2026-01-26 10:57:31,bbpbbppppbpbpbbpbbpbpbppbpbppp,30
186798,63,12,4,bpbbppppbpb,p,bpbbppppbpbp,2026-01-26 10:57:31,bpbbbpbbppppbpbpbpbp,20
195805,321,12,30,bpbbppppbpb,b,bpbbppppbpbb,2026-01-26 10:57:31,ppppbpbbbbbbbbbbbpbbbbppbbppbpbpbbppppbpbbbppbbb,48
200952,412,12,21,bpbbppppbpb,p,bpbbppppbpbp,2026-01-26 10:57:31,bpppbpbpbbppbpbppbbppbpbbppppbpbp,33
204950,483,12,49,bpbbppppbpb,b,bpbbppppbpbb,2026-01-26 10:57:32,pppbbpbbpbbpbpbbpbpbppbbbppbpbbpbbpbppbbpbppbbppbbpbbppppbpbbbpb,64
209570,572,12,40,bpbbppppbpb,b,bpbbppppbpbb,2026-01-26 10:57:32,pppbpbppbbbbbbpppppppppppppppppbpbpppbbpbpbbppppbpbbpp,54
210227,583,12,42,bpbbppppbpb,p,bpbbppppbpbp,2026-01-26 10:57:32,ppbpbbpppbpbbpbbpppbbpbppppbppbppbbpbbbbpbbpbbppppbpbpppppbbbbp,63
211121,597,12,35,bpbbppppbpb,p,bpbbppppbpbp,2026-01-26 10:57:32,bbbbbpbpbbppbpppbbpbbbpppbpbbppbpppbpbbppppbpbpppbbppbbbbppbb,61
211953,612,12,12,bpbbppppbpb,b,bpbbppppbpbb,2026-01-26 10:57:32,pbbbbbpbbpbpbpbbppppbpbbbbppbbbpbbbbpbpppbppppbpbbbbppbb,56
217236,713,12,14,bpbbppppbpb,p,bpbbppppbpbp,2026-01-26 10:57:32,pbbpbbpppbppbpbpbbppppbpbppppbbpppbppbbbb,41
222707,820,12,28,bpbbppppbpb,b,bpbbppppbpbb,2026-01-26 10:57:32,pppbppbbpbbpbpppbpbbppbppbbpbpbbppppbpbbpppbbbpbbpbbpbpbbbppbbpbbppb,68
222985,824,12,26,bpbbppppbpb,b,bpbbppppbpbb,2026-01-26 10:57:32,bbbpbpbpppbpbppppbpbbppbbbbpbbppppbpbbbpbbpppbppb,49
225247,865,12,9,bpbbppppbpb,p,bpbbppppbpbp,2026-01-26 10:57:32,ppbbpppppbpbbppppbpbpbpbbbbppbbpbppppbbb,40
228293,917,12,4,bpbbppppbpb,b,bpbbppppbpbb,2026-01-26 10:57:32,bbbbbpbbppppbpbbbppbpbbpbpbbppppppbb,36
231985,979,12,11,bpbbppppbpb,p,bpbbppppbpbp,2026-01-26 10:57:32,pbbpbbbppppbpbbppppbpbpbppbppbpbppbpbppbbbbppppppb,50
234294,1020,12,37,bpbbppppbpb,b,bpbbppppbpbb,2026-01-26 10:57:32,bbbpbbpppppbpbbpbbpbbppbppppbppbpbbbpbpbbppppbpbbbbbpppppbpbb,61
245251,1211,12,28,bpbbppppbpb,b,bpbbppppbpbb,2026-01-26 10:57:33,bpbbbbbppbbbbbpbppbbpbpbbbppbpbbppppbpbbppbbppb,47
245688,1218,12,45,bpbbppppbpb,b,bpbbppppbpbb,2026-01-26 10:57:33,bbbbppppbppbppppppbbpbbpbbpbbbbpppbpbppppbbbbbpbbppppbpbbppbbpbppbb,67
246074,1225,12,14,bpbbppppbpb,p,bpbbppppbpbp,2026-01-26 10:57:33,bppppppppppbpbbpbbppppbpbpbppbbbbpbppbpbbbpppbpbpbbpbbpbp,57
247005,1240,12,14,bpbbppppbpb,p,bpbbppppbpbp,2026-01-26 10:57:33,bppppbpbbbpppbbpbbppppbpbppbppppbbpppbbbpppbppppbp,50
248669,1268,12,19,bpbbppppbpb,p,bpbbppppbpbp,2026-01-26 10:57:33,pbpppbppbpppbpbbbpbbpbbppppbpbpbpppppbpbbbbbbpbbbpbpbbbppp,58
250227,1295,12,43,bpbbppppbpb,b,bpbbppppbpbb,2026-01-26 10:57:33,pbpppppppppbbbbbbpppppbpbpbbbbbbppbppbpbppbbpbbppppbpbbbppppbbbbbbppbb,70
250637,1303,12,11,bpbbppppbpb,b,bpbbppppbpbb,2026-01-26 10:57:33,bbbpbppbpppbpbbppppbpbbbpbbpbbpbpbpppbpppbppbbbbpbbbpbppppp,59
252087,1330,12,15,bpbbppppbpb,b,bpbbppppbpbb,2026-01-26 10:57:33,bpbbppbbppbpbbbbpbbppppbpbbbpbbpbppbbpppp,41
252625,1338,12,9,bpbbppppbpb,b,bpbbppppbpbb,2026-01-26 10:57:33,pbpbpbbbbbpbbppppbpbbpppbpbpbbbpbpbbbppbbbb,43
262309,1502,12,13,bpbbppppbpb,b,bpbbppppbpbb,2026-01-26 10:57:33,bpppbppbbbppbbpbbppppbpbbppbpbpppbpppbpbpppb,44
263205,1517,12,12,bpbbppppbpb,b,bpbbppppbpbb,2026-01-26 10:57:33,pbppppppbppbbpbbppppbpbbpbppbpbpbbpppbbppbbpbbpbpb,50
267752,1584,12,43,bpbbppppbpb,p,bpbbppppbpbp,2026-01-26 10:57:33,bbppppppbpppppbbbppbpbpbpbbpbpbbpppbbpbbbbpbpbbppppbpbppb,57
268499,1594,12,46,bpbbppppbpb,b,bpbbppppbpbb,2026-01-26 10:57:33,pbpbpbpbpbbbpbbpppbpbbpbpppbpbpppbpbpbbpbpbpbbbpbbppppbpbbpppbbbbb,66
269401,1609,12,48,bpbbppppbpb,b,bpbbppppbpbb,2026-01-26 10:57:33,bppppbppbpbpbbbbpbbpbbbbpbbpbbbppbbbbbpbpppbbppbbpbbppppbpbbbbbbppp,67
269717,1614,12,42,bpbbppppbpb,p,bpbbppppbpbp,2026-01-26 10:57:33,pbbppbbbbpbppbppppbbbbbbppbppbbpppbpbbbpbpbpbbppppbpbp,54
270737,1632,12,27,bpbbppppbpb,p,bpbbppppbpbp,2026-01-26 10:57:33,bbbpbbpbpbbppbbbbbbbbbppbbbbpbbppppbpbppbbbpbbbbbbpbbbbbppppbpb,63
272137,1654,12,16,bpbbppppbpb,b,bpbbppppbpbb,2026-01-26 10:57:33,bbbbbbbppbbbpppbbpbbppppbpbbppbbbpppbbppb,41
273980,1687,12,33,bpbbppppbpb,p,bpbbppppbpbp,2026-01-26 10:57:33,pbpbbbbpbpbbpbpbbbbpbbppbpbpppppbbpbbppppbpbpb,46
277722,1754,12,10,bpbbppppbpb,b,bpbbppppbpbb,2026-01-26 10:57:33,pbpbbpbbbbbpbbppppbpbbbpbbbpppbbbbbppppbpppbbbbbbpbbbpppbbppbbbb,64
281253,1808,12,23,bpbbppppbpb,p,bpbbppppbpbp,2026-01-26 10:57:33,bppbbppbpbbppppbbpbppppbpbbppppbpbpbbbppppbpppbppppp,52
285025,1870,12,9,bpbbppppbpb,b,bpbbppppbpbb,2026-01-26 10:57:34,pppbpbbbpbpbbppppbpbbbpbbpbppbpbpbbpppbpbppp,44
293879,1927,12,14,bpbbppppbpb,b,bpbbppppbpbb,2026-01-26 16:52:29,ppbpbbbbbbpbpbbpbbppppbpbbbbppbpbbbbpbpbppp,43
294079,1928,12,0,bpbbppppbpb,b,bpbbppppbpbb,2026-01-26 16:52:46,bpbbppppbpbbbpppbppbpbbpbpbppbppbbpbbbbbpppppbbbpppppbbbppppppbbpp,66
295980,1939,12,23,bpbbppppbpb,p,bpbbppppbpbp,2026-01-26 17:20:29,ppbpbpbbppbpbpbppbbbbpbbpbbppppbpbpppppbbppppbpppbppbpbbbpbbb,61
393662,2129,12,40,bpbbppppbpb,p,bpbbppppbpbp,2026-01-31 07:13:36,bpbbbpbbpbppppbbbpbbppbbbbbpbbbbpbppbpbpbpbbppppbpbpbbbb,56
399113,2160,12,3,bpbbppppbpb,b,bpbbppppbpbb,2026-01-31 19:10:09,bpbbpbbppppbpbbpppbbbppbbpbpbbbbbpbppbbbbbbbppppbpbpbbppbbpbbb,62
405622,2195,12,19,bpbbppppbpb,b,bpbbppppbpbb,2026-02-02 12:31:58,bppbbppbbbppbpbbbpbbpbbppppbpbbbpbbpbbbppbpbbpppbbpbbpppbpbbppp,63
412908,2235,12,20,bpbbppppbpb,b,bpbbppppbpbb,2026-02-02 14:35:17,bbbbpbbppbbbppbbbbbpbpbbppppbpbbbppbbbbppbpbbbppbpbbppppbpbpbp,62
412922,2235,12,48,bpbbppppbpb,p,bpbbppppbpbp,2026-02-02 14:35:17,bbbbpbbppbbbppbbbbbpbpbbppppbpbbbppbbbbppbpbbbppbpbbppppbpbpbp,62
413118,2236,12,26,bpbbppppbpb,b,bpbbppppbpbb,2026-02-02 14:35:43,ppbbpbbppbpbpppbbppbpbbbpbbpbbppppbpbbbppbpbppbpbpb,51
413321,2237,12,23,bpbbppppbpb,b,bpbbppppbpbb,2026-02-02 14:36:05,bbpbpbpbppbpbppbpbbbpbbbpbbppppbpbbpbbpbpppbbp,46
422317,2286,12,15,bpbbppppbpb,p,bpbbppppbpbp,2026-02-03 10:22:15,ppbbppbbpppbppbbpbbppppbpbpppppbbppppbppbpbbbpbppppppbppp,57
428777,2321,12,26,bpbbppppbpb,b,bpbbppppbpbb,2026-02-04 16:54:34,pbbbbbbbpppbbbbpbppbpbpbbbbpbbppppbpbbpbbbbpbbbpbbbbbbpbbp,58
431640,2338,12,7,bpbbppppbpb,p,bpbbppppbpbp,2026-02-04 17:25:26,pbppbbpbpbbppppbpbpbppbpbpbbpbppbbbpbpbbbpbbppbbppbpbbbppppbppbb,64
433049,2346,12,19,bpbbppppbpb,b,bpbbppppbpbb,2026-02-04 18:04:42,pbbbbbpbppbpbbpbbbpbpbbppppbpbbpbpppbbpbpbppppbp,48
442472,2397,12,26,bpbbppppbpb,b,bpbbppppbpbb,2026-02-05 15:05:43,pbpbppbbbpbpppbpbppbppbbbbbpbbppppbpbbpbppbpppbbppbppppbbbbbbpp,63
449609,2435,12,15,bpbbppppbpb,b,bpbbppppbpbb,2026-02-06 10:20:31,bpppppbbbppppbpbpbbppppbpbbpbbbbbpbbbbbpppbbpppbbbpbpbpbpbpbb,61
451272,2443,12,40,bpbbppppbpb,b,bpbbppppbpbb,2026-02-06 10:23:06,bpbpbbpbbbpbbpbpbpbppbbppbbpbbppbpbppppbbpbbppppbpbbbbpbp,57
455904,2468,12,7,bpbbppppbpb,b,bpbbppppbpbb,2026-02-06 11:31:53,bpbbpbbbpbbppppbpbbbbpbbppbpppbpbpbppbpbbbppbbbpbpbbbppppbbbbpbb,64
468324,2535,12,28,bpbbppppbpb,b,bpbbppppbpbb,2026-02-09 15:29:47,pppbbppbbpbbppbbppbppbbbbbbbbpbbppppbpbbpbbbbppbbbpp,52
475568,2574,12,2,bpbbppppbpb,p,bpbbppppbpbp,2026-02-10 17:25:29,bpbpbbppppbpbpbppppbbbbbbpbppppbppbbpppppppb,44
476564,2579,12,30,bpbbppppbpb,p,bpbbppppbpbp,2026-02-10 18:15:19,ppbbpbbpbpppbppbpppbbbpppbbpbbbpbbppppbpbpppbpbbpbppbpppbbpbb,61
481921,2614,12,27,bpbbppppbpb,b,bpbbppppbpbb,2026-02-10 19:38:25,pbbppbpbbppbbpbbpbbppbbpppbbpbbppppbpbbbppppbbpbbpb,51
495926,2698,12,29,bpbbppppbpb,p,bpbbppppbpbp,2026-02-11 20:24:54,pppbbbbbbpppbbbbbbbpbpppbbpbpbpbbppppbpbppppppbppbbbpbbbbppp,60
499074,2718,12,9,bpbbppppbpb,p,bpbbppppbpbp,2026-02-11 21:02:40,bbbbbbbpbbpbbppppbpbppbbbbppbpbpbbpbbbpbbbbbpbppbpbbb,53
507881,2768,12,23,bpbbppppbpb,b,bpbbppppbpbb,2026-02-12 09:50:59,bppbbbpbbbppbpbppbbppbbbpbbppppbpbbpbpppbpbppbbbpb,50
533657,2912,12,16,bpbbppppbpb,p,bpbbppppbpbp,2026-02-13 17:51:48,ppbbppbpbpbbppbbbpbbppppbpbppbbbbpbbbpbbbppbbbppbppbbpbpbbpbppb,63
534015,2914,12,19,bpbbppppbpb,p,bpbbppppbpbp,2026-02-13 17:52:47,bbpbpppbpppppbbppbpbpbbppppbpbppbbbbbbbbbppppppbbpppb,53
548988,3002,12,22,bpbbppppbpb,b,bpbbppppbpbb,2026-02-14 15:57:52,bbpbbppbbppppbppbbbpppbpbbppppbpbbpppbppbppbpbbbpbpb,52
553986,3028,12,35,bpbbppppbpb,b,bpbbppppbpbb,2026-02-15 19:52:37,bbbbbpbppbpbbbpbpbbpbbpbppbpbbbbpbpbpbbppppbpbbbbbppbpppbpp,59
557440,3046,12,35,bpbbppppbpb,p,bpbbppppbpbp,2026-02-15 21:20:49,bpbpppppppbpppbppbpppbbbpbbpbpppppbbpbbppppbpbpbppbpbpbpbpbpbpbpppb,67
559924,3060,12,27,bpbbppppbpb,p,bpbbppppbpbp,2026-02-17 14:33:27,pbbbbpppppbbbpbbbpppppbppbpbpbbppppbpbppbpppbpbpbpbp,52
561828,3070,12,36,bpbbppppbpb,p,bpbbppppbpbp,2026-02-17 15:07:27,pppbbbppbbppppppppppbpbpbbppbbpppbpbbpbbppppbpbp,48
569219,3109,12,37,bpbbppppbpb,p,bpbbppppbpbp,2026-02-17 17:18:47,bpbppbpbbbbbbpbppbpbbpbpbbpbbbbppppbpbpbbppppbpbp,49
608720,3353,12,38,bpbbppppbpb,b,bpbbppppbpbb,2026-02-21 13:59:10,bbbppbbpbbbpppbppbpbbppppbbppppppppbbbbpbbppppbpbbbpbpbppbpbbbpb,64
608863,3354,12,35,bpbbppppbpb,b,bpbbppppbpbb,2026-02-21 14:26:17,pbpppppbbppppbpbbbpbbbpbbbppppppppbbpbbppppbpbbppb,50
640679,3556,12,2,bpbbppppbpb,p,bpbbppppbpbp,2026-02-23 12:31:06,pbbpbbppppbpbpbbpbbbbppppbbbbbpbbbppppb,39
647987,3600,12,22,bpbbppppbpb,b,bpbbppppbpbb,2026-02-23 14:59:14,bppppbpbbppbpppbpbbbppbpbbppppbpbbbbpbbbbbbppb,46
654299,3635,12,14,bpbbppppbpb,b,bpbbppppbpbb,2026-02-24 11:13:53,ppbpbbbpbbpbbbbpbbppppbpbbbbbbpppbbpbpbbb,41
656484,3648,12,27,bpbbppppbpb,b,bpbbppppbpbb,2026-02-24 14:28:30,bpppbbbpbbbpppbpbbppppbppbbbpbbppppbpbbbbppppbpbbbpp,52
658288,3658,12,8,bpbbppppbpb,b,bpbbppppbpbb,2026-02-24 14:54:43,ppbpppbpbpbbppppbpbbbppbpbbppbppbppbpbbpbbbbbpbbppppppbbb,57
659715,3666,12,33,bpbbppppbpb,b,bpbbppppbpbb,2026-02-24 15:32:48,pbbbpbpppppppbbpbpppbbpppbppbpppbbpbbppppbpbbbpbb,49
669633,3722,12,2,bpbbppppbpb,b,bpbbppppbpbb,2026-02-25 09:46:30,pbbpbbppppbpbbppbpbbppbbpbbpbbbbpbbbbpbbpppbbpppppbp,52
675434,3761,12,15,bpbbppppbpb,p,bpbbppppbpbp,2026-02-25 17:23:19,pbpbbpbbpbpbpbpbpbbppppbpbpbbbppb,33
677625,3773,12,13,bpbbppppbpb,p,bpbbppppbpbp,2026-02-25 18:02:33,pbbbpppbppbppbpbbppppbpbpbpbbpbbpbbbpppppbbpppppbbbp,52
686825,3828,12,21,bpbbppppbpb,b,bpbbppppbpbb,2026-02-25 20:58:09,bpbbpbbpbbpbbbbbpbbpbbpbbppppbpbbppbbbppbp,42
688563,3837,12,45,bpbbppppbpb,p,bpbbppppbpbp,2026-02-25 21:46:48,bbbbppbbbppbpbbbppppbppbpbpbpbpppppbpbbppbpppbpbbppppbpbppbbbb,62
691789,3855,12,7,bpbbppppbpb,p,bpbbppppbpbp,2026-02-26 08:21:11,bbppbbbbpbbppppbpbppbbpbpbbbpbpppbpbbpbpbbb,43
696379,3881,12,18,bpbbppppbpb,p,bpbbppppbpbp,2026-02-28 13:40:55,ppbbpbbpbbbpppbpbpbpbbppppbpbpppbpbppppbpppp,44
704958,3930,12,27,bpbbppppbpb,p,bpbbppppbpbp,2026-03-01 16:38:43,bpppbpbbbpbbbppbbbbbbpbpppbbpbbppppbpbpbpbppbppbbbbbppbbppbbbb,62
709650,3957,12,35,bpbbppppbpb,b,bpbbppppbpbb,2026-03-01 20:18:14,bbbpbbpppppbbbbppppbppbpppbpbpppbbpbpbbppppbpbbpbbbb,52
710757,3964,12,33,bpbbppppbpb,p,bpbbppppbpbp,2026-03-01 20:21:08,bppppbbppbpbpppbpbbbbpbppbbpppbbpbpbbppppbpbpbbbp,49
724919,4047,12,30,bpbbppppbpb,p,bpbbppppbpbp,2026-03-03 16:15:23,bpbbbpppppppppbbbpbbbpppbbbppbbpbbppppbpbpbpbb,46
738817,4125,12,15,bpbbppppbpb,p,bpbbppppbpbp,2026-03-04 11:55:59,bbbppppbbbpbbbbbpbbppppbpbppbbbpppbbpbbppbppbbpbbbpppbbb,56
742946,4153,12,20,bpbbppppbpb,p,bpbbppppbpbp,2026-03-04 15:37:52,pppppbbbbbbbpbbpbppbbpbbppppbpbpbbbpbbpbpbbpbpppbb,50
757202,4237,12,27,bpbbppppbpb,p,bpbbppppbpbp,2026-03-05 21:37:04,bbbppbpbpbppbbpbppbppbpppbpbpbbppppbpbpppbppbpbbpppbbppppb,58
760539,4256,12,11,bpbbppppbpb,b,bpbbppppbpbb,2026-03-06 16:57:47,pbpbpppbbppbpbbppppbpbbppbbpppbpppbbppppbppbbppbppppbpbp,56
790130,4430,12,2,bpbbppppbpb,p,bpbbppppbpbp,2026-03-15 14:35:02,bpbpbbppppbpbpbbppbbppbbpbbpppbbbbbbpppbpbbbbbpbbbbpbb,54
792752,4444,12,53,bpbbppppbpb,p,bpbbppppbpbp,2026-03-16 19:10:32,bbpbbbbppppppbbbbppbbpbppbpbbbbpbbbbpbpppbppbbpppbpbbbpbbppppbpbpp,66
796703,4466,12,19,bpbbppppbpb,b,bpbbppppbpbb,2026-03-17 07:03:25,bppppbbpbbppbbpbbbpbpbbppppbpbbppbpbbbpbbbpppppbbppbpbbbbpbpp,61
804651,4510,12,17,bpbbppppbpb,b,bpbbppppbpbb,2026-03-18 07:48:35,bppbpppbbbbpbbbbpbpbbppppbpbbbbbbpbpppppbpbbppbbpppbb,53
809300,4542,12,53,bpbbppppbpb,b,bpbbppppbpbb,2026-03-18 13:42:24,bppbpbbpbpppbpppbbpbbpbppbppbppbppbpppbpbpbpbpbbppppbbpbbppppbpbbp,66
810548,4550,12,17,bpbbppppbpb,b,bpbbppppbpbb,2026-03-18 14:15:30,pppbpbbppbppbbbppbpbbppppbpbbbbbbbbbbpbbbppbbbbbbppppbpp,56
817576,4595,12,32,bpbbppppbpb,b,bpbbppppbpbb,2026-03-18 16:18:14,bbpbpbpppbbppbbpppbppbbbbbpbpppbbpbbppppbpbbpbbpbppbbpbbb,57
818308,4599,12,15,bpbbppppbpb,p,bpbbppppbpbp,2026-03-19 19:17:40,bpbpbbpbbpbppppbpbbppppbpbppbppppppp,36
821145,4615,12,17,bpbbppppbpb,b,bpbbppppbpbb,2026-03-19 20:09:21,bbppppppbbbbpbppbbpbbppppbpbbbbbbppbpbpppbpbbbpbpbbbppbp,56
822027,4619,12,15,bpbbppppbpb,b,bpbbppppbpbb,2026-03-19 20:10:58,bbpbpbbbbpbppbbbpbbppppbpbbppppbbpbbpbpbppbpbbppb,49
826797,4648,12,26,bpbbppppbpb,p,bpbbppppbpbp,2026-03-24 06:20:23,bbpbbbbbbbpbbpbbpbbpbbbbppbpbbppppbpbpbpbppbbpbppbb,51
828140,4656,12,17,bpbbppppbpb,b,bpbbppppbpbb,2026-03-24 06:24:28,ppbppbpbbbbbpbbbbbpbbppppbpbbbbbpbbpppbpbpbbpbppppp,51
837483,4716,12,21,bpbbppppbpb,p,bpbbppppbpbp,2026-04-20 06:40:32,bppbbbbpbppppbpbppbpbbpbbppppbpbpppbpbpbbbpbpppbpbpbbpbbpp,58
853201,4807,12,11,bpbbppppbpb,b,bpbbppppbpbb,2026-04-23 17:52:23,pbpbbbpbpbpbpbbppppbpbbpbppppbppbpbppb,38
869836,4910,12,13,bpbbppppbpb,b,bpbbppppbpbb,2026-05-04 07:54:36,bppbpbpppppbbbpbbppppbpbbpppbpbbppbpbbpbpbpbpppbbbp,51
879361,4966,12,17,bpbbppppbpb,b,bpbbppppbpbb,2026-05-04 15:37:36,ppppbbpbpppbbbbpbbpbbppppbpbbpbbpbbbppppbbbppbpppbbbbp,54
879778,4968,12,7,bpbbppppbpb,p,bpbbppppbpbp,2026-05-04 15:39:17,bpbbbpbbpbbppppbpbpbbppbpbpbbppbbpbpbbpppbbpbppbbb,50
895221,5054,12,13,bpbbppppbpb,p,bpbbppppbpbp,2026-05-22 05:04:32,bbpbbbpbpbbppbpbbppppbpbpbppbpbpbbppbbppbbpbpbppbpppbppbpbppppb,63
906177,5118,12,1,bpbbppppbpb,p,bpbbppppbpbp,2026-05-26 10:12:38,pbpbbppppbpbpbbbbbpbbbppbbbbppbbpbpbbpbb,40
917740,5187,12,21,bpbbppppbpb,p,bpbbppppbpbp,2026-05-28 10:05:07,ppppbbppbpbpbbpbpbpbpbpbbppppbpbpbbppbpppbppbbpbbbb,51
934849,5289,12,28,bpbbppppbpb,p,bpbbppppbpbp,2026-06-05 20:09:35,pbpbbbpppbppbppbppbppbbbpbbpbpbbppppbpbpbbbppbpbpbpbbbbppp,58
943150,5339,12,15,bpbbppppbpb,p,bpbbppppbpbp,2026-06-07 21:14:58,pppbpppbpppppbbbpbbppppbpbppbbbpbbbbbppbbbppppbbpbbbp,53
960174,5441,12,41,bpbbppppbpb,p,bpbbppppbpbp,2026-06-19 14:01:22,bpbbbbbppbbbpbpbbppbbbpbbpppbpbbbpbpbbbbbbpbbppppbpbpb,54
975596,5529,12,6,bpbbppppbpb,b,bpbbppppbpbb,2026-06-22 09:24:41,bbbppbbpbbppppbpbbppppbpppbpbppbbpbpbbbpbp,42
977895,5542,12,9,bpbbppppbpb,p,bpbbppppbpbp,2026-06-23 06:34:07,ppbppbbpbbpbbppppbpbpppppbpppppbbbbpppppbpppbbpbbpppppbppbppbbbp,64
978916,5548,12,43,bpbbppppbpb,p,bpbbppppbpbp,2026-06-23 06:41:25,bbbppbbppppbbbbpbbppbpppbbbpppbbpbbpppbpbbbbpbbppppbpbpppbpppbppbb,66
185865,19,12,13,bpbbppppbpp,p,bpbbppppbppp,2026-01-26 10:57:31,ppbpbpbbpbppbbpbbppppbppppbbbp,30
192827,265,12,36,bpbbppppbpp,p,bpbbppppbppp,2026-01-26 10:57:31,bbbbbpbbppbbpbbpppbppppbpppbpbpbpbbbbpbbppppbpppbpppp,53
193545,277,12,8,bpbbppppbpp,b,bpbbppppbppb,2026-01-26 10:57:31,bbbbpbpbbpbbppppbppbbppbbbpbbbppbppp,36
196391,331,12,5,bpbbppppbpp,b,bpbbppppbppb,2026-01-26 10:57:31,ppbppbpbbppppbppbbbbbbpbpbpbppbppbpppbpppbpbbbbbpbbbpbbb,56
196806,339,12,2,bpbbppppbpp,b,bpbbppppbppb,2026-01-26 10:57:31,ppbpbbppppbppbpbbpbpbbpppbbbbbpppppbbpppbpbbpppbbbppbbpbbp,58
197244,347,12,4,bpbbppppbpp,p,bpbbppppbppp,2026-01-26 10:57:31,ppppbpbbppppbppppbbbbbbppbbppbpppppbbppbbpppbppppbpbppppb,57
200184,395,12,14,bpbbppppbpp,b,bpbbppppbppb,2026-01-26 10:57:31,bbppppbppbbbpbbpbbppppbppbbpbpbppbbbppbbppbppppbbbppbppbppbp,60
200825,409,12,12,bpbbppppbpp,b,bpbbppppbppb,2026-01-26 10:57:31,pbpppbpppbbbbpbbppppbppb,24
212838,628,12,23,bpbbppppbpp,b,bpbbppppbppb,2026-01-26 10:57:32,pbbbbbbpbbpppbppbbpbbbpbpbbppppbppbbppbpbp,42
218522,739,12,32,bpbbppppbpp,b,bpbbppppbppb,2026-01-26 10:57:32,pbbbppppbpbppbbpbppbpbpbbppppbbpbpbbppppbppbp,45
232218,983,12,7,bpbbppppbpp,b,bpbbppppbppb,2026-01-26 10:57:32,bpbbbppbpbbppppbppbbppbppppbbbbbpppbbppppppbpbppbpppp,53
234127,1018,12,37,bpbbppppbpp,p,bpbbppppbppp,2026-01-26 10:57:32,bpbbpbbbppbpbpppbbbbpbbpbppbppbppbbpbbpbbppppbppppbbbpbbpbpb,60
234440,1023,12,36,bpbbppppbpp,b,bpbbppppbppb,2026-01-26 10:57:32,pppbbpbbbbpbpbppbbbbbpbbpbbbbpppbbbbbpbbppppbppbbbbbpbbpbbpppbbbpp,66
234594,1025,12,12,bpbbppppbpp,p,bpbbppppbppp,2026-01-26 10:57:32,pbppppbppbbbbpbbppppbpppppbpbbppbpppbbbppbbpppbbpbppbpbpbpbbppbbppb,67
239741,1116,12,23,bpbbppppbpp,b,bpbbppppbppb,2026-01-26 10:57:32,pbppbbbbbbppbppbpbppbppbpbbppppbppbbppbbpb,42
243602,1183,12,19,bpbbppppbpp,b,bpbbppppbppb,2026-01-26 10:57:32,bbpbpbbpppbbpbbbbbbbpbbppppbppbpbpbpbpbbbbppb,45
246127,1226,12,2,bpbbppppbpp,p,bpbbppppbppp,2026-01-26 10:57:33,pbbpbbppppbpppbppbbppppbbbpppbppbbpbbbpbppbb,44
246751,1236,12,16,bpbbppppbpp,p,bpbbppppbppp,2026-01-26 10:57:33,bbbpbbpbpbppbbppbpbbppppbpppbppbppppbpbppbpbppbbbpbpbpbbbbb,59
246892,1238,12,32,bpbbppppbpp,b,bpbbppppbppb,2026-01-26 10:57:33,bbppbpbbbpbppppbbppbbppbpbpbppbbbpbbppppbppbppp,47
252267,1333,12,20,bpbbppppbpp,b,bpbbppppbppb,2026-01-26 10:57:33,pppbbbbbppbbppbbppbbbpbbppppbppbpbbpbbbppbppppbbbpbbpbpbpp,58
253956,1362,12,9,bpbbppppbpp,p,bpbbppppbppp,2026-01-26 10:57:33,ppppbpbbpbpbbppppbpppbbbpbbpbbbbppppbpppppbbbbbp,48
256386,1402,12,38,bpbbppppbpp,p,bpbbppppbppp,2026-01-26 10:57:33,ppppbpppbbbbppbbbbbbbppbbbbpbpbbbppppbbpbbppppbpppppbbppbpp,59
260656,1473,12,5,bpbbppppbpp,b,bpbbppppbppb,2026-01-26 10:57:33,pbpbbbpbbppppbppbbpppbbbpbbbbbpppbppbbpppbpb,44
266558,1566,12,27,bpbbppppbpp,b,bpbbppppbppb,2026-01-26 10:57:33,bbpbppbpbbpbpbpppbbbbbbppbbbpbbppppbppbbppbppppbbpbbpbbpbppp,60
267960,1587,12,25,bpbbppppbpp,p,bpbbppppbppp,2026-01-26 10:57:33,ppbbbbbpbppbpppbbbbpbpbppbpbbppppbpppbpppbbpbbbbbpppbpppppbpbpbppbp,67
268965,1602,12,35,bpbbppppbpp,p,bpbbppppbppp,2026-01-26 10:57:33,pppbppbppbbpbbbpbpbbbbpppbpbpbpppbpbpbbppppbpppbbbbbpbppb,57
272836,1666,12,41,bpbbppppbpp,b,bpbbppppbppb,2026-01-26 10:57:33,bbbpppbppbppbbbppppbbppbbpppbppbbbbbbbpppbpbbppppbppbbpp,56
272947,1668,12,40,bpbbppppbpp,p,bpbbppppbppp,2026-01-26 10:57:33,bppbbpppbbbbbpbbppbppbpbppbbbbbbbpbpbbbpbpbbppppbppppbbb,56
283233,1842,12,8,bpbbppppbpp,b,bpbbppppbppb,2026-01-26 10:57:34,bppppbbpbpbbppppbppbbbbbpbpbbbppppbppppbpbbbpbb,47
284636,1864,12,19,bpbbppppbpp,b,bpbbppppbppb,2026-01-26 10:57:34,ppbbppbpbbbpbpbbbbbbpbbppppbppbpbpbbpbpbbpbbpbpbbbp,51
290116,1905,12,3,bpbbppppbpp,p,bpbbppppbppp,2026-01-26 13:59:21,pbpbpbbppppbpppbpbpbbbbppppbpbbbppppbpbpbpbpbpbbp,49
292274,1918,12,3,bpbbppppbpp,b,bpbbppppbppb,2026-01-26 16:49:31,pbbbpbbppppbppbbppbbbbbppppbbpbbpppb,36
396372,2144,12,14,bpbbppppbpp,b,bpbbppppbppb,2026-01-31 08:26:09,bbbppppbppppbpbpbbppppbppbpppbppbppbppbpbppbpb,46
398664,2157,12,8,bpbbppppbpp,b,bpbbppppbppb,2026-01-31 18:45:00,bbppbpbpbpbbppppbppbppbpbpbpbppbbbppbppbbbp,43
403805,2186,12,9,bpbbppppbpp,b,bpbbppppbppb,2026-01-31 19:58:38,pbbbppbppbpbbppppbppbppbbpbppbbbpppbpbpb,40
414249,2242,12,47,bpbbppppbpp,p,bpbbppppbppp,2026-02-02 14:37:54,bbbbppbpbpbbbbbpbppppbppbbbpppppbbppbpppbpbbppbbpbbppppbpppbbbbp,64
425908,2305,12,39,bpbbppppbpp,p,bpbbppppbppp,2026-02-04 15:57:16,bpbpbpbbbppbppbbpbpbbpbpbbbppppbpbpbpbpbpbbppppbpppbbpbppbbbb,61
440211,2385,12,27,bpbbppppbpp,p,bpbbppppbppp,2026-02-05 14:02:53,pbbbpppppbbppppbpbbbpbbppbpbpbbppppbpppbppbbbpbbppppbpppbpbbpbpb,64
440219,2385,12,44,bpbbppppbpp,p,bpbbppppbppp,2026-02-05 14:02:53,pbbbpppppbbppppbpbbbpbbppbpbpbbppppbpppbppbbbpbbppppbpppbpbbpbpb,64
476312,2578,12,1,bpbbppppbpp,p,bpbbppppbppp,2026-02-10 18:14:56,bbpbbppppbpppbpppbbpbpbbpbbppbbppbbppbbppbbppbpbbpbbbbpbbbbbpb,62
482310,2616,12,30,bpbbppppbpp,p,bpbbppppbppp,2026-02-10 20:16:32,bbpppbpppppbppbbbpppppbbbbppbpbpbbppppbpppbbppbpppbppbpbbppbpp,62
486730,2640,12,15,bpbbppppbpp,p,bpbbppppbppp,2026-02-11 11:11:57,bpbbppbpppbpbbpbpbbppppbpppbppbbppppbbppbpbppbbbbppppbpbbbbppbbp,64
493653,2685,12,32,bpbbppppbpp,p,bpbbppppbppp,2026-02-11 16:17:19,bpbbbbpbbbppbbbbbbbpbpbbpbppppbbbpbbppppbpppbbbppppbbbpppbb,59
494323,2690,12,34,bpbbppppbpp,p,bpbbppppbppp,2026-02-11 16:42:28,pbbppbbbppppbbppppbppbppbbbppbbpbbbpbbppppbpppbb,48
495359,2695,12,25,bpbbppppbpp,b,bpbbppppbppb,2026-02-11 16:44:45,pbppbpbpppbpbbbpbppppbbppbpbbppppbppbbppbpbbpbbpppbbpbb,55
523881,2858,12,29,bpbbppppbpp,p,bpbbppppbppp,2026-02-13 13:51:55,bbpbppbpbbpbppppppbbppbppbpbbbpbbppppbppppbbbbpbbbbppppbbbpb,60
524826,2863,12,14,bpbbppppbpp,p,bpbbppppbppp,2026-02-13 14:20:51,pppbbbbpbpppbbbpbbppppbpppppbpppbpbpbpbbppbbpp,46
531977,2902,12,10,bpbbppppbpp,b,bpbbppppbppb,2026-02-13 17:17:25,pbppbbbbppbpbbppppbppbbpbbbbpbbpbbbbpppbpppbbb,46
532254,2904,12,3,bpbbppppbpp,b,bpbbppppbppb,2026-02-13 17:47:51,pppbpbbppppbppbpbbbpbpbbbpbbbbppbppppbpbbpbbpbpbb,49
539240,2942,12,22,bpbbppppbpp,b,bpbbppppbppb,2026-02-13 20:30:48,bpbppppbbbpbbpbbppbpbpbpbbppppbppbpbbpppbbpbbbbbbppppbpbppbppbpbpb,66
539476,2943,12,13,bpbbppppbpp,b,bpbbppppbppb,2026-02-13 20:31:12,bbbpbpbbpbpbpbpbbppppbppbpppbppppppbpbbbbpbpbbpbbpbbpppbbp,58
544617,2973,12,15,bpbbppppbpp,b,bpbbppppbppb,2026-02-14 11:35:28,bppbbbpppppbpbbbpbbppppbppbpbpppppppbbpbbbbbppp,47
564211,3083,12,4,bpbbppppbpp,b,bpbbppppbppb,2026-02-17 15:50:27,bbbbbpbbppppbppbpbbpppbbbbbppbpbpbbpppbpbbppbbbpppbpbbbp,56
582369,3184,12,5,bpbbppppbpp,p,bpbbppppbppp,2026-02-19 11:46:05,bbpbbbpbbppppbppppppbbpbpbpbbbbppbpbpbppbpbpbpbppbppbbbbppbpbbbpb,65
582820,3186,12,9,bpbbppppbpp,b,bpbbppppbppb,2026-02-19 11:47:03,bbpbbpbbpbpbbppppbppbbpbbpbbbbbbbbpbbpbpbbbbppppbbbppbpbpbppbb,62
583641,3191,12,32,bpbbppppbpp,b,bpbbppppbppb,2026-02-19 11:49:16,pbbbbbbbpbbbppppbbbbppbpppppbpbpbpbbppppbppbbpppbbbbbpp,55
593744,3253,12,5,bpbbppppbpp,p,bpbbppppbppp,2026-02-20 15:27:02,bbpppbpbbppppbpppppbbpbbpbpbbbpbppppbbpbbpppbbb,47
597456,3279,12,14,bpbbppppbpp,b,bpbbppppbppb,2026-02-21 10:08:10,bpbbpbpbpbppbbbpbbppppbppbbpbbpppppbpppbbpbbbbbbpppbpppbbbpbpbpp,64
606252,3338,12,45,bpbbppppbpp,p,bpbbppppbppp,2026-02-21 13:12:29,ppbpppbppbbbppbpbpbppppbbpbpppbbppbbbpppbpppbbpbbppppbppppppbb,62
611249,3372,12,38,bpbbppppbpp,p,bpbbppppbppp,2026-02-21 15:04:23,pbbpbbppbpbppbbbbppbppbppbppbpbpbbbbpbbpbbppppbpppbbpb,54
617299,3418,12,15,bpbbppppbpp,b,bpbbppppbppb,2026-02-22 10:09:36,pbbbbpbbbbbbbbpbpbbppppbppbbppppbbpbbpbbpbbbppbpbppbppppbppppp,62
621225,3443,12,46,bpbbppppbpp,p,bpbbppppbppp,2026-02-22 11:17:02,ppppbbpbbpppbppbpbbbbbppbbpppppbpppbppbbbbbbbbbpbbppppbpppppppbbpbp,67
630692,3496,12,9,bpbbppppbpp,b,bpbbppppbppb,2026-02-22 20:49:07,pbbpbpbppbpbbppppbppbbpbbbbpbpbpbbbppbpppbpbppbbppbpbppbbbbpbbppbpb,67
632036,3505,12,3,bpbbppppbpp,p,bpbbppppbppp,2026-02-23 09:15:31,bpbbpbbppppbpppbppbbbppppppbbpbbpbbbbppbppbbpbbbbbb,51
634529,3519,12,29,bpbbppppbpp,b,bpbbppppbppb,2026-02-23 09:54:55,bpppbbbpbpbppbppbbbbbpbbpbbppbpbbppppbppbbpppbpbbbbbppbbppbppbbpbbp,67
638197,3541,12,4,bpbbppppbpp,p,bpbbppppbppp,2026-02-23 11:23:15,pppbbpbbppppbppppbpbpbpbbbpbpbpbbppbbbppppbbpppbpbpbbbbppp,58
656478,3648,12,14,bpbbppppbpp,b,bpbbppppbppb,2026-02-24 14:28:30,bpppbbbpbbbpppbpbbppppbppbbbpbbppppbpbbbbppppbpbbbpp,52
676529,3767,12,31,bpbbppppbpp,b,bpbbppppbppb,2026-02-25 17:25:31,ppbbbbbpbppbpppppbpbpppppbbbbbpbpbbppppbppbppb,46
677097,3770,12,8,bpbbppppbpp,p,bpbbppppbppp,2026-02-25 18:01:35,bppbppppbpbbppppbppppbppbpbpbpbpbpbpbppbbbpbp,45
684452,3814,12,10,bpbbppppbpp,p,bpbbppppbppp,2026-02-25 20:08:15,bpbbpbbbbpbpbbppppbpppbpbbbpppbpbpbbpbbbppppbpppppbpbpbbbbbb,60
684618,3815,12,10,bpbbppppbpp,b,bpbbppppbppb,2026-02-25 20:08:43,ppbbpbppbpbpbbppppbppbbppbbpbbpbbbbppbpppb,42
701472,3911,12,7,bpbbppppbpp,b,bpbbppppbppb,2026-03-01 12:36:26,bbpbpppbpbbppppbppbbpppbpbbppbbpbbb,35
703741,3923,12,12,bpbbppppbpp,p,bpbbppppbppp,2026-03-01 16:33:29,bbpbppbbpbbbbpbbppppbpppbppppppppbbbppbbpbbppppb,48
710269,3961,12,13,bpbbppppbpp,b,bpbbppppbppb,2026-03-01 20:19:50,bpbbbbppppppbbpbbppppbppbpppppbpbbbpppbppbbppbbppbppppppbbp,59
713745,3982,12,16,bpbbppppbpp,b,bpbbppppbppb,2026-03-02 11:41:07,bbbppppbbpppbbppbpbbppppbppbbpppbpbbpppbbppbbpbpppbbbpbbp,57
718615,4009,12,3,bpbbppppbpp,p,bpbbppppbppp,2026-03-02 14:45:48,pbpbpbbppppbpppppppppbpppbbbbppbbppbbbpbbppbpbbbbbbbbpbbpbbp,60
746188,4171,12,8,bpbbppppbpp,p,bpbbppppbppp,2026-03-05 13:25:43,pbbbbbppbpbbppppbpppbbppbbpbbbpppbbppppbbpbpb,45
746330,4172,12,22,bpbbppppbpp,p,bpbbppppbppp,2026-03-05 13:26:07,bbpbpbbpbpbbbppppbppppbpbbppppbpppbbppb,39
756650,4233,12,31,bpbbppppbpp,p,bpbbppppbppp,2026-03-05 21:31:56,bbbpppbppbbbpbbbbppbppbbbbpppppbpbbppppbppppbppbbbpbbbbppbbpppbbbpb,67
757436,4238,12,30,bpbbppppbpp,b,bpbbppppbppb,2026-03-05 21:37:43,bpbpbppbbbppbpppbbbbbpbpbppbppbpbbppppbppbppbpbbbpppbppbb,57
762715,4269,12,40,bpbbppppbpp,b,bpbbppppbppb,2026-03-06 17:03:04,pbbbpbpbppbbbbpbppbpbpppbpbpbbbpbbpppbpbbpbbppppbppbbbppbp,58
775704,4345,12,26,bpbbppppbpp,p,bpbbppppbppp,2026-03-11 18:46:39,ppbppppbpppbbpbppppbpbpbbbbpbbppppbpppbppbbbb,45
811308,4555,12,27,bpbbppppbpp,p,bpbbppppbppp,2026-03-18 14:17:50,bbpbbbbbbbpbpbbbppbpbpppppbbpbbppppbpppbbpbb,44
814921,4577,12,32,bpbbppppbpp,b,bpbbppppbppb,2026-03-18 15:39:44,bppbpbbbpbbbbpbpbpbpppbbpbpbbpbbbpbbppppbppbbbbppp,50
817368,4594,12,25,bpbbppppbpp,p,bpbbppppbppp,2026-03-18 16:17:35,bbbpppbbppbpbpbbbbppbppppbpbbppppbpppp,38
831461,4678,12,17,bpbbppppbpp,b,bpbbppppbppb,2026-04-12 13:36:03,bbbpbbpbbpbbbbbbbbpbbppppbppbpbp,32
833752,4693,12,15,bpbbppppbpp,p,bpbbppppbppp,2026-04-12 16:01:26,bbppbbbbpppbppbbpbbppppbppppbpbppbbpbppbpbbbpbp,47
853035,4806,12,16,bpbbppppbpp,b,bpbbppppbppb,2026-04-23 17:51:46,bbbpbppppbppppbbbpbbppppbppbbbppbbppppbbpbbppbbbbbbppbbpb,57
857688,4834,12,14,bpbbppppbpp,b,bpbbppppbppb,2026-04-23 19:34:02,pbpbpbppbbbpbpbpbbppppbppbpbppbpbbbbpppbbppppbb,47
877911,4958,12,4,bpbbppppbpp,b,bpbbppppbppb,2026-05-04 11:30:13,ppbbbpbbppppbppbppppppppbbbbpbpbppbpbbpbpbbpbpbbppppbbbbbbbbp,61
899202,5076,12,24,bpbbppppbpp,p,bpbbppppbppp,2026-05-22 05:42:04,pppbbppbbbpbpbpbpbbppbpbbpbbppppbppppbppbbbbppbbbpbbbppbbbbbbbpp,64
903261,5101,12,23,bpbbppppbpp,b,bpbbppppbppb,2026-05-26 09:43:21,bppbpppbppbpbbppbppbbbbbpbbppppbppbppbbpbppbpbpp,48
916291,5178,12,17,bpbbppppbpp,p,bpbbppppbppp,2026-05-28 09:58:02,bbbppbbpbpbpbbpbbbpbbppppbpppbbpbbpb,36
938196,5310,12,15,bpbbppppbpp,b,bpbbppppbppb,2026-06-06 13:57:40,ppbbpppbbbpbpppbpbbppppbppbpbbbppbbbpbpbbpbbppbpbbp,51
962520,5455,12,5,bpbbppppbpp,p,bpbbppppbppp,2026-06-20 09:19:38,ppbbpbpbbppppbppppbbpbppbbpbbpbpbbbbbpbpppppbbppb,49
975600,5529,12,14,bpbbppppbpp,p,bpbbppppbppp,2026-06-22 09:24:41,bbbppbbpbbppppbpbbppppbpppbpbppbbpbpbbbpbp,42
190957,231,12,40,bpbbpppppbb,p,bpbbpppppbbp,2026-01-26 10:57:31,ppbpbbbbbpppbbbppbppbbbbpbppbbbbppppbpppbpbbpppppbbpbbbbppbbpp,62
204999,484,12,1,bpbbpppppbb,b,bpbbpppppbbb,2026-01-26 10:57:32,pbpbbpppppbbbbppbppbbbppbpbpbbppbbppbbpppbpbbpbbpppp,52
209633,573,12,47,bpbbpppppbb,b,bpbbpppppbbb,2026-01-26 10:57:32,pppbbpbbbpbbpbbbbbppbpppppppbppbppppbbbpppppbpbbpbbpppppbbb,59
210289,585,12,12,bpbbpppppbb,p,bpbbpppppbbp,2026-01-26 10:57:32,bbbbbbbppppbbpbbpppppbbpppbpbpbppb,34
212531,622,12,19,bpbbpppppbb,b,bpbbpppppbbb,2026-01-26 10:57:32,bpppbbbppbppbbbpbbpbpbbpppppbbbbpppppbppbbp,43
213252,637,12,1,bpbbpppppbb,p,bpbbpppppbbp,2026-01-26 10:57:32,pbpbbpppppbbpbbbbbbbppbbbbbbpppbppbbppp,39
215506,682,12,3,bpbbpppppbb,p,bpbbpppppbbp,2026-01-26 10:57:32,bppbpbbpppppbbppbbpbbbbpbppbpbppp,33
215731,686,12,48,bpbbpppppbb,p,bpbbpppppbbp,2026-01-26 10:57:32,pppbbbppppbbpbbpbbbbppbpppbbbbbbbbpppbbppbbbbppbbpbbpppppbbpbbp,63
217554,720,12,24,bpbbpppppbb,b,bpbbpppppbbb,2026-01-26 10:57:32,pbpbbbbpppbbpbpbbbbbpbbbbpbbpppppbbbppb,39
229687,941,12,39,bpbbpppppbb,p,bpbbpppppbbp,2026-01-26 10:57:32,pbpppppbpbbpbbppbbpbppbpbbppbppbppppbppbpbbpppppbbp,51
229989,946,12,3,bpbbpppppbb,p,bpbbpppppbbp,2026-01-26 10:57:32,bbpbpbbpppppbbpbbbbbbpbpbpppbbppbbpbbbpbbbbppp,46
231715,974,12,31,bpbbpppppbb,b,bpbbpppppbbb,2026-01-26 10:57:32,bppbbbpbbbbbbppbbbbpbbpbbpbppbbbpbbpppppbbbbbpbbpp,50
233718,1010,12,17,bpbbpppppbb,b,bpbbpppppbbb,2026-01-26 10:57:32,bpbpbbppppbbpbbpbbpbbpppppbbbpppbbpbppbpbpppbppb,48
237136,1068,12,30,bpbbpppppbb,p,bpbbpppppbbp,2026-01-26 10:57:32,pbbbbpppbbbbpbppbppbppbpbppbppbpbbpppppbbpbppbpbbbppb,53
237343,1072,12,6,bpbbpppppbb,p,bpbbpppppbbp,2026-01-26 10:57:32,pbbpppbpbbpppppbbppbbbbpbbpbbpbbbpppbppbbpbbpbpbbbppbbbb,56
241254,1144,12,20,bpbbpppppbb,p,bpbbpppppbbp,2026-01-26 10:57:32,bppbpbpbppbbpppbppppbpbbpppppbbpbbbbpbbpbpppppbpppbbbpppppb,59
243550,1182,12,29,bpbbpppppbb,b,bpbbpppppbbb,2026-01-26 10:57:32,pbbpbbbpbppbppbpppbpppppbpbbbbpbbpppppbbbbppbpbbbbbpbb,54
244937,1205,12,15,bpbbpppppbb,p,bpbbpppppbbp,2026-01-26 10:57:33,bbbpbbpbpbpbpppbpbbpppppbbpbpbpppbbppbp,39
245305,1212,12,7,bpbbpppppbb,b,bpbbpppppbbb,2026-01-26 10:57:33,bpbpbpbbpbbpppppbbbpbppbpppppbppbbbpbpbbbbbbbbbbppppbpp,55
249776,1288,12,29,bpbbpppppbb,b,bpbbpppppbbb,2026-01-26 10:57:33,pbppbpbbppppppppppbbbppppbpbpbpbbpppppbbbppp,44
250285,1296,12,39,bpbbpppppbb,p,bpbbpppppbbp,2026-01-26 10:57:33,ppppbppbbppbbbbbbpbbpbbpppppppbbbbpbbppbpbbpppppbbpppp,54
256084,1396,12,22,bpbbpppppbb,p,bpbbpppppbbp,2026-01-26 10:57:33,pppbpbppbbbpppbbpbpppbbpbbpppppbbpppbbpbbbbppppbbppbpbbbppbbp,61
262388,1503,12,38,bpbbpppppbb,p,bpbbpppppbbp,2026-01-26 10:57:33,bbbbpbbpppbbpbpbpbbpppppppppbbpbbpbpbbbpbbpppppbbpbbpbbbbpbbp,61
263273,1518,12,20,bpbbpppppbb,b,bpbbpppppbbb,2026-01-26 10:57:33,pbbbpbbbbbbpppbbpbppbpbbpppppbbbpppbbpbpbpbbpppbpppp,52
285164,1872,12,5,bpbbpppppbb,b,bpbbpppppbbb,2026-01-26 10:57:34,bpppbbpbbpppppbbbbbbpbbpppbpppppbpbbpppbpbpppbbpbpppppbbbp,58
292913,1922,12,18,bpbbpppppbb,p,bpbbpppppbbp,2026-01-26 16:50:44,pbbpbpppbbbbbppbbpbpbbpppppbbpppbpbpppbpppbbbppppbbpbpppppbbbppbppppp,69
294928,1933,12,1,bpbbpppppbb,p,bpbbpppppbbp,2026-01-26 17:18:33,pbpbbpppppbbppbbbbpbppbpbppbpbpbbppbpppppbppbpbpbbpbpppbpbpbb,61
368916,1987,12,12,bpbbpppppbb,b,bpbbpppppbbb,2026-01-27 17:11:10,bbpbbbppppbbbpbbpppppbbbpbppppbpbbppbpppbppb,44
372807,2008,12,8,bpbbpppppbb,p,bpbbpppppbbp,2026-01-28 10:59:17,ppbbpbbpbpbbpppppbbppbppbbbppppbbpppbpbppbpbbppbppbppbpppbbbbbbbbpp,67
373616,2012,12,16,bpbbpppppbb,b,bpbbpppppbbb,2026-01-29 10:59:14,bbpbpbpbbbpbbbbpbpbbpppppbbbpbpppppppbbbbbbbbbpbbpppbppbppbbpppp,64
379216,2044,12,33,bpbbpppppbb,b,bpbbpppppbbb,2026-01-29 13:03:19,pbppppppppbbbbpppbpppbppbbppbbbppbpbbpppppbbbbppbpbpbbbbpbpbppp,63
383982,2073,12,36,bpbbpppppbb,b,bpbbpppppbbb,2026-01-30 10:15:06,pppppppbbppbbbbbbbpbbpppbpbbpbpbpbbbbpbbpppppbbbb,49
400628,2169,12,5,bpbbpppppbb,b,bpbbpppppbbb,2026-01-31 19:34:13,ppbbpbpbbpppppbbbppppppbpbbppbpbbppbbpbbpbbpbpbpbpbpbpbpppp,59
405002,2192,12,43,bpbbpppppbb,p,bpbbpppppbbp,2026-02-02 12:30:54,ppbbpppbpbpppppbbppppppbpbbpppbbbpbppppbpbpbpbbpppppbbpbpbppp,61
411381,2227,12,0,bpbbpppppbb,b,bpbbpppppbbb,2026-02-02 14:32:52,bpbbpppppbbbbbbppppbbbbpbbpbbbbppbppbpbbpbpbp,45
422812,2289,12,27,bpbbpppppbb,p,bpbbpppppbbp,2026-02-03 10:23:52,ppbppppbbppppbbbppbppbpbbbbbpbbpppppbbpppbbbppbbpppb,52
424228,2297,12,5,bpbbpppppbb,p,bpbbpppppbbp,2026-02-04 15:39:34,ppbbbbpbbpppppbbpbppbpbbppppbbpppppbpppbpppbbpb,47
426951,2311,12,14,bpbbpppppbb,p,bpbbpppppbbp,2026-02-04 16:01:39,bbpppbppbpbbbbbpbbpppppbbpbbppbbpbpbbbpbbbbbbbpbbpbp,52
427181,2313,12,35,bpbbpppppbb,b,bpbbpppppbbb,2026-02-04 16:02:25,bbppbppbpbpbbppbppbbpppbppbpppbbbpbbpbbpppppbbbpppppbpbbp,57
432705,2344,12,4,bpbbpppppbb,b,bpbbpppppbbb,2026-02-04 18:04:02,pbppbpbbpppppbbbpppppbbbbbpppbpbpbbbbppppbppbppbbpppbbpbb,57
434319,2353,12,29,bpbbpppppbb,p,bpbbpppppbbp,2026-02-04 18:09:48,ppbbbbpbppbppppbbbppbppbbpppbbpbbpppppbbppbbpbbbpbpbbpbbbpppbbb,63
435660,2360,12,12,bpbbpppppbb,b,bpbbpppppbbb,2026-02-04 18:25:23,bpbbpbpbpbpbbpbbpppppbbbbpppbbpbppppbbbbbpbpbp,46
451474,2444,12,22,bpbbpppppbb,p,bpbbpppppbbp,2026-02-06 10:37:31,bpbpbpbbpbpppbbbppbpbbbpbbpppppbbpbppbpbbbbbpbbbbbpbbbp,55
452924,2452,12,46,bpbbpppppbb,p,bpbbpppppbbp,2026-02-06 10:40:29,ppbbbbpbpppbbbbbpbbbppbbbppbppbppppbbbbbbbbbppbpbbpppppbbpb,59
463635,2508,12,24,bpbbpppppbb,p,bpbbpppppbbp,2026-02-08 03:47:07,pbbbbpbbbppppbbbbpbbbppbbpbbpppppbbpppbpbpbbpp,46
488259,2650,12,28,bpbbpppppbb,b,bpbbpppppbbb,2026-02-11 13:51:35,bpbbbpppbbpbpppppbpppppppbbbbpbbpppppbbbpbpbbpbbb,49
491707,2673,12,21,bpbbpppppbb,p,bpbbpppppbbp,2026-02-11 15:26:11,pppbbpbbbppppbpbpbppbbpbbpppppbbpbpbpbpppp,42
535353,2921,12,14,bpbbpppppbb,p,bpbbpppppbbp,2026-02-13 19:24:02,pbppbpbbppbbpbbpbbpppppbbppppbbppbbbpbpbppb,43
535856,2924,12,29,bpbbpppppbb,b,bpbbpppppbbb,2026-02-13 19:25:31,bbppbbbbpbbpbbpbpppbppbbbpbppbpbbpppppbbbpb,43
542039,2958,12,12,bpbbpppppbb,p,bpbbpppppbbp,2026-02-14 10:37:21,pbbpppbbppbpbpbbpppppbbpbbbbpbbbpbbbpppbbbpbppppbpppbpppppbbpp,62
551852,3017,12,11,bpbbpppppbb,b,bpbbpppppbbb,2026-02-14 16:49:45,bpbpbbpbbpbbpbbpppppbbbbpppbbppbbpppbppbppbbppp,47
552371,3020,12,28,bpbbpppppbb,p,bpbbpppppbbp,2026-02-15 19:48:44,pbbbbpbpbppppbbbpbbbbbbpppppbpbbpppppbbpbpbbpppbbbppbbpbbpppbpbp,64
609844,3362,12,3,bpbbpppppbb,p,bpbbpppppbbp,2026-02-21 14:30:01,bpbbpbbpppppbbppppbpbpppbpbpbpbbbpbppbbbpppppppppbppbbppbpbppb,62
627195,3477,12,38,bpbbpppppbb,p,bpbbpppppbbp,2026-02-22 19:04:05,pbppppbbpbbbppbbpbpbbpbpbbbbpbbpbppbppbpbbpppppbbppbpppbbbb,59
642427,3567,12,0,bpbbpppppbb,b,bpbbpppppbbb,2026-02-23 13:38:03,bpbbpppppbbbbbpppbbbbbbbppppbppbpbppbbppbbpbpbppbbbpbpbbb,57
647645,3598,12,13,bpbbpppppbb,p,bpbbpppppbbp,2026-02-23 14:57:58,pbbbbppppbbbbbpbbpppppbbpbbpbpbbppbpbbpbpbppbbbpppbppbbpb,57
666323,3702,12,4,bpbbpppppbb,p,bpbbpppppbbp,2026-02-24 19:31:51,pbppbpbbpppppbbppbbbpbbpppbbbpbbbbppbpbbppbbbbbpbpbbbpppbpppbppb,64
673734,3749,12,5,bpbbpppppbb,b,bpbbpppppbbb,2026-02-25 11:33:11,pppbpbpbbpppppbbbpbpppbpbpbbpppbbbppppbpbbbpbpbpb,49
683930,3810,12,6,bpbbpppppbb,p,bpbbpppppbbp,2026-02-25 20:06:08,pbbbpbbpbbpppppbbppppbbppbbpppbppbpbppppbpppbbpbpppbpb,54
696052,3879,12,25,bpbbpppppbb,b,bpbbpppppbbb,2026-02-28 13:39:22,pbbpbppppbbbbbbpbbbpbbbpbbpbbpppppbbbpppppbbppbbpbbppbbpppbppbpp,64
709634,3957,12,2,bpbbpppppbb,b,bpbbpppppbbb,2026-03-01 20:18:14,bbbpbbpppppbbbbppppbppbpppbpbpppbbpbpbbppppbpbbpbbbb,52
711241,3967,12,14,bpbbpppppbb,b,bpbbpppppbbb,2026-03-01 20:36:37,bbpbpppbppppbpbpbbpppppbbbppppppbpbbbbppbbppbbpbbp,50
713178,3979,12,16,bpbbpppppbb,p,bpbbpppppbbp,2026-03-02 11:39:39,pbbbbbppppbbpbbpbpbbpppppbbpbbpbbbppppbbbpbpbbbbbbbbpbpbbpbbp,61
713970,3983,12,4,bpbbpppppbb,b,bpbbpppppbbb,2026-03-02 11:41:42,bpbpbpbbpppppbbbbpppppbbpppbbbbpbbppbpppbpppbpbppbbpbpbpppppbbppp,65
717701,4003,12,31,bpbbpppppbb,p,bpbbpppppbbp,2026-03-02 14:43:00,ppbbbpbbbbbpbbpbbpppbpbbpbpbpppbpbbpppppbbpbbpbppbbbbbpppbb,59
722886,4036,12,25,bpbbpppppbb,b,bpbbpppppbbb,2026-03-03 15:36:32,pppbpbpbbpppbbbpbpbbbbbbpbpbbpppppbbbbpbbppppbbppbppbppbbbbb,60
735787,4108,12,2,bpbbpppppbb,p,bpbbpppppbbp,2026-03-04 10:10:16,ppbpbbpppppbbpbbbpbbbpppbppbbbbbbpbpppbbpbppppbppbpbbbpbpp,58
745284,4166,12,13,bpbbpppppbb,b,bpbbpppppbbb,2026-03-05 13:22:43,bpbpbpppbbpbpbpbbpppppbbbbpbppbpbppbpbbpbbpbbppppbbpbpbbpbb,59
751575,4203,12,8,bpbbpppppbb,p,bpbbpppppbbp,2026-03-05 15:22:36,bppbbbbbbpbbpppppbbpbppbbbpbbppbpbbpbbbpppbp,44
762329,4266,12,33,bpbbpppppbb,p,bpbbpppppbbp,2026-03-06 17:02:12,pppbppbpbbpppbpbbpbbbbppbppbppbpbbpbbpppppbbppppppppbpppbppb,60
765316,4285,12,18,bpbbpppppbb,p,bpbbpppppbbp,2026-03-06 17:54:03,pbpbbbpbbpppbbppppbpbbpppppbbpppbppbppppbbpbpbbbbpppppbbppbbb,61
767092,4295,12,10,bpbbpppppbb,p,bpbbpppppbbp,2026-03-09 15:23:11,bpbpbpppppbpbbpppppbbpppbbppbbpbpbbbpbpbpbbpbbpbbbpbpbpppbbbpbp,63
770872,4317,12,45,bpbbpppppbb,b,bpbbpppppbbb,2026-03-09 16:09:11,bbpbppppppbbbpbpbpbbppbpbpppbbbppppppbbpbbbppbpbbpppppbbbbppbppp,64
770989,4318,12,3,bpbbpppppbb,b,bpbbpppppbbb,2026-03-09 19:02:44,bppbpbbpppppbbbbpbppbpbpppbbpbbbpbbbb,37
795795,4460,12,48,bpbbpppppbb,p,bpbbpppppbbp,2026-03-16 20:01:21,ppbbbpppbbbbppppbppbpbbbppbbpbbbpppppbpbbbpbbppbbpbbpppppbbp,60
803058,4501,12,9,bpbbpppppbb,p,bpbbpppppbbp,2026-03-17 20:49:35,pbbppbbbpbpbbpppppbbppbpbbpbpbbpbbbpbb,38
807558,4533,12,23,bpbbpppppbb,b,bpbbpppppbbb,2026-03-18 09:13:39,bpbbbbpbppbppbpbpbbpbbpbpbbpppppbbbppbbppbpbbppb,48
809905,4546,12,5,bpbbpppppbb,p,bpbbpppppbbp,2026-03-18 13:44:24,bpbbpbpbbpppppbbpbbpbpbppbbbpppbbpppbpbbpb,42
811742,4557,12,39,bpbbpppppbb,b,bpbbpppppbbb,2026-03-18 14:18:53,bpbpbpbpbbppbpbbbppppbppbbpbpbbpbppbpbpbpbbpppppbbbbbpb,55
815384,4580,12,19,bpbbpppppbb,p,bpbbpppppbbp,2026-03-18 15:41:20,bpbpbbpbpppbpbpppbpbpbbpppppbbpbpbbppppppbbbpbb,47
815985,4583,12,32,bpbbpppppbb,b,bpbbpppppbbb,2026-03-18 15:46:53,bbpbpbbbbbpppppppbbbpbpbbpbbpbbbbpbbpppppbbbppbpppppbpbppbpbbbbbpbpbb,69
823289,4625,12,36,bpbbpppppbb,p,bpbbpppppbbp,2026-03-22 09:16:51,bpbbppbbbppbbpbbpppbbbbbppppbppppbbbbpbbpppppbbpbbpppp,54
824705,4634,12,24,bpbbpppppbb,p,bpbbpppppbbp,2026-03-22 09:22:27,bbpppbbppbpbbbpbpppbbbppbpbbpppppbbpbbpbbpbbbbbbbbpbppbbpbpb,60
852259,4801,12,0,bpbbpppppbb,p,bpbbpppppbbp,2026-04-23 17:48:43,bpbbpppppbbpbbpppbppbbbppbpbbppbbppbbppppppbbbbbbpppbp,54
854750,4817,12,25,bpbbpppppbb,b,bpbbpppppbbb,2026-04-23 18:56:36,pbpbbpbbbbbpbpbpbppppbpbpbpbbpppppbbbbbbpbbpbbpbpppbppb,55
856750,4829,12,8,bpbbpppppbb,p,bpbbpppppbbp,2026-04-23 19:31:24,pbpbbbpbbpbbpppppbbppbppbpbbpbbbpbbbbpbpppbpbbpppppbbpp,55
856768,4829,12,42,bpbbpppppbb,p,bpbbpppppbbp,2026-04-23 19:31:24,pbpbbbpbbpbbpppppbbppbppbpbbpbbbpbbbbpbpppbpbbpppppbbpp,55
860732,4853,12,4,bpbbpppppbb,p,bpbbpppppbbp,2026-04-26 08:44:37,ppbpbpbbpppppbbpbbbbppbbbbbbbppppbpbppppppbppbpppb,50
862785,4864,12,32,bpbbpppppbb,b,bpbbpppppbbb,2026-04-26 09:20:41,bpbpbppbbppbbbppbbbpbppbbpbpbpbpbpbbpppppbbbp,45
867646,4895,12,0,bpbbpppppbb,b,bpbbpppppbbb,2026-04-30 16:25:06,bpbbpppppbbbppbppbppbbbbbbpbbbpbbbbppbbpbppbbpbbbbbbppbpbpbbppp,63
867780,4896,12,14,bpbbpppppbb,b,bpbbpppppbbb,2026-04-30 16:27:37,bbbpppbbbppppbbpbbpppppbbbbppbbbbbpppbbbbppbpppppppbbppp,56
912169,5151,12,23,bpbbpppppbb,p,bpbbpppppbbp,2026-05-27 07:52:34,bbbpppbbbpbppppbpbbbpbbbpbbpppppbbpppp,38
930966,5267,12,21,bpbbpppppbb,b,bpbbpppppbbb,2026-06-01 11:01:29,bbbppbbpppbbbppbbbpbpbpbbpppppbbbbpbpbbppppppbbppbpppbbpp,57
938452,5312,12,25,bpbbpppppbb,p,bpbbpppppbbp,2026-06-06 14:15:11,bbpbpbbbpbbbbpbbbppbpppppbpbbpppppbbpbpbbp,42
954830,5412,12,3,bpbbpppppbb,p,bpbbpppppbbp,2026-06-17 21:37:31,pbpbpbbpppppbbpbbpppbpbbbpbpppbppppppbpbppppbpbbbbpbbpbbppp,59
980774,5559,12,12,bpbbpppppbb,p,bpbbpppppbbp,2026-06-23 07:12:15,bpbppppppbbpbpbbpppppbbppppppbpbpbpppbbbpbbbbpppbbpbppp,55
185557,7,12,18,bpbbpppppbp,p,bpbbpppppbpp,2026-01-26 10:57:31,ppppppbbppbbpbpbpbbpbbpppppbpppbbpppbpbbp,41
186263,38,12,9,bpbbpppppbp,b,bpbbpppppbpb,2026-01-26 10:57:31,bppbbbbbbbpbbpppppbpbppbpbbbb,29
190881,230,12,22,bpbbpppppbp,b,bpbbpppppbpb,2026-01-26 10:57:31,pbppbbpbbppbpbbpppbbpbbpbbpppppbpbpbbbbbpbppppbbppppppbpbbbpp,61
193303,273,12,5,bpbbpppppbp,p,bpbbpppppbpp,2026-01-26 10:57:31,bbpbpbpbbpppppbpppbpbbbpbpppbbbpbbbpbpbpppbbbpppbpbpbbppbb,58
194488,295,12,5,bpbbpppppbp,b,bpbbpppppbpb,2026-01-26 10:57:31,bppppbpbbpppppbpbbbbbpppbbbbpppbbbbppbbpppbpb,45
201513,423,12,10,bpbbpppppbp,p,bpbbpppppbpp,2026-01-26 10:57:31,bppbppppbbbpbbpppppbppppbpbpbppbbbbbbppbbbbbpbbp,48
202782,444,12,4,bpbbpppppbp,p,bpbbpppppbpp,2026-01-26 10:57:31,pbppbpbbpppppbppbpbpbbbbbpppbbbbppbbbbpppbbbbbpbbbbbbpbbbbbpb,61
212104,615,12,13,bpbbpppppbp,p,bpbbpppppbpp,2026-01-26 10:57:32,bpbppbbppbbbbbpbbpppppbppbpbbpbb,32
212371,620,12,13,bpbbpppppbp,p,bpbbpppppbpp,2026-01-26 10:57:32,bpbppbbppbbbbbpbbpppppbppbpbbpbbbbppbpbpbpppbbbpppbbbbpbpppbbppbppp,67
214125,654,12,35,bpbbpppppbp,p,bpbbpppppbpp,2026-01-26 10:57:32,bbbbbbpbbbbbbpbbbbbbbbpppppppbppbbbbpbbpppppbpppbppbbbpppbbbppbbp,65
216232,694,12,45,bpbbpppppbp,b,bpbbpppppbpb,2026-01-26 10:57:32,pppbbbbpbbbpbbbppbbbbpppbpppppppbbppbpbbpppbpbpbbpppppbpbp,58
221715,802,12,12,bpbbpppppbp,p,bpbbpppppbpp,2026-01-26 10:57:32,pbppbpppppbbbpbbpppppbppbbbbbpbpbbbpbbppbbpppppbbbbpbbppppppbbb,63
222023,807,12,37,bpbbpppppbp,p,bpbbpppppbpp,2026-01-26 10:57:32,bppbbbbpbpbpbppppbbpbpbbpbpbpbppbbbppbpbbpppppbpppbppbpbbp,58
223839,838,12,18,bpbbpppppbp,p,bpbbpppppbpp,2026-01-26 10:57:32,bbbbbbpppbbpbpbbbbbpbbpppppbpppbbbbbbpbbpbbpbpbppbbpb,53
230511,955,12,29,bpbbpppppbp,p,bpbbpppppbpp,2026-01-26 10:57:32,bbbppppbbpbbbbppbppbpbpbppbppbpbbpppppbpp,41
231226,966,12,14,bpbbpppppbp,b,bpbbpppppbpb,2026-01-26 10:57:32,ppbpbbppbbpbpbbpbbpppppbpbpbpppbpbppbbbppbbbpppbbbpb,52
234274,1020,12,2,bpbbpppppbp,b,bpbbpppppbpb,2026-01-26 10:57:32,bbbpbbpppppbpbbpbbpbbppbppppbppbpbbbpbpbbppppbpbbbbbpppppbpbb,61
236415,1056,12,10,bpbbpppppbp,p,bpbbpppppbpp,2026-01-26 10:57:32,bpbpbppbbpbpbbpppppbppppppbpppbpbpbbpbbbbppbb,45
242931,1172,12,13,bpbbpppppbp,p,bpbbpppppbpp,2026-01-26 10:57:32,pbbpbbppbbpbbbpbbpppppbppbpbpbpbpbppppbpb,41
246958,1239,12,37,bpbbpppppbp,b,bpbbpppppbpb,2026-01-26 10:57:33,bbpbbbbpbbbpppbbbppbbppbpbppbpbbpbbbbbpbbpppppbpbbpbbbpp,56
251664,1322,12,11,bpbbpppppbp,b,bpbbpppppbpb,2026-01-26 10:57:33,pppbpbpbbpbbpbbpppppbpbpbppbbpbbpb,34
255914,1393,12,14,bpbbpppppbp,p,bpbbpppppbpp,2026-01-26 10:57:33,bppbbbbbpppbbbbpbbpppppbppbpppbpppbpppbppppbbpbppppbp,53
256565,1405,12,21,bpbbpppppbp,b,bpbbpppppbpb,2026-01-26 10:57:33,ppbpppbpbppbpbppbpbbbbpbbpppppbpbbpbbbbbbpbpbbpppbppppbbppppbpppbbp,67
256855,1410,12,11,bpbbpppppbp,b,bpbbpppppbpb,2026-01-26 10:57:33,ppppbpbbbpbbpbbpppppbpbbbbppbbbbppbpbppbpbbbpb,46
259316,1449,12,25,bpbbpppppbp,p,bpbbpppppbpp,2026-01-26 10:57:33,pbbbbpbppbbbpbppppbbbbpbpbpbbpppppbppbpbpbbbbppppbpbpbpbpppbppbbbbp,67
259574,1453,12,36,bpbbpppppbp,p,bpbbpppppbpp,2026-01-26 10:57:33,ppbbbbppbbbpbbpppbbbbbbbbpppbbbpbbppbpbbpppppbpppbbbbb,54
259789,1458,12,2,bpbbpppppbp,b,bpbbpppppbpb,2026-01-26 10:57:33,pbbpbbpppppbpbpbpppppbppppbbbbpbbbppbbbpbpbpbb,46
262631,1507,12,37,bpbbpppppbp,p,bpbbpppppbpp,2026-01-26 10:57:33,pbbpbppppbbppppbppbpppbbpbbbpppbbbpppbpbbpppppbpppbbpbbpbpb,59
263350,1519,12,33,bpbbpppppbp,p,bpbbpppppbpp,2026-01-26 10:57:33,bpbbbbpbbpppppppbpbpppbpbpbbpbbbbbpbbpppppbppbbbppbpppppppbbpb,62
273232,1673,12,25,bpbbpppppbp,p,bpbbpppppbpp,2026-01-26 10:57:33,pbbpppbpbpbpbbbbpbpppbpbbbpbbpppppbppbbbppbbbbb,47
282511,1829,12,17,bpbbpppppbp,p,bpbbpppppbpp,2026-01-26 10:57:34,bbbppbbbbbbpbpbbbbpbbpppppbppbbppbbppp,38
283940,1854,12,21,bpbbpppppbp,b,bpbbpppppbpb,2026-01-26 10:57:34,pbbbpbppbbbpppbbppbbbbpbbpppppbpbbpbpbbb,40
284702,1865,12,4,bpbbpppppbp,p,bpbbpppppbpp,2026-01-26 10:57:34,bbpbbpbbpppppbppbppppbppppppbpbbpbbbpbbbppppbppbbppbbpppppbbpbpbp,65
294675,1932,12,3,bpbbpppppbp,p,bpbbpppppbpp,2026-01-26 17:18:13,pppbpbbpppppbpppppppbpbpbbbbpbbpbpbpppppbppbbpppbppbbpppbppbb,61
372049,2004,12,0,bpbbpppppbp,p,bpbbpppppbpp,2026-01-28 10:58:04,bpbbpppppbpppbppbbpppppppbpppbpbbpbbppbbpbbppbpp,48
378681,2041,12,37,bpbbpppppbp,b,bpbbpppppbpb,2026-01-29 13:02:18,ppbbppbppppppppppbpbpppbbbpppbpbbbpppbpbbpppppbpbbpbppppppbbb,61
381105,2055,12,36,bpbbpppppbp,p,bpbbpppppbpp,2026-01-29 17:47:52,bbpbpbpbpbbbpbbbbppppbpbppbppppbbpppbpbbpppppbpppbbpbbppbbbbp,61
391116,2114,12,21,bpbbpppppbp,b,bpbbpppppbpb,2026-01-31 06:30:46,ppbppbppppppbpbbbppbpbpbbpppppbpbpbbpbppbppppbbppppbppbp,56
403663,2185,12,38,bpbbpppppbp,p,bpbbpppppbpp,2026-01-31 19:58:13,ppbbpbbbppbbpbbbbppbpbpppbbppppbpbbbbbbpbbpppppbppbpbpbbpbbpppbbbb,66
404207,2188,12,15,bpbbpppppbp,b,bpbbpppppbpb,2026-01-31 19:59:14,ppbbpbpbbbbbbbbbpbbpppppbpbpbbbbbpbbpbbbpppppbbpbbpbpbpbbbbpbpp,63
415054,2247,12,24,bpbbpppppbp,p,bpbbpppppbpp,2026-02-02 15:01:24,bbppbbbbbpbpbbbpbbpbppbpbpbbpppppbppbbbbbbbpppbpbpbpp,53
421356,2281,12,2,bpbbpppppbp,b,bpbbpppppbpb,2026-02-03 09:42:53,ppbpbbpppppbpbbbbpbpbppbbbpbppbbbppbbppbpbbbpbbppbpbbbbppbpbpbbbpb,66
423763,2294,12,14,bpbbpppppbp,b,bpbbpppppbpb,2026-02-04 15:38:44,bbbbpbbbbppbpbbpbbpppppbpbbbbpbbbbpbbbbpppbbpbbbpp,50
462060,2499,12,12,bpbbpppppbp,b,bpbbpppppbpb,2026-02-08 03:43:03,bbpbbppbbbpbbpbbpppppbpbbbbbbppbbbbpppppbpbbp,45
469293,2540,12,25,bpbbpppppbp,p,bpbbpppppbpp,2026-02-09 15:50:54,ppbbbppppbpbppppbppbbbpppbpbbpppppbppbbpbppppbbbppbbbbppbb,58
470172,2544,12,6,bpbbpppppbp,p,bpbbpppppbpp,2026-02-09 15:52:16,bbpbpbbpbbpppppbppbpbbbpbbppbpbppbppbpppbbbppbpbbbbpbpbbbpbppb,62
484256,2627,12,2,bpbbpppppbp,b,bpbbpppppbpb,2026-02-11 11:05:59,bbbpbbpppppbpbbppppbbpbbppbpbppbpbbbbpbb,40
504985,2752,12,20,bpbbpppppbp,b,bpbbpppppbpb,2026-02-12 09:09:20,ppbbbbpbbbpbbpbpppbpbpbbpppppbpbppbbbpbpppbpbbbpbbbpppppbpppppppb,65
515195,2810,12,15,bpbbpppppbp,p,bpbbpppppbpp,2026-02-12 15:54:07,pppppbpbbpppbbpbpbbpppppbppppbbbbbpbbppbpbbbpppppb,50
519148,2832,12,44,bpbbpppppbp,p,bpbbpppppbpp,2026-02-13 12:09:51,ppbpbpppbbpbppbpbppbpbbbppbpppbbpbppbbppppppbpbbpppppbppbpbpppb,63
527178,2876,12,22,bpbbpppppbp,p,bpbbpppppbpp,2026-02-13 15:05:47,bpbpbbppbbbpbpbbpbbpppbpbbpppppbppbpbbpbbb,42
527351,2877,12,25,bpbbpppppbp,p,bpbbpppppbpp,2026-02-13 15:06:14,bppbpbppppbbppbbpppppbbbbbpbbpppppbppbpbpbpbbbpppppbpb,54
536963,2930,12,0,bpbbpppppbp,p,bpbbpppppbpp,2026-02-13 20:04:17,bpbbpppppbpppppbpbbpppbbbbbpbpbbbbbppbbbpbbbbbpbpppbpbbbppbppb,62
537897,2935,12,21,bpbbpppppbp,p,bpbbpppppbpp,2026-02-13 20:06:42,pppbbppbbbpbbbpbbpbbpbpbbpppppbppppbbbbbpppppbpbpbpbbpbbpbbpppp,63
547521,2993,12,31,bpbbpppppbp,p,bpbbpppppbpp,2026-02-14 15:30:17,ppppbpbbbbbpbpbbppbbpbbbpbpbpbbbpbbpppppbpp,43
547706,2994,12,16,bpbbpppppbp,b,bpbbpppppbpb,2026-02-14 15:30:51,pbpppbbppbpbbbpbbpbbpppppbpbbpppbbppbbbbpbbpbppbbbbbppbp,56
554776,3032,12,10,bpbbpppppbp,p,bpbbpppppbpp,2026-02-15 20:19:49,pbbbppbpbbbpbbpppppbpppbppbbppbpppbpbppbppbbpbpbppbbbpbbbb,58
555783,3038,12,1,bpbbpppppbp,p,bpbbpppppbpp,2026-02-15 21:17:04,pbpbbpppppbppppbbbbpbppbbbpbpbbbbbppbbpbpppbppbppppbbpb,55
577952,3161,12,30,bpbbpppppbp,b,bpbbpppppbpb,2026-02-19 10:43:27,pbbbpbpbpbbbpbbppbbbbpbpbbpppbbpbbpppppbpbbpbbbbbpbb,52
597462,3279,12,26,bpbbpppppbp,p,bpbbpppppbpp,2026-02-21 10:08:10,bpbbpbpbpbppbbbpbbppppbppbbpbbpppppbpppbbpbbbbbbpppbpppbbbpbpbpp,64
629473,3490,12,21,bpbbpppppbp,p,bpbbpppppbpp,2026-02-22 20:24:12,bbbbbpbbppppbbbbpbbpbbpbbpppppbppbpppbpppppppppbpbbpp,53
631245,3500,12,6,bpbbpppppbp,p,bpbbpppppbpp,2026-02-23 09:12:22,bbpppbbpbbpppppbpppbbbpppbppbpbppbpbbppbbpppp,45
651397,3619,12,36,bpbbpppppbp,b,bpbbpppppbpb,2026-02-24 10:16:49,pppbbbbbpbppbpbbbbbpbbppbbppbbppbbppbpbbpppppbpbbb,50
663129,3684,12,17,bpbbpppppbp,b,bpbbpppppbpb,2026-02-24 18:29:20,pppbbbbbpppbbbbppbpbbpppppbpbbbpbbbpbpbbpbbb,44
680266,3788,12,17,bpbbpppppbp,p,bpbbpppppbpp,2026-02-25 18:43:17,pbpbbpbppppbpbbbbbpbbpppppbpppbbppbbppbpbbbbpbbppbbbpbb,55
680825,3792,12,31,bpbbpppppbp,b,bpbbpppppbpb,2026-02-25 18:44:54,pbpbpbpbbbpppbbbppbbppbppbbbppbbpbbpppppbpbpbbpbpppbbpbbppbbpbb,63
693694,3867,12,1,bpbbpppppbp,b,bpbbpppppbpb,2026-02-26 09:03:53,pbpbbpppppbpbbpbpppbpbppbpbpbpbbbbbppb,38
698094,3890,12,5,bpbbpppppbp,b,bpbbpppppbpb,2026-03-01 11:12:52,pbbbbbpbbpppppbpbbbbppbppbppbbpbbpbpppbbpbppbbbpbppbbpbbbpbpppbbp,65
700716,3906,12,0,bpbbpppppbp,p,bpbbpppppbpp,2026-03-01 12:33:41,bpbbpppppbppppbbbbbbpbppppppbbpbbpbpbppbppbpbpppbbb,51
705507,3933,12,10,bpbbpppppbp,b,bpbbpppppbpb,2026-03-01 18:45:10,bbpppbpbpbbpbbpppppbpbbppbpppbbppbpppbpbbpppbbbpbbbbpbpppbpppbp,63
715478,3990,12,31,bpbbpppppbp,p,bpbbpppppbpp,2026-03-02 13:55:29,pppbbbbppbppppbbbpppbpbbbbppbppbpbbpppppbppppp,46
742608,4151,12,10,bpbbpppppbp,p,bpbbpppppbpp,2026-03-04 15:12:04,bppppbpbppbpbbpppppbppbbbppbppbpbbbppbbbppbbbppb,48
770084,4313,12,38,bpbbpppppbp,p,bpbbpppppbpp,2026-03-09 16:06:48,pbppbbppbbpbpppbpbppppbbpbppbppbppbbpbbpbbpppppbppbbpp,54
775858,4346,12,14,bpbbpppppbp,p,bpbbpppppbpp,2026-03-11 18:46:59,bbpbbbbppbbpbbbpbbpppppbppppbbppbbbppbppbbppbbbpbbpbb,53
784085,4394,12,31,bpbbpppppbp,p,bpbbpppppbpp,2026-03-11 20:11:13,bpbpppppbbbbbbppbpbpppppbbppbpbbpbbpppppbppbb,45
815765,4582,12,19,bpbbpppppbp,p,bpbbpppppbpp,2026-03-18 15:45:17,pbpppbppppppppbbpppbpbbpppppbpppbbppbbpbpbbpbb,46
820215,4610,12,8,bpbbpppppbp,p,bpbbpppppbpp,2026-03-19 19:22:18,bbppppbbbpbbpppppbpppppbbpppbbbpbpbbbbppbppbbbppppppppbpbppbpbppbbp,67
823497,4626,12,9,bpbbpppppbp,b,bpbbpppppbpb,2026-03-22 09:17:23,pbpppbpppbpbbpppppbpbppbpppbppppbpbbbbbbppbbpbbppppbbbppbpbbpbpbb,65
832847,4686,12,13,bpbbpppppbp,p,bpbbpppppbpp,2026-04-12 15:56:24,bpppbbbbpbpbbbpbbpppppbpppbpppbbbpbpbpppbb,42
859286,4844,12,27,bpbbpppppbp,b,bpbbpppppbpb,2026-04-23 20:12:23,bpppbppppbpbpbpbpppbbbppppbbpbbpppppbpbppppb,44
859995,4848,12,22,bpbbpppppbp,p,bpbbpppppbpp,2026-04-26 08:40:37,bbbppbpbpbpbpppbppbbppbpbbpppppbpppbppbpbpbbppbpbpbbpp,54
864352,4874,12,30,bpbbpppppbp,b,bpbbpppppbpb,2026-04-26 09:27:16,pppbbpppbpbpbpbpppbbbbpbbbppbbbpbbpppppbpbbbpbbbbpbppppb,56
868524,4901,12,33,bpbbpppppbp,b,bpbbpppppbpb,2026-04-30 16:33:17,bbbpbbppbppbppbbppbpppppbbbpppbbpbpbbpppppbpbbbp,48
881961,4980,12,10,bpbbpppppbp,b,bpbbpppppbpb,2026-05-04 16:23:03,pbbppbpbpbbpbbpppppbpbpbbbbppp,30
906403,5119,12,21,bpbbpppppbp,p,bpbbpppppbpp,2026-05-26 10:13:15,bpbbbbbpbpbpbpbbbpbpbbpbbpppppbppppbbbbbpbppbbppppbpbbbbbbppppbp,64
942658,5336,12,16,bpbbpppppbp,p,bpbbpppppbpp,2026-06-07 21:09:25,pppppppbbbbbbppbbpbbpppppbppbbpbpbppppbbbbpppbpbbpppppppbpbp,60
944881,5351,12,9,bpbbpppppbp,b,bpbbpppppbpb,2026-06-08 10:12:38,pbpbbpbppbpbbpppppbpbbppbbpbbpbppbbbbppppbppbbppbbpbpbbbbbpppp,62
959400,5437,12,28,bpbbpppppbp,b,bpbbpppppbpb,2026-06-19 13:57:08,ppbbppbppbbpbbbppbppbbpbppbbbpbbpppppbpbppbbppbpp,49
973118,5514,12,18,bpbbpppppbp,p,bpbbpppppbpp,2026-06-21 11:14:02,bbpppppppbbbpbbpppbpbbpppppbppbbpppbbbbbbbbpppppppbppppp,56
977909,5542,12,45,bpbbpppppbp,p,bpbbpppppbpp,2026-06-23 06:34:07,ppbppbbpbbpbbppppbpbpppppbpppppbbbbpppppbpppbbpbbpppppbppbppbbbp,64
194526,296,12,1,bpbbppppppb,b,bpbbppppppbb,2026-01-26 10:57:31,pbpbbppppppbbbpbbpbpppppbpbbbbpppppppbp,39
197974,359,12,5,bpbbppppppb,p,bpbbppppppbp,2026-01-26 10:57:31,ppbpbbpbbppppppbpbbpbbpbbpppbbpbpbbbpppbbp,42
199461,383,12,30,bpbbppppppb,b,bpbbppppppbb,2026-01-26 10:57:31,pbpbpbbbpbbpbpbpbpbbbppbbpppbpbpbbppppppbbbbpbbbbbbbbp,54
203121,450,12,20,bpbbppppppb,b,bpbbppppppbb,2026-01-26 10:57:31,ppbpbpppbbbbpbbbbbbbbpbbppppppbbbpbp,36
203926,465,12,15,bpbbppppppb,b,bpbbppppppbb,2026-01-26 10:57:31,bbpbpppppbbbbbpbpbbppppppbbbbpbbpbpbpbpppppbbbpbbbbpbppppbppppb,63
207018,523,12,16,bpbbppppppb,p,bpbbppppppbp,2026-01-26 10:57:32,ppbpppppppbppbbbbpbbppppppbpbbbbbppbbbpbbbbppbbbbbbbbppbppb,59
207636,536,12,29,bpbbppppppb,b,bpbbppppppbb,2026-01-26 10:57:32,ppbbbpbppbbppppbpppbbbpppbpppbpbbppppppbbpppppbbppbbp,53
210877,594,12,26,bpbbppppppb,b,bpbbppppppbb,2026-01-26 10:57:32,pbppbbppbpppppbbpppbpbbbpbbpbbppppppbbbppbpbbpbbbbppbbbpbpbbb,61
211047,596,12,47,bpbbppppppb,b,bpbbppppppbb,2026-01-26 10:57:32,ppbbbbppbpbbpppbbpbpbbbppbbbbbbbppbbppbbpppppbpbpbbppppppbbbp,61
213185,635,12,19,bpbbppppppb,p,bpbbppppppbp,2026-01-26 10:57:32,bbbbbbbpbbbpbbbpppbbpbbppppppbpbbpbbpppbbbbbpppbpbbppp,54
213645,645,12,9,bpbbppppppb,p,bpbbppppppbp,2026-01-26 10:57:32,pbppbbpbbbpbbppppppbppbpbpbbpppppppppp,38
214941,670,12,4,bpbbppppppb,p,bpbbppppppbp,2026-01-26 10:57:32,ppppbpbbppppppbppbppbpppppbbppppbpppbbb,39
215906,689,12,15,bpbbppppppb,b,bpbbppppppbb,2026-01-26 10:57:32,bpbpbbpppbpbppbbpbbppppppbbppbpbppbbpbbpbb,42
216500,699,12,34,bpbbppppppb,p,bpbbppppppbp,2026-01-26 10:57:32,bpppbpppbppbbbbbpbbbbpbppppbpppppbbpbbppppppbpbbbppbpbbbpbbb,60
221731,802,12,50,bpbbppppppb,b,bpbbppppppbb,2026-01-26 10:57:32,pbppbpppppbbbpbbpppppbppbbbbbpbpbbbpbbppbbpppppbbbbpbbppppppbbb,63
227614,905,12,27,bpbbppppppb,b,bpbbppppppbb,2026-01-26 10:57:32,bpppbpbpbpbpbppbbppppbbbbbpbpbbppppppbbpbbpbbpbbpppbpbbpbbppbbbp,64
228305,917,12,24,bpbbppppppb,b,bpbbppppppbb,2026-01-26 10:57:32,bbbbbpbbppppbpbbbppbpbbpbpbbppppppbb,36
229745,942,12,20,bpbbppppppb,p,bpbbppppppbp,2026-01-26 10:57:32,bpbbpbppbpbpbbbbbpbpbpbbppppppbpbbpppbbppbbbbp,46
244617,1200,12,24,bpbbppppppb,p,bpbbppppppbp,2026-01-26 10:57:33,bbbbpppbppbppbppbpbpbbbbbpbbppppppbpbbpppbpppbbb,48
252416,1335,12,40,bpbbppppppb,p,bpbbppppppbp,2026-01-26 10:57:33,bppbbbbbpbppbbbbpbpppbppbppbpbbbbpppppbbbpbbppppppbpppp,55
253120,1347,12,5,bpbbppppppb,p,bpbbppppppbp,2026-01-26 10:57:33,bbpbpbpbbppppppbpbpbpbbpbpppbbbpbpbbbbppbbbbpbbbbppbpbpbbbbbb,61
257680,1423,12,20,bpbbppppppb,p,bpbbppppppbp,2026-01-26 10:57:33,bbbppbpppbpppbpbbbppbpbbppppppbpbpbbbppbppppbpbb,48
258325,1433,12,32,bpbbppppppb,b,bpbbppppppbb,2026-01-26 10:57:33,ppbbbbbpbbbbppbbbbbbppppbbbbbpbpbpbbppppppbbpbpbppbbpbpbpbp,59
258967,1444,12,36,bpbbppppppb,b,bpbbppppppbb,2026-01-26 10:57:33,pbbpppppbbbppbbpbbbbppppbpppbpppbpbpbpbbppppppbb,48
261940,1494,12,26,bpbbppppppb,b,bpbbppppppbb,2026-01-26 10:57:33,bpbpbbbbppppbpppbbpbbbpbppbpbbppppppbbbpbbbp,44
263797,1526,12,44,bpbbppppppb,b,bpbbppppppbb,2026-01-26 10:57:33,pbbbbpppbbbppbbbpbpppbpbbbbbbpppbpppbbppppbbbpbbppppppbbb,57
264644,1538,12,41,bpbbppppppb,p,bpbbppppppbp,2026-01-26 10:57:33,bppbbppppbbbpbbpbppbbbpbbpbbpbbbpbpbpbbpbbpbbppppppbppbbp,57
264872,1541,12,27,bpbbppppppb,b,bpbbppppppbb,2026-01-26 10:57:33,bpbbpbpbbppbppbpbbppbbbppbbbpbbppppppbbppbppbbbbppbbppbpbp,58
275447,1714,12,23,bpbbppppppb,p,bpbbppppppbp,2026-01-26 10:57:33,pbppbbppbppbbpppbpbppbpbpbbppppppbpppppbbpbpbpbbbbbpbpp,55
282161,1824,12,12,bpbbppppppb,b,bpbbppppppbb,2026-01-26 10:57:34,bbbppbbpbbbpbpbbppppppbbbpbbpbppbbbbbpbpb,41
363131,1954,12,26,bpbbppppppb,p,bpbbppppppbp,2026-01-27 13:36:02,pbppbppppbppbbppbbbppbppbbbpbbppppppbpppbbbppbbpbppbpbbpbpp,59
372582,2007,12,35,bpbbppppppb,p,bpbbppppppbp,2026-01-28 10:59:00,pbbpbpbppppppbbpbpbppbbbbpbbbppppbbbpbbppppppbppbpbpp,53
377042,2031,12,25,bpbbppppppb,b,bpbbppppppbb,2026-01-29 12:32:34,bbpppbbpppbppbbppbpbpbbbbbpbbppppppbbbbppbppbpbbbbpbbbbpbb,58
393813,2130,12,15,bpbbppppppb,p,bpbbppppppbp,2026-01-31 07:13:54,pbbbbppbpbpbpbbbpbbppppppbppbppbpbpbppbbp,41
395501,2139,12,12,bpbbppppppb,b,bpbbppppppbb,2026-01-31 07:51:47,bpbbbppbpbbpbpbbppppppbbbppbpbbbpbpbbbbbbbppppbbpbbbp,53
407600,2207,12,44,bpbbppppppb,p,bpbbppppppbp,2026-02-02 13:04:01,pbbppbbbpbbpbpbpbpppbpppbpbbppbpbbbpbbbbbppbbpbbppppppbpbp,58
414023,2241,12,3,bpbbppppppb,b,bpbbppppppbb,2026-02-02 14:37:35,pbpbpbbppppppbbpbpbpbbbbbpppbpbbpbbpbbbbpbpp,44
465255,2517,12,27,bpbbppppppb,b,bpbbppppppbb,2026-02-08 04:07:37,pbppbppbppppbbbbpbpbbbppbppbpbbppppppbbppppbp,45
474450,2568,12,24,bpbbppppppb,b,bpbbppppppbb,2026-02-10 16:54:51,bbpppbbbbppbpbbbppbbppbbbpbbppppppbbbbbpbpbppbbbpbbpbbbbbpbbbbp,63
475411,2573,12,3,bpbbppppppb,b,bpbbppppppbb,2026-02-10 17:25:14,pbpbpbbppppppbbpbpbbbbppbbppppbppppbbbpbbbpppppbbbpbpbbpbbbpbppppbpb,68
481619,2612,12,38,bpbbppppppb,p,bpbbppppppbp,2026-02-10 19:37:49,bbbppppppbbpppbppbpbpbbbbpbbpbpppbbbbbbpbbppppppbpbppb,54
482648,2618,12,11,bpbbppppppb,b,bpbbppppppbb,2026-02-10 20:17:16,pbppbbbbpppbpbbppppppbbbbbbppppbpbppbbpbpbppbbpbpbbpbp,54
496077,2700,12,4,bpbbppppppb,p,bpbbppppppbp,2026-02-11 20:25:19,pbppbpbbppppppbpbbbppbpbbbpbbppbbpbppppbpbp,43
517704,2825,12,49,bpbbppppppb,b,bpbbppppppbb,2026-02-12 16:40:31,ppbpbpbbbbbpbpbbbbbbbbpppbpbpbbbpppbppppbbbbppbbpbpbbppppppbbp,62
522958,2852,12,48,bpbbppppppb,p,bpbbppppppbp,2026-02-13 13:48:45,bbbbpbppbpbbbbpbpbpppbbbbbpbpppbppbbbppppbbppbppbpbbppppppbp,60
524684,2862,12,49,bpbbppppppb,p,bpbbppppppbp,2026-02-13 14:20:24,bbbpppppbbbppbppppppbbbbpbppbppppbbbbbbpbppbpbbbbbpbbppppppbppbp,64
531836,2901,12,32,bpbbppppppb,p,bpbbppppppbp,2026-02-13 17:16:59,bbbppbbpppppbbbppbpbppbbpbpbbbpbbpbbppppppbpbpb,47
538223,2937,12,21,bpbbppppppb,b,bpbbppppppbb,2026-02-13 20:07:46,pbbbpbpbbpppbpbpppbbbbpbbppppppbbpbbbpbbpb,42
542981,2964,12,22,bpbbppppppb,p,bpbbppppppbp,2026-02-14 11:03:13,bbbpppbbpbbpbbbbbppbpbbpbbppppppbpbbbbpbbbpppbbp,48
548813,3001,12,43,bpbbppppppb,p,bpbbppppppbp,2026-02-14 15:57:26,bpppppppppbbbpppppbbppbpbbpppbpbppppppbbppbbpbbppppppbppb,57
553741,3027,12,16,bpbbppppppb,b,bpbbppppppbb,2026-02-15 19:52:09,bbpppbbpppbpbbpbbpbbppppppbbbpbpbpbbppbbbbppbbbpppbbpbbbp,57
560721,3064,12,19,bpbbppppppb,p,bpbbppppppbp,2026-02-17 15:04:41,bpppppbbppbbppbbbbbbpbbppppppbpbpbbbppbppbppbpppbpbpppppbppppb,62
586509,3206,12,30,bpbbppppppb,p,bpbbppppppbp,2026-02-20 11:07:15,bbbbppbpbpbbpbbpbpbppppppppbppbpbbppppppbpbpppbbpbbb,52
589069,3222,12,22,bpbbppppppb,p,bpbbppppppbp,2026-02-20 13:40:48,bppppbpbpbbppbppbbbppbbpbbppppppbpbpbpbppppbbppbbbbpbpppbbppb,61
596122,3271,12,20,bpbbppppppb,b,bpbbppppppbb,2026-02-20 15:58:06,pppppppppppppbbppbbpbpbbppppppbbbbpbbpbbppbpbpbbbppbpbpbbp,58
601634,3305,12,33,bpbbppppppb,p,bpbbppppppbp,2026-02-21 10:39:29,pbppppbppbpppbbbpbbpbbbbbbbbbpbppbpbbppppppbp,45
609196,3357,12,10,bpbbppppppb,b,bpbbppppppbb,2026-02-21 14:27:38,bpbbpbbpbpbpbbppppppbbbbbbbpbbppbppbbpb,39
649923,3610,12,33,bpbbppppppb,b,bpbbppppppbb,2026-02-24 09:51:27,pbbppbbpbbbbpbpppbpppbbbbpppbbbpbbpbbppppppbbbpbppbpbbppbpbb,60
657078,3651,12,16,bpbbppppppb,p,bpbbppppppbp,2026-02-24 14:50:56,bppbbpppppppppbpbpbbppppppbppbpbpbbbpppppb,42
658308,3658,12,44,bpbbppppppb,b,bpbbppppppbb,2026-02-24 14:54:43,ppbpppbpbpbbppppbpbbbppbpbbppbppbppbpbbpbbbbbpbbppppppbbb,57
658820,3661,12,28,bpbbppppppb,b,bpbbppppppbb,2026-02-24 14:56:15,pppbbpppbbbpbbpbpbpbppbpbpbbbpbbppppppbbbbpbbpbbppppbp,54
664076,3690,12,19,bpbbppppppb,p,bpbbppppppbp,2026-02-24 18:31:43,ppbbbbbbbbbbpbppbpbbpbbppppppbpbpbpppbbbbbpbpp,46
667265,3708,12,38,bpbbppppppb,p,bpbbppppppbp,2026-02-24 19:46:04,bppbppppbbpbbbbbbpbbbbbbpbbpbppbpbbpppbpbbppppppbpbppbbbbppp,60
673352,3746,12,1,bpbbppppppb,p,bpbbppppppbp,2026-02-25 11:31:49,bbpbbppppppbpbpbbppbbppbbpbbbbppbpbpbpbpbppbpbbbpbppbpbb,56
676762,3768,12,15,bpbbppppppb,b,bpbbppppppbb,2026-02-25 17:25:47,bpbbpbbpbppbppbbpbbppppppbbpbbpbppbpbbbppbbbbbppppppbpbpbppbpbbbp,65
689730,3843,12,51,bpbbppppppb,b,bpbbppppppbb,2026-02-26 08:13:19,bppppbpbbppbpppbbbbpppbppppbpbbpbbpppbpbpbpbbbpppbpbpbbppppppbb,63
711730,3971,12,19,bpbbppppppb,b,bpbbppppppbb,2026-03-01 20:38:19,pbpbbpppbpbppbbpbbbbpbbppppppbbbpbpbbppbpbbpb,45
730351,4079,12,4,bpbbppppppb,b,bpbbppppppbb,2026-03-03 19:07:40,bpbpbpbbppppppbbpbpbpbppbbppbbbppbppbbbppbpbbppbbbb,51
759892,4253,12,7,bpbbppppppb,b,bpbbppppppbb,2026-03-05 22:19:24,ppbppbbbpbbppppppbbpbbbbbpbbpppbbpbpbppbpbpppbp,47
782365,4382,12,6,bpbbppppppb,p,bpbbppppppbp,2026-03-11 19:48:51,bpbbbbbpbbppppppbpbppppppbbppbbpbbpbpbbppbpbbppbbbbpppppbpppppppb,65
815390,4580,12,31,bpbbppppppb,b,bpbbppppppbb,2026-03-18 15:41:20,bpbpbbpbpppbpbpppbpbpbbpppppbbpbpbbppppppbbbpbb,47
820705,4613,12,19,bpbbppppppb,p,bpbbppppppbp,2026-03-19 20:08:33,bbbbpbpbbbbbbbpbbppbpbbppppppbpbppppbbpbppbbpppb,48
832707,4685,12,21,bpbbppppppb,p,bpbbppppppbp,2026-04-12 15:54:50,bppppbbbpbbpbbbbpbpppbpbbppppppbpbpppbpppbbbbpbpbppbbbbbpbppbbbpb,65
835033,4702,12,15,bpbbppppppb,b,bpbbppppppbb,2026-04-19 15:48:11,bbbbbpppbbbppbbbpbbppppppbbpppbbbpppbpbbpbpbp,45
844284,4756,12,54,bpbbppppppb,p,bpbbppppppbp,2026-04-23 13:52:52,ppbpppbpbppppbbbpbppbbbbbbbppppbppbpbbbbpbbbpbbbpbbpbpbpbbppppppbpbp,68
854906,4818,12,39,bpbbppppppb,p,bpbbppppppbp,2026-04-23 18:57:11,bbbbpppbbbbbbpppppppppbppppbpbbppbbbpppbpbbppppppbpbppbbbbpbp,61
855573,4822,12,11,bpbbppppppb,p,bpbbppppppbp,2026-04-23 18:59:36,bbbbpbbbppbbpbbppppppbpbbpbbbbpbbbbpppbbbpbpbpbbpbbpbbbbppp,59
857492,4833,12,7,bpbbppppppb,p,bpbbppppppbp,2026-04-23 19:33:32,ppbpbbpbpbbppppppbppbppbpppbpbpbbbbpb,37
864150,4873,12,10,bpbbppppppb,p,bpbbppppppbp,2026-04-26 09:26:45,bbbbpppppbbpbbppppppbpbppbpbbbpbppbpbppbppppbpppp,49
864837,4877,12,17,bpbbppppppb,p,bpbbppppppbp,2026-04-30 10:40:31,bbpbpppbbppbpbbppbpbbppppppbppbbpppppbbpppppbppppppbb,53
873649,4933,12,27,bpbbppppppb,p,bpbbppppppbp,2026-05-04 09:07:28,pppbpbbbppppbbpbbbpbpbbbbbpbpbbppppppbpppbpbppbbppppbppbppb,59
875983,4946,12,27,bpbbppppppb,b,bpbbppppppbb,2026-05-04 09:18:27,pbbbbbbbppbpbpbbbppbppbpbppbpbbppppppbbbpbbbbbbpb,49
881534,4977,12,32,bpbbppppppb,p,bpbbppppppbp,2026-05-04 16:12:20,bbpbbbbbbbpbbpbbpbbpbpbpppbppbbpbpbbppppppbp,44
891048,5031,12,0,bpbbppppppb,b,bpbbppppppbb,2026-05-14 08:11:21,bpbbppppppbbbppbbbbbpppbbpbbbbpbppbbbpppppbbbbp,47
910087,5140,12,24,bpbbppppppb,p,bpbbppppppbp,2026-05-26 11:44:21,pbpbbpbbbppbpppbppppppbbbpbbppppppbppppppbp,43
912628,5154,12,27,bpbbppppppb,p,bpbbppppppbp,2026-05-27 07:54:10,pbpppbpbpbpppbbbppbbbbppbppbpbbppppppbpbbppbbbbpbpbppppppb,58
930972,5267,12,35,bpbbppppppb,b,bpbbppppppbb,2026-06-01 11:01:29,bbbppbbpppbbbppbbbpbpbpbbpppppbbbbpbpbbppppppbbppbpppbbpp,57
931111,5268,12,24,bpbbppppppb,b,bpbbppppppbb,2026-06-01 11:02:43,bbbpbbbpbppbbbpbbpbpbbbbbpbbppppppbbbbbbbbbbbppbpbpbb,53
936884,5302,12,11,bpbbppppppb,b,bpbbppppppbb,2026-06-06 13:45:42,pbpppppbpppbpbbppppppbbpppbbbppppbbbbbbppp,42
937397,5306,12,11,bpbbppppppb,p,bpbbppppppbp,2026-06-06 13:52:57,bppbbbpppbpbpbbppppppbppbbbbbbpbbppppbbpbbbb,44
975316,5527,12,26,bpbbppppppb,b,bpbbppppppbb,2026-06-22 09:21:48,bppppbppbppbbbbbppbbbbbbbpbpbbppppppbbpp,40
201655,426,12,13,bpbbppppppp,p,bpbbpppppppp,2026-01-26 10:57:31,bbbpppbpbbbppbpbbppppppppppppbbbbpbpbppbpbbpppppp,49
205141,487,12,0,bpbbppppppp,b,bpbbpppppppb,2026-01-26 10:57:32,bpbbpppppppbbbppbbbbppbbbppbpbbpbbbbpbpbbbbbbppb,48
207760,539,12,26,bpbbppppppp,b,bpbbpppppppb,2026-01-26 10:57:32,bbbbbpbppbbpbpbpbbbbppbbbbbpbbpppppppbbpbpbbpbp,47
213653,645,12,24,bpbbppppppp,p,bpbbpppppppp,2026-01-26 10:57:32,pbppbbpbbbpbbppppppbppbpbpbbpppppppppp,38
218086,730,12,21,bpbbppppppp,p,bpbbpppppppp,2026-01-26 10:57:32,ppbpbppbbbppppbbppbppbpbbpppppppppb,35
219866,765,12,29,bpbbppppppp,b,bpbbpppppppb,2026-01-26 10:57:32,pbbbbbpppbppppbbbpbbpppbpbbpbbpbbpppppppbbbpbpbbpbbbbp,54
219998,767,12,2,bpbbppppppp,p,bpbbpppppppp,2026-01-26 10:57:32,bpbpbbppppppppppppbppbbppbbbppppbpbppbbpbbppbpbbpbbbbb,54
223788,837,12,21,bpbbppppppp,p,bpbbpppppppp,2026-01-26 10:57:32,bpbpbppbpbbbppbbpbbpbbpbbppppppppbbbpbpbbbpbppbbbpppbp,54
225930,876,12,33,bpbbppppppp,b,bpbbpppppppb,2026-01-26 10:57:32,bppbbbpbbpbbpbppbpbbbbppbppbpbpbbbpbbpppppppbbbbbppbpbbpbbpbp,61
226368,884,12,11,bpbbppppppp,p,bpbbpppppppp,2026-01-26 10:57:32,ppppbppppbpbpbbpppppppppbpbpppbbbbbpppbbpbpbpppbpbbbbb,54
237800,1080,12,1,bpbbppppppp,p,bpbbpppppppp,2026-01-26 10:57:32,pbpbbpppppppppbbpppppbbpbppbbbbb,32
241684,1151,12,47,bpbbppppppp,b,bpbbpppppppb,2026-01-26 10:57:32,pbbbppbpbbpbppbpbpppbbpbppppbbppbppppbpbppbpbbpbpbbpppppppb,59
241726,1152,12,13,bpbbppppppp,p,bpbbpppppppp,2026-01-26 10:57:32,pppbbbbpbppbbbpbbppppppppbppppbbpbppbbpbbbppppppppbbb,53
241784,1153,12,4,bpbbppppppp,p,bpbbpppppppp,2026-01-26 10:57:32,ppbpbpbbpppppppppbppbppbbbpbbbpbbbbppppbpbpbbbbpbpppp,53
249766,1288,12,4,bpbbppppppp,p,bpbbpppppppp,2026-01-26 10:57:33,pbppbpbbppppppppppbbbppppbpbpbpbbpppppbbbppp,44
250036,1292,12,3,bpbbppppppp,b,bpbbpppppppb,2026-01-26 10:57:33,bpbbpbbpppppppbpbpbbbbbbbpppppbbbppppbpppbpbppbbbpbbpppbp,57
250277,1296,12,19,bpbbppppppp,b,bpbbpppppppb,2026-01-26 10:57:33,ppppbppbbppbbbbbbpbbpbbpppppppbbbbpbbppbpbbpppppbbpppp,54
254195,1366,12,25,bpbbppppppp,b,bpbbpppppppb,2026-01-26 10:57:33,pbbbpppbppppbppbpbbbbpppbbpbbpppppppbbbpbpbppppbbbbpppppppbpbbbpppb,67
254737,1374,12,13,bpbbppppppp,b,bpbbpppppppb,2026-01-26 10:57:33,bbppbpbppbbbpbpbbpppppppbpbbpbpppppbbbpbpbbbbppppbbbbpbbp,57
255321,1384,12,2,bpbbppppppp,b,bpbbpppppppb,2026-01-26 10:57:33,pbbpbbpppppppbbbbpppppbpppbpbpbbbbbpbbppppppppppppbpbppbbpbb,60
255333,1384,12,34,bpbbppppppp,p,bpbbpppppppp,2026-01-26 10:57:33,pbbpbbpppppppbbbbpppppbpppbpbpbbbbbpbbppppppppppppbpbppbbpbb,60
256633,1406,12,26,bpbbppppppp,b,bpbbpppppppb,2026-01-26 10:57:33,ppbpppppbpbbpbppbpbpppbbbpbpbbpppppppbpbpp,42
262378,1503,12,15,bpbbppppppp,p,bpbbpppppppp,2026-01-26 10:57:33,bbbbpbbpppbbpbpbpbbpppppppppbbpbbpbpbbbpbbpppppbbpbbpbbbbpbbp,61
263336,1519,12,5,bpbbppppppp,b,bpbbpppppppb,2026-01-26 10:57:33,bpbbbbpbbpppppppbpbpppbpbpbbpbbbbbpbbpppppbppbbbppbpppppppbbpb,62
265641,1553,12,4,bpbbppppppp,b,bpbbpppppppb,2026-01-26 10:57:33,ppbpbpbbpppppppbbpbbbbppbbpppbbbbpbbpbpbbbbbbbpbpbbbpbbbbpb,59
266061,1559,12,31,bpbbppppppp,b,bpbbpppppppb,2026-01-26 10:57:33,pbpbbpbpbppppbpppbpppbppbbpbpbbbpbbpppppppbppppbp,49
270671,1631,12,11,bpbbppppppp,p,bpbbpppppppp,2026-01-26 10:57:33,pppbpppbpbbbpbbppppppppbbbbbpbbbppppbppppppbppppbbbpbbbpbpp,59
273486,1679,12,21,bpbbppppppp,b,bpbbpppppppb,2026-01-26 10:57:33,pbppbpbbbbbpbbpbbpppbbpbbpppppppbpbpb,37
276512,1733,12,18,bpbbppppppp,p,bpbbpppppppp,2026-01-26 10:57:33,bbpbppbppbbppbpppbbpbbppppppppbbbbbpp,37
290442,1907,12,16,bpbbppppppp,p,bpbbpppppppp,2026-01-26 13:59:58,pbbppbbbpbppbbbbbpbbppppppppbbbppbpbbbppbppbpbpbbpppb,53
290846,1910,12,29,bpbbppppppp,p,bpbbpppppppp,2026-01-26 16:14:15,pppbpbppbbbpppppbbpbbbpbpppbbbpbbppppppppbbpppppbb,50
292032,1916,12,27,bpbbppppppp,b,bpbbpppppppb,2026-01-26 16:16:01,ppbbpbbbpbppppbppbpppbbbpbpbpbbpppppppbbbpbbbbppbpbbbbp,55
379029,2043,12,38,bpbbppppppp,b,bpbbpppppppb,2026-01-29 13:03:04,bpbbpppbbpbbbbbbppbbbbbbbppbpbpbpbpbpbbpbbpppppppbpbbppbb,57
411924,2230,12,12,bpbbppppppp,b,bpbbpppppppb,2026-02-02 14:33:36,bpppppppbppbbpbbpppppppbbpppbpbbbbbbpbpppbppbpbppbbbppbbpbpbp,61
415917,2252,12,4,bpbbppppppp,b,bpbbpppppppb,2026-02-02 15:03:40,bbbbbpbbpppppppbpbbpbbpppbbppbpbbpbpbpppbb,42
434095,2352,12,2,bpbbppppppp,b,bpbbpppppppb,2026-02-04 18:09:30,bbbpbbpppppppbbpbpbpbbbpbbpbppppbpppbbpbbbpbbbbbpb,50
443000,2400,12,15,bpbbppppppp,p,bpbbpppppppp,2026-02-05 15:06:42,bbbbbpbbbbbbbpbbpbbpppppppppbbpppbbbbbpbbpppbpbbppbppppbpbbbpbb,63
464729,2514,12,21,bpbbppppppp,b,bpbbpppppppb,2026-02-08 04:06:17,bppbbbpbpppbppbppbpbpbpbbpppppppbbpbbpb,39
467039,2528,12,48,bpbbppppppp,p,bpbbpppppppp,2026-02-09 15:27:27,bppbppbpbpbppbppbbbbpppppppbbppbpppppbbbpbbbbbbpbpbbpppppppppp,62
482473,2617,12,19,bpbbppppppp,p,bpbbpppppppp,2026-02-10 20:16:54,bbppppbpbbpppbbbpbbbpbbpppppppppppbppbbpppbbbbpbpbppbpbbb,57
489741,2662,12,9,bpbbppppppp,b,bpbbpppppppb,2026-02-11 14:21:10,pbbpbbbppbpbbpppppppbpbpbbbbbpbbpbpbpbbpbpbbbppppp,50
494962,2693,12,29,bpbbppppppp,p,bpbbpppppppp,2026-02-11 16:43:57,pbppppbpbppbpbpbbpbpbppbppbbbbpbbppppppppbpbpbpppbpbppbbbpbpbpppb,65
496962,2707,12,12,bpbbppppppp,p,bpbbpppppppp,2026-02-11 20:28:17,bpbbbbbppppbbpbbpppppppppbbbbpbbbbppbbbpbbbpbbbpbbbbpbbppbppbbbbb,65
504350,2749,12,31,bpbbppppppp,p,bpbbpppppppp,2026-02-12 09:07:59,bppbbbpbbbppppbppppbppbbpppppbbbpbbpppppppppbpbpbpbbpb,54
524499,2861,12,13,bpbbppppppp,p,bpbbpppppppp,2026-02-13 14:19:57,pbbbpbbbppbbbbpbbpppppppppbbppbbbbbbppbbbbbbpbpbbppbpbppbppbbpbpb,65
552773,3022,12,8,bpbbppppppp,b,bpbbpppppppb,2026-02-15 19:49:41,pbpppbpbbpbbpppppppbppbbbbbpbbpbppbbbbbppppppppbbbpbppbp,56
558650,3054,12,20,bpbbppppppp,b,bpbbpppppppb,2026-02-17 14:30:15,bbbbbppbbppbbbbpbpbpbpbbpppppppbbpppbpbpbp,42
568310,3105,12,4,bpbbppppppp,p,bpbbpppppppp,2026-02-17 16:50:19,ppppbpbbppppppppbppbbpppbpbbbpbbbpbbppbpbppbpbppppbb,52
574956,3143,12,12,bpbbppppppp,b,bpbbpppppppb,2026-02-17 21:13:41,bppbpbppbpbpbpbbpppppppbbppbpbbbbbbpppbbbpbbbpbpbbpbbpbbppbpbbpb,64
605592,3333,12,43,bpbbppppppp,p,bpbbpppppppp,2026-02-21 13:10:07,ppbbpbbbbbpbbbpbbbpbbbbbbpbpbbbpppppbbbppppbpbbpppppppppbpppppb,63
622626,3454,12,34,bpbbppppppp,p,bpbbpppppppp,2026-02-22 12:16:33,bbbbbbpppbbbbpppppbbbpbppbpppbppppbpbbpppppppppbpbbppbbbbpbbp,61
624509,3464,12,27,bpbbppppppp,p,bpbbpppppppp,2026-02-22 18:21:45,bppbbpbbpppbpbpbbbbbpbpbpbpbpbbppppppppbbpbppbppbbbbbbbbbbbbpbpbbbp,67
625250,3468,12,25,bpbbppppppp,b,bpbbpppppppb,2026-02-22 18:22:59,bbpbbbbpbbbpbpppbbbbppbbpbpbbpppppppbbbpbbbbppbppbppbpb,55
633024,3511,12,21,bpbbppppppp,b,bpbbpppppppb,2026-02-23 09:19:07,bpbpbbpbpppbpbbbppbppbpbbpppppppbbbpbbpb,40
633171,3512,12,21,bpbbppppppp,b,bpbbpppppppb,2026-02-23 09:19:34,bpbpbbpbpppbpbbbppbppbpbbpppppppbbbpbbpbp,41
649197,3606,12,23,bpbbppppppp,p,bpbbpppppppp,2026-02-24 09:49:30,bpbbpbpbppbbppbpppbbpbbbpbbppppppppppbpbpppp,44
658967,3662,12,7,bpbbppppppp,p,bpbbpppppppp,2026-02-24 14:56:40,bppbbppbpbbppppppppbpbppppppbbpbpbpppbpppbbbbbpp,48
670221,3726,12,2,bpbbppppppp,b,bpbbpppppppb,2026-02-25 09:49:13,bbbpbbpppppppbppbpbppbbbpppbpppbpppppbbbbbpbppbpppbpbbbb,56
672767,3743,12,27,bpbbppppppp,p,bpbbpppppppp,2026-02-25 10:27:30,bbppppppbppppbbbbpbppbbpppbbpbbpppppppppbbbpppbbpppppb,54
673577,3747,12,36,bpbbppppppp,p,bpbbpppppppp,2026-02-25 11:32:17,bppbpbpbbpbppbppppbpbpbbbpbppppppbppbpbbpppppppppp,50
676183,3765,12,8,bpbbppppppp,b,bpbbpppppppb,2026-02-25 17:24:43,pbbpbppbbpbbpppppppbpbppppbbbpbpbbbbbbpbbbbbbbbbbpbbpb,54
699576,3899,12,6,bpbbppppppp,b,bpbbpppppppb,2026-03-01 12:28:39,pppppbbpbbpppppppbppbbpppbbbpbbbbpbppbpppppbpbbppppbbbbpbp,58
726197,4054,12,21,bpbbppppppp,p,bpbbpppppppp,2026-03-03 18:01:56,ppbpbbpppbpbppbpbppppbpbbpppppppppbpbpppbppppbbpbppbbpbbpbpp,60
729581,4074,12,17,bpbbppppppp,b,bpbbpppppppb,2026-03-03 19:05:49,ppbbbbbbpbpbpbbbbbpbbpppppppbbpbbpbpbbbpppbbpppbbppbpb,54
767871,4300,12,23,bpbbppppppp,p,bpbbpppppppp,2026-03-09 15:26:23,bbppbppppppbbbbbpbbbbbpbpbbpppppppppppbbppbpbpbpbppp,52
784575,4397,12,22,bpbbppppppp,p,bpbbpppppppp,2026-03-11 20:12:23,bbpppbppbbbpbppbppbpbpbpbbpppppppppbbpbbbbbpbbpbppbpp,53
799974,4484,12,19,bpbbppppppp,b,bpbbpppppppb,2026-03-17 19:19:30,pppbpppppbppbpbbbppbpbbpppppppbpppbbppbppbpbpppppb,50
810044,4547,12,15,bpbbppppppp,b,bpbbpppppppb,2026-03-18 13:44:54,pbpbbppbppbbppbbpbbpppppppbppbpppbpppbb,39
810209,4548,12,14,bpbbppppppp,b,bpbbpppppppb,2026-03-18 13:45:21,ppbbpbbppbbbppbpbbpppppppbbppppppbpbbbpbbbbbbbpbppbbbppbbpbp,60
815030,4578,12,23,bpbbppppppp,p,bpbbpppppppp,2026-03-18 15:40:15,ppppbbbbbpppbbpppbbbbpbbpbbppppppppbppbbpbpppbb,47
820027,4609,12,14,bpbbppppppp,p,bpbbpppppppp,2026-03-19 19:21:52,bbbbbpbbpbbpbpbpbbppppppppbbpbbpppbbppppbbbbpppbbbpbbbpp,56
825945,4641,12,19,bpbbppppppp,p,bpbbpppppppp,2026-03-22 10:08:25,pbppbbpbbpbppppbbppbpbbppppppppppppbbbpbpppbbppbbbppbp,54
839683,4730,12,20,bpbbppppppp,p,bpbbpppppppp,2026-04-21 06:33:11,ppbbppbppbpbbppbbpppbpbbpppppppppbpppbbbpppbppbpbbp,51
848739,4779,12,38,bpbbppppppp,p,bpbbpppppppp,2026-04-23 14:55:17,pbbbpbbbbbpppbbppbbbpbpbbbpbpppbpbbpppbpbbpppppppppbppbpppbppp,62
852103,4800,12,9,bpbbppppppp,p,bpbbpppppppp,2026-04-23 17:48:02,ppppbpbpbbpbbpppppppppbbpbpbpbbbppbbbbpppppbbbbbppbbppb,55
869463,4908,12,5,bpbbppppppp,b,bpbbpppppppb,2026-05-04 07:53:03,bbbbpbpbbpppppppbbbpbbpbpbbpppbpbbpppbbppp,42
890750,5029,12,25,bpbbppppppp,b,bpbbpppppppb,2026-05-14 08:09:38,bbpbbbbbbbpbbppbpbpbppbppbpbbpppppppbpb,39
894943,5053,12,17,bpbbppppppp,b,bpbbpppppppb,2026-05-22 05:04:02,bbpbbppbpbbbbbbpbbpbbpppppppbbpbbpbppbppbbpbppbbbp,50
914804,5169,12,39,bpbbppppppp,p,bpbbpppppppp,2026-05-27 11:12:10,ppppbpbppbbbbpbpbpbpbpppbbpbpbpppbbpbppbpbbppppppppb,52
917244,5185,12,14,bpbbppppppp,b,bpbbpppppppb,2026-05-28 10:02:48,bpbbpbpbppbbbpbpbbpppppppbpbbppppbb,35
924392,5227,12,15,bpbbppppppp,p,bpbbpppppppp,2026-05-28 15:24:05,ppppbppbpppbppbbpbbpppppppppbppppbbpbpp,39
933331,5280,12,14,bpbbppppppp,p,bpbbpppppppp,2026-06-05 06:58:21,pppbbpbbbppbbbbpbbppppppppbbbbpbpbbpbpbbbbpppbbbbbpbpbbb,56
941027,5327,12,23,bpbbppppppp,b,bpbbpppppppb,2026-06-07 11:10:16,bbpbbbbbppbpppppppppbpbbpbbpppppppbpbb,38
942672,5336,12,45,bpbbppppppp,b,bpbbpppppppb,2026-06-07 21:09:25,pppppppbbbbbbppbbpbbpppppbppbbpbpbppppbbbbpppbpbbpppppppbpbp,60
950836,5387,12,2,bpbbppppppp,b,bpbbpppppppb,2026-06-15 12:13:13,bbbpbbpppppppbbpppbpppppppbppbbpbbpbbppppbbbbppppppppbbb,56
966430,5476,12,33,bpbbppppppp,p,bpbbpppppppp,2026-06-20 11:39:52,pbpppbpbbpbbpppbbbbppppbbppbpbpbbbpbbppppppppbpppbbbpbpbbb,58
974090,5520,12,13,bpbbppppppp,b,bpbbpppppppb,2026-06-21 11:24:48,bpbbppbbbpbbbbpbbpppppppbpbpbbppbpbbpppbppppbbbp,48
190448,223,12,2,pbppbbbbbbb,p,pbppbbbbbbbp,2026-01-26 10:57:31,bbpbppbbbbbbbpppbppbbppbbpbppppbpppppbppbbpbbpbbpbpppbp,55
190815,229,12,34,pbppbbbbbbb,p,pbppbbbbbbbp,2026-01-26 10:57:31,pbpbbbpbbbbpppbbpppppppppbbbppbppbpbppbbbbbbbp,46
191613,243,12,22,pbppbbbbbbb,p,pbppbbbbbbbp,2026-01-26 10:57:31,bppbbpbpbppppbpbbbbpbbpbppbbbbbbbpbpbbpbbpppbbpbpbpppppb,56
191821,247,12,20,pbppbbbbbbb,b,pbppbbbbbbbb,2026-01-26 10:57:31,bbpbpbppbbpbbbbppbbbpbppbbbbbbbbbbpbppbbppppppbbbbbbbb,54
193108,270,12,10,pbppbbbbbbb,b,pbppbbbbbbbb,2026-01-26 10:57:31,pbbpbpbbpppbppbbbbbbbbpbbpbbpbbbppppbbbbbppppppbbpppppbpppbbpbbp,64
193223,272,12,3,pbppbbbbbbb,p,pbppbbbbbbbp,2026-01-26 10:57:31,pbbpbppbbbbbbbpbppbbpbpbbpbppbpbpppbbbbbbpbpbbbbpbbppbbbpb,58
197031,343,12,5,pbppbbbbbbb,p,pbppbbbbbbbp,2026-01-26 10:57:31,ppbbbpbppbbbbbbbppbbpppbppbpppbbpppbpbbpppppbp,46
197143,345,12,27,pbppbbbbbbb,b,pbppbbbbbbbb,2026-01-26 10:57:31,bbppppbbpppbpbbbpbpbbppppbbpbppbbbbbbbbbpbpbbbbpbppppbpp,56
198107,361,12,12,pbppbbbbbbb,p,pbppbbbbbbbp,2026-01-26 10:57:31,bpppbpbpbbbbpbppbbbbbbbppppbbppppppbppbpb,41
202926,446,12,6,pbppbbbbbbb,b,pbppbbbbbbbb,2026-01-26 10:57:31,bppbpbpbppbbbbbbbbppppbbpbpbpbbbbppbbpppbpbpbbpbpb,50
209435,569,12,30,pbppbbbbbbb,b,pbppbbbbbbbb,2026-01-26 10:57:32,bbbbppbbppbbbbbbbppbbbpbpbpbbbpbppbbbbbbbbpbbbbpbbbpbbp,55
210727,592,12,5,pbppbbbbbbb,p,pbppbbbbbbbp,2026-01-26 10:57:32,bbbpbpbppbbbbbbbppbbbbppbbppbpbpbbbbbpbbbpppppbp,48
211996,613,12,11,pbppbbbbbbb,b,pbppbbbbbbbb,2026-01-26 10:57:32,pbbpbpbbbbbpbppbbbbbbbbbpbbbbppbbpbb,36
219788,764,12,8,pbppbbbbbbb,p,pbppbbbbbbbp,2026-01-26 10:57:32,pppbpppppbppbbbbbbbpbbppbpbpbppbbbbppbpppppppbpbpbbpppbpbppppbpbpbppbp,70
225616,871,12,2,pbppbbbbbbb,p,pbppbbbbbbbp,2026-01-26 10:57:32,pppbppbbbbbbbpbpppbbppbbpbpppbbpbppbppbppbppbbbbpppbb,53
225785,874,12,8,pbppbbbbbbb,b,pbppbbbbbbbb,2026-01-26 10:57:32,bpppbbbppbppbbbbbbbbppppbpbbbbpppbpbbp,38
226846,893,12,37,pbppbbbbbbb,b,pbppbbbbbbbb,2026-01-26 10:57:32,ppppbbbpbbppbbbbbpbbppbbpppppppppbbbbpbppbbbbbbbbbpbbbbpppbbbbbbb,65
227536,904,12,33,pbppbbbbbbb,b,pbppbbbbbbbb,2026-01-26 10:57:32,ppppbpbbbbpbbbpbbbpbbbbppbpbbpbbppbppbbbbbbbb,45
231395,969,12,37,pbppbbbbbbb,b,pbppbbbbbbbb,2026-01-26 10:57:32,pbppppbbpbppppbpbpbpbbbbbbpppbbpppbpbpbppbbbbbbbbpbbbpbpbppb,60
244169,1193,12,13,pbppbbbbbbb,p,pbppbbbbbbbp,2026-01-26 10:57:33,pbppbppbpbpbbpbppbbbbbbbpbbppbppppbbbppbppbbpbppbppbppbpbbpbpbppbp,66
246293,1229,12,7,pbppbbbbbbb,b,pbppbbbbbbbb,2026-01-26 10:57:33,bbbbpbbpbppbbbbbbbbbpbbbppbbbbbbbbbppbpbppbpb,45
249195,1277,12,4,pbppbbbbbbb,p,pbppbbbbbbbp,2026-01-26 10:57:33,bbbppbppbbbbbbbpbpbpppbppbpbbpppbbbbppbbpbpppppbpppbbp,54
250158,1294,12,22,pbppbbbbbbb,p,pbppbbbbbbbp,2026-01-26 10:57:33,ppppbbpbpppppbbpbpbpbbpbppbbbbbbbpbp,36
250530,1301,12,16,pbppbbbbbbb,b,pbppbbbbbbbb,2026-01-26 10:57:33,ppbbpbppbbpppppppbppbbbbbbbbppbbppbbpbpbppbppbbbb,49
251090,1311,12,7,pbppbbbbbbb,b,pbppbbbbbbbb,2026-01-26 10:57:33,bppbpbbpbppbbbbbbbbbpbbbbbpppbbbpbbbpbpbpbbpbbbbpppppbp,55
253517,1355,12,0,pbppbbbbbbb,b,pbppbbbbbbbb,2026-01-26 10:57:33,pbppbbbbbbbbppbbpppbbppbppbppbbbbpbppppbbbpbbbbppbpbpbbpbbpppp,62
255550,1388,12,33,pbppbbbbbbb,p,pbppbbbbbbbp,2026-01-26 10:57:33,bppbpbpbbppbpbppbbbppbbbbppbppbbbpbppbbbbbbbppbbpb,50
256923,1411,12,16,pbppbbbbbbb,p,pbppbbbbbbbp,2026-01-26 10:57:33,pbbpbpbppbppbbbbpbppbbbbbbbpbpbbpbbpbbbppbpbpppbbbb,51
260315,1467,12,18,pbppbbbbbbb,b,pbppbbbbbbbb,2026-01-26 10:57:33,bbpbppbppbpppbbpbppbppbbbbbbbbpbbbppbbbppppbb,45
266423,1564,12,15,pbppbbbbbbb,b,pbppbbbbbbbb,2026-01-26 10:57:33,bbppbpppppbbbpbpbppbbbbbbbbppbpbbpbppbpppbbbbppbbp,50
267369,1579,12,11,pbppbbbbbbb,b,pbppbbbbbbbb,2026-01-26 10:57:33,ppbbppbbbbppbppbbbbbbbbbbppppbpbpppppppppbpbbpbpbbpbppbpbp,58
268035,1588,12,24,pbppbbbbbbb,b,pbppbbbbbbbb,2026-01-26 10:57:33,bbbbpppbpbpbpbbbpbbbpbbbpbppbbbbbbbbbpbbpbpbppppbbpbpbbpppp,59
268657,1596,12,41,pbppbbbbbbb,p,pbppbbbbbbbp,2026-01-26 10:57:33,pbpbpbbbbbbbpbbbbbppppbpbbpppbpbbpbpbppbbpbppbbbbbbbpbpbb,57
268683,1597,12,11,pbppbbbbbbb,p,pbppbbbbbbbp,2026-01-26 10:57:33,pbbppbbbbbppbppbbbbbbbpppbbbbbbbbbbbbpbbpbpppp,46
270169,1622,12,5,pbppbbbbbbb,p,pbppbbbbbbbp,2026-01-26 10:57:33,ppbbppbppbbbbbbbpbbbbbppbppbpbpppppbbpbpbbp,43
272831,1666,12,27,pbppbbbbbbb,p,pbppbbbbbbbp,2026-01-26 10:57:33,bbbpppbppbppbbbppppbbppbbpppbppbbbbbbbpppbpbbppppbppbbpp,56
272938,1668,12,22,pbppbbbbbbb,p,pbppbbbbbbbp,2026-01-26 10:57:33,bppbbpppbbbbbpbbppbppbpbppbbbbbbbpbpbbbpbpbbppppbppppbbb,56
273354,1676,12,3,pbppbbbbbbb,b,pbppbbbbbbbb,2026-01-26 10:57:33,pbppbppbbbbbbbbbpppppbbpbppbpppbbbbppppbpppbpp,46
274839,1703,12,14,pbppbbbbbbb,p,pbppbbbbbbbp,2026-01-26 10:57:33,bbbpppppbbppbppbppbbbbbbbpbbppbpbppbpbbpbbpbpppbbbpbp,53
277196,1745,12,30,pbppbbbbbbb,p,pbppbbbbbbbp,2026-01-26 10:57:33,pppbpbbbppbbbbppbbpppbpbpbpppbpbppbbbbbbbpbppp,46
279135,1774,12,26,pbppbbbbbbb,b,pbppbbbbbbbb,2026-01-26 10:57:33,bppbppbppbbbbbbpbpbbppbbbbpbppbbbbbbbbppbbpppbbppppbbbppbbbb,60
281091,1805,12,43,pbppbbbbbbb,b,pbppbbbbbbbb,2026-01-26 10:57:33,bpppbpppbbbpbpbpbpbbpbppbbbpbpbpbppppbbbppbpbppbbbbbbbbbbpb,59
283758,1851,12,20,pbppbbbbbbb,p,pbppbbbbbbbp,2026-01-26 10:57:34,pppbbbbbppbpppppbbpbpbppbbbbbbbpbbbbppbppppbbbpb,48
285456,1876,12,23,pbppbbbbbbb,b,pbppbbbbbbbb,2026-01-26 10:57:34,bbbpbpbppbppbpbpbpbbpbbpbppbbbbbbbbpbpbbbbppbpbbpbbbpbpp,56
291063,1911,12,48,pbppbbbbbbb,p,pbppbbbbbbbp,2026-01-26 16:14:30,pbpbbbbbpbppppppbbpbppbbpppbpbbpbppbpppbbpbbbbpppbppbbbbbbbppbb,63
365204,1965,12,13,pbppbbbbbbb,p,pbppbbbbbbbp,2026-01-27 14:35:42,pppbppppppppppbppbbbbbbbpbppbpbpppbbpbpbpppbp,45
368605,1985,12,22,pbppbbbbbbb,b,pbppbbbbbbbb,2026-01-27 17:10:30,pbbbbpbpppbpbbbpbppbbbpbppbbbbbbbbppbppbpbbpppp,47
373256,2010,12,18,pbppbbbbbbb,p,pbppbbbbbbbp,2026-01-29 10:58:41,ppbppbpbppbbpbpbbbpbppbbbbbbbpbpppbpbbbbpbpppb,46
380598,2053,12,12,pbppbbbbbbb,p,pbppbbbbbbbp,2026-01-29 17:46:57,pbpppbbbpbbbpbppbbbbbbbpbbppbpbbbpbppbpbppbbbbbpbbpbbpbbbpppbppbbbb,67
382136,2060,12,6,pbppbbbbbbb,b,pbppbbbbbbbb,2026-01-29 17:50:16,bpbpbbpbppbbbbbbbbbpbbppbbppppbppppbpppbpppbpppbbpbpbbbbbppbppppb,65
394770,2135,12,14,pbppbbbbbbb,b,pbppbbbbbbbb,2026-01-31 07:50:37,pbpbpbpbbbbbpppbppbbbbbbbbbbbpbpbbbbbpbbpbbppb,46
399128,2160,12,33,pbppbbbbbbb,p,pbppbbbbbbbp,2026-01-31 19:10:09,bpbbpbbppppbpbbpppbbbppbbpbpbbbbbpbppbbbbbbbppppbpbpbbppbbpbbb,62
409432,2216,12,38,pbppbbbbbbb,p,pbppbbbbbbbp,2026-02-02 13:32:07,bppbbpppbbbbpbppppbpbbbpbpbpppppbpbbpppbppbbbbbbbpbbbbpbbpbbpb,62
415057,2247,12,32,pbppbbbbbbb,p,pbppbbbbbbbp,2026-02-02 15:01:24,bbppbbbbbpbpbbbpbbpbppbpbpbbpppppbppbbbbbbbpppbpbpbpp,53
416487,2256,12,18,pbppbbbbbbb,b,pbppbbbbbbbb,2026-02-02 15:44:12,bbpppbbppppppbpbbppbppbbbbbbbbbbpbppbpbppppbbbpbbppbbbbbppbp,60
445103,2411,12,23,pbppbbbbbbb,p,pbppbbbbbbbp,2026-02-05 15:36:23,pbpbppppbpbbppbbpbbbpbppbppbbbbbbbppbbppbppppbppbpppbbbbpbbbbbppb,65
456118,2469,12,36,pbppbbbbbbb,p,pbppbbbbbbbp,2026-02-06 11:32:07,pbppppbppbpbpppbbbbbbbpppbbbpbpbpbpbpbppbbbbbbbpbpbbp,53
468321,2535,12,17,pbppbbbbbbb,b,pbppbbbbbbbb,2026-02-09 15:29:47,pppbbppbbpbbppbbppbppbbbbbbbbpbbppppbpbbpbbbbppbbbpp,52
469514,2541,12,31,pbppbbbbbbb,p,pbppbbbbbbbp,2026-02-09 15:51:09,bbpbbpbppbpbbppbpbpbpbbbbppbbpppbppbbbbbbbpbpbbbppppbbbpbb,58
479341,2599,12,0,pbppbbbbbbb,p,pbppbbbbbbbp,2026-02-10 18:47:12,pbppbbbbbbbppppbbbbbpbbpbbbppbbbpppbbbbbbpbbbbbb,48
494170,2689,12,16,pbppbbbbbbb,b,pbppbbbbbbbb,2026-02-11 16:19:01,bbpbbpbbpbbbpbpbpbppbbbbbbbbpbpppbpbpppbppbp,44
494692,2692,12,16,pbppbbbbbbb,b,pbppbbbbbbbb,2026-02-11 16:43:21,ppbppbppbpbbpbpbpbppbbbbbbbbppbbpbpbpbbpbb,42
501070,2729,12,6,pbppbbbbbbb,p,pbppbbbbbbbp,2026-02-11 21:29:19,bpbbbppbppbbbbbbbpppbpbbbbbbbpbbbbbbppbbpppbbbbbpppppbbppppbbb,62
506835,2762,12,23,pbppbbbbbbb,p,pbppbbbbbbbp,2026-02-12 09:41:37,pbpppbpbpbbbbbpbppbbbpbpbppbbbbbbbppppbbpbbpppbbbbbbbb,54
534020,2914,12,28,pbppbbbbbbb,b,pbppbbbbbbbb,2026-02-13 17:52:47,bbpbpppbpppppbbppbpbpbbppppbpbppbbbbbbbbbppppppbbpppb,53
551556,3015,12,27,pbppbbbbbbb,b,pbppbbbbbbbb,2026-02-14 16:48:53,bpppbbpbbbpbbpbppppbpbbpbpppbppbbbbbbbbpbbbpbbbpppbppbppbp,58
554944,3033,12,15,pbppbbbbbbb,b,pbppbbbbbbbb,2026-02-15 20:20:13,ppbpbpbbbppppbppbppbbbbbbbbbppbbpbpppppbbpppppbpbbbbbb,54
603813,3320,12,41,pbppbbbbbbb,b,pbppbbbbbbbb,2026-02-21 11:41:22,pbpbpbbbpppbpbppbpppbbppbbppbbbbppbppbpbppbppbbbbbbbbbpbbppbbp,62
621222,3443,12,34,pbppbbbbbbb,b,pbppbbbbbbbb,2026-02-22 11:17:02,ppppbbpbbpppbppbpbbbbbppbbpppppbpppbppbbbbbbbbbpbbppppbpppppppbbpbp,67
624516,3464,12,44,pbppbbbbbbb,b,pbppbbbbbbbb,2026-02-22 18:21:45,bppbbpbbpppbpbpbbbbbpbpbpbpbpbbppppppppbbpbppbppbbbbbbbbbbbbpbpbbbp,67
630924,3498,12,11,pbppbbbbbbb,b,pbppbbbbbbbb,2026-02-22 20:49:55,bbppppppbbppbppbbbbbbbbppbppbbpppbppbppbbbbbb,45
633541,3514,12,25,pbppbbbbbbb,p,pbppbbbbbbbp,2026-02-23 09:21:02,pbpbpppbbbbpbppbbpbbbpbbbpbppbbbbbbbpbbpbbbppbppbpbbbbbppbbp,60
635849,3526,12,31,pbppbbbbbbb,b,pbppbbbbbbbb,2026-02-23 10:30:07,pppbpbpbbpbbbbpppbppbppbbpbbbpppbppbbbbbbbbpbbbbpppp,52
644117,3577,12,39,pbppbbbbbbb,b,pbppbbbbbbbb,2026-02-23 13:44:21,ppbppbpbpppppbbppbpbpbpbbbbbbpbbbbbbpbbpbppbbbbbbbbpp,53
650845,3616,12,5,pbppbbbbbbb,b,pbppbbbbbbbb,2026-02-24 10:15:18,bbppppbppbbbbbbbbbbpbppppbpbpbbbppbbbpbpbpppppp,47
671885,3737,12,34,pbppbbbbbbb,p,pbppbbbbbbbp,2026-02-25 10:20:03,bbppppbpbbbbbbppbbppbpbbbbppppbbbbpbppbbbbbbbppbpbpbppppbbpppp,62
681011,3794,12,36,pbppbbbbbbb,p,pbppbbbbbbbp,2026-02-25 18:45:48,bpppbpbbbbbpbbbpbbbbpbbpppbpppbpbppbpbppbbbbbbbpbpb,51
705859,3935,12,6,pbppbbbbbbb,b,pbppbbbbbbbb,2026-03-01 18:46:16,pbbpbppbppbbbbbbbbpbbpbbpppbppbpbbppbbbbpbp,43
711094,3966,12,29,pbppbbbbbbb,b,pbppbbbbbbbb,2026-03-01 20:36:13,pbbbbpppbpbppbbbppppbpbpbpbpppbppbbbbbbbbbbbpbbbpbbpbpp,55
715910,3992,12,12,pbppbbbbbbb,b,pbppbbbbbbbb,2026-03-02 13:56:24,ppbpbpbbppbbpbppbbbbbbbbbbbpppbbbppbpbppbpppbppbbbbpbb,54
723327,4038,12,3,pbppbbbbbbb,p,pbppbbbbbbbp,2026-03-03 15:37:31,pbbpbppbbbbbbbpbppbbppbbpbbbpbbbpbppbbpppppbbbppppppppb,55
734441,4101,12,0,pbppbbbbbbb,p,pbppbbbbbbbp,2026-03-04 10:05:41,pbppbbbbbbbppppbbpbbpbbbppppbbbbppbbppbpppbbpbpppbpbbbppbppppbbpb,65
739786,4133,12,10,pbppbbbbbbb,b,pbppbbbbbbbb,2026-03-04 11:59:48,pppbbbbbpbpbppbbbbbbbbbbbpbbbppppbbbbpppbbbpbbbbbbp,51
749768,4192,12,33,pbppbbbbbbb,b,pbppbbbbbbbb,2026-03-05 14:41:02,bpppbbpbbpbbbpbbbpbpbbpbbppbpbppbpbppbbbbbbbbpbbpbbbbbpbppbppbb,63
759329,4250,12,27,pbppbbbbbbb,b,pbppbbbbbbbb,2026-03-05 22:16:24,bbpppbbbpbppppbbbbbbbppbppppbppbbbbbbbbbbbbbbppbppbbbpp,55
761069,4259,12,38,pbppbbbbbbb,p,pbppbbbbbbbp,2026-03-06 16:59:33,pbbbbbbbppbbbbbpppbbbbpbpbpbppbbbbpppbpbppbbbbbbbpppbbpp,56
776135,4348,12,27,pbppbbbbbbb,p,pbppbbbbbbbp,2026-03-11 18:47:42,ppbppbbbppbbbbbpbbppbbbppbppbppbbbbbbbpbbbbbpppbp,49
789690,4427,12,32,pbppbbbbbbb,b,pbppbbbbbbbb,2026-03-15 14:33:57,pbpbpppbpbpbpbppbbpbpppppbbppppppbppbbbbbbbbppbpbpbb,52
798606,4477,12,14,pbppbbbbbbb,b,pbppbbbbbbbb,2026-03-17 19:16:25,bbbpbpbbbbbbbbpbppbbbbbbbbpbppbbpbpppbbbbppbbbpppbbbpppp,56
818557,4600,12,48,pbppbbbbbbb,b,pbppbbbbbbbb,2026-03-19 19:18:05,ppbpbpbpbbbpbbpbbbbppbbpppbpppppbpbpbppbpppbpppbpbppbbbbbbbb,60
819075,4603,12,10,pbppbbbbbbb,p,pbppbbbbbbbp,2026-03-19 19:19:21,pbpbpbbppbpbppbbbbbbbpbbbbbbppbpppppppppppbpbbppbbbbpbpb,56
821386,4616,12,21,pbppbbbbbbb,p,pbppbbbbbbbp,2026-03-19 20:09:48,bpbbbpbbbbpbpppbppbbbpbppbbbbbbbpbpbpbbbbpbpppbpbbpbpppbppppppbpb,65
833848,4694,12,8,pbppbbbbbbb,b,pbppbbbbbbbb,2026-04-12 16:02:06,bbbppbpbpbppbbbbbbbbbppbbbbpbppppb,34
844265,4756,12,16,pbppbbbbbbb,p,pbppbbbbbbbp,2026-04-23 13:52:52,ppbpppbpbppppbbbpbppbbbbbbbppppbppbpbbbbpbbbpbbbpbbpbpbpbbppppppbpbp,68
845936,4765,12,26,pbppbbbbbbb,p,pbppbbbbbbbp,2026-04-23 13:58:57,bbpbbpbbbbppbpbbbpbbpppbbppbppbbbbbbbpbp,40
847462,4773,12,37,pbppbbbbbbb,p,pbppbbbbbbbp,2026-04-23 14:50:55,bpppbbbbpbbpbpbbpbpbpppbbpppbpppbbpbppbppbbbbbbbpbbbppbbbpbpbpb,63
847819,4775,12,18,pbppbbbbbbb,p,pbppbbbbbbbp,2026-04-23 14:52:45,bppbbbbppbppbbbpbbpbppbbbbbbbpbppbbpbppbpppbbbpppbpb,52
866663,4889,12,6,pbppbbbbbbb,b,pbppbbbbbbbb,2026-04-30 15:38:36,pbbbbppbppbbbbbbbbpbpbbbpbpbpbbbpbpp,36
868363,4900,12,22,pbppbbbbbbb,p,pbppbbbbbbbp,2026-04-30 16:31:02,bbbbbbbbppppppbppbbbpbpbppbbbbbbbpbbppbbpbppppbb,48
874865,4940,12,4,pbppbbbbbbb,b,pbppbbbbbbbb,2026-05-04 09:14:05,ppbppbppbbbbbbbbbbpbppppbbbpbppbbpbpbbbpbppbpbpbbpbpbpbppbbbbppbbpp,67
884341,4995,12,2,pbppbbbbbbb,p,pbppbbbbbbbp,2026-05-04 17:34:55,pppbppbbbbbbbpppbpbppbbbbpbpbbppbpbbbp,38
900385,5083,12,5,pbppbbbbbbb,b,pbppbbbbbbbb,2026-05-23 06:39:22,ppppppbppbbbbbbbbbbbpbbpppbbpbpbppbbpbpbbpbpbppppbbbbbpp,56
913608,5162,12,4,pbppbbbbbbb,b,pbppbbbbbbbb,2026-05-27 07:58:00,bpbppbppbbbbbbbbbppppbbbbbppppbpbbbp,36
919676,5200,12,29,pbppbbbbbbb,b,pbppbbbbbbbb,2026-05-28 10:51:38,bbpbpppbpbbbbppbpbbbbppbbppbbpbppbbbbbbbbppppbbb,48
928868,5254,12,9,pbppbbbbbbb,p,pbppbbbbbbbp,2026-05-29 08:34:32,bpppbpppbpbppbbbbbbbpbppppbbpbbpbbpbpbpbppbpppbppbbbbpb,55
933037,5278,12,31,pbppbbbbbbb,p,pbppbbbbbbbp,2026-06-05 06:56:11,bbbbbpbpppbbbpbbbpbppbpbpbpbppbpbppbbbbbbbpbpbbp,48
935025,5290,12,38,pbppbbbbbbb,b,pbppbbbbbbbb,2026-06-05 20:10:42,pbpppbbbpppbbbppppbbpbpbbpppbbppbbpbbppbppbbbbbbbbp,51
936442,5299,12,30,pbppbbbbbbb,b,pbppbbbbbbbb,2026-06-06 13:39:43,bbpppppbbbppbpbpbbpbbppbpppppppbppbbbbbbbbpbbpppbpbpbpbppbbbbbppbp,66
948973,5375,12,35,pbppbbbbbbb,b,pbppbbbbbbbb,2026-06-10 15:16:28,ppbpppbbppppbpbbpbbbbbbbpppbbbbbbbbpbppbbbbbbbbpbpppbpb,55
951342,5390,12,48,pbppbbbbbbb,b,pbppbbbbbbbb,2026-06-15 12:16:42,bbpbppbppbbpbbbbppppbbppppbpppbppbbbbpppbbpppppbpbppbbbbbbbbbpp,63
960481,5443,12,32,pbppbbbbbbb,p,pbppbbbbbbbp,2026-06-19 14:03:32,bbbpbbbbbbbbbpppbpbpbpbbpbppbbpppbppbbbbbbbpbbpbpppppbb,55
964507,5466,12,13,pbppbbbbbbb,p,pbppbbbbbbbp,2026-06-20 10:41:38,pbbbpppbpbbpppbppbbbbbbbpbpbbpbbpbpppbbppppbbbbbbbbppppbppbpppp,63
966231,5475,12,14,pbppbbbbbbb,p,pbppbbbbbbbp,2026-06-20 11:38:26,bbbppbppbbbpbbpbppbbbbbbbppbbpbbpppbpbpbpppbpppbppbbpbbp,56
972560,5511,12,6,pbppbbbbbbb,b,pbppbbbbbbbb,2026-06-21 11:09:20,bbbpbppbppbbbbbbbbbpppppbpppppbbbppppppbpbpbppb,47
974863,5524,12,14,pbppbbbbbbb,p,pbppbbbbbbbp,2026-06-22 09:17:38,bppppbpbbbbbbppbppbbbbbbbpbbppbppbpbpbppbbpppbpbbpbp,52
196394,331,12,12,pbppbbbbbbp,b,pbppbbbbbbpb,2026-01-26 10:57:31,ppbppbpbbppppbppbbbbbbpbpbpbppbppbpppbpppbpbbbbbpbbbpbbb,56
196508,333,12,22,pbppbbbbbbp,b,pbppbbbbbbpb,2026-01-26 10:57:31,pppbpbpbbbpbbbpbbppbbbpbppbbbbbbpbpb,36
197415,350,12,3,pbppbbbbbbp,p,pbppbbbbbbpp,2026-01-26 10:57:31,ppbpbppbbbbbbppbbpbppbbpbbbbpbbbppbbpbbpbbpbppbpbppbpppbpbppbp,62
199997,392,12,3,pbppbbbbbbp,b,pbppbbbbbbpb,2026-01-26 10:57:31,pbbpbppbbbbbbpbpbbpbppppbbpbppbbbbbbppppppppbbpbb,49
200009,392,12,26,pbppbbbbbbp,p,pbppbbbbbbpp,2026-01-26 10:57:31,pbbpbppbbbbbbpbpbbpbppppbbpbppbbbbbbppppppppbbpbb,49
200125,394,12,41,pbppbbbbbbp,b,pbppbbbbbbpb,2026-01-26 10:57:31,pbbpbbbbpbbpbbbppbppbbbpbbbbbbbbbbbbppppbpbppbbbbbbpbbpppppp,60
201522,423,12,27,pbppbbbbbbp,p,pbppbbbbbbpp,2026-01-26 10:57:31,bppbppppbbbpbbpppppbppppbpbpbppbbbbbbppbbbbbpbbp,48
208945,561,12,14,pbppbbbbbbp,p,pbppbbbbbbpp,2026-01-26 10:57:32,bppppbppbppbbppbppbbbbbbppppbbpppbppbpbpbbpbbpppbpppbbppppppp,61
209559,572,12,4,pbppbbbbbbp,p,pbppbbbbbbpp,2026-01-26 10:57:32,pppbpbppbbbbbbpppppppppppppppppbpbpppbbpbpbbppppbpbbpp,54
213774,647,12,10,pbppbbbbbbp,b,pbppbbbbbbpb,2026-01-26 10:57:32,pbbppbbbbppbppbbbbbbpbpbbbpppppbbpbbbppbbbbbpbbppppp,52
218949,748,12,5,pbppbbbbbbp,p,pbppbbbbbbpp,2026-01-26 10:57:32,bpbbbpbppbbbbbbpppbbbbppbpbppp,30
221865,804,12,14,pbppbbbbbbp,b,pbppbbbbbbpb,2026-01-26 10:57:32,bpbppppppbpbbppbppbbbbbbpbpppbppbppbppbpbppbbppbpbpbbppppppb,60
223177,827,12,9,pbppbbbbbbp,p,pbppbbbbbbpp,2026-01-26 10:57:32,pbbbpppbbpbppbbbbbbpppbpbbbppbbpbbpbbbbpbpbbb,45
223374,831,12,6,pbppbbbbbbp,p,pbppbbbbbbpp,2026-01-26 10:57:32,bpppbppbppbbbbbbppbbbbbppbpbpppbbpbppb,38
235547,1040,12,38,pbppbbbbbbp,b,pbppbbbbbbpb,2026-01-26 10:57:32,ppbbbpbpbpppbbppbpbpbpbbbpppbpppbbbppbpbppbbbbbbpbbbbppppbbpbbp,63
238506,1092,12,0,pbppbbbbbbp,b,pbppbbbbbbpb,2026-01-26 10:57:32,pbppbbbbbbpbbpbpbbbpppbppbppbbppbppb,36
239728,1116,12,0,pbppbbbbbbp,p,pbppbbbbbbpp,2026-01-26 10:57:32,pbppbbbbbbppbppbpbppbppbpbbppppbppbbppbbpb,42
240089,1121,12,26,pbppbbbbbbp,p,pbppbbbbbbpp,2026-01-26 10:57:32,bpbppbbbpbbppbbbbbbppbbbbppbppbbbbbbppbbbbpppppbpbbbbpppppppbbp,63
242478,1165,12,29,pbppbbbbbbp,p,pbppbbbbbbpp,2026-01-26 10:57:32,bbbppppbbppbbpppbbbppbbpbpbbppbppbbbbbbppbbpbbbppppbppbb,56
251179,1312,12,44,pbppbbbbbbp,b,pbppbbbbbbpb,2026-01-26 10:57:33,pbbbpbbbbbpbbbpbpbbbpbppbbpppbbbpbbbbpbbppbppbppbbbbbbpbpppbbp,62
254990,1378,12,19,pbppbbbbbbp,p,pbppbbbbbbpp,2026-01-26 10:57:33,ppbpbppbpbbpbppbbpbpbppbbbbbbpppppppbpbbbbppbppbpbpbpb,54
257776,1425,12,9,pbppbbbbbbp,p,pbppbbbbbbpp,2026-01-26 10:57:33,pppppppbbpbppbbbbbbppbbbbppbppbbbppppbppppbpppbpp,49
260007,1462,12,4,pbppbbbbbbp,p,pbppbbbbbbpp,2026-01-26 10:57:33,ppbppbppbbbbbbppbbppbpbpppppbpbpppbbpbbpbppbpbppppbpbpb,55
261032,1479,12,43,pbppbbbbbbp,b,pbppbbbbbbpb,2026-01-26 10:57:33,bpppbpbbpbppbbbppbbpbpppppppppbppbppbbpbpbppbppbbbbbbpbbbb,58
262194,1500,12,2,pbppbbbbbbp,b,pbppbbbbbbpb,2026-01-26 10:57:33,bppbppbbbbbbpbbbpbbpbbpbp,25
262260,1501,12,35,pbppbbbbbbp,p,pbppbbbbbbpp,2026-01-26 10:57:33,bppppbbbppbpbpbbbbpppppbpbbpbpbbbbbpbppbbbbbbppppbbbbpbppbpbb,61
262671,1508,12,2,pbppbbbbbbp,b,pbppbbbbbbpb,2026-01-26 10:57:33,bppbppbbbbbbpbbbpbbpbbpbpbpbppppbbbbbpbb,40
263482,1521,12,9,pbppbbbbbbp,p,pbppbbbbbbpp,2026-01-26 10:57:33,bppppbbpppbppbbbbbbppbbppbppppppbbbbbppbppbpbbbbbbbpp,53
274534,1698,12,24,pbppbbbbbbp,b,pbppbbbbbbpb,2026-01-26 10:57:33,pbbbppppbpppppbbbpbbpbpbpbppbbbbbbpbppbbpbpbppbpbbp,51
279125,1774,12,5,pbppbbbbbbp,b,pbppbbbbbbpb,2026-01-26 10:57:33,bppbppbppbbbbbbpbpbbppbbbbpbppbbbbbbbbppbbpppbbppppbbbppbbbb,60
282757,1833,12,2,pbppbbbbbbp,p,pbppbbbbbbpp,2026-01-26 10:57:34,pbpbppbbbbbbppbpbppbbbbpppbpbpbppbbbpbpbpppb,44
283127,1840,12,31,pbppbbbbbbp,p,pbppbbbbbbpp,2026-01-26 10:57:34,pbpppbbbbpppppbbbpppbbbpppbpbbppbppbbbbbbpppbbbpppbpbpbpbbpbb,61
362691,1952,12,14,pbppbbbbbbp,b,pbppbbbbbbpb,2026-01-27 13:13:50,bbppbpbbbpbbbppbppbbbbbbpbppbbbbbpbbbp,38
364679,1962,12,3,pbppbbbbbbp,p,pbppbbbbbbpp,2026-01-27 13:38:30,bpppbppbbbbbbppbppbpbbbpbpppbpbbbpbbbbppbpbbbbpppbpbpbpppbbbbpbp,64
366181,1971,12,10,pbppbbbbbbp,p,pbppbbbbbbpp,2026-01-27 14:37:47,pbbppbbppppbppbbbbbbppbbppbpbbbbpbbbpbbbbppbpbbppppbbppppbbppbbp,64
378496,2040,12,29,pbppbbbbbbp,p,pbppbbbbbbpp,2026-01-29 13:02:03,bbppppbpppbpbbppbpbppbppbbbbbpbppbbbbbbppppp,44
378832,2042,12,29,pbppbbbbbbp,p,pbppbbbbbbpp,2026-01-29 13:02:41,bbppppbpppbpbbppbpbppbppbbbbbpbppbbbbbbpppppb,45
402855,2181,12,3,pbppbbbbbbp,b,pbppbbbbbbpb,2026-01-31 19:38:15,ppppbppbbbbbbpbbppbbbbpbbbpbbbpbpppbpbbpbbppbbppbpppbpppbp,58
406848,2201,12,13,pbppbbbbbbp,p,pbppbbbbbbpp,2026-02-02 13:02:24,ppbpbbbppbppbpbppbbbbbbppppbbbppbppppbbbpbbbbbbppppbppbbbbpp,60
424623,2299,12,10,pbppbbbbbbp,b,pbppbbbbbbpb,2026-02-04 15:40:09,bpbpppbpbppbppbbbbbbpbbbppbpbppbppppppbbppbpb,45
431378,2337,12,44,pbppbbbbbbp,p,pbppbbbbbbpp,2026-02-04 17:25:06,bbbpppppbppbbppbbbppbbbbbbbbppppppbbbpppbppppbppbbbbbbpppbpbbp,62
439344,2380,12,1,pbppbbbbbbp,b,pbppbbbbbbpb,2026-02-05 14:01:31,bpbppbbbbbbpbppppbbbbbbbbbpbbpbbppbppbpbbbbbbp,46
450693,2440,12,44,pbppbbbbbbp,p,pbppbbbbbbpp,2026-02-06 10:21:52,pbppppbpppppbpbppbpbbpbbppbpbbpppbpbpbpbbpbbpbppbbbbbbppb,57
453686,2456,12,48,pbppbbbbbbp,p,pbppbbbbbbpp,2026-02-06 11:00:05,pbbpbbppbppppbbbbbbpbpbpbbpbbbbbbppbbbppbbbppbpppbppbbbbbbppb,61
457768,2478,12,11,pbppbbbbbbp,b,pbppbbbbbbpb,2026-02-06 11:35:02,ppppbppbbpbpbppbbbbbbpbbpbpbbbpbpbpbpbpbbpppbpbp,48
459932,2489,12,1,pbppbbbbbbp,p,pbppbbbbbbpp,2026-02-06 13:00:30,bpbppbbbbbbpppbpbbpbbpbpbpbppbpbppppppbbppbpbpbbppppbbp,55
468160,2534,12,1,pbppbbbbbbp,p,pbppbbbbbbpp,2026-02-09 15:29:27,bpbppbbbbbbppbbpbppbbpbpppbppbbpbpbbbp,38
473396,2563,12,0,pbppbbbbbbp,b,pbppbbbbbbpb,2026-02-10 16:53:03,pbppbbbbbbpbbbppbbpbbbbbppppbpbppbbppbpppbbppbbpppbbbbppppbpbbbb,64
480798,2607,12,33,pbppbbbbbbp,p,pbppbbbbbbpp,2026-02-10 19:36:04,bpbppbbppbbpbbbppppbbpbpbpppbppbbpbppbbbbbbppbpbbbbb,52
483564,2622,12,16,pbppbbbbbbp,p,pbppbbbbbbpp,2026-02-10 20:18:41,bppbbbpppppbbbbbpbppbbbbbbpppbpbpbpbbpbbbpbpbppbpbpp,52
496607,2704,12,32,pbppbbbbbbp,p,pbppbbbbbbpp,2026-02-11 20:27:11,bppbbbpppbbpbppbbpbppbppppbppbpppbppbbbbbbpp,44
512567,2795,12,39,pbppbbbbbbp,b,pbppbbbbbbpb,2026-02-12 15:11:59,pbpbbpbbpppbppppbbppbbbbbbbbbbppbpppppppbppbbbbbbpbpbp,54
517181,2822,12,38,pbppbbbbbbp,p,pbppbbbbbbpp,2026-02-12 16:39:02,bbpbpbpbbbpbbpppbbbpppppbbpbpbbpppbpbppbppbbbbbbpp,50
517344,2823,12,19,pbppbbbbbbp,b,pbppbbbbbbpb,2026-02-12 16:39:37,bbppbbbpbbpbppppbpbpbppbbbbbbpbpbbppbbpbbbbbbpb,47
526234,2871,12,0,pbppbbbbbbp,p,pbppbbbbbbpp,2026-02-13 15:03:20,pbppbbbbbbppbpbbbbppbpbppbppbppppbpppppppppp,44
555602,3037,12,7,pbppbbbbbbp,p,pbppbbbbbbpp,2026-02-15 21:16:36,pbppbbbpbppbbbbbbppppppbbpppbppbppbpbbpppbppbbbbpbb,51
563067,3077,12,10,pbppbbbbbbp,b,pbppbbbbbbpb,2026-02-17 15:47:14,bbpbpbpbpppbppbbbbbbpbppbbbpbbppbpbbbpbbbppb,44
567996,3103,12,48,pbppbbbbbbp,b,pbppbbbbbbpb,2026-02-17 16:49:18,bppbbpbpbpbbpbpbpbbbbppppppbbbpppppbbpbpbbpbbbbbpbppbbbbbbpbbbpb,64
584227,3194,12,53,pbppbbbbbbp,p,pbppbbbbbbpp,2026-02-20 10:40:28,bbpbbpbpppbbbpbpbpbppbbppbpppbpbbpbbbbpppbbppbppppbpbpbppbbbbbbpp,65
592097,3241,12,23,pbppbbbbbbp,b,pbppbbbbbbpb,2026-02-20 14:15:48,ppbpppbppbpppppppbbbbpbpbppbbbbbbpbbbpbbbbbbpppbppbbbb,54
595792,3269,12,20,pbppbbbbbbp,p,pbppbbbbbbpp,2026-02-20 15:57:15,bbppbbpbbpbpbbbbpppbpbppbbbbbbppbpbppbbppbppppbpbpbbbbppbb,58
600648,3299,12,27,pbppbbbbbbp,p,pbppbbbbbbpp,2026-02-21 10:36:07,bbppbbpbpbpbbpbpppbbpbbpbbppbppbbbbbbpppbb,42
604581,3326,12,43,pbppbbbbbbp,p,pbppbbbbbbpp,2026-02-21 11:44:15,bbpppbbbpbpppbbpbbbpppppbbpppbppppbbpbppbbppbppbbbbbbppbbbbppbbbppp,67
624885,3466,12,29,pbppbbbbbbp,b,pbppbbbbbbpb,2026-02-22 18:22:26,bpbpbpppbpbppppbpppppppbbpbbppbppbbbbbbpbpbpbppbbbpbbbpbbb,58
642765,3569,12,12,pbppbbbbbbp,b,pbppbbbbbbpb,2026-02-23 13:39:13,bbbbbbbbpbpppbppbbbbbbpbpbpbbppbpbbpbpbbbpbbpbppppbbbp,54
644361,3578,12,39,pbppbbbbbbp,b,pbppbbbbbbpb,2026-02-23 13:44:55,bbpbpbbpppbpbppbppbbppbbpbpbpppbbppbppppbppbbbbbbpbbpbbpbbbbpbb,63
649473,3608,12,10,pbppbbbbbbp,p,pbppbbbbbbpp,2026-02-24 09:50:24,bpppbbpbpbpbppbbbbbbpppbbpppbppppppbbbbbbbbppbbbbbbbbpbbpbpp,60
682755,3803,12,18,pbppbbbbbbp,b,pbppbbbbbbpb,2026-02-25 19:18:56,ppbpbbbpppbpppppbppbppbbbbbbpbpppbppbpbbbbpbpbbppbpbpppbpbpppbbbpbb,67
687371,3831,12,8,pbppbbbbbbp,b,pbppbbbbbbpb,2026-02-25 20:59:08,ppbbpbbbpbppbbbbbbpbppbppbpbbbppbpbbbpbppbbpbpbbbpbbpbb,55
695861,3878,12,36,pbppbbbbbbp,b,pbppbbbbbbpb,2026-02-28 13:38:44,pbpbpbbbbbpppbpbbpbppbbbbpbpppbbppbbpbppbbbbbbpbbbbbpbbpbpppppbbpb,66
701647,3912,12,22,pbppbbbbbbp,b,pbppbbbbbbpb,2026-03-01 15:44:23,bppbpppppbppbbbbppbpbbpbppbbbbbbpbpbppbpppppbbpppbpp,52
708365,3950,12,23,pbppbbbbbbp,b,pbppbbbbbbpb,2026-03-01 19:27:46,pbppbppppbbpbbbbbpbbbpbpbppbbbbbbpbpbppbbppbpbbpbbbbppppppbpb,61
719116,4013,12,7,pbppbbbbbbp,p,pbppbbbbbbpp,2026-03-02 15:09:27,ppbppbbpbppbbbbbbpppbbbbpppbpppppbpbppbbpppppbpppbpbbbppbbpbb,61
725814,4052,12,11,pbppbbbbbbp,b,pbppbbbbbbpb,2026-03-03 18:01:11,bpbpbpbpbpbpbppbbbbbbpbbppppbbbbpppppppbbppppbpbb,49
731135,4083,12,28,pbppbbbbbbp,p,pbppbbbbbbpp,2026-03-03 19:41:57,bpbbbbbpbppbpbpbbbppbbpbppbbpbppbbbbbbpppbbbppbpppbbbpbbbpbbpbbpbbb,67
735796,4108,12,23,pbppbbbbbbp,b,pbppbbbbbbpb,2026-03-04 10:10:16,ppbpbbpppppbbpbbbpbbbpppbppbbbbbbpbpppbbpbppppbppbpbbbpbpp,58
736428,4111,12,9,pbppbbbbbbp,b,pbppbbbbbbpb,2026-03-04 10:11:49,bbpppppbbpbppbbbbbbpbbbbppbbbppbpbpbbbpbbpbppbppbbp,51
743806,4158,12,23,pbppbbbbbbp,p,pbppbbbbbbpp,2026-03-04 15:40:18,bpbbpbppbbbbbpbpbbbpbpbpbppbbbbbbppbbppppbppp,45
753486,4213,12,35,pbppbbbbbbp,b,pbppbbbbbbpb,2026-03-05 16:16:13,bbbbbbbpppbppppbbbppbpbpppbbpbpbppbpbppbbbbbbpbpppbpbbb,55
768235,4302,12,3,pbppbbbbbbp,b,pbppbbbbbbpb,2026-03-09 15:27:45,ppbpbppbbbbbbpbbbbppppbpbpbbppbbbbbbppbpbbbpbbbbpbbppppbbppp,60
771703,4322,12,33,pbppbbbbbbp,b,pbppbbbbbbpb,2026-03-09 19:04:04,pppbbbpbbbppppppbpbpbppppbpbppbbppbppbbbbbbpbbpbbbbppppbpbbbppbbb,65
776867,4352,12,32,pbppbbbbbbp,b,pbppbbbbbbpb,2026-03-11 18:49:06,pbbbbbbbbpbpbpbbbppbbpppppbpbbbppbppbbbbbbpbbpb,47
780121,4370,12,8,pbppbbbbbbp,p,pbppbbbbbbpp,2026-03-11 19:44:08,bbbppbbbpbppbbbbbbppbbpbpbbppbbbpbbppbbpbbpbppbppbpbpbbbpbppppbbppbbb,69
788732,4422,12,8,pbppbbbbbbp,b,pbppbbbbbbpb,2026-03-15 14:31:57,pbbbbpbbpbppbbbbbbpbbpbbppbbppppbbbbppp,39
791526,4438,12,13,pbppbbbbbbp,b,pbppbbbbbbpb,2026-03-16 19:07:01,pbpbpbpbbbpbppbppbbbbbbpbppbpppppbbbbb,38
824503,4633,12,9,pbppbbbbbbp,b,pbppbbbbbbpb,2026-03-22 09:21:32,bbbbpbbbppbppbbbbbbpbbbbbbbbppbbppbbpbbbbpbbpppbbbbbppp,55
830316,4668,12,22,pbppbbbbbbp,b,pbppbbbbbbpb,2026-04-12 12:42:41,bbppbpbbpbbpppbbbbbpbbpbppbbbbbbpbpbbpb,39
837647,4717,12,24,pbppbbbbbbp,b,pbppbbbbbbpb,2026-04-20 06:41:00,bbbpbbppbbbbbpbbpbbbppbbpbppbbbbbbpbppbpbbpbbbb,47
845799,4764,12,15,pbppbbbbbbp,p,pbppbbbbbbpp,2026-04-23 13:58:22,ppbbbbppbbbpppbpbppbbbbbbpppbpppbbbbppbbbbpbbbbpppppbbbbppppp,61
864553,4875,12,5,pbppbbbbbbp,p,pbppbbbbbbpp,2026-04-30 10:38:43,bpppppbppbbbbbbppbbpbppbpbpbpbbppppbbbpbbbpbbpbbpbbppbppbpb,59
867653,4895,12,16,pbppbbbbbbp,b,pbppbbbbbbpb,2026-04-30 16:25:06,bpbbpppppbbbppbppbppbbbbbbpbbbpbbbbppbbpbppbbpbbbbbbppbpbpbbppp,63
877469,4956,12,17,pbppbbbbbbp,b,pbppbbbbbbpb,2026-05-04 11:24:29,ppbppbbpppbppbpbppbppbbbbbbpbpbpbbpbpbppbbb,43
899346,5077,12,14,pbppbbbbbbp,b,pbppbbbbbbpb,2026-05-22 05:42:29,bpppppbppbbbbppbppbbbbbbpbbbppbppbbbbbpbpbbpppbpp,49
902713,5098,12,1,pbppbbbbbbp,p,pbppbbbbbbpp,2026-05-26 09:41:22,ppbppbbbbbbppbbpbpppbbpbppbpbppbpb,34
909550,5137,12,27,pbppbbbbbbp,p,pbppbbbbbbpp,2026-05-26 11:42:50,pppbbbpbbbppppbbbppbbppbbbppbppbbbbbbpppbbpppppbpbbpbppbbbp,59
915968,5176,12,39,pbppbbbbbbp,b,pbppbbbbbbpb,2026-05-27 11:16:27,pppbbpbbbppbbppbbbbpbbppbpbpbppbbbppbbppbppbbbbbbpbppbbp,56
928241,5250,12,35,pbppbbbbbbp,p,pbppbbbbbbpp,2026-05-28 16:05:11,bbpbppbbpbbbpbpbbpppbbpbbbpppbbppbppbppbbbbbbpppbbbpppbp,56
937400,5306,12,20,pbppbbbbbbp,b,pbppbbbbbbpb,2026-06-06 13:52:57,bppbbbpppbpbpbbppppppbppbbbbbbpbbppppbbpbbbb,44
942804,5337,12,0,pbppbbbbbbp,p,pbppbbbbbbpp,2026-06-07 21:10:34,pbppbbbbbbppbbpbbbbbbbpbbpbbpbbpbbpppbbbbpbpbpbb,48
965341,5470,12,5,pbppbbbbbbp,p,pbppbbbbbbpp,2026-06-20 10:46:46,bbbbppbppbbbbbbppbppbbbppbpbpbppbbpbbbbpbpbbpppp,48
974552,5522,12,48,pbppbbbbbbp,b,pbppbbbbbbpb,2026-06-22 09:14:56,bbbpbpbpbpbbpbbpbpbpppppbbpbbpbppbpbbbbbppbbbbbppbppbbbbbbpbpb,62
185480,5,12,6,pbppbbbbbpb,p,pbppbbbbbpbp,2026-01-26 10:57:31,pbpbpbpbppbbbbbpbpbb,20
186328,40,12,6,pbppbbbbbpb,p,pbppbbbbbpbp,2026-01-26 10:57:31,bbbpbbpbppbbbbbpbpbpppbbbppbppbbbpbbpppbb,41
188724,159,12,21,pbppbbbbbpb,p,pbppbbbbbpbp,2026-01-26 10:57:31,bpppppppppbbbbbbpbbpppbppbbbbbpbpp,34
188800,163,12,0,pbppbbbbbpb,b,pbppbbbbbpbb,2026-01-26 10:57:31,pbppbbbbbpbbbppppbppppbbppbppppbbppb,36
192273,255,12,31,pbppbbbbbpb,p,pbppbbbbbpbp,2026-01-26 10:57:31,pppbppppbbbpbppppbbpbppbbbpppbbpbppbbbbbpbpppppbbbbbpbbbbbbbbbppbb,66
198790,373,12,6,pbppbbbbbpb,b,pbppbbbbbpbb,2026-01-26 10:57:31,pbbbpppbppbbbbbpbbbppbpppbbppbpppbpbbbbpbpbppbpbbppppbbbpp,58
208494,554,12,2,pbppbbbbbpb,b,pbppbbbbbpbb,2026-01-26 10:57:32,pppbppbbbbbpbbppbbbpbpbbppbpbppppbbbb,37
216489,699,12,7,pbppbbbbbpb,b,pbppbbbbbpbb,2026-01-26 10:57:32,bpppbpppbppbbbbbpbbbbpbppppbpppppbbpbbppppppbpbbbppbpbbbpbbb,60
220906,787,12,0,pbppbbbbbpb,p,pbppbbbbbpbp,2026-01-26 10:57:32,pbppbbbbbpbpbbbpppbpbpbbppbbpp,30
221165,792,12,11,pbppbbbbbpb,b,pbppbbbbbpbb,2026-01-26 10:57:32,bbpbpppbpbbpbppbbbbbpbbbbpppbbbbppbbppbbbbpbbbbppbbbpbb,55
221654,801,12,18,pbppbbbbbpb,p,pbppbbbbbpbp,2026-01-26 10:57:32,bpbppppbpbbbpbppbppbppbbbbbpbppbbbbpbbbbbbpbpppppp,50
221718,802,12,20,pbppbbbbbpb,p,pbppbbbbbpbp,2026-01-26 10:57:32,pbppbpppppbbbpbbpppppbppbbbbbpbpbbbpbbppbbpppppbbbbpbbppppppbbb,63
225440,868,12,45,pbppbbbbbpb,b,pbppbbbbbpbb,2026-01-26 10:57:32,bbbbppbpbpbbpppbpppbpppbpbbbbbbbppbbpbbpbpbbbpbppbbbbbpbbbpb,60
230113,948,12,27,pbppbbbbbpb,b,pbppbbbbbpbb,2026-01-26 10:57:32,pbpbbbpbbppbppppppbbbppbpbppbppbbbbbpbbpbbb,43
233650,1009,12,18,pbppbbbbbpb,p,pbppbbbbbpbp,2026-01-26 10:57:32,pbppbbbbpbpbpbpppppbppbbbbbpbpppbpbbpbpppbpbbbbbpbpbppbpbppb,60
234431,1023,12,12,pbppbbbbbpb,b,pbppbbbbbpbb,2026-01-26 10:57:32,pppbbpbbbbpbpbppbbbbbpbbpbbbbpppbbbbbpbbppppbppbbbbbpbbpbbpppbbbpp,66
234443,1023,12,43,pbppbbbbbpb,b,pbppbbbbbpbb,2026-01-26 10:57:32,pppbbpbbbbpbpbppbbbbbpbbpbbbbpppbbbbbpbbppppbppbbbbbpbbpbbpppbbbpp,66
244876,1204,12,1,pbppbbbbbpb,p,pbppbbbbbpbp,2026-01-26 10:57:33,bpbppbbbbbpbpbpbbpppbbpbbbbppbppbbbbbb,38
246370,1230,12,36,pbppbbbbbpb,b,pbppbbbbbpbb,2026-01-26 10:57:33,pbppbbpbppbbpbbbbpbppbbpbbbppbbpbbbppbppbbbbbpbbbbbbpppppp,58
247319,1246,12,19,pbppbbbbbpb,p,pbppbbbbbpbp,2026-01-26 10:57:33,ppbppbpbpppppppbbpbpbppbbbbbpbpbpbbppp,38
251295,1314,12,28,pbppbbbbbpb,b,pbppbbbbbpbb,2026-01-26 10:57:33,pppbppbpbpbbppppbbbpbbpbpbpppbppbbbbbpbbpbp,43
251362,1315,12,28,pbppbbbbbpb,p,pbppbbbbbpbp,2026-01-26 10:57:33,bppbbbppbbppbpbpbpbbpbbppbpbpbppbbbbbpbpppbbbp,46
258577,1437,12,10,pbppbbbbbpb,p,pbppbbbbbpbp,2026-01-26 10:57:33,pppbppbppppbppbbbbbpbpppbpppbppbpbppppbbbbppppbpbbppbbbpbbp,59
259092,1446,12,29,pbppbbbbbpb,p,pbppbbbbbpbp,2026-01-26 10:57:33,ppbbpbppppbbbbpbpbbppppbbbbpppbppbbbbbpbpbbpbbpbbpbb,52
265087,1544,12,10,pbppbbbbbpb,p,pbppbbbbbpbp,2026-01-26 10:57:33,bbpppbppbppbppbbbbbpbppbppppbbppppppbbppppbpppbbpppppppppb,58
266705,1569,12,12,pbppbbbbbpb,p,pbppbbbbbpbp,2026-01-26 10:57:33,bbpbpbbbbpbppbppbbbbbpbpbpbbpbbpbppbpbbpb,41
267533,1581,12,12,pbppbbbbbpb,b,pbppbbbbbpbb,2026-01-26 10:57:33,bbbpbpbbpbbppbppbbbbbpbbppbppbbppbpbpbbpbbppbppppbpbppbpppbpppbbbpp,67
269126,1605,12,9,pbppbbbbbpb,b,pbppbbbbbpbb,2026-01-26 10:57:33,ppppbppbbpbppbbbbbpbbppbbppbbbbppbbbbpbb,40
271010,1637,12,6,pbppbbbbbpb,b,pbppbbbbbpbb,2026-01-26 10:57:33,bbpbbbpbppbbbbbpbbpppbbppbppppbpppbppbbbbbppppp,47
274253,1693,12,27,pbppbbbbbpb,p,pbppbbbbbpbp,2026-01-26 10:57:33,pbpppbppppbbbbbbpppbbbppbpbpbppbbbbbpbpbbbppbbbpbbbbbppbbbppbp,62
282168,1824,12,28,pbppbbbbbpb,p,pbppbbbbbpbp,2026-01-26 10:57:34,bbbppbbpbbbpbpbbppppppbbbpbbpbppbbbbbpbpb,41
283236,1842,12,15,pbppbbbbbpb,p,pbppbbbbbpbp,2026-01-26 10:57:34,bppppbbpbpbbppppbppbbbbbpbpbbbppppbppppbpbbbpbb,47
283432,1845,12,26,pbppbbbbbpb,p,pbppbbbbbpbp,2026-01-26 10:57:34,pbbbbpbbbpbbppbpbbbpbppbbppbppbbbbbpbpppbbbpbp,46
285896,1878,12,43,pbppbbbbbpb,p,pbppbbbbbpbp,2026-01-26 11:13:48,bbpppppppbbpppbbppppppbpbpbpbbpbbppppbbpbbppbppbbbbbpbpbbbppbbbb,64
286587,1884,12,6,pbppbbbbbpb,b,pbppbbbbbpbb,2026-01-26 11:16:06,bbbbbppbppbbbbbpbbpbpppppbbbpbbppppbbppbbbbbbbpp,48
290439,1907,12,8,pbppbbbbbpb,b,pbppbbbbbpbb,2026-01-26 13:59:58,pbbppbbbpbppbbbbbpbbppppppppbbbppbpbbbppbppbpbpbbpppb,53
292443,1919,12,27,pbppbbbbbpb,b,pbppbbbbbpbb,2026-01-26 16:49:47,ppbppbppbpbppppbbpbppbbbpbbpbppbbbbbpbbpppbp,44
362695,1952,12,24,pbppbbbbbpb,b,pbppbbbbbpbb,2026-01-27 13:13:50,bbppbpbbbpbbbppbppbbbbbbpbppbbbbbpbbbp,38
365634,1968,12,30,pbppbbbbbpb,b,pbppbbbbbpbb,2026-01-27 14:36:48,bppbbpbppbppbpbppbbbbbppbpppbppbppbbbbbpbb,42
378492,2040,12,20,pbppbbbbbpb,p,pbppbbbbbpbp,2026-01-29 13:02:03,bbppppbpppbpbbppbpbppbppbbbbbpbppbbbbbbppppp,44
378828,2042,12,20,pbppbbbbbpb,p,pbppbbbbbpbp,2026-01-29 13:02:41,bbppppbpppbpbbppbpbppbppbbbbbpbppbbbbbbpppppb,45
380612,2053,12,38,pbppbbbbbpb,b,pbppbbbbbpbb,2026-01-29 17:46:57,pbpppbbbpbbbpbppbbbbbbbpbbppbpbbbpbppbpbppbbbbbpbbpbbpbbbpppbppbbbb,67
402313,2178,12,12,pbppbbbbbpb,p,pbppbbbbbpbp,2026-01-31 19:36:56,pbpbpbbbbppbpbppbbbbbpbpbpppbbpbbbbpppbpbbpppbpbbpbbpp,54
414865,2246,12,6,pbppbbbbbpb,p,pbppbbbbbpbp,2026-02-02 15:00:44,pbppbppbppbbbbbpbpbppppbbbpbbbppbbbppppppbppbppbbppppbbpp,57
418113,2264,12,41,pbppbbbbbpb,b,pbppbbbbbpbb,2026-02-02 15:49:32,pbbbpbbpbppbbbbbppbpbbpbbbbpbpppppbpbbbbppbppbbbbbpbbp,54
418502,2266,12,39,pbppbbbbbpb,p,pbppbbbbbpbp,2026-02-02 16:46:57,ppppbpbbppbbbpppbppbpbppbpbpppbbbbpbbbppbppbbbbbpbpbbpbbpb,58
419051,2269,12,12,pbppbbbbbpb,p,pbppbbbbbpbp,2026-02-02 16:48:05,pbpppbbbbbpppbppbbbbbpbpbbbpbppppbbpbppbbbppbpppbbbbppbpppbpbbppb,65
424971,2301,12,40,pbppbbbbbpb,b,pbppbbbbbpbb,2026-02-04 15:40:54,bbbppppbbbbppbbppbbbbbppbppbppbppbbppbbppbppbbbbbpbbppp,55
428581,2320,12,7,pbppbbbbbpb,b,pbppbbbbbpbb,2026-02-04 16:54:18,bpbbppbpbppbbbbbpbbbppbpbbpbbbpbpbppbbbpbbbpbbppbbbpbbbppbpb,60
437139,2368,12,30,pbppbbbbbpb,b,pbppbbbbbpbb,2026-02-04 19:41:44,pbppbbpbpbbbbpbpbpbppbbbbppbpbpbppbbbbbpbbbppppbppb,51
440961,2389,12,4,pbppbbbbbpb,p,pbppbbbbbpbp,2026-02-05 14:31:09,pbpbpbppbbbbbpbppbpbppbbpbppppbbpbbbbppbpbbbpbpbbb,50
441629,2393,12,42,pbppbbbbbpb,b,pbppbbbbbpbb,2026-02-05 14:32:24,bbpbpbpbppbppbbppbbbbpbpppppbpbpbbbpbbppbbpbppbbbbbpbbpppbbbbp,62
442469,2397,12,18,pbppbbbbbpb,b,pbppbbbbbpbb,2026-02-05 15:05:43,pbpbppbbbpbpppbpbppbppbbbbbpbbppppbpbbpbppbpppbbppbppppbbbbbbpp,63
447931,2426,12,13,pbppbbbbbpb,b,pbppbbbbbpbb,2026-02-05 16:50:10,bbpbpppppbppbpbppbbbbbpbbbppbbppbpbpppbpbbbpppbbbb,50
449408,2434,12,5,pbppbbbbbpb,b,pbppbbbbbpbb,2026-02-06 10:20:12,pbpbbpbppbbbbbpbbbbpbbppbpbbbpppppbppbpbppbbbpppppbbppbpb,57
449814,2436,12,5,pbppbbbbbpb,b,pbppbbbbbpbb,2026-02-06 10:20:47,pbpbbpbppbbbbbpbbbbpbbppbpbbbpppppbppbpbppbbbpppppbbppbpbbpb,60
460614,2492,12,18,pbppbbbbbpb,p,pbppbbbbbpbp,2026-02-06 13:01:27,bbbbbpbbbbpbppbbpppbppbbbbbpbpbpbbbpbbpbbpbbppbbbpppppb,55
469941,2543,12,42,pbppbbbbbpb,b,pbppbbbbbpbb,2026-02-09 15:51:57,pbbpbppbppppbbbpbppbpppbbpbpbbbpbbpbbpbbpbpbppbbbbbpbbpbbp,58
474996,2571,12,9,pbppbbbbbpb,p,pbppbbbbbpbp,2026-02-10 17:24:40,bbpbpbbbppbppbbbbbpbpbbpbbbbpbpbbpbpbbbbpbbpppbpbbbpbpbb,56
499857,2722,12,0,pbppbbbbbpb,b,pbppbbbbbpbb,2026-02-11 21:26:32,pbppbbbbbpbbbbbbbbppbpbbpbbbbbbpbbbpbbppbbbppbbpbpbpbpbbppbpbb,62
552776,3022,12,18,pbppbbbbbpb,b,pbppbbbbbpbb,2026-02-15 19:49:41,pbpppbpbbpbbpppppppbppbbbbbpbbpbppbbbbbppppppppbbbpbppbp,56
556611,3042,12,22,pbppbbbbbpb,p,pbppbbbbbpbp,2026-02-15 21:18:59,ppbbbpbbbpppppbppppbpbpbppbbbbbpbpbppbpbpbpbbpbpbpbpppppb,57
566217,3093,12,44,pbppbbbbbpb,p,pbppbbbbbpbp,2026-02-17 16:18:30,bbbpbpppbpbbbppbpbbpbbbbpbbppbpbbpbpppbbbppppbppbbbbbpbpbpppbpp,63
569676,3112,12,44,pbppbbbbbpb,p,pbppbbbbbpbp,2026-02-17 17:20:49,bbppppbbbbbbbppppbbbbbbbbbbppbbbbppbpbpbppbppbppbbbbbpbpppbbpbpbpp,66
608107,3349,12,5,pbppbbbbbpb,b,pbppbbbbbpbb,2026-02-21 13:56:52,bpbbppbppbbbbbpbbbbpppbbppppbpbpbbppbpbpbbbpbbppppbp,52
613825,3391,12,29,pbppbbbbbpb,p,pbppbbbbbpbp,2026-02-22 09:06:25,ppbbbpbbpppbbpbppbbbbppppbbpppbppbbbbbpbpbbpbbpbppbpbbpbb,57
622298,3452,12,12,pbppbbbbbpb,p,pbppbbbbbpbp,2026-02-22 12:15:28,pppbpbbppbpppbppbbbbbpbpbbbbbbpbbbbpbppppbppbpbpbbppbbppbpbppppbbpp,67
624666,3465,12,15,pbppbbbbbpb,p,pbppbbbbbpbp,2026-02-22 18:22:08,bppppbbpbppppbbpbppbbbbbpbpppbppbbppbbpppbbbbbbbppb,51
630032,3493,12,14,pbppbbbbbpb,p,pbppbbbbbpbp,2026-02-22 20:48:07,pppppbpbpbpbbppbppbbbbbpbppbpbbpbbbbpbpbbpppbbpbppbpbpbp,56
631861,3504,12,2,pbppbbbbbpb,b,pbppbbbbbpbb,2026-02-23 09:14:54,bbpbppbbbbbpbbbpbbbpbpbbppppbbbppbbppbpppbbbppppbpbpbbbpbppppbbbpbb,67
634520,3519,12,12,pbppbbbbbpb,b,pbppbbbbbpbb,2026-02-23 09:54:55,bpppbbbpbpbppbppbbbbbpbbpbbppbpbbppppbppbbpppbpbbbbbppbbppbppbbpbbp,67
653482,3630,12,15,pbppbbbbbpb,p,pbppbbbbbpbp,2026-02-24 11:11:23,pppbbpppbbpbbbbpbppbbbbbpbppbbbpppbbppppbbppbbpbppbppbpppbpbpbbbppbpbp,70
674658,3756,12,13,pbppbbbbbpb,b,pbppbbbbbpbb,2026-02-25 11:36:21,bpbbpbpbbbbpbpbppbbbbbpbbppbpbpbppbpbppbpppp,44
689237,3841,12,14,pbppbbbbbpb,b,pbppbbbbbpbb,2026-02-25 21:48:23,pbbbppppbbpbbbpbppbbbbbpbbbpbbbpbppbpbbpbbbbpbpbpbbpb,53
707469,3945,12,27,pbppbbbbbpb,b,pbppbbbbbpbb,2026-03-01 19:24:40,ppbbbbpppbbbpbbpbpbbpbpbbpbpbppbbbbbpbbbpbpb,44
721547,4029,12,7,pbppbbbbbpb,b,pbppbbbbbpbb,2026-03-03 13:40:22,bbbppbppbppbbbbbpbbppbpbppbbbpbpppbbpbpbbpppbpbpbb,50
724477,4044,12,19,pbppbbbbbpb,b,pbppbbbbbpbb,2026-03-03 16:13:47,bbbpbbbppbbpbbppbbbpbppbbbbbpbbbppbpbbbbpbbbbbbbbbpppbpppbbbbbbb,64
730878,4082,12,2,pbppbbbbbpb,b,pbppbbbbbpbb,2026-03-03 19:08:51,pppbppbbbbbpbbpbpbbpbpppbpppbbpbbbppbbpbbpppbbbbbbpbbbppbppp,60
743794,4158,12,4,pbppbbbbbpb,p,pbppbbbbbpbp,2026-03-04 15:40:18,bpbbpbppbbbbbpbpbbbpbpbpbppbbbbbbppbbppppbppp,45
779879,4369,12,18,pbppbbbbbpb,b,pbppbbbbbpbb,2026-03-11 19:43:48,bpbppbppbpbpbppbbbpbppbbbbbpbbp,31
780906,4374,12,39,pbppbbbbbpb,p,pbppbbbbbpbp,2026-03-11 19:45:35,bbbbppppbbpbbpbpbbbpppppbppbppbpbpppbbbpbppbbbbbpbpbbbbp,56
786031,4405,12,17,pbppbbbbbpb,b,pbppbbbbbpbb,2026-03-15 12:58:36,pbbpbbppbppbbbbpppbppbbbbbpbbpbbppbbbbbpbpbppbpbpbp,51
790565,4432,12,30,pbppbbbbbpb,p,pbppbbbbbpbp,2026-03-15 14:35:58,bpbbbpbpbbbbppbppbpbpbpbpppppppbppbbbbbpbpbbbbppbppbbbbpbbbppppb,64
807035,4528,12,19,pbppbbbbbpb,b,pbppbbbbbpbb,2026-03-18 09:11:20,pbbbpppppppbbpbbbbbpbppbbbbbpbbppbbpbpbbbp,42
809597,4544,12,21,pbppbbbbbpb,b,pbppbbbbbpbb,2026-03-18 13:43:24,bpbppbbpppppbppbpbbpbpbppbbbbbpbbbpppbbbbpb,43
817569,4595,12,17,pbppbbbbbpb,p,pbppbbbbbpbp,2026-03-18 16:18:14,bbpbpbpppbbppbbpppbppbbbbbpbpppbbpbbppppbpbbpbbpbppbbpbbb,57
832720,4685,12,47,pbppbbbbbpb,p,pbppbbbbbpbp,2026-04-12 15:54:50,bppppbbbpbbpbbbbpbpppbpbbppppppbpbpppbpppbbbbpbpbppbbbbbpbppbbbpb,65
835236,4703,12,10,pbppbbbbbpb,b,pbppbbbbbpbb,2026-04-19 15:48:56,bbbbppppbbpbppbbbbbpbbbbpbbpbbpbppbpbbpbppppbbpbppppbppbbbpbbb,62
853388,4808,12,29,pbppbbbbbpb,b,pbppbbbbbpbb,2026-04-23 18:49:23,bpbbpbbbbbppppbpbpbbbbbpbpbbbpbppbbbbbpbbbpbpbbbpppp,52
861333,4856,12,26,pbppbbbbbpb,b,pbppbbbbbpbb,2026-04-26 08:46:23,bbbppbbbpbbbpbppbpbpbpbbbbpbppbbbbbpbbbppppppbppbppbbbpbpp,58
863705,4870,12,25,pbppbbbbbpb,b,pbppbbbbbpbb,2026-04-26 09:24:58,bpbbbpbbpppbbppbpbppbbppppbppbbbbbpbbbpbbppbpbbbp,49
879936,4969,12,6,pbppbbbbbpb,b,pbppbbbbbpbb,2026-05-04 15:40:05,bppppppbppbbbbbpbbpbpbppbbppppbppbppbppbpbpbb,45
899352,5077,12,29,pbppbbbbbpb,p,pbppbbbbbpbp,2026-05-22 05:42:29,bpppppbppbbbbppbppbbbbbbpbbbppbppbbbbbpbpbbpppbpp,49
902047,5093,12,36,pbppbbbbbpb,b,pbppbbbbbpbb,2026-05-23 06:43:54,bbbppbbppbbbbbppppbpbbpbpbpbpbpppbpbpbppbbbbbpbbpbpb,52
903258,5101,12,15,pbppbbbbbpb,b,pbppbbbbbpbb,2026-05-26 09:43:21,bppbpppbppbpbbppbppbbbbbpbbppppbppbppbbpbppbpbpp,48
929468,5258,12,23,pbppbbbbbpb,p,pbppbbbbbpbp,2026-06-01 10:51:58,pbbpbpbbppbpbpppbbpppbppbppbbbbbpbppbbppbbbppbbbpbpbbpbpppbppbbb,64
938021,5309,12,41,pbppbbbbbpb,p,pbppbbbbbpbp,2026-06-06 13:56:18,bbbpbpbppbpbppbbpbbbppbppbppbbpppbpppbpbppbppbbbbbpbp,53
938316,5311,12,16,pbppbbbbbpb,p,pbppbbbbbpbp,2026-06-06 14:13:56,ppbbbbbppbppbbbppbppbbbbbpbpbpppppppbbbbb,41
940150,5322,12,11,pbppbbbbbpb,b,pbppbbbbbpbb,2026-06-07 11:04:56,ppbpbbbbbbbpbppbbbbbpbbbpbbbbpbbbbbbb,37
946417,5359,12,16,pbppbbbbbpb,p,pbppbbbbbpbp,2026-06-08 10:23:48,ppbpbppppbpbbbbbpbppbbbbbpbpppbpbbbppbpppppppbppbbppbpp,55
952487,5397,12,5,pbppbbbbbpb,p,pbppbbbbbpbp,2026-06-15 12:24:04,bpppbpbppbbbbbpbppbbpbbbbbpbpppbbbbpbbbp,40
959624,5438,12,21,pbppbbbbbpb,p,pbppbbbbbpbp,2026-06-19 13:58:13,bbppbbpppbpppbbpbpbbppbppbbbbbpbppbppbpbpppbbbbpbbbppbbppppppppbppppp,69
977573,5540,12,22,pbppbbbbbpb,b,pbppbbbbbpbb,2026-06-23 06:31:48,ppbbpbpbbpppbbpppbbbbbpbppbbbbbpbbpbppbbpbppbpbpbppb,52
192528,260,12,38,pbppbbbbbpp,b,pbppbbbbbppb,2026-01-26 10:57:31,bbbpbbbppbbbppbpbppbpbbpbbbppbppppbbpppbppbbbbbppbbpb,53
196268,329,12,27,pbppbbbbbpp,p,pbppbbbbbppp,2026-01-26 10:57:31,pbbbbbpbbbbpbbpbpbpppppbbbbpbppbbbbbppppppppppbb,48
201303,419,12,4,pbppbbbbbpp,p,pbppbbbbbppp,2026-01-26 10:57:31,pbbbpbppbbbbbpppbbpppbbpppppppbbpbpbbpbppbppbpbbbpp,51
210967,595,12,30,pbppbbbbbpp,b,pbppbbbbbppb,2026-01-26 10:57:32,bppbppbpbbpbpbpbbppbbpbbbppbbbpbppbbbbbppbbpbbbppbbbbpbbbbpbbbbbbp,66
217474,718,12,17,pbppbbbbbpp,b,pbppbbbbbppb,2026-01-26 10:57:32,pbbpbppbbbppppppbpbppbbbbbppbpbbbbbb,36
220032,768,12,0,pbppbbbbbpp,b,pbppbbbbbppb,2026-01-26 10:57:32,pbppbbbbbppbpbbppppbbpbpbppp,28
220465,776,12,2,pbppbbbbbpp,p,pbppbbbbbppp,2026-01-26 10:57:32,bbpbppbbbbbpppbbbppbbbbbbbppbbpbbpp,35
220496,777,12,6,pbppbbbbbpp,b,pbppbbbbbppb,2026-01-26 10:57:32,pppbbppbppbbbbbppbpbbbbppbbppbppbpp,35
221006,789,12,23,pbppbbbbbpp,p,pbppbbbbbppp,2026-01-26 10:57:32,pppbbpppbbbpbppbbppbppbpbppbbbbbppppbbpbbppbp,45
231322,968,12,32,pbppbbbbbpp,b,pbppbbbbbppb,2026-01-26 10:57:32,ppppbpppbbpbbbbbppppbbbppbpbbppbpbppbbbbbppbpbp,47
237189,1069,12,15,pbppbbbbbpp,b,pbppbbbbbppb,2026-01-26 10:57:32,bppbbpbpppbbppbpbppbbbbbppbpbbbbpppbbbbppppbpbppb,49
240422,1129,12,14,pbppbbbbbpp,p,pbppbbbbbppp,2026-01-26 10:57:32,bpppbpbbbpbbpbpbppbbbbbppppppbpbpbbpbbpbbbbpppbpppppp,53
243182,1176,12,29,pbppbbbbbpp,b,pbppbbbbbppb,2026-01-26 10:57:32,bppppppppppbbbbbbbpbbpbpbbpbbpbppbbbbbppbbbbppppppbbbbb,55
244703,1201,12,45,pbppbbbbbpp,p,pbppbbbbbppp,2026-01-26 10:57:33,ppbppbbpbbbbppbbpbpbbbbpbbbpbppbpppbbbppbbbpbpbppbbbbbpppbbbppbbb,65
245420,1214,12,29,pbppbbbbbpp,p,pbppbbbbbppp,2026-01-26 10:57:33,bbbppbpbpbbbbpppbbbbpbbppbbbbpbppbbbbbpppbbp,44
245825,1220,12,31,pbppbbbbbpp,p,pbppbbbbbppp,2026-01-26 10:57:33,bbpbppbbpbbbppbbbbbpbbpbpbbbppbpbppbbbbbpppbpbbppbbbpbbpbbpbbpbp,64
259889,1460,12,14,pbppbbbbbpp,p,pbppbbbbbppp,2026-01-26 10:57:33,bpbppbbbppppbppbppbbbbbpppbbppppbppbbpppbppbpbpbbbbbbb,54
260084,1463,12,25,pbppbbbbbpp,b,pbppbbbbbppb,2026-01-26 10:57:33,pbbppbpbbppbbpbbppbppbppbpbppbbbbbppbbppbbp,43
271022,1637,12,33,pbppbbbbbpp,p,pbppbbbbbppp,2026-01-26 10:57:33,bbpbbbpbppbbbbbpbbpppbbppbppppbpppbppbbbbbppppp,47
271582,1645,12,36,pbppbbbbbpp,b,pbppbbbbbppb,2026-01-26 10:57:33,pbpbppbppbbpbbpbpbpppbbbpbpbbbppbpbbpbppbbbbbppbpppbppbbpbpbbpp,63
279641,1782,12,30,pbppbbbbbpp,p,pbppbbbbbppp,2026-01-26 10:57:33,bbbpbbbbbbpppppbbpppbpbbppppbbpbppbbbbbpppbbpbbbpbbbbbp,55
281442,1811,12,13,pbppbbbbbpp,b,pbppbbbbbppb,2026-01-26 10:57:33,bpbbpbbbbbbbppbppbbbbbppbpbbbbpppppbpbpbpbbppbbpbpbbb,53
365626,1968,12,13,pbppbbbbbpp,b,pbppbbbbbppb,2026-01-27 14:36:48,bppbbpbppbppbpbppbbbbbppbpppbppbppbbbbbpbb,42
366386,1972,12,14,pbppbbbbbpp,p,pbppbbbbbppp,2026-01-27 14:38:08,bppbpbbbpbpbbppbppbbbbbppppppbbpbpbpbbbpppbpbbpbppppb,53
393204,2127,12,13,pbppbbbbbpp,p,pbppbbbbbppp,2026-01-31 07:12:55,pppbpppppbpbbpbppbbbbbpppbppppbpbbbppbbbpppbbpbpbbpppbpp,56
418097,2264,12,7,pbppbbbbbpp,b,pbppbbbbbppb,2026-02-02 15:49:32,pbbbpbbpbppbbbbbppbpbbpbbbbpbpppppbpbbbbppbppbbbbbpbbp,54
466669,2526,12,0,pbppbbbbbpp,p,pbppbbbbbppp,2026-02-09 15:26:56,pbppbbbbbpppppbbbpppbbbpbbpppbppbpbppbpbbpppbpppppbbbbppbbbpbb,62
504640,2750,12,54,pbppbbbbbpp,b,pbppbbbbbppb,2026-02-12 09:08:23,bpbbpbpbpbpbbpppbbpppbpbbppbpbbbppbpbppppbbppbbpbbpbbppbppbbbbbppbbb,68
515345,2811,12,20,pbppbbbbbpp,b,pbppbbbbbppb,2026-02-12 15:54:29,bbpbpppppbppbbbpppbbpbppbbbbbppbpbbbppbppppbpbp,47
520559,2840,12,18,pbppbbbbbpp,p,pbppbbbbbppp,2026-02-13 12:46:09,ppbpbbbbbpbbbbppbppbppbbbbbpppbbpbbbpbpbbbbbppbpbbpbbpppppbb,60
525247,2865,12,42,pbppbbbbbpp,b,pbppbbbbbppb,2026-02-13 14:22:28,bppbppbbpbpbppbbpbbbbpbpppbbbbbbpbbppbbpbppbppbbbbbppbpbbpb,59
543380,2966,12,9,pbppbbbbbpp,b,pbppbbbbbppb,2026-02-14 11:04:04,bppbpbpbppbppbbbbbppbpppbppbbbbpbpbppbppppppbpbppppbbpppbbbpp,61
545383,2977,12,4,pbppbbbbbpp,b,pbppbbbbbppb,2026-02-14 11:38:32,bbpbpbppbbbbbppbppppppbppppbppbbbbpbpbpppbbppbpbbpbpbp,54
547719,2994,12,43,pbppbbbbbpp,b,pbppbbbbbppb,2026-02-14 15:30:51,pbpppbbppbpbbbpbbpbbpppppbpbbpppbbppbbbbpbbpbppbbbbbppbp,56
549177,3003,12,27,pbppbbbbbpp,p,pbppbbbbbppp,2026-02-14 15:58:19,pppbbbbbpbpbpbpppbpbppbppbppbppbbbbbpppbbpbbbbppppp,51
552602,3021,12,3,pbppbbbbbpp,p,pbppbbbbbppp,2026-02-15 19:49:11,ppppbppbbbbbpppbpbbppbbbpbpbbbppbpbbbbpbbbpbpbbbpbbpbbppbpbpppbppp,66
552782,3022,12,30,pbppbbbbbpp,p,pbppbbbbbppp,2026-02-15 19:49:41,pbpppbpbbpbbpppppppbppbbbbbpbbpbppbbbbbppppppppbbbpbppbp,56
561677,3069,12,30,pbppbbbbbpp,p,pbppbbbbbppp,2026-02-17 15:07:00,bpbpbpbbbppppppbpbpbpppppppbbbpbppbbbbbpppbpbppbpbpbppppbbbb,60
567390,3100,12,34,pbppbbbbbpp,p,pbppbbbbbppp,2026-02-17 16:47:58,bpbbpbppbppppppppbbbbbbbbbbbppbbpppbppbbbbbppp,46
569362,3110,12,21,pbppbbbbbpp,p,pbppbbbbbppp,2026-02-17 17:19:31,bpbppppbpbbpppbbpbbpppbppbbbbbpppbbbbpbpbbpbpp,46
577387,3158,12,24,pbppbbbbbpp,p,pbppbbbbbppp,2026-02-19 10:42:08,pppbppppbpbpbppbbpppbbpbpbppbbbbbppppbpbppbppbbpppp,51
600105,3295,12,2,pbppbbbbbpp,p,pbppbbbbbppp,2026-02-21 10:34:23,bbpbppbbbbbppppbbbbbbpbbbpbbpbbppbppbpbppppbbbpbb,49
656948,3650,12,29,pbppbbbbbpp,p,pbppbbbbbppp,2026-02-24 14:50:25,bbbpbpbbbppppppbppbbppbbbbpbppbppbbbbbpppbbbbbpppbppbppbbbpppbbpp,65
668761,3717,12,46,pbppbbbbbpp,b,pbppbbbbbppb,2026-02-24 20:20:35,bbpppbbpbppppbbbbppbpppbpbpbpbpppbppbbbpppppbbpbppbbbbbppb,58
674881,3758,12,31,pbppbbbbbpp,p,pbppbbbbbppp,2026-02-25 11:37:16,pbpbpbbbbbbpbbppbbbpbbpbbpbpppbpbppbbbbbpppbbbpbbpbppbpbpp,58
692834,3862,12,14,pbppbbbbbpp,p,pbppbbbbbppp,2026-02-26 08:59:29,pbbppppbbbbpbppbppbbbbbpppbppbbpppbppbbbbppbppppbpbpb,53
704969,3930,12,43,pbppbbbbbpp,b,pbppbbbbbppb,2026-03-01 16:38:43,bpppbpbbbpbbbppbbbbbbpbpppbbpbbppppbpbpbpbppbppbbbbbppbbppbbbb,62
706526,3939,12,9,pbppbbbbbpp,b,pbppbbbbbppb,2026-03-01 18:47:40,bppppbbpppbppbbbbbppbbbpppbbbpbpbbbppppbpbpbb,45
709869,3958,12,46,pbppbbbbbpp,b,pbppbbbbbppb,2026-03-01 20:18:41,ppbpbpppbbbpbbbppbbbbpppbpbbpbbbbpbbbbbpppbpbbpbppbbbbbppbppbpbpp,65
717708,4003,12,45,pbppbbbbbpp,p,pbppbbbbbppp,2026-03-02 14:43:00,ppbbbpbbbbbpbbpbbpppbpbbpbpbpppbpbbpppppbbpbbpbppbbbbbpppbb,59
720525,4022,12,8,pbppbbbbbpp,p,pbppbbbbbppp,2026-03-03 13:36:11,bpbbbbpbpbppbbbbbpppbbbbbpbpbbbpppbbppppbppppppppbbbpb,54
721922,4031,12,43,pbppbbbbbpp,p,pbppbbbbbppp,2026-03-03 13:41:33,pbbbpbbbbpbpbbpbbbbpbbpbppppppbpbpbbbpppbbbpbppbbbbbpppp,56
722102,4032,12,14,pbppbbbbbpp,b,pbppbbbbbppb,2026-03-03 15:34:27,pbppbbppbpbbpppbppbbbbbppbbpbbppbbbpbbpbppbbppppbpbbb,53
733461,4096,12,13,pbppbbbbbpp,p,pbppbbbbbppp,2026-03-04 09:24:34,pbppbpbbpbbbppbppbbbbbpppbpbpbppppbbbbbbpbbbbppbpbbbpbbbbbpbpp,62
735200,4105,12,22,pbppbbbbbpp,p,pbppbbbbbppp,2026-03-04 10:08:13,bbpppbppbbppbpbpbpbbpppbppbbbbbpppbbbbbppppbbppbbbppp,53
744871,4164,12,2,pbppbbbbbpp,p,pbppbbbbbppp,2026-03-05 13:21:44,pppbppbbbbbpppbbbpppbbbppbppbbbbpbpbpbbbpbpppbppbbbppbpbp,57
761933,4264,12,2,pbppbbbbbpp,b,pbppbbbbbppb,2026-03-06 17:01:22,pbpbppbbbbbppbbbppbppbpbpbbpbbpbbbppbpppbbppbbb,47
765127,4284,12,28,pbppbbbbbpp,p,pbppbbbbbppp,2026-03-06 17:53:41,ppppbpppppbpbppppppbpbpbpbbbpbppbbbbbpppbbbpppppbbbppp,54
770647,4316,12,21,pbppbbbbbpp,p,pbppbbbbbppp,2026-03-09 16:08:43,pbbbbbpbbbbbbbpbpbbpppbppbbbbbpppppbppppbppbbpbpbbppbbpbbbbbbpbbbb,66
788242,4419,12,9,pbppbbbbbpp,b,pbppbbbbbppb,2026-03-15 13:47:51,pbbbbppbppbppbbbbbppbpppbbpbbppbpppppbpppp,42
790861,4434,12,19,pbppbbbbbpp,p,pbppbbbbbppp,2026-03-15 14:36:47,bpppppppbbbbbbbpbpbpbppbbbbbpppbbbbppbpppbbppppppppppppbbp,58
791028,4435,12,28,pbppbbbbbpp,p,pbppbbbbbppp,2026-03-15 14:37:12,bbbbbbbpbpbpbbppbbpppbbbppbbpbppbbbbbpppbppppbppbbpbp,53
808821,4540,12,10,pbppbbbbbpp,b,pbppbbbbbppb,2026-03-18 13:41:29,pbpbpbbbbbpbppbbbbbppbpbbbppbpppbpbpbppbpppppbbbpbpbppbpp,57
838160,4721,12,11,pbppbbbbbpp,p,pbppbbbbbppp,2026-04-20 06:42:23,pbpppbbppbbpbppbbbbbppppbbbpppbpbppppppbbpbp,44
840374,4734,12,17,pbppbbbbbpp,b,pbppbbbbbppb,2026-04-21 06:35:14,pbbbbbpbbbpbppbbppbppbbbbbppbbpbpbpppbbb,40
859010,4842,12,48,pbppbbbbbpp,b,pbppbbbbbppb,2026-04-23 20:10:48,bpbpbbbpbbpbpppbpbbbbpbbbbbbbppbbbbbbpbbpppbpbpppbppbbbbbppbpp,62
859557,4846,12,18,pbppbbbbbpp,b,pbppbbbbbppb,2026-04-23 20:13:53,pbbbpppbpbbpbbbbpppbppbbbbbppbpbpbbp,36
862005,4860,12,19,pbppbbbbbpp,b,pbppbbbbbppb,2026-04-26 08:49:03,bbpbbpbpbbpbbbpbpbppbppbbbbbppbbpbpppbp,39
872690,4926,12,20,pbppbbbbbpp,b,pbppbbbbbppb,2026-05-04 08:28:25,bbbbbbpppbppbppbppbppbppbbbbbppbppppbpbbpbbbppbbpppbbpbb,56
892051,5037,12,6,pbppbbbbbpp,b,pbppbbbbbppb,2026-05-14 08:16:29,pppbbppbppbbbbbppbppbpbbbppbbbbpbpbb,36
903887,5104,12,43,pbppbbbbbpp,p,pbppbbbbbppp,2026-05-26 09:44:39,pppbppbpbpbppbpbbbpbppbpppbppbbpbpbbbbbbppppbppbbbbbppp,55
906038,5117,12,13,pbppbbbbbpp,p,pbppbbbbbppp,2026-05-26 10:12:11,ppbbbbbppbbbppbppbbbbbppppbbppppbbbbpbbpbbpppbpbbbbpbpbbbbbppppppb,66
922983,5218,12,20,pbppbbbbbpp,b,pbppbbbbbppb,2026-05-28 14:21:10,bpbppbpppbpppbbpbbpbpbppbbbbbppbbpbbpbppbppppb,46
930619,5265,12,9,pbppbbbbbpp,p,pbppbbbbbppp,2026-06-01 10:59:16,pbpbbpbpbpbppbbbbbpppbpbbppbbbpppbppbpbbb,41
936454,5299,12,53,pbppbbbbbpp,b,pbppbbbbbppb,2026-06-06 13:39:43,bbpppppbbbppbpbpbbpbbppbpppppppbppbbbbbbbbpbbpppbpbpbpbppbbbbbppbp,66
944203,5347,12,18,pbppbbbbbpp,p,pbppbbbbbppp,2026-06-07 21:23:02,ppbpbpppbpbpbbbpbppbppbbbbbpppbbbbbbbpbpbb,42
956576,5422,12,8,pbppbbbbbpp,p,pbppbbbbbppp,2026-06-18 09:07:44,bpppbbbbpbppbbbbbpppppbppppbbbbbbppb,36
971094,5502,12,2,pbppbbbbbpp,p,pbppbbbbbppp,2026-06-21 09:45:54,bbpbppbbbbbppppbpbpbbppbbpbpbbppbpbbppb,39
975309,5527,12,7,pbppbbbbbpp,b,pbppbbbbbppb,2026-06-22 09:21:48,bppppbppbppbbbbbppbbbbbbbpbpbbppppppbbpp,40
191468,241,12,30,pbppbbbbpbb,b,pbppbbbbpbbb,2026-01-26 10:57:31,ppbpbbbbbbpbbbbpbpppbbpbbpbbpbpbppbbbbpbbbbpb,45
196112,326,12,22,pbppbbbbpbb,b,pbppbbbbpbbb,2026-01-26 10:57:31,pbbbbbpppbbbbbppppbbbbpbppbbbbpbbbppppppbbbpbb,46
198551,369,12,42,pbppbbbbpbb,b,pbppbbbbpbbb,2026-01-26 10:57:31,bpppppbbbbppppbppbpppbppbpppbbpppbpbbpbbpppbppbbbbpbbbpppbpb,60
199948,391,12,32,pbppbbbbpbb,p,pbppbbbbpbbp,2026-01-26 10:57:31,pbbpbppbbppbbppbppbpbpppbpbbpbpppbppbbbbpbbpbbbpbbppbbbpbbpbpbbb,64
202727,443,12,34,pbppbbbbpbb,p,pbppbbbbpbbp,2026-01-26 10:57:31,pppbbpbppbbppbppbpbbpbppppbbpppppppbppbbbbpbbpppbpbppbppbbbpppp,63
207015,523,12,9,pbppbbbbpbb,p,pbppbbbbpbbp,2026-01-26 10:57:32,ppbpppppppbppbbbbpbbppppppbpbbbbbppbbbpbbbbppbbbbbbbbppbppb,59
208332,550,12,28,pbppbbbbpbb,p,pbppbbbbpbbp,2026-01-26 10:57:32,bbpbbbpbbbbbbbppbppbbppppbpppbppbbbbpbbpbbbbbbpppppppbbb,56
210142,582,12,23,pbppbbbbpbb,b,pbppbbbbpbbb,2026-01-26 10:57:32,bbpppppppbbbpbbpppbppbppbppbbbbpbbbb,36
210486,588,12,20,pbppbbbbpbb,b,pbppbbbbpbbb,2026-01-26 10:57:32,ppbbbbbbbppbpbbpbbbbpbppbbbbpbbbpbbppbbbpppbpbbbbpb,51
211280,600,12,7,pbppbbbbpbb,b,pbppbbbbpbbb,2026-01-26 10:57:32,ppbbppppbppbbbbpbbbbpppppbbbpbpbbpbbppbbb,41
214122,654,12,28,pbppbbbbpbb,p,pbppbbbbpbbp,2026-01-26 10:57:32,bbbbbbpbbbbbbpbbbbbbbbpppppppbppbbbbpbbpppppbpppbppbbbpppbbbppbbp,65
214191,655,12,7,pbppbbbbpbb,b,pbppbbbbpbbb,2026-01-26 10:57:32,pbpbpbbpbppbbbbpbbbbbbbppbbbbpbbbbpppbbppbpbpbpbbbpbppbpbbb,59
214976,671,12,3,pbppbbbbpbb,b,pbppbbbbpbbb,2026-01-26 10:57:32,bbbpbppbbbbpbbbpppbbppbpbbpppbpbp,33
215264,677,12,2,pbppbbbbpbb,b,pbppbbbbpbbb,2026-01-26 10:57:32,pppbppbbbbpbbbpbbbbbpbppppbpppbbpbbppb,38
215855,688,12,39,pbppbbbbpbb,p,pbppbbbbpbbp,2026-01-26 10:57:32,bbbbbbpppbbbbbppbpbbppbbppbbpbbbppbbbbbpbppbbbbpbbpbbppp,56
219055,750,12,16,pbppbbbbpbb,p,pbppbbbbpbbp,2026-01-26 10:57:32,pppbpbppbpppbppbpbppbbbbpbbpppbpppbppppbpbbppbbb,48
219931,766,12,10,pbppbbbbpbb,b,pbppbbbbpbbb,2026-01-26 10:57:32,bbbbbpbbbbpbppbbbbpbbbbpbppbbpppbbpppbppbpbpbppbpbbbbpbppbppbbpb,64
221658,801,12,27,pbppbbbbpbb,b,pbppbbbbpbbb,2026-01-26 10:57:32,bpbppppbpbbbpbppbppbppbbbbbpbppbbbbpbbbbbbpbpppppp,50
222380,815,12,15,pbppbbbbpbb,b,pbppbbbbpbbb,2026-01-26 10:57:32,bbppppbbbpppbpppbppbbbbpbbbbbpbpppppbpbp,40
222450,816,12,32,pbppbbbbpbb,b,pbppbbbbpbbb,2026-01-26 10:57:32,bbbpbppbbbppbbpppbpbbpbbbbpbbpbbpbppbbbbpbbbppppbbppbbbbp,57
229112,932,12,15,pbppbbbbpbb,b,pbppbbbbpbbb,2026-01-26 10:57:32,bbpppbpbbbbpbpbpbppbbbbpbbbpbbpbpppbbbb,39
229431,937,12,7,pbppbbbbpbb,p,pbppbbbbpbbp,2026-01-26 10:57:32,pbbppbbpbppbbbbpbbppbbbpbbpppbppbppbpbbbpbbpb,45
232173,982,12,40,pbppbbbbpbb,p,pbppbbbbpbbp,2026-01-26 10:57:32,bbpbpbpbppppbpbbpbpbbppppbbpppbbbppbbppppbppbbbbpbbpbbpbbbb,59
233877,1013,12,12,pbppbbbbpbb,p,pbppbbbbpbbp,2026-01-26 10:57:32,ppbpppbbbppppbppbbbbpbbpbpbbpbppbbbpppbppb,42
234591,1025,12,5,pbppbbbbpbb,p,pbppbbbbpbbp,2026-01-26 10:57:32,pbppppbppbbbbpbbppppbpppppbpbbppbpppbbbppbbpppbbpbppbpbpbpbbppbbppb,67
243887,1188,12,24,pbppbbbbpbb,b,pbppbbbbpbbb,2026-01-26 10:57:33,bbbbppbbbbppppppppbppppbpbppbbbbpbbbbpbppbpbpp,46
246249,1228,12,7,pbppbbbbpbb,p,pbppbbbbpbbp,2026-01-26 10:57:33,pbppbpbpbppbbbbpbbpppbbpbbpppbbppppbpbbpppbpbbbpbbpbppp,55
250654,1303,12,40,pbppbbbbpbb,b,pbppbbbbpbbb,2026-01-26 10:57:33,bbbpbppbpppbpbbppppbpbbbpbbpbbpbpbpppbpppbppbbbbpbbbpbppppp,59
254131,1365,12,16,pbppbbbbpbb,b,pbppbbbbpbbb,2026-01-26 10:57:33,bpbbbpbpbbpbpbpbpbppbbbbpbbbbbpppbpbpbbbbpppb,45
254681,1373,12,44,pbppbbbbpbb,p,pbppbbbbpbbp,2026-01-26 10:57:33,bbpbpbppbbpppbpbpbbpbppbppbbppbbbpbbbpbpbbbppbppbbbbpbbpb,57
257993,1428,12,10,pbppbbbbpbb,p,pbppbbbbpbbp,2026-01-26 10:57:33,pbppbbpbpppbppbbbbpbbpppbpbpbpppbbpbpbpbbbp,43
261089,1480,12,8,pbppbbbbpbb,b,pbppbbbbpbbb,2026-01-26 10:57:33,pbbbpbbppbppbbbbpbbbppbbbpbpppbbpbpppppbpbpbpbbbbbppbbbbb,57
266617,1567,12,32,pbppbbbbpbb,p,pbppbbbbpbbp,2026-01-26 10:57:33,ppppbbpbbpbpbbbppbbbbbbpbbbbppbbpbppbbbbpbbppbbb,48
271219,1640,12,26,pbppbbbbpbb,p,pbppbbbbpbbp,2026-01-26 10:57:33,ppbbbpbppppbbbpppppbbbbppbpbppbbbbpbbpbpppbpbbbpbpbbbbbbbbbbb,61
272094,1653,12,17,pbppbbbbpbb,b,pbppbbbbpbbb,2026-01-26 10:57:33,bbpbbbpbppppbbppbpbppbbbbpbbbpppbppbppppbbpbppbpppbbpppbb,57
278495,1764,12,50,pbppbbbbpbb,b,pbppbbbbpbbb,2026-01-26 10:57:33,bppbpppbbpbbbpbpbbpbpbbbpbbbpbpppbpbbbpbpppbppbpbppbppbbbbpbbbbp,64
280154,1791,12,5,pbppbbbbpbb,b,pbppbbbbpbbb,2026-01-26 10:57:33,bbbbbpbppbbbbpbbbbppppbpppppppbpppbbbbppbbpbbbpbbbbbbbpppbppbb,62
286733,1885,12,15,pbppbbbbpbb,b,pbppbbbbpbbb,2026-01-26 11:39:43,ppbbbbpbppbbbpppbppbbbbpbbbbpbpbbbbbbbbpbbpbbpbbp,49
295975,1939,12,13,pbppbbbbpbb,p,pbppbbbbpbbp,2026-01-26 17:20:29,ppbpbpbbppbpbpbppbbbbpbbpbbppppbpbpppppbbppppbpppbppbpbbbpbbb,61
369279,1989,12,11,pbppbbbbpbb,p,pbppbbbbpbbp,2026-01-27 17:11:54,pppbppbpbpbpbppbbbbpbbpbpbbbbppppbpbbbbppppbbb,46
372575,2007,12,17,pbppbbbbpbb,b,pbppbbbbpbbb,2026-01-28 10:59:00,pbbpbpbppppppbbpbpbppbbbbpbbbppppbbbpbbppppppbppbpbpp,53
373084,2009,12,41,pbppbbbbpbb,p,pbppbbbbpbbp,2026-01-29 10:58:26,pbpbpbppppbbbbppppbpbpbpbbppbppbbbpbbbpbbpbppbbbbpbbpbbbbppbpbppp,65
381548,2057,12,1,pbppbbbbpbb,b,pbppbbbbpbbb,2026-01-29 17:48:47,bpbppbbbbpbbbppbppbbpbbpbbppbbbbpbpppbbbbbppbbbpppppbbbpbpbppbbbpp,66
384870,2079,12,29,pbppbbbbpbb,p,pbppbbbbpbbp,2026-01-30 10:20:12,pbbppbbbpbbbpbbpbpppbpbppbbpbpbppbbbbpbbpbpppppppb,50
385307,2082,12,16,pbppbbbbpbb,b,pbppbbbbpbbb,2026-01-30 10:45:53,pbbbbbbbpbbpppbbpbppbbbbpbbbpbbbbpbbpbpbbbppbppppppbpp,54
388039,2097,12,4,pbppbbbbpbb,b,pbppbbbbpbbb,2026-01-30 10:52:14,pbpbpbppbbbbpbbbpbppppbpbppbpbpppbbpppppbppbppppbpbbbbb,55
392319,2122,12,6,pbppbbbbpbb,p,pbppbbbbpbbp,2026-01-31 07:11:24,bbppbbpbppbbbbpbbppbpppppbpppbbppppbbbppbbpppbppbb,50
399834,2165,12,37,pbppbbbbpbb,p,pbppbbbbpbbp,2026-01-31 19:11:38,bpppbpppppbpppbbpbbppbpppbbppppppbbpbpbppbbbbpbbp,49
421597,2282,12,3,pbppbbbbpbb,b,pbppbbbbpbbb,2026-02-03 09:43:15,pbppbppbbbbpbbbpbpbpbppbpbpppbbbpbbbbbpbpbbpbpbpbpbbbb,54
421749,2283,12,5,pbppbbbbpbb,p,pbppbbbbpbbp,2026-02-03 09:43:47,bbbpbpbppbbbbpbbpbpbpbbbpbbppppbbpppbp,38
425188,2302,12,11,pbppbbbbpbb,p,pbppbbbbpbbp,2026-02-04 15:41:12,ppbpbbpbpbppbppbbbbpbbpbpppbbppbpbbbbbbpbpbpbbppbbbbppppbb,58
426797,2310,12,32,pbppbbbbpbb,b,pbppbbbbpbbb,2026-02-04 15:59:01,bppbbpbbbpppbpbpppbbpbbbpbbbpbpppbppbbbbpbbbpbpp,48
445443,2413,12,15,pbppbbbbpbb,b,pbppbbbbpbbb,2026-02-05 15:53:29,pbpbppbbpbpbbbbpbppbbbbpbbbbpppppbbppbbpbpbbppbbpbppbbppbp,58
454759,2462,12,32,pbppbbbbpbb,p,pbppbbbbpbbp,2026-02-06 11:01:53,pbpppppbbbppbbbpbppbbbpbppbbpbbppbppbbbbpbbpbbbbpbpbpppbbppb,60
455109,2464,12,40,pbppbbbbpbb,b,pbppbbbbpbbb,2026-02-06 11:02:29,bbpppbbbppbpppppppbppbbbppppbbpbbpbbbpbbpbppbbbbpbbbpppbbpbpp,61
463142,2505,12,10,pbppbbbbpbb,p,pbppbbbbpbbp,2026-02-08 03:45:46,pbbppbpppbpbppbbbbpbbpbpbpbbbpppbpbpbppbbbbpbppppppbpbbbbp,58
465662,2520,12,0,pbppbbbbpbb,p,pbppbbbbpbbp,2026-02-08 04:08:59,pbppbbbbpbbpbpbpbppppbpbpbbbbbbppbbp,36
479101,2597,12,18,pbppbbbbpbb,b,pbppbbbbpbbb,2026-02-10 18:46:27,bbpbppbbppppbbpbbbpbppbbbbpbbbbbpbbbpbpppbpbppppb,49
489285,2659,12,43,pbppbbbbpbb,b,pbppbbbbpbbb,2026-02-11 14:18:56,bbpbbbbpbbbbppbpbbppbbpbbpbbppbbbbbbpbbbpbbpbppbbbbpbbbbbpb,59
490914,2669,12,13,pbppbbbbpbb,p,pbppbbbbpbbp,2026-02-11 15:02:19,bppbbppbbpbbbpbppbbbbpbbpbbppbpppbpbpppbpbbbpppbbppppbbb,56
494959,2693,12,22,pbppbbbbpbb,p,pbppbbbbpbbp,2026-02-11 16:43:57,pbppppbpbppbpbpbbpbpbppbppbbbbpbbppppppppbpbpbpppbpbppbbbpbpbpppb,65
503784,2746,12,20,pbppbbbbpbb,p,pbppbbbbpbbp,2026-02-12 08:50:09,pbbpbbpppbbpbpbbbbpppbppbbbbpbbpppbpppbpppbbbbpbbppbppppbpbbbp,62
505656,2755,12,36,pbppbbbbpbb,b,pbppbbbbpbbb,2026-02-12 09:10:39,bppbpppbbbpbpbbbpbbbpbbbpbbpbbpbbpbbpbppbbbbpbbbpbb,51
511792,2791,12,16,pbppbbbbpbb,p,pbppbbbbpbbp,2026-02-12 14:39:00,pbpbpbppbbbppbbbpbppbbbbpbbpbbpbbbbbbpbbbppbpb,46
512737,2796,12,26,pbppbbbbpbb,p,pbppbbbbpbbp,2026-02-12 15:12:28,pbbppbbbpbbbppbbbpbpbbbpbppbppbbbbpbbpbpbppbbb,46
525957,2869,12,37,pbppbbbbpbb,p,pbppbbbbpbbp,2026-02-13 15:02:30,bbppppbbbpbpbppbbbppbbpbbbpbbpbbpbpbppbppbbbbpbbpbbbbppbpbbbbp,62
533662,2912,12,25,pbppbbbbpbb,b,pbppbbbbpbbb,2026-02-13 17:51:48,ppbbppbpbpbbppbbbpbbppppbpbppbbbbpbbbpbbbppbbbppbppbbpbpbbpbppb,63
544262,2971,12,12,pbppbbbbpbb,p,pbppbbbbpbbp,2026-02-14 11:34:30,bbppbbpbbpbbpbppbbbbpbbppbbbpbbbbbbpppbbbpbbppbbpbbpbbbppbpbppbbb,65
549532,3005,12,25,pbppbbbbpbb,b,pbppbbbbpbbb,2026-02-14 15:59:09,bpbppbpbpppppbpppbbbbpppbpbppbbbbpbbbpbppbpbppbp,48
557164,3045,12,30,pbppbbbbpbb,p,pbppbbbbpbbp,2026-02-15 21:20:22,bbbbpbbpbpppbppbpbbbbbbbbpppbppbppbbbbpbbppbbbbpppbpbbpppb,58
573037,3133,12,35,pbppbbbbpbb,p,pbppbbbbpbbp,2026-02-17 20:46:48,pbpbpbpbpbbbbbpbpbbpppbbbpbppbbpbpppbppbbbbpbbpbpbpbppbbb,57
585271,3199,12,19,pbppbbbbpbb,p,pbppbbbbpbbp,2026-02-20 10:42:47,pbbbpbbpbpbppbpbbbbpbppbbbbpbbpppbbpbbbpbppppbpbpbpbppbpppbpppbpbbpbp,69
602859,3312,12,21,pbppbbbbpbb,p,pbppbbbbpbbp,2026-02-21 11:22:06,ppbpbbbpppbbpbppppbbbpbppbbbbpbbppbbppbpbbppbbppppppbbpbbbpbppppbpp,67
604832,3327,12,17,pbppbbbbpbb,b,pbppbbbbpbbb,2026-02-21 11:44:45,bbpbpbpbpbbbppbpbpbppbbbbpbbbpbbpbppbpppbppbbpbbpppbppbppbpp,60
621705,3448,12,30,pbppbbbbpbb,b,pbppbbbbpbbb,2026-02-22 12:13:24,bpbpbpbppbpbbbbbbbppppppbpbbbppbppbbbbpbbbpbpbpbpbbbpbpbpbpb,60
630717,3496,12,51,pbppbbbbpbb,p,pbppbbbbpbbp,2026-02-22 20:49:07,pbbpbpbppbpbbppppbppbbpbbbbpbpbpbbbppbpppbpbppbbppbpbppbbbbpbbppbpb,67
637377,3536,12,18,pbppbbbbpbb,p,pbppbbbbpbbp,2026-02-23 11:19:57,ppbbpbbbpbpbbppbbppbppbbbbpbbppbpppbbbppppbpbb,46
662082,3679,12,15,pbppbbbbpbb,b,pbppbbbbpbbb,2026-02-24 17:36:53,ppbbbbbbpbbpbpppbppbbbbpbbbbpbbpbpppppppbbppbpp,47
668950,3718,12,18,pbppbbbbpbb,p,pbppbbbbpbbp,2026-02-24 20:21:04,bpppbbbbppbpbbppbppbppbbbbpbbpbbbbbbpbpbbpbpbppppppbbpppb,57
707618,3946,12,17,pbppbbbbpbb,p,pbppbbbbpbbp,2026-03-01 19:25:09,bbbbbbppppbbpppbppbppbbbbpbbpbpppbbppppbbpbpbbppbbbb,52
709466,3956,12,3,pbppbbbbpbb,p,pbppbbbbpbbp,2026-03-01 19:30:40,bbppbppbbbbpbbpbppbbpbppbpbppbbbpbbpbppbpp,42
725436,4050,12,10,pbppbbbbpbb,p,pbppbbbbpbbp,2026-03-03 18:00:21,bbpbpbbbpbpbppbbbbpbbpppbbpbbpbbbbbpbbbpppppbbbppbppbbbpbbbbb,61
726356,4055,12,21,pbppbbbbpbb,b,pbppbbbbpbbb,2026-03-03 18:02:17,pbpbbpbbbppbppppbpbpbpbppbbbbpbbbppbbp,38
728826,4070,12,28,pbppbbbbpbb,p,pbppbbbbpbbp,2026-03-03 19:03:35,bbppbbbbpppbbbppbbpbpbbpbppppbppbbbbpbbpbbpbb,45
753763,4215,12,1,pbppbbbbpbb,b,pbppbbbbpbbb,2026-03-05 16:17:12,ppbppbbbbpbbbpbbbpbbbbppbpbbbpbbppbbbbpbppppbbbp,48
759534,4251,12,6,pbppbbbbpbb,b,pbppbbbbpbbb,2026-03-05 22:16:54,ppbpbbpbppbbbbpbbbpppbppbpppbpbbpbbpbbbpppbpbbbbpbbppbbpbpp,59
790573,4432,12,47,pbppbbbbpbb,b,pbppbbbbpbbb,2026-03-15 14:35:58,bpbbbpbpbbbbppbppbpbpbpbpppppppbppbbbbbpbpbbbbppbppbbbbpbbbppppb,64
797469,4470,12,6,pbppbbbbpbb,b,pbppbbbbpbbb,2026-03-17 07:05:35,pbbppbpbppbbbbpbbbppbpbbbppppbpbbppbpbppbppbbbb,47
813908,4571,12,7,pbppbbbbpbb,b,pbppbbbbpbbb,2026-03-18 14:47:33,bbpbpbbpbppbbbbpbbbbppppbbpbbbbbbbpbbbbpppbpbbbbbbpbbppppb,58
817967,4597,12,2,pbppbbbbpbb,b,pbppbbbbpbbb,2026-03-19 19:16:53,pppbppbbbbpbbbbbpbbpbpbbppppbbbpbbbbpppppbpbpbbppbbppbbpbpbppppp,64
839513,4728,12,0,pbppbbbbpbb,b,pbppbbbbpbbb,2026-04-21 06:32:16,pbppbbbbpbbbpbppppbbpbppbpppppbpbbpbbpbbppbppppbp,49
841618,4741,12,25,pbppbbbbpbb,p,pbppbbbbpbbp,2026-04-21 06:38:39,pbbbpbbppbbpbbpbbbbbpbbbbpbppbbbbpbbpbbpbpbbbbpppbppppbbbbbbpb,62
854281,4814,12,25,pbppbbbbpbb,p,pbppbbbbpbbp,2026-04-23 18:53:13,ppbppbbbppppbbppppbpppbbppbppbbbbpbbppbpbbpbpppbb,49
870910,4915,12,24,pbppbbbbpbb,p,pbppbbbbpbbp,2026-05-04 07:58:47,bpbbpbpbppbpbbpbbpbbppbbpbppbbbbpbbpbb,38
876673,4950,12,29,pbppbbbbpbb,b,pbppbbbbpbbb,2026-05-04 11:15:41,pppbbbbbbpbbbpbpbbpbbbbpbppbbpbppbbbbpbbbb,42
879572,4967,12,24,pbppbbbbpbb,b,pbppbbbbpbbb,2026-05-04 15:38:22,bbppppbpbbbpbbppbpbpbbpppbppbbbbpbbbbppbbppbpbbppppbbppppbpb,60
883663,4991,12,31,pbppbbbbpbb,p,pbppbbbbpbbp,2026-05-04 17:24:54,pbbbbbbpbbpppbpppbbbbbpbpbbpbbppbppbbbbpbbpbppp,47
886748,5007,12,47,pbppbbbbpbb,p,pbppbbbbpbbp,2026-05-06 18:05:43,pppbppbbpbppbpbpppbpppbbpbppbbpbbbbpbbbbppbpbbbpbppbbbbpbbppbbb,63
892998,5043,12,0,pbppbbbbpbb,p,pbppbbbbpbbp,2026-05-14 08:59:33,pbppbbbbpbbppbbpbbbpbpbpbbpbpppbbbp,35
905715,5115,12,25,pbppbbbbpbb,b,pbppbbbbpbbb,2026-05-26 10:10:59,bbpbbbppppbpbbbbbbpbpbbbppbppbbbbpbbbpbpbppppbbbppbbbpbppppbbbp,63
930450,5264,12,0,pbppbbbbpbb,p,pbppbbbbpbbp,2026-06-01 10:58:09,pbppbbbbpbbpppbppbpbpbbpbpbbbbbbbpppppbpbbbppbbpbbpbpbpp,56
956227,5419,12,4,pbppbbbbpbb,p,pbppbbbbpbbp,2026-06-17 21:45:31,bbpppbppbbbbpbbpbppbpbbbbppbbpbpppbbppbppbbbpbbbb,49
967412,5481,12,44,pbppbbbbpbb,b,pbppbbbbpbbb,2026-06-20 11:46:56,bbpbbpbbbbpbbppbbbpppbpbpbbpbbpppbbbbpppbpbppbppbbbbpbbbbppbb,61
977708,5541,12,18,pbppbbbbpbb,p,pbppbbbbpbbp,2026-06-23 06:32:59,bbbbbppbppbbpbbpbppbppbbbbpbbpbbbbbbpbbpp,41
978348,5545,12,4,pbppbbbbpbb,b,pbppbbbbpbbb,2026-06-23 06:37:29,ppbppbppbbbbpbbbbbppbpppbbpbpbppbbpppbbbpb,42
190081,215,12,14,pbppbbbbpbp,b,pbppbbbbpbpb,2026-01-26 10:57:31,bbpbbbbpppbbpbpbppbbbbpbpbpbpbbbppbbbbpppbpppb,46
190946,231,12,16,pbppbbbbpbp,p,pbppbbbbpbpp,2026-01-26 10:57:31,ppbpbbbbbpppbbbppbppbbbbpbppbbbbppppbpppbpbbpppppbbpbbbbppbbpp,62
193746,280,12,29,pbppbbbbpbp,b,pbppbbbbpbpb,2026-01-26 10:57:31,pbpbpbpbpbbpbbbpbbbbbbbpbbbpbpbppbbbbpbpbbbbbbbbbbpbbppp,56
194668,298,12,44,pbppbbbbpbp,p,pbppbbbbpbpp,2026-01-26 10:57:31,ppbbbbpbbbpbpbbbpbbppppbbbpbpbppbpbbpppbpbpbpbppbbbbpbppppppb,61
201816,428,12,10,pbppbbbbpbp,p,pbppbbbbpbpp,2026-01-26 10:57:31,bbppbbpbpbpbppbbbbpbpppbpppppbpbppbppbbbpbbpbpbppppp,52
201977,431,12,17,pbppbbbbpbp,p,pbppbbbbpbpp,2026-01-26 10:57:31,pbpbbbpbbppbbbbbppbppbbbbpbppbbpbppbbppbpbbbpbpbbpbpbbbpppbpbp,62
203270,452,12,34,pbppbbbbpbp,p,pbppbbbbpbpp,2026-01-26 10:57:31,ppbpppbbppbpbpbppbppbbpbbbpppbppbbpbppbbbbpbpppppppppbppppbppbbbb,65
203702,461,12,12,pbppbbbbpbp,p,pbppbbbbpbpp,2026-01-26 10:57:31,bppbppppppbppbppbbbbpbpppbbbbbpbpbbbppbppbpp,44
213601,644,12,20,pbppbbbbpbp,p,pbppbbbbpbpp,2026-01-26 10:57:32,pbbbbppbbpbppbbppbpbpbppbbbbpbppbppbbpbbbbb,43
219230,753,12,2,pbppbbbbpbp,p,pbppbbbbpbpp,2026-01-26 10:57:32,bbpbppbbbbpbpppbpbbpbpbbbbbpbppbppbpbbbbbbpbpbbpppbbpppp,56
233640,1009,12,0,pbppbbbbpbp,b,pbppbbbbpbpb,2026-01-26 10:57:32,pbppbbbbpbpbpbpppppbppbbbbbpbpppbpbbpbpppbpbbbbbpbpbppbpbppb,60
235986,1048,12,34,pbppbbbbpbp,p,pbppbbbbpbpp,2026-01-26 10:57:32,bpbppbppbpppbpppppbbbppbpppbbbbbbbpbppbbbbpbppbbpbbbppbppbb,59
240841,1136,12,30,pbppbbbbpbp,p,pbppbbbbpbpp,2026-01-26 10:57:32,bbbbpbbppbpbbpppbpbpbbbpppbppbpbppbbbbpbpppppb,46
240952,1138,12,31,pbppbbbbpbp,b,pbppbbbbpbpb,2026-01-26 10:57:32,bbbbpbpbbbppbbbbbbppppbbbppppbppbppbbbbpbpb,43
243344,1178,12,26,pbppbbbbpbp,p,pbppbbbbpbpp,2026-01-26 10:57:32,bpppbpbbbpbpppbbbbbbbpppbbpbppbbbbpbppppbbpbbbbpbbppbbpbbbbpb,61
246081,1225,12,25,pbppbbbbpbp,p,pbppbbbbpbpp,2026-01-26 10:57:33,bppppppppppbpbbpbbppppbpbpbppbbbbpbppbpbbbpppbpbpbbpbbpbp,57
249728,1287,12,40,pbppbbbbpbp,p,pbppbbbbpbpp,2026-01-26 10:57:33,bppppbpbpppbbbpbppbbppppbppbpbpbppbppppbpbppbbbbpbpppbpb,56
249896,1290,12,5,pbppbbbbpbp,b,pbppbbbbpbpb,2026-01-26 10:57:33,bpppppbppbbbbpbpbbbpbbbpbbbbbppbbpppbbpbpbbpbbpbp,49
252401,1335,12,8,pbppbbbbpbp,p,pbppbbbbpbpp,2026-01-26 10:57:33,bppbbbbbpbppbbbbpbpppbppbppbpbbbbpppppbbbpbbppppppbpppp,55
253527,1355,12,25,pbppbbbbpbp,p,pbppbbbbpbpp,2026-01-26 10:57:33,pbppbbbbbbbbppbbpppbbppbppbppbbbbpbppppbbbpbbbbppbpbpbbpbbpppp,62
253782,1359,12,24,pbppbbbbpbp,b,pbppbbbbpbpb,2026-01-26 10:57:33,bpbbbpbpbbbppppbpbbbbbpppbppbbbbpbpbbbbbbbppbpp,47
256919,1411,12,8,pbppbbbbpbp,p,pbppbbbbpbpp,2026-01-26 10:57:33,pbbpbpbppbppbbbbpbppbbbbbbbpbpbbpbbpbbbppbpbpppbbbb,51
265858,1556,12,17,pbppbbbbpbp,b,pbppbbbbpbpb,2026-01-26 10:57:33,ppbbbbbbbppbbpppppbppbbbbpbpbpppbpppbppbppbppbbpbbbbppbpbbpbppbbb,65
269027,1603,12,20,pbppbbbbpbp,p,pbppbbbbpbpp,2026-01-26 10:57:33,bbppbpbpbppppbppppbbpbppbbbbpbppbbbbppppppbppppppbbbbppbbppppbb,63
273011,1669,12,10,pbppbbbbpbp,b,pbppbbbbpbpb,2026-01-26 10:57:33,bbbppbpbpbpbppbbbbpbpbbpbpbbbpppbppbpppbppbbppppppppbb,54
274782,1702,12,31,pbppbbbbpbp,b,pbppbbbbpbpb,2026-01-26 10:57:33,bpbppppppppbbbpbpbbpbpbbpbbbppbpbppbbbbpbpbppppbppbbb,53
275934,1723,12,31,pbppbbbbpbp,b,pbppbbbbpbpb,2026-01-26 10:57:33,pbpbbbbbbbppbbpbpbbbbppbbbbbbbppbppbbbbpbpbb,44
275997,1724,12,38,pbppbbbbpbp,p,pbppbbbbpbpp,2026-01-26 10:57:33,bpppppbbppbpppbpbbppbbppbbppbppppppbpbpbppbbbbpbpp,50
277598,1752,12,33,pbppbbbbpbp,b,pbppbbbbpbpb,2026-01-26 10:57:33,ppbpppbbbbbpppbbbbbpbbpbpbpbpbbbbpbppbbbbpbpbbpppbppbpppbpbbppbbbp,66
280915,1803,12,1,pbppbbbbpbp,p,pbppbbbbpbpp,2026-01-26 10:57:33,ppbppbbbbpbppbppbpbpbpbbbbbbbpbpbpbbpbpbp,41
282635,1831,12,38,pbppbbbbpbp,p,pbppbbbbpbpp,2026-01-26 10:57:34,ppbppbbpbbbpppppbpppbbbppbbpbbppbbpbpppbppbbbbpbppbpbpbbbbppb,61
284056,1856,12,3,pbppbbbbpbp,b,pbppbbbbpbpb,2026-01-26 10:57:34,bbppbppbbbbpbpbbbppbpbppbbpbpbppppbppppppbpbbpbbbpbpbbppppp,59
362021,1948,12,33,pbppbbbbpbp,p,pbppbbbbpbpp,2026-01-27 13:12:41,bpbbbbbbbbpbbbbppbbbbppppbbppbppbpbppbbbbpbpppbbpbbbbbppbbbpbppb,64
374009,2014,12,16,pbppbbbbpbp,b,pbppbbbbpbpb,2026-01-29 10:59:50,ppbbbpppppbbpppppbppbbbbpbpbppbbppbbbpbbpppbppbbbpppbbppbbppppbpbbpp,68
380017,2049,12,4,pbppbbbbpbp,p,pbppbbbbpbpp,2026-01-29 17:45:06,pbbppbppbbbbpbppbbpbpbbpbbpppbbbpppbpbppbpb,43
385492,2083,12,9,pbppbbbbpbp,p,pbppbbbbpbpp,2026-01-30 10:46:18,bbpbpbppbpbppbbbbpbppbpbpbbbbbbbbppbbbpppbppbpbppp,50
404012,2187,12,46,pbppbbbbpbp,b,pbppbbbbpbpb,2026-01-31 19:58:55,ppbpbpppppppbppppppbbbppbppppppbbpbbpbbpbbpbbppbppbbbbpbpbbbbb,62
407874,2208,12,41,pbppbbbbpbp,p,pbppbbbbpbpp,2026-02-02 13:29:42,pbbpppbbpbppbpbpbpbpppbpbbppbpppbbbpbbpbbpbppbbbbpbppbpbppppbbp,63
416859,2258,12,17,pbppbbbbpbp,b,pbppbbbbpbpb,2026-02-02 15:45:05,bpbppbpppppbpbpbbpbppbbbbpbpbpbbbppbpbppbbbpb,45
439850,2383,12,14,pbppbbbbpbp,b,pbppbbbbpbpb,2026-02-05 14:02:16,ppbpbbpbbbppbppbppbbbbpbpbpppbbppbpppppbbbpbbp,46
441901,2394,12,41,pbppbbbbpbp,b,pbppbbbbpbpb,2026-02-05 14:32:44,bppbbppbbpbpbbbbpbpbppbpbpbppbpbpbpbbbbpppbppbbbbpbpbbbbbbbpbbbb,64
460417,2491,12,2,pbppbbbbpbp,p,pbppbbbbpbpp,2026-02-06 13:01:04,bppbppbbbbpbppppbbppbppppppppppbpbppbppbbpbbpppbpbbpbpp,55
463158,2505,12,35,pbppbbbbpbp,p,pbppbbbbpbpp,2026-02-08 03:45:46,pbbppbpppbpbppbbbbpbbpbpbpbbbpppbpbpbppbbbbpbppppppbpbbbbp,58
470685,2547,12,16,pbppbbbbpbp,p,pbppbbbbpbpp,2026-02-09 15:53:04,bbpppbpbppppbbbbpbppbbbbpbpppbpbppbpppb,39
475184,2572,12,1,pbppbbbbpbp,b,pbppbbbbpbpb,2026-02-10 17:24:56,bpbppbbbbpbpbbppbpbbbpbbpbppbbbpbbbpppppbpbpbbpbb,49
476988,2581,12,24,pbppbbbbpbp,p,pbppbbbbpbpp,2026-02-10 18:16:12,bppbbpbbpbpbppppbpbbppbppbppbbbbpbppbpbbppb,43
526611,2873,12,3,pbppbbbbpbp,b,pbppbbbbpbpb,2026-02-13 15:04:19,pbppbppbbbbpbpbpppbbbppppbppbbppbbppbbbpppbbbpbppbpbppb,55
542664,2962,12,12,pbppbbbbpbp,p,pbppbbbbpbpp,2026-02-14 11:02:26,pppppbbbpbbbpbppbbbbpbppbpbpbppbbpppppbppbbppppbbbpbbbbbppbb,60
543386,2966,12,23,pbppbbbbpbp,b,pbppbbbbpbpb,2026-02-14 11:04:04,bppbpbpbppbppbbbbbppbpppbppbbbbpbpbppbppppppbpbppppbbpppbbbpp,61
545391,2977,12,26,pbppbbbbpbp,b,pbppbbbbpbpb,2026-02-14 11:38:32,bbpbpbppbbbbbppbppppppbppppbppbbbbpbpbpppbbppbpbbpbpbp,54
547335,2991,12,1,pbppbbbbpbp,b,pbppbbbbpbpb,2026-02-14 15:29:14,ppbppbbbbpbpbbpbppppbppbbpbpbbpbbpbpppbbppbpbbbbpbbppbppppbppbbp,64
568572,3106,12,46,pbppbbbbpbp,b,pbppbbbbpbpb,2026-02-17 16:50:46,bbpbppbppppppppbpbbbbpppbppbbpbpbpppbpbppbpbbppbppbbbbpbpbbbbpbb,64
584459,3195,12,25,pbppbbbbpbp,b,pbppbbbbpbpb,2026-02-20 10:40:54,bbbbbbpbbbbpbppbbbpbbpbpbpbppbbbbpbpbbbbbppppbppbpbpppbbpbbpbppppb,66
601810,3306,12,4,pbppbbbbpbp,p,pbppbbbbpbpp,2026-02-21 10:40:02,pppppbppbbbbpbppbbpbpbpbbbppbbpbbbbbbbbppbbppbbpppbpppbbpbppb,61
610789,3368,12,5,pbppbbbbpbp,p,pbppbbbbpbpp,2026-02-21 15:01:57,ppbpppbppbbbbpbppbbbpbbppbpbpbpbpbbpbppbbb,42
615596,3404,12,36,pbppbbbbpbp,b,pbppbbbbpbpb,2026-02-22 10:02:57,bppbpppbppbpppbpbbbppbpbppppbbpbbppbpbppbbbbpbpbbpbbpppbppbbpbppbpp,67
616988,3415,12,48,pbppbbbbpbp,p,pbppbbbbpbpp,2026-02-22 10:08:07,ppbpbpbbbbppbppbbpbpppppbbpppppbbppppbpbbbpppbbbpbppbbbbpbppp,61
628119,3482,12,14,pbppbbbbpbp,p,pbppbbbbpbpp,2026-02-22 20:21:11,pbpppppbbbbbpppbppbbbbpbppbpbppbpbbbppbppbpbpbpppbbbbpp,55
635090,3522,12,1,pbppbbbbpbp,b,pbppbbbbpbpb,2026-02-23 10:23:37,bpbppbbbbpbpbpbbbpbpbpbbpbppbbbpbpbbpppbbb,42
637066,3533,12,21,pbppbbbbpbp,b,pbppbbbbpbpb,2026-02-23 11:18:19,ppppbbbppbbbpppppbppbpbppbbbbpbpbpbbbbpbppbppbbbbpppppbpbp,58
641783,3563,12,21,pbppbbbbpbp,b,pbppbbbbpbpb,2026-02-23 12:36:16,pppbppppbbpbbbbppppbbpbppbbbbpbpbbbpppppbpbbbbpbbb,50
649329,3607,12,21,pbppbbbbpbp,p,pbppbbbbpbpp,2026-02-24 09:49:59,ppbbbpbbpbbpbbppbbbpbpbppbbbbpbpppppp,37
668336,3715,12,17,pbppbbbbpbp,b,pbppbbbbpbpb,2026-02-24 20:19:46,bppbbppbpppbpbpbbpbppbbbbpbpbpbpbbpppbbbbbpbb,45
686321,3825,12,35,pbppbbbbpbp,b,pbppbbbbpbpb,2026-02-25 20:56:53,ppbppbbbppbbbbpbpppbbppbbpbpbppbbpbpbppbbbbpbpbbbp,50
693038,3863,12,10,pbppbbbbpbp,p,pbppbbbbpbpp,2026-02-26 09:00:40,bbbpbppppbpbppbbbbpbpppbpbpppbbpbpbppppbpbpbppppbpbb,52
695851,3878,12,17,pbppbbbbpbp,p,pbppbbbbpbpp,2026-02-28 13:38:44,pbpbpbbbbbpppbpbbpbppbbbbpbpppbbppbbpbppbbbbbbpbbbbbpbbpbpppppbbpb,66
702407,3916,12,10,pbppbbbbpbp,p,pbppbbbbpbpp,2026-03-01 15:45:38,pbppppbbbbpbppbbbbpbpppbpbpbbpbbbbpbbbpbbbbbbbbbpppbppbpbpp,59
706178,3937,12,12,pbppbbbbpbp,b,pbppbbbbpbpb,2026-03-01 18:46:55,pbbpbbbbpbbppbppbbbbpbpbppbpbbbbbpbppb,38
717491,4002,12,32,pbppbbbbpbp,b,pbppbbbbpbpb,2026-03-02 14:42:19,bpbbbpbbbpbpbbpbppbbbbpppppbbpbbpbppbbbbpbpbb,45
720923,4026,12,23,pbppbbbbpbp,p,pbppbbbbpbpp,2026-03-03 13:38:35,ppppppppbppbpppppppbppppbppbbbbpbppppppbpbppbpbbpbbbpbbbbppppbb,63
727639,4062,12,4,pbppbbbbpbp,b,pbppbbbbpbpb,2026-03-03 18:25:15,pbbbpbppbbbbpbpbpbpbpbppbbbpbpppbbbbppppbpbppppbbpbppbpbppp,59
737596,4118,12,6,pbppbbbbpbp,b,pbppbbbbpbpb,2026-03-04 11:18:01,bppbpppbppbbbbpbpbpbpbppbpppbbpppbbbppbpbpbpppppbpbp,52
744879,4164,12,24,pbppbbbbpbp,b,pbppbbbbpbpb,2026-03-05 13:21:44,pppbppbbbbbpppbbbpppbbbppbppbbbbpbpbpbbbpbpppbppbbbppbpbp,57
746860,4176,12,40,pbppbbbbpbp,b,pbppbbbbpbpb,2026-03-05 13:51:39,bbbppbbbbpppbbpppppbbbbbpbppppbppbppppbppbppbbbbpbpbbppp,56
755734,4227,12,34,pbppbbbbpbp,b,pbppbbbbpbpb,2026-03-05 18:12:48,pbpbpppppbbpbbppbbbbbppbpppbbbppbppbppbbbbpbpbbppbbbppbbbp,58
758231,4243,12,12,pbppbbbbpbp,p,pbppbbbbpbpp,2026-03-05 22:09:53,bbbbpbppppbbpbppbbbbpbpppbpppbppppbpppbbbppbbpbbbpbppbpbbbbpp,61
760914,4258,12,51,pbppbbbbpbp,b,pbppbbbbpbpb,2026-03-06 16:58:54,pppppppbpbpbbbbbpbbpbbbpbbppbbpbpppppppbpbppbbppbbppbppbbbbpbpb,63
762694,4269,12,6,pbppbbbbpbp,p,pbppbbbbpbpp,2026-03-06 17:03:04,pbbbpbpbppbbbbpbppbpbpppbpbpbbbpbbpppbpbbpbbppppbppbbbppbp,58
769427,4309,12,1,pbppbbbbpbp,b,pbppbbbbpbpb,2026-03-09 16:04:30,ppbppbbbbpbpbbppbbbbppbpppbbbbpbbbbppbppbbpbb,45
773156,4330,12,7,pbppbbbbpbp,p,pbppbbbbpbpp,2026-03-09 19:07:13,bpppppppbppbbbbpbpppbpbppppbbpbbpbpbbpbpbbpbbbbpbpbbbbb,55
806672,4523,12,4,pbppbbbbpbp,p,pbppbbbbpbpp,2026-03-18 09:08:11,bpbppbppbbbbpbppbppbpbbppbppbppbp,33
822276,4620,12,32,pbppbbbbpbp,p,pbppbbbbpbpp,2026-03-19 20:11:26,pppppbbppppbpbpbbpbpbppbpbbppbpbpbppbbbbpbpppbbbbbpbpbbbppppb,61
829371,4663,12,15,pbppbbbbpbp,p,pbppbbbbpbpp,2026-04-12 12:37:22,bpbpbppbbpppbpppbppbbbbpbppppbppbpbbpppbbbbpbpbppbppppbbbpbbbp,62
830748,4672,12,5,pbppbbbbpbp,p,pbppbbbbpbpp,2026-04-12 13:08:52,ppbbbpbppbbbbpbpppbbbbbbbppbppppbbpp,36
849663,4785,12,3,pbppbbbbpbp,p,pbppbbbbpbpp,2026-04-23 15:32:31,ppppbppbbbbpbppbbppbbbpbpbpbbbpbpbbbbpbppbbbpbpbbpbppbpbppbbpb,62
869207,4906,12,13,pbppbbbbpbp,b,pbppbbbbpbpb,2026-05-04 07:51:30,bpbppppbbbbpppbppbbbbpbpbbbpbbbpb,33
884347,4995,12,17,pbppbbbbpbp,b,pbppbbbbpbpb,2026-05-04 17:34:55,pppbppbbbbbbbpppbpbppbbbbpbpbbppbpbbbp,38
891247,5032,12,13,pbppbbbbpbp,p,pbppbbbbpbpp,2026-05-14 08:12:08,ppbpbbbbpbbbppbppbbbbpbpppbbbpppbppbpbpbpbbppbppbbbpp,53
894397,5050,12,20,pbppbbbbpbp,p,pbppbbbbpbpp,2026-05-14 09:04:17,bbbpbppbpppbpbbbppbbpbppbbbbpbppbpbbb,37
896937,5064,12,2,pbppbbbbpbp,p,pbppbbbbpbpp,2026-05-22 05:09:09,bbpbppbbbbpbppppbpppbppbppbpbpbbbpbbpppbppbpbpbpb,49
907763,5127,12,31,pbppbbbbpbp,p,pbppbbbbpbpp,2026-05-26 11:37:52,ppbpbbbbpbppppbpbbpbpbbpbbbbbbppbppbbbbpbpppp,45
914781,5169,12,5,pbppbbbbpbp,b,pbppbbbbpbpb,2026-05-27 11:12:10,ppppbpbppbbbbpbpbpbpbpppbbpbpbpppbbpbppbpbbppppppppb,52
926896,5242,12,5,pbppbbbbpbp,p,pbppbbbbpbpp,2026-05-28 16:01:14,bbbpbpbppbbbbpbppbpbpbbppbbppppppbpbpbbb,40
941167,5328,12,18,pbppbbbbpbp,b,pbppbbbbpbpb,2026-06-07 11:11:24,bppppbppbpbpppbbpbpbppbbbbpbpbbbpbbpb,37
951150,5389,12,42,pbppbbbbpbp,p,pbppbbbbpbpp,2026-06-15 12:15:28,pbpbbppbbpppbpppbppppppppbppbpbbbbpbpppppbpbppbbbbpbppbbbpb,59
953151,5401,12,35,pbppbbbbpbp,b,pbppbbbbpbpb,2026-06-17 10:07:12,pppbbbppppbbbppbpbbpppbbpbppppbppbppbppbbbbpbpbppbb,51
964326,5465,12,35,pbppbbbbpbp,p,pbppbbbbpbpp,2026-06-20 10:40:19,pppppbppbbppppbbbbbpppppbbbbpbpppbppbppbbbbpbpppbpbbppbpppbppp,62
186574,51,12,1,pbppbbbbppp,p,pbppbbbbpppp,2026-01-26 10:57:31,bpbppbbbbppppbbppppp,20
190950,231,12,24,pbppbbbbppp,p,pbppbbbbpppp,2026-01-26 10:57:31,ppbpbbbbbpppbbbppbppbbbbpbppbbbbppppbpppbpbbpppppbbpbbbbppbbpp,62
193376,274,12,11,pbppbbbbppp,b,pbppbbbbpppb,2026-01-26 10:57:31,pbpbpbppbbbpbppbbbbpppbbbbbbbpbbbbppbpppbbbbbbbbbppbbppppbpppbpp,64
196461,332,12,16,pbppbbbbppp,b,pbppbbbbpppb,2026-01-26 10:57:31,pbpbppbbpbpbbpbbpbppbbbbpppbbbppbpbppppp,40
199856,390,12,28,pbppbbbbppp,b,pbppbbbbpppb,2026-01-26 10:57:31,ppbbpbpbbppbbbbbpbbbppbppbbppbppbbbbpppbbpbpbbbpbppbppppb,57
201421,421,12,16,pbppbbbbppp,p,pbppbbbbpppp,2026-01-26 10:57:31,pbpbbpbppbbbbppbpbppbbbbpppppb,30
202057,432,12,25,pbppbbbbppp,b,pbppbbbbpppb,2026-01-26 10:57:31,ppbpbbpbpbpbbbbbbbbbpppbppbppbbbbpppbppbbpppppbbbppbbppppppbb,61
204365,474,12,10,pbppbbbbppp,p,pbppbbbbpppp,2026-01-26 10:57:32,ppbpbbpppbpbppbbbbppppppppbpbppp,32
207323,531,12,5,pbppbbbbppp,b,pbppbbbbpppb,2026-01-26 10:57:32,bppbppbppbbbbpppbpbpppbbbppppbbbbbbbbbpppbbbbpppbpbppbbbpb,58
209064,563,12,13,pbppbbbbppp,b,pbppbbbbpppb,2026-01-26 10:57:32,pbpppbpbbbbpppbppbbbbpppbbbpbbpbpbppppbbpbpppppbppbbbpbbpppbbpbpbb,66
212749,626,12,47,pbppbbbbppp,p,pbppbbbbpppp,2026-01-26 10:57:32,pbpbpbbbppppppbbpppppbpbbbppbbbppbbbpbpbpbbbppbpbppbbbbpppp,59
213881,649,12,16,pbppbbbbppp,p,pbppbbbbpppp,2026-01-26 10:57:32,bbppbpbpbppppbpbpbppbbbbppppbbbbpppppbbpppbppbpbppb,51
220527,778,12,14,pbppbbbbppp,b,pbppbbbbpppb,2026-01-26 10:57:32,bbpbbbbbbbpppppbppbbbbpppbbbppbbbbbbppbppbpp,44
224707,853,12,27,pbppbbbbppp,p,pbppbbbbpppp,2026-01-26 10:57:32,bpbpbppbbppppbpbpppbpbbbbpbpbppbbbbpppppp,41
225636,871,12,40,pbppbbbbppp,b,pbppbbbbpppb,2026-01-26 10:57:32,pppbppbbbbbbbpbpppbbppbbpbpppbbpbppbppbppbppbbbbpppbb,53
230759,959,12,8,pbppbbbbppp,b,pbppbbbbpppb,2026-01-26 10:57:32,pbpbpbbppbppbbbbpppbpppbbpppbpbpbppppppbppbbbpbbppbbp,53
232002,979,12,35,pbppbbbbppp,p,pbppbbbbpppp,2026-01-26 10:57:32,pbbpbbbppppbpbbppppbpbpbppbppbpbppbpbppbbbbppppppb,50
232329,985,12,7,pbppbbbbppp,b,pbppbbbbpppb,2026-01-26 10:57:32,bpbpbbbpbppbbbbpppbbppbpbppbbbpbb,33
234215,1019,12,33,pbppbbbbppp,p,pbppbbbbpppp,2026-01-26 10:57:32,bpbpbbpbpbpbpbpppbpppbpbpbbbbppbppbppbbbbppppbpbbbbbpbppp,57
235466,1039,12,23,pbppbbbbppp,p,pbppbbbbpppp,2026-01-26 10:57:32,bbbbbpbbbppbppbpbbpbbpppbppbbbbppppbbbb,39
236625,1060,12,15,pbppbbbbppp,b,pbppbbbbpppb,2026-01-26 10:57:32,bbbbbbbpbppppbbpbppbbbbpppbbbbbpbbbbbpbppbpbbbppppbbppbpbp,58
237515,1075,12,10,pbppbbbbppp,p,pbppbbbbpppp,2026-01-26 10:57:32,bbbbpbpbpbpbppbbbbpppppppbbbbbpbbpbpbpp,39
242998,1173,12,17,pbppbbbbppp,p,pbppbbbbpppp,2026-01-26 10:57:32,ppbbbbppbpppbbbpbpbppbbbbppppppppbbppbbpppbbpppbppbpbpppppbbbbpb,64
245466,1215,12,6,pbppbbbbppp,p,pbppbbbbpppp,2026-01-26 10:57:33,bbbbpbpbppbbbbpppppppppppbbbbpbbpbppppbbbppbpbbbbbpbbbbbppbpb,61
246420,1231,12,24,pbppbbbbppp,b,pbppbbbbpppb,2026-01-26 10:57:33,bppppbpbbbbbpbbpppbpbbpbpbppbbbbpppbbbbb,40
249559,1284,12,50,pbppbbbbppp,p,pbppbbbbpppp,2026-01-26 10:57:33,ppppbpbbpbbbbppppbpbbbppppbpbbppppbbpppbpppbbbbbbbpbppbbbbpppp,62
250930,1308,12,16,pbppbbbbppp,b,pbppbbbbpppb,2026-01-26 10:57:33,bbpppbbbppbppbbppbppbbbbpppbbbpbppppbpbpp,41
251540,1318,12,21,pbppbbbbppp,b,pbppbbbbpppb,2026-01-26 10:57:33,bbbppppppbbbbbbppbpbbpbppbbbbpppbppbbpbpbpppbbppbbbpp,53
255197,1382,12,18,pbppbbbbppp,b,pbppbbbbpppb,2026-01-26 10:57:33,bbbpbbppbppppbbppppbppbbbbpppbppbbppbppbppppppbpbpppppbbppbpbbbb,64
255392,1386,12,2,pbppbbbbppp,p,pbppbbbbpppp,2026-01-26 10:57:33,bppbppbbbbppppbbbbbpbbbbppppbppbpppbppb,39
258666,1438,12,36,pbppbbbbppp,p,pbppbbbbpppp,2026-01-26 10:57:33,bpbpppbbbbpbpppppbbbpbbbpbppbbbpbpbppbppbbbbppppbppbppbbbpbb,60
269031,1603,12,28,pbppbbbbppp,p,pbppbbbbpppp,2026-01-26 10:57:33,bbppbpbpbppppbppppbbpbppbbbbpbppbbbbppppppbppppppbbbbppbbppppbb,63
272179,1655,12,17,pbppbbbbppp,p,pbppbbbbpppp,2026-01-26 10:57:33,ppbbbbppppbbpbppbpbppbbbbppppbbbpbppppp,39
272511,1660,12,21,pbppbbbbppp,p,pbppbbbbpppp,2026-01-26 10:57:33,pbbpppbpbbppbbbpbbbbbpbppbbbbppppppbbbpbbbppp,45
278323,1762,12,7,pbppbbbbppp,p,pbppbbbbpppp,2026-01-26 10:57:33,pbbbppppbppbbbbpppppbbbbbbbpppbbpbppbpbbbpbbbpbbbpppbbppppbbbpp,63
282763,1833,12,15,pbppbbbbppp,b,pbppbbbbpppb,2026-01-26 10:57:34,pbpbppbbbbbbppbpbppbbbbpppbpbpbppbbbpbpbpppb,44
286456,1882,12,13,pbppbbbbppp,p,pbppbbbbpppp,2026-01-26 11:15:08,ppbppppbpbbpbpbppbbbbppppbppbbpbpbppbpbbpppbppbbbbppbbpppb,58
294391,1930,12,3,pbppbbbbppp,b,pbppbbbbpppb,2026-01-26 16:53:20,ppppbppbbbbpppbpppbbbbpbbbbbpbppbbbppbpb,40
295605,1937,12,16,pbppbbbbppp,b,pbppbbbbpppb,2026-01-26 17:19:52,bpbbbpppbbbpbbpppbppbbbbpppbpbbbppbbbbppbpbpppppbbbbpbb,55
377148,2032,12,2,pbppbbbbppp,b,pbppbbbbpppb,2026-01-29 12:32:55,pppbppbbbbpppbbppbbpppppppppppppppbpbpbbbbbbpppbppb,51
389989,2108,12,33,pbppbbbbppp,p,pbppbbbbpppp,2026-01-31 06:08:26,bbpbpbpbpbbbpbbbbpppbppbpbpbppbbbpbppbbbbppppbbb,48
408462,2211,12,5,pbppbbbbppp,b,pbppbbbbpppb,2026-02-02 13:30:30,ppppppbppbbbbpppbbpbppbppbbppbbpppppppbbpbpbpbppbbppbbb,55
443179,2401,12,4,pbppbbbbppp,p,pbppbbbbpppp,2026-02-05 15:07:02,bbpbpbppbbbbppppbbpppbbppbbbppbpbppbpppbbbpppbbbbbbpppppbbbp,60
452752,2451,12,20,pbppbbbbppp,b,pbppbbbbpppb,2026-02-06 10:40:15,bpbbpbbbppbbbbppbppppbppbbbbpppbpbbbppbbbbpbppppbpppbbpppppbbpbp,64
460784,2493,12,13,pbppbbbbppp,b,pbppbbbbpppb,2026-02-06 13:01:48,ppbppppbppbpppbppbbbbpppbbpbpbbppbpbbpbbbbbbppbb,48
467026,2528,12,12,pbppbbbbppp,p,pbppbbbbpppp,2026-02-09 15:27:27,bppbppbpbpbppbppbbbbpppppppbbppbpppppbbbpbbbbbbpbpbbpppppppppp,62
467721,2531,12,14,pbppbbbbppp,b,pbppbbbbpppb,2026-02-09 15:28:32,pbppbpbbbpbppppbppbbbbpppbbbppbpppbpbbbbppbpp,45
475695,2575,12,23,pbppbbbbppp,p,pbppbbbbpppp,2026-02-10 17:25:46,bbbbpppbbbbpbbpbbbbbbbbpbppbbbbppppppbbppppbpppbpbpb,52
477349,2584,12,6,pbppbbbbppp,b,pbppbbbbpppb,2026-02-10 18:17:17,pbpbbppbppbbbbpppbbpbbbpbbpbbbbpbbppbpppppppppbbbpbppbppbbppb,61
482643,2618,12,0,pbppbbbbppp,b,pbppbbbbpppb,2026-02-10 20:17:16,pbppbbbbpppbpbbppppppbbbbbbppppbpbppbbpbpbppbbpbpbbpbp,54
483379,2621,12,14,pbppbbbbppp,p,pbppbbbbpppp,2026-02-10 20:18:19,bbbbppbpbbbppppbppbbbbpppppppppbpbpbpbbppbppbppbbpbbbbpbpppbbbppppp,67
486743,2640,12,41,pbppbbbbppp,p,pbppbbbbpppp,2026-02-11 11:11:57,bpbbppbpppbpbbpbpbbppppbpppbppbbppppbbppbpbppbbbbppppbpbbbbppbbp,64
509699,2779,12,22,pbppbbbbppp,b,pbppbbbbpppb,2026-02-12 14:10:52,pbbpbbpppbpbpbppbpppbbpbppbbbbpppbbppbbpbpppbbbbppbbpbppbb,58
509861,2780,12,8,pbppbbbbppp,p,pbppbbbbpppp,2026-02-12 14:11:21,bpbppppbpbppbbbbpppppbbpbbbpbbbpbbbpbbbpbbppbpbpp,49
525025,2864,12,31,pbppbbbbppp,p,pbppbbbbpppp,2026-02-13 14:21:16,pbbbpbbbpppbbppbpppbppbpbbpppbppbppbbbbppppbpbpbbbbbpbp,55
579669,3170,12,1,pbppbbbbppp,p,pbppbbbbpppp,2026-02-19 11:05:41,bpbppbbbbppppppbbbpbbppbbbbbbbbppbpbbpbbbpbbppbppbppppppb,57
591044,3234,12,10,pbppbbbbppp,b,pbppbbbbpppb,2026-02-20 14:12:38,ppbbbbpppbpbppbbbbpppbbppppppbbpbpbbbpbbppbbbpbpbbb,51
612396,3381,12,39,pbppbbbbppp,b,pbppbbbbpppb,2026-02-22 09:01:35,bbbbbbpppppppbbppppppbpbbbbbbpbpppbpppppbppbbbbpppbbbbpbbppbb,61
613819,3391,12,13,pbppbbbbppp,p,pbppbbbbpppp,2026-02-22 09:06:25,ppbbbpbbpppbbpbppbbbbppppbbpppbppbbbbbpbpbbpbbpbppbpbbpbb,57
615708,3405,12,13,pbppbbbbppp,p,pbppbbbbpppp,2026-02-22 10:03:25,bbbbppbpppppppbppbbbbppppbpbppppbppppbbppppb,44
637078,3533,12,41,pbppbbbbppp,p,pbppbbbbpppp,2026-02-23 11:18:19,ppppbbbppbbbpppppbppbpbppbbbbpbpbpbbbbpbppbppbbbbpppppbpbp,58
639854,3550,12,22,pbppbbbbppp,p,pbppbbbbpppp,2026-02-23 11:54:09,bpbpbbpppbbbbppppbbppppbppbbbbppppbpbppbbpbbpbpppbpbbppbppppppp,63
640988,3558,12,24,pbppbbbbppp,p,pbppbbbbpppp,2026-02-23 12:32:55,pbppppppbbbpppbbppbpbbbbpbppbbbbppppbpppbbpbbpbpbpbbb,53
659551,3665,12,28,pbppbbbbppp,b,pbppbbbbpppb,2026-02-24 15:32:19,bppbpbbbbpbbbbbpbpbppbppbpbbpbppbbbbpppbbppbpppbpbbpppbbbppb,60
661760,3677,12,12,pbppbbbbppp,p,pbppbbbbpppp,2026-02-24 17:35:56,pbpbbpbppppbpbppbbbbppppbbbpppbbpppbbbbbbbpppbbbpbbbpbppbppbpb,62
665998,3700,12,10,pbppbbbbppp,b,pbppbbbbpppb,2026-02-24 19:30:56,bpbpbbpppbpbppbbbbpppbbbbbbbbbpbpbppbbbbpppbbppppppppbpppbbp,60
666006,3700,12,32,pbppbbbbppp,b,pbppbbbbpppb,2026-02-24 19:30:56,bpbpbbpppbpbppbbbbpppbbbbbbbbbpbpbppbbbbpppbbppppppppbpppbbp,60
677230,3771,12,11,pbppbbbbppp,p,pbppbbbbpppp,2026-02-25 18:01:54,bpbbpbppppbpbppbbbbppppbbpbbbpbbbpbbb,37
680071,3787,12,9,pbppbbbbppp,p,pbppbbbbpppp,2026-02-25 18:42:55,bpppbppbppbppbbbbppppbppppbppbbbpppbpbbpbbbbbpbbpbbppbpbbb,58
695388,3876,12,26,pbppbbbbppp,b,pbppbbbbpppb,2026-02-28 13:37:37,pppbpbbbbbpbbppbbbpbbpbppppbppbbbbpppbpbbbpppbppppbppbbpppppbbppp,65
698894,3895,12,35,pbppbbbbppp,b,pbppbbbbpppb,2026-03-01 11:15:35,pbppppbbbpppppppppbbpbppbppbppppbbppbppbbbbpppbbbbpppbpbbbpp,60
703871,3924,12,7,pbppbbbbppp,p,pbppbbbbpppp,2026-03-01 16:34:00,bpbpbpppbppbbbbppppbpbbpbbbpbppbppbb,36
716100,3994,12,7,pbppbbbbppp,p,pbppbbbbpppp,2026-03-02 13:57:19,pbbbbpbpbppbbbbppppbbpbppbpbbbpbbpbbbbbppbppbbbpbbbbbbbpb,57
717483,4002,12,14,pbppbbbbppp,p,pbppbbbbpppp,2026-03-02 14:42:19,bpbbbpbbbpbpbbpbppbbbbpppppbbpbbpbppbbbbpbpbb,45
737950,4120,12,12,pbppbbbbppp,p,pbppbbbbpppp,2026-03-04 11:19:01,pbpbppbpbpbppbppbbbbppppbpbbbpbpbbbbbbppbbp,43
738641,4124,12,17,pbppbbbbppp,b,pbppbbbbpppb,2026-03-04 11:20:48,bppbpbpbppbbbbppbpbppbbbbpppbpbbbbpbppppbpbbpbpppppbbbpbbb,58
756645,4233,12,18,pbppbbbbppp,p,pbppbbbbpppp,2026-03-05 21:31:56,bbbpppbppbbbpbbbbppbppbbbbpppppbpbbppppbppppbppbbbpbbbbppbbpppbbbpb,67
761063,4259,12,26,pbppbbbbppp,b,pbppbbbbpppb,2026-03-06 16:59:33,pbbbbbbbppbbbbbpppbbbbpbpbpbppbbbbpppbpbppbbbbbbbpppbbpp,56
771178,4319,12,35,pbppbbbbppp,p,pbppbbbbpppp,2026-03-09 19:03:10,bbbppppbppppbpbpbpppbpbbppppbbbpbpbpbppbbbbppppppp,50
782978,4386,12,23,pbppbbbbppp,b,pbppbbbbpppb,2026-03-11 19:50:24,ppbppbbbbppbpbbpbpbppbbpbppbbbbpppbbpbpbbbb,43
786027,4405,12,7,pbppbbbbppp,b,pbppbbbbpppb,2026-03-15 12:58:36,pbbpbbppbppbbbbpppbppbbbbbpbbpbbppbbbbbpbpbppbpbpbp,51
798316,4475,12,10,pbppbbbbppp,p,pbppbbbbpppp,2026-03-17 07:08:46,pbbbpbbpbbpbppbbbbppppbpbppppbppbbpbpp,38
812934,4564,12,13,pbppbbbbppp,b,pbppbbbbpppb,2026-03-18 14:43:57,ppbbpbpppbbpppbppbbbbpppbbbbpbbpbppbbpbbbbbppbbppbbppbpppbbpbp,62
824036,4629,12,24,pbppbbbbppp,p,pbppbbbbpppp,2026-03-22 09:19:35,ppbbpbbbbpbpppbbpbbpbpbppbppbbbbppppbbpppbbppbppbbppppb,55
844674,4758,12,31,pbppbbbbppp,b,pbppbbbbpppb,2026-04-23 13:54:09,pppppppbpbpppbbbbbbpbbbpbbpbbpppbppbbbbpppbbpbbbbpbbbbppbbppb,61
847089,4771,12,7,pbppbbbbppp,b,pbppbbbbpppb,2026-04-23 14:49:19,bbbppbbpbppbbbbpppbbppbbpbppbpbbppbppbppbbbppbbppppbp,53
855897,4824,12,14,pbppbbbbppp,b,pbppbbbbpppb,2026-04-23 19:28:47,pbppbbpbppbbpbpbppbbbbpppbppbbpbbbppbppppbpbbbbbp,49
858037,4836,12,8,pbppbbbbppp,p,pbppbbbbpppp,2026-04-23 20:06:33,ppbbppbppbppbbbbppppbbppppbbpbbpbbbpppppbpbpb,45
861490,4857,12,0,pbppbbbbppp,p,pbppbbbbpppp,2026-04-26 08:46:53,pbppbbbbppppbppbpbbppbbpbpppppppbbbpbpbbbpbbbbbppbpb,52
873813,4934,12,24,pbppbbbbppp,p,pbppbbbbpppp,2026-05-04 09:08:27,bppbbpbbpbpbbbbppppppppbpbppbbbbpppppbpppbbppppbbppbppp,55
877299,4955,12,29,pbppbbbbppp,b,pbppbbbbpppb,2026-05-04 11:22:10,pbpbbbbbbpbbpbpbbbpbpbppbpppppbppbbbbpppbbbbbppbbbbpbpbbbbbbp,61
892749,5041,12,43,pbppbbbbppp,b,pbppbbbbpppb,2026-05-14 08:58:04,bbbpbbppbppbppppbbbbppbbppppppbpppbbbbbppbbpbppbbbbpppbbppb,59
894763,5052,12,12,pbppbbbbppp,b,pbppbbbbpppb,2026-05-22 05:03:30,bpbbbpbbbpbbpbppbbbbpppbppppbbbppbbbppbpbpbppbbpbpbppbbpbpp,59
896764,5063,12,53,pbppbbbbppp,b,pbppbbbbpppb,2026-05-22 05:08:42,bpppbpbbpbbbbbbppbbbbppbbbpbbppbppbpbppppppbpbbbppbpppbppbbbbpppbp,66
901363,5089,12,43,pbppbbbbppp,p,pbppbbbbpppp,2026-05-23 06:42:05,bbpbbpbppppppbbpbbbpbpbppbbbpppbpbbpbpppppppbppbbbbpppppbbpbbbbb,64
908084,5129,12,33,pbppbbbbppp,b,pbppbbbbpppb,2026-05-26 11:38:43,bpbppppbbbppbpbppppbppbbpbpbbbbpppbppbbbbpppbbbbpbbpbbbbpppbpp,62
920888,5206,12,29,pbppbbbbppp,p,pbppbbbbpppp,2026-05-28 12:39:42,pbpbbbbpbpbbpbpbpbpbppbbpbbbppbppbbbbpppppbpbbpbbpbppbbbpbbpppbppbbpb,69
923608,5221,12,45,pbppbbbbppp,p,pbppbbbbpppp,2026-05-28 14:22:50,pbbbpppbpbpbbpbppbbbppppbpbbbpbbpppbbbppbbbbbpbppbbbbppppbb,59
932396,5275,12,44,pbppbbbbppp,b,pbppbbbbpppb,2026-06-05 06:52:55,bpbpppbbpppppbbbbbpbbbbpbbbbbppbbpbbpbppbbpbpbppbbbbpppbbbbpbbbbpp,66
934308,5286,12,29,pbppbbbbppp,b,pbppbbbbpppb,2026-06-05 20:04:44,ppppbpbppbbbbppbbbbbbbbbpbpbppbppbbbbpppbpbppbbppppbpbpppbb,59
939074,5316,12,5,pbppbbbbppp,p,pbppbbbbpppp,2026-06-06 14:20:58,pbbpbpbppbbbbppppppbbbpbbpbbpbpbbbbbbbpbbppbbpbbbpbpppbbpbpbpbb,63
944892,5351,12,29,pbppbbbbppp,p,pbppbbbbpppp,2026-06-08 10:12:38,pbpbbpbppbpbbpppppbpbbppbbpbbpbppbbbbppppbppbbppbbpbpbbbbbpppp,62
951334,5390,12,29,pbppbbbbppp,b,pbppbbbbpppb,2026-06-15 12:16:42,bbpbppbppbbpbbbbppppbbppppbpppbppbbbbpppbbpppppbpbppbbbbbbbbbpp,63
975462,5528,12,30,pbppbbbbppp,p,pbppbbbbpppp,2026-06-22 09:23:09,bbpbbpbbbpbbbppppbpbbpbbbppbpppbppbbbbppppbb,44
978532,5546,12,6,pbppbbbbppp,b,pbppbbbbpppb,2026-06-23 06:38:30,bbpppbpbppbbbbpppbppbbbbppbpbpbbbpbbbbbpppbpbbpbbbppbbp,55
185938,23,12,8,pbppbbbpbbb,b,pbppbbbpbbbb,2026-01-26 10:57:31,bbbpbbpppbppbbbpbbbbbppb,24
188270,140,12,3,pbppbbbpbbb,p,pbppbbbpbbbp,2026-01-26 10:57:31,ppppbppbbbpbbbppppppbbpbp,25
189227,177,12,5,pbppbbbpbbb,p,pbppbbbpbbbp,2026-01-26 10:57:31,ppppbpbppbbbpbbbpppbpbpppp,26
189278,179,12,9,pbppbbbpbbb,b,pbppbbbpbbbb,2026-01-26 10:57:31,pbbbpbbbbpbppbbbpbbbbpbbppppbpp,31
190367,221,12,27,pbppbbbpbbb,p,pbppbbbpbbbp,2026-01-26 10:57:31,pbbbbppbbbbbbbbbpbppbpbbpbppbppbbbpbbbpbbbbpb,45
196619,336,12,9,pbppbbbpbbb,b,pbppbbbpbbbb,2026-01-26 10:57:31,pbpbbbbbppbppbbbpbbbbbbpbppbpbpbppppppbbbpppbbbppbbppbbp,56
200117,394,12,16,pbppbbbpbbb,b,pbppbbbpbbbb,2026-01-26 10:57:31,pbbpbbbbpbbpbbbppbppbbbpbbbbbbbbbbbbppppbpbppbbbbbbpbbpppppp,60
202470,439,12,2,pbppbbbpbbb,b,pbppbbbpbbbb,2026-01-26 10:57:31,pppbppbbbpbbbbbpbbbbbbbbppbbppbpbpb,35
204654,478,12,43,pbppbbbpbbb,b,pbppbbbpbbbb,2026-01-26 10:57:32,pppppbbpbpbbpbppbpbpbbpppbbpbbppbppbpbbpbpbpbppbbbpbbbbbbpbbbpbbb,65
205434,492,12,56,pbppbbbpbbb,b,pbppbbbpbbbb,2026-01-26 10:57:32,bpbbbbbbbpbppbppbbpbbppbbpppbbpbpbpppbpbbbppbbpppppbbbpppbppbbbpbbbb,68
212617,624,12,0,pbppbbbpbbb,b,pbppbbbpbbbb,2026-01-26 10:57:32,pbppbbbpbbbbbppbbbppbbpbbpbpbppppbbbbbbpbbbbbpbb,48
213531,643,12,2,pbppbbbpbbb,p,pbppbbbpbbbp,2026-01-26 10:57:32,pppbppbbbpbbbppbpbbbpbbppppbbbpbpbppbbpbpbbpbp,46
213713,646,12,9,pbppbbbpbbb,b,pbppbbbpbbbb,2026-01-26 10:57:32,bppppbppppbppbbbpbbbbppbpbpbbppbbbbpbbbpbbppppbbpbbbpbbpbpbbpbbpp,65
214534,662,12,2,pbppbbbpbbb,b,pbppbbbpbbbb,2026-01-26 10:57:32,pbpbppbbbpbbbbpppbpbpbbbbbpbbbpbbpppbbpppppbbbp,47
224044,841,12,39,pbppbbbpbbb,b,pbppbbbpbbbb,2026-01-26 10:57:32,ppbppppppbpbbbppbpppbbbpbpbbbpbbpppbbpppbppbbbpbbbbp,52
228126,914,12,45,pbppbbbpbbb,p,pbppbbbpbbbp,2026-01-26 10:57:32,bpbpbbbbbppbppppppbpbppbpbbbppbpbppbpbpbppbbbpbppbbbpbbbp,57
231161,965,12,37,pbppbbbpbbb,b,pbppbbbpbbbb,2026-01-26 10:57:32,pbbbpbbbbpbbbbppppbbppbppbpbbbbbbpbbppbppbbbpbbbbbppbpbppbpbpp,62
240184,1123,12,24,pbppbbbpbbb,b,pbppbbbpbbbb,2026-01-26 10:57:32,pbppbbpbbpbppppbppppppbbpbppbbbpbbbbbpbppbbbppppbpppbp,54
241789,1153,12,19,pbppbbbpbbb,p,pbppbbbpbbbp,2026-01-26 10:57:32,ppbpbpbbpppppppppbppbppbbbpbbbpbbbbppppbpbpbbbbpbpppp,53
243675,1184,12,19,pbppbbbpbbb,p,pbppbbbpbbbp,2026-01-26 10:57:33,pppppppbpbpbppppppbpbppbbbpbbbpbpbpbppbpbbppbbpbpppbbpbbp,57
243852,1187,12,25,pbppbbbpbbb,b,pbppbbbpbbbb,2026-01-26 10:57:33,bbbbpbbppbpbbbbbbpbppbbpbpbppbbbpbbbbbbbpp,42
244774,1202,12,38,pbppbbbpbbb,b,pbppbbbpbbbb,2026-01-26 10:57:33,pbppbpbppppbpppppbbbpbpbbbbbbbpbbbpbpbpbppbbbpbbbbbbpp,54
247145,1242,12,32,pbppbbbpbbb,p,pbppbbbpbbbp,2026-01-26 10:57:33,pbbpppbppbbpbbpbpbpbbpbbbbpbbbbppbppbbbpbbbp,44
251933,1327,12,32,pbppbbbpbbb,p,pbppbbbpbbbp,2026-01-26 10:57:33,bppbbpppppppbbppbbbbbbbbbpbbbbbbpbppbbbpbbbpbppppbppppp,55
254353,1368,12,21,pbppbbbpbbb,b,pbppbbbpbbbb,2026-01-26 10:57:33,bpbppbbbpppppbbbbbbbppbppbbbpbbbbpbpppbpppbbbbbbppbpbppbppbbbbbb,64
254850,1376,12,5,pbppbbbpbbb,b,pbppbbbpbbbb,2026-01-26 10:57:33,bpbbbpbppbbbpbbbbpbppppbpbpbbbbppbpbbpbbbbpbp,45
264379,1535,12,2,pbppbbbpbbb,p,pbppbbbpbbbp,2026-01-26 10:57:33,pbpbppbbbpbbbpbpbpppbppppbbbpbbbbpppbpbbbppbppp,47
264956,1542,12,21,pbppbbbpbbb,b,pbppbbbpbbbb,2026-01-26 10:57:33,bpbpbpbbbpbppbbpbpbbbpbppbbbpbbbbppbbbpbbpbbbppbppbpppbbppbb,60
269569,1612,12,15,pbppbbbpbbb,p,pbppbbbpbbbp,2026-01-26 10:57:33,bbbpbbbbbbbpbbbpbppbbbpbbbpbbppbpbpbpbbbpppbbbppbbppbbppbpbp,60
270742,1632,12,36,pbppbbbpbbb,b,pbppbbbpbbbb,2026-01-26 10:57:33,bbbpbbpbpbbppbbbbbbbbbppbbbbpbbppppbpbppbbbpbbbbbbpbbbbbppppbpb,63
271081,1638,12,7,pbppbbbpbbb,p,pbppbbbpbbbp,2026-01-26 10:57:33,ppbppbbpbppbbbpbbbpbpbpbpbbbppbbpbbppbppppbbpbbpbppppp,54
296325,1941,12,39,pbppbbbpbbb,b,pbppbbbpbbbb,2026-01-26 17:21:05,pbbppppbbbpbpppppppbppppbpbppbbbpbppbbppbppbbbpbbbbbpbbbpbbbpb,62
373076,2009,12,27,pbppbbbpbbb,p,pbppbbbpbbbp,2026-01-29 10:58:26,pbpbpbppppbbbbppppbpbpbpbbppbppbbbpbbbpbbpbppbbbbpbbpbbbbppbpbppp,65
379870,2048,12,30,pbppbbbpbbb,p,pbppbbbpbbbp,2026-01-29 17:44:37,pbbpbbbbpbbbppbbpbpppppbbppbpppbppbbbpbbbpbbbpbbb,49
384182,2074,12,33,pbppbbbpbbb,p,pbppbbbpbbbp,2026-01-30 10:15:27,bbbpbbpbbbbpbbbbpbpbppppppbbbpppbpbppbbbpbbbppbpbbbppbpbbbpb,60
392700,2124,12,14,pbppbbbpbbb,p,pbppbbbpbbbp,2026-01-31 07:11:55,bbbpbbpbppbbpbpbppbbbpbbbpbbppbpbbbpppbbbpbbpb,46
394232,2132,12,7,pbppbbbpbbb,p,pbppbbbpbbbp,2026-01-31 07:49:47,pbpppbppbppbbbpbbbppppbpbpbpppbpbbbbbbbpppbp,44
395331,2138,12,18,pbppbbbpbbb,b,pbppbbbpbbbb,2026-01-31 07:51:31,bpbbppbbbpbpbppbpppbppbbbpbbbbppbppppppbbbpbpppbp,49
407026,2202,12,34,pbppbbbpbbb,b,pbppbbbpbbbb,2026-02-02 13:02:43,bbbpppbbbppbbbpbpbpbppbbbbppbbbbbbpbppbbbpbbbbpppbbbbbpp,56
418277,2265,12,3,pbppbbbpbbb,p,pbppbbbpbbbp,2026-02-02 15:50:01,bbbpbppbbbpbbbpppbbbbppbbpbbbpbbbbpbbbpbbppbbppbpbppbbp,55
428595,2320,12,32,pbppbbbpbbb,p,pbppbbbpbbbp,2026-02-04 16:54:18,bpbbppbpbppbbbbbpbbbppbpbbpbbbpbpbppbbbpbbbpbbppbbbpbbbppbpb,60
429354,2325,12,1,pbppbbbpbbb,b,pbppbbbpbbbb,2026-02-04 17:10:01,ppbppbbbpbbbbbbbbbbppbbbpbbbbbbpppbbpppbbbb,43
431240,2336,12,24,pbppbbbpbbb,p,pbppbbbpbbbp,2026-02-04 17:24:50,pbbpbbbppbbbppbbpbbbbppppbppbbbpbbbpbpbbppbb,44
431816,2339,12,18,pbppbbbpbbb,p,pbppbbbpbbbp,2026-02-04 17:25:49,ppbppppppbbbpbbbpppbppbbbpbbbpbbpppbbbbpbpppbbbpppbbppp,55
438691,2376,12,46,pbppbbbpbbb,b,pbppbbbpbbbb,2026-02-04 19:44:05,pbbbbpbpbbbbpppbpbpbpppbpbbppbppppbbpbbpbppbpbpbppbbbpbbbbb,59
443371,2402,12,17,pbppbbbpbbb,p,pbppbbbpbbbp,2026-02-05 15:07:28,pbbppppbpbbbpbpbppbppbbbpbbbpbpbpbbbpbbbpppbbb,46
447257,2423,12,28,pbppbbbpbbb,b,pbppbbbpbbbb,2026-02-05 15:57:16,bbppbpppbbpbpbpbpbbpppbppbpbpbppbbbpbbbbppbpppbbbppppbbbbbbb,60
461927,2498,12,8,pbppbbbpbbb,b,pbppbbbpbbbb,2026-02-08 03:42:39,pppppbpppbppbbbpbbbbbppppbpbbbbpbbbbppbppppbpbpppppbpbbpbbbppp,62
463840,2509,12,36,pbppbbbpbbb,b,pbppbbbpbbbb,2026-02-08 03:47:33,bpbppppbpppbbpbpbbbbpbpbbbbpbppbpbbppbppbbbpbbbbbppb,52
475198,2572,12,24,pbppbbbpbbb,p,pbppbbbpbbbp,2026-02-10 17:24:56,bpbppbbbbpbpbbppbpbbbpbbpbppbbbpbbbpppppbpbpbbpbb,49
479761,2601,12,26,pbppbbbpbbb,p,pbppbbbpbbbp,2026-02-10 18:51:14,bbbpbpbpppbpbbbbpbbbbbppbppbppbbbpbbbpbppbbpppbbbpbbpbpppbbb,60
487864,2647,12,13,pbppbbbpbbb,b,pbppbbbpbbbb,2026-02-11 13:50:00,bbpbbbbpbbbpbpbppbbbpbbbbppbbpbbbpbpbpbbbbpbbpbbpbppbbbpbb,58
495141,2694,12,24,pbppbbbpbbb,b,pbppbbbpbbbb,2026-02-11 16:44:22,bbbpppbpbbbbbbpbbpbbpbpbpbppbbbpbbbbpbbbbppbbbbbbpp,51
495933,2698,12,45,pbppbbbpbbb,b,pbppbbbpbbbb,2026-02-11 20:24:54,pppbbbbbbpppbbbbbbbpbpppbbpbpbpbbppppbpbppppppbppbbbpbbbbppp,60
514668,2807,12,20,pbppbbbpbbb,b,pbppbbbpbbbb,2026-02-12 15:52:49,bpbbpbbbbppbbbbbbppbpbppbbbpbbbbbbpbppbpppbpppbpbpb,51
515741,2813,12,14,pbppbbbpbbb,p,pbppbbbpbbbp,2026-02-12 15:55:18,bbbbpppppppbpppbppbbbpbbbpppbbpppbbpbpbpbbpppbbpppppppbpbbbbpbp,63
520002,2837,12,11,pbppbbbpbbb,b,pbppbbbpbbbb,2026-02-13 12:12:10,bpbbbbbbpbbpbppbbbpbbbbpbpbbbpppbbpbbbppbppbpbbp,48
538090,2936,12,34,pbppbbbpbbb,p,pbppbbbpbbbp,2026-02-13 20:07:12,pbppbbpbbpbbbppbbbbpbbbbpbbpbbbpbppbppbbbpbbbpbbpb,50
544760,2974,12,15,pbppbbbpbbb,b,pbppbbbpbbbb,2026-02-14 11:36:00,bbpbpppbbppbbpppbppbbbpbbbbbbppppppbbpppppbbbpbbpppbpp,54
554797,3032,12,46,pbppbbbpbbb,b,pbppbbbpbbbb,2026-02-15 20:19:49,pbbbppbpbbbpbbpppppbpppbppbbppbpppbpbppbppbbpbpbppbbbpbbbb,58
555977,3039,12,42,pbppbbbpbbb,b,pbppbbbpbbbb,2026-02-15 21:17:34,bbbbppbppbppppbppbppbbppbbbbbbpbbbbbpppbpppbppbbbpbbbbbpppbp,60
581414,3179,12,42,pbppbbbpbbb,b,pbppbbbpbbbb,2026-02-19 11:10:06,bppbbbpbpbpbppppppbbbpbpbbbpbbpbppbppbbpbppbppbbbpbbbbbpbbbpbp,62
594888,3261,12,11,pbppbbbpbbb,b,pbppbbbpbbbb,2026-02-20 15:31:06,pbbpbpbpbpppbppbbbpbbbbbpbpbbpbpbppppppp,40
617904,3421,12,43,pbppbbbpbbb,b,pbppbbbpbbbb,2026-02-22 10:29:12,ppbppppbpppbpppbbbbbbpppppbbbppbpppbpppbbbbpbppbbbpbbbbpbbbp,60
624893,3466,12,43,pbppbbbpbbb,p,pbppbbbpbbbp,2026-02-22 18:22:26,bpbpbpppbpbppppbpppppppbbpbbppbppbbbbbbpbpbpbppbbbpbbbpbbb,58
627929,3481,12,47,pbppbbbpbbb,b,pbppbbbpbbbb,2026-02-22 19:05:26,pbppbbpppbpbpbpppbbppbbbbpbbppbpbpbbbbbpbbbppbppbppbbbpbbbbbb,61
636406,3530,12,14,pbppbbbpbbb,p,pbppbbbpbbbp,2026-02-23 11:16:54,bbbpbbbbbbpbpbpbppbbbpbbbpppbppbpbpbpbpbbppbppbppbpppbpbpb,58
642265,3566,12,45,pbppbbbpbbb,b,pbppbbbpbbbb,2026-02-23 13:37:28,pppppbpppbppbppbbpbbbbpbbppppbbppppppppbppbbppbppbbbpbbbbpbb,60
672473,3741,12,10,pbppbbbpbbb,b,pbppbbbpbbbb,2026-02-25 10:26:40,pbpbbpbppppbppbbbpbbbbbppppbpbbbpbpppbpb,40
673005,3744,12,45,pbppbbbpbbb,p,pbppbbbpbbbp,2026-02-25 11:30:59,ppppbpbppbpbppbppbbbpbpppbpbpbpppbbbbpbbpbppppbppbbbpbbbpb,58
688316,3836,12,21,pbppbbbpbbb,p,pbppbbbpbbbp,2026-02-25 21:46:14,pbppppppbbpbbppbppbpbpbppbbbpbbbpbbbppbpbbpbppbbpbpbbbbpb,57
716116,3994,12,40,pbppbbbpbbb,b,pbppbbbpbbbb,2026-03-02 13:57:19,pbbbbpbpbppbbbbppppbbpbppbpbbbpbbpbbbbbppbppbbbpbbbbbbbpb,57
721707,4030,12,4,pbppbbbpbbb,p,pbppbbbpbbbp,2026-03-03 13:40:59,bbbppbppbbbpbbbpbbbbpbbbpbpbpppbpbbpppbbbppppb,46
722315,4033,12,24,pbppbbbpbbb,p,pbppbbbpbbbp,2026-03-03 15:34:55,bpbbppbpbppbpbppppbppbbppbppbbbpbbbppppbbpppbbpbbppbbpb,55
725452,4050,12,48,pbppbbbpbbb,b,pbppbbbpbbbb,2026-03-03 18:00:21,bbpbpbbbpbpbppbbbbpbbpppbbpbbpbbbbbpbbbpppppbbbppbppbbbpbbbbb,61
731746,4086,12,3,pbppbbbpbbb,p,pbppbbbpbbbp,2026-03-03 19:43:12,ppbpbppbbbpbbbpbppbppbbpbbpbpbppppbpbbbppppbbbbpbppbpbbbpbbbpbb,63
732947,4093,12,32,pbppbbbpbbb,p,pbppbbbpbbbp,2026-03-04 09:22:59,bbppbpbpppbbbpbbpbpbpbppppbpbbpbpbppbbbpbbbpbppbbppbbbb,55
734669,4102,12,7,pbppbbbpbbb,p,pbppbbbpbbbp,2026-03-04 10:06:26,pbppbbbpbppbbbpbbbpbpppbppppppbbpbppbbppppbpbbbppbpbpppbppbbb,61
754987,4223,12,4,pbppbbbpbbb,b,pbppbbbpbbbb,2026-03-05 18:11:04,pbbppbppbbbpbbbbpbpppppbbpbpppppbpppbbppppbbb,45
756639,4233,12,5,pbppbbbpbbb,b,pbppbbbpbbbb,2026-03-05 21:31:56,bbbpppbppbbbpbbbbppbppbbbbpppppbpbbppppbppppbppbbbpbbbbppbbpppbbbpb,67
756655,4233,12,43,pbppbbbpbbb,b,pbppbbbpbbbb,2026-03-05 21:31:56,bbbpppbppbbbpbbbbppbppbbbbpppppbpbbppppbppppbppbbbpbbbbppbbpppbbbpb,67
788942,4423,12,37,pbppbbbpbbb,b,pbppbbbpbbbb,2026-03-15 14:32:16,bppbppbpbbpbbbbbpbbbbbpbbbbbpppppbpbppbppbbbpbbbbpbpbbbbppppb,61
818162,4598,12,24,pbppbbbpbbb,b,pbppbbbpbbbb,2026-03-19 19:17:16,ppbbpbbpbppbpbbbppbppbbppbppbbbpbbbbppbbbppppppbbppb,52
826974,4649,12,23,pbppbbbpbbb,b,pbppbbbpbbbb,2026-03-24 06:20:50,pbpbbbppbpbbbbpbbbpppbppbppbbbpbbbbbbppbpbppbbpbpb,50
827607,4653,12,33,pbppbbbpbbb,b,pbppbbbpbbbb,2026-03-24 06:22:44,pbbpbppbbbpppbbpppbppbpbppbbpbbbppbppbbbpbbbbbpbpbbpbbpbpbbppbppb,65
833584,4692,12,6,pbppbbbpbbb,b,pbppbbbpbbbb,2026-04-12 16:00:54,bbppbppbppbbbpbbbbppbbppbppbbpppbpbpbbppbpppppbp,48
837046,4714,12,26,pbppbbbpbbb,p,pbppbbbpbbbp,2026-04-20 06:39:36,bbbppppbbbpbbpbppbbpbbpbpppbppbbbpbbbpb,39
852535,4803,12,30,pbppbbbpbbb,b,pbppbbbpbbbb,2026-04-23 17:49:53,pbppbbpppbppppppbbbbbppbbbbbpppbppbbbpbbbbbppppbbb,50
865292,4880,12,4,pbppbbbpbbb,b,pbppbbbpbbbb,2026-04-30 15:31:11,bppbpbppbbbpbbbbbbpbpbbbpbbbbbbpbbbpbbpbbbpppbppbbbppp,54
866555,4888,12,10,pbppbbbpbbb,p,pbppbbbpbbbp,2026-04-30 15:37:45,bpbbpbbbpbpbppbbbpbbbppppppppbbbbpppbb,38
897566,5067,12,3,pbppbbbpbbb,b,pbppbbbpbbbb,2026-05-22 05:37:42,ppbpbppbbbpbbbbpppbpbpbppbbppbbbppbppppppbbpbpppppppppbppbp,59
906552,5120,12,28,pbppbbbpbbb,b,pbppbbbpbbbb,2026-05-26 10:13:44,pppbbppbbppbbbbppppbppbbbppppbppbbbpbbbbbppbbppbpppb,52
914574,5168,12,16,pbppbbbpbbb,p,pbppbbbpbbbp,2026-05-27 11:11:39,ppbbpbpppbpbbpbppbppbbbpbbbpppbppbppppbpbbbbppbp,48
923889,5223,12,24,pbppbbbpbbb,b,pbppbbbpbbbb,2026-05-28 14:23:56,bbpbbppbpbpppbbpppbbpppbpbppbbbpbbbbbpp,39
924504,5228,12,16,pbppbbbpbbb,p,pbppbbbpbbbp,2026-05-28 15:24:31,pbbpppbppbpbbbpbpbppbbbpbbbppb,30
928051,5249,12,34,pbppbbbpbbb,b,pbppbbbpbbbb,2026-05-28 16:04:43,bbpbbbbbbbpbpbbbpbbbpbpbpbppbpbbpbpbppbbbpbbbbbbbpb,51
933706,5282,12,35,pbppbbbpbbb,b,pbppbbbpbbbb,2026-06-05 07:00:32,pbpbppbppbppbbpbbppbbbbbpbbpbbppbbbpbppbbbpbbbbppb,50
940054,5321,12,30,pbppbbbpbbb,b,pbppbbbpbbbb,2026-06-06 14:29:44,bbbbpppbppbbbppbpbppppbbpbpbbppbppbbbpbbbbppbbbbppbppb,54
943155,5339,12,24,pbppbbbpbbb,b,pbppbbbpbbbb,2026-06-07 21:14:58,pppbpppbpppppbbbpbbppppbpbppbbbpbbbbbppbbbppppbbpbbbp,53
955834,5417,12,9,pbppbbbpbbb,b,pbppbbbpbbbb,2026-06-17 21:43:20,bbbbppbbppbppbbbpbbbbbbpbpbbbpbppbpbpppppbppppppppppbbbbpbp,59
956245,5419,12,37,pbppbbbpbbb,b,pbppbbbpbbbb,2026-06-17 21:45:31,bbpppbppbbbbpbbpbppbpbbbbppbbpbpppbbppbppbbbpbbbb,49
967883,5484,12,26,pbppbbbpbbb,p,pbppbbbpbbbp,2026-06-20 11:51:13,pbpbppbbpppbbpbppbpppbpppppbppbbbpbbbppbbppbbpbppbbbpbpp,56
188764,161,12,11,pbppbbbpbpb,b,pbppbbbpbpbb,2026-01-26 10:57:31,pbbpppbpppppbppbbbpbpbbpbb,26
189114,173,12,9,pbppbbbpbpb,p,pbppbbbpbpbp,2026-01-26 10:57:31,ppppbppbbpbppbbbpbpbpbppbbbppbbpbpb,35
189660,198,12,0,pbppbbbpbpb,p,pbppbbbpbpbp,2026-01-26 10:57:31,pbppbbbpbpbpbbppbbp,19
194420,293,12,45,pbppbbbpbpb,p,pbppbbbpbpbp,2026-01-26 10:57:31,ppbbpbbbbppbpbpbbpppbbpbbbppbppbbppbbppbbbpbbpbppbbbpbpbpb,58
195975,324,12,12,pbppbbbpbpb,b,pbppbbbpbpbb,2026-01-26 10:57:31,pbbppbbpppbbpbppbbbpbpbbp,25
201122,415,12,24,pbppbbbpbpb,b,pbppbbbpbpbb,2026-01-26 10:57:31,bpbppbbpbbbbpbbbbpbpbbbppbppbbbpbpbbbbbbpppbpbbppbpbbppppp,58
208458,553,12,24,pbppbbbpbpb,b,pbppbbbpbpbb,2026-01-26 10:57:32,bbbbpbppppppbppppbbbpppppbppbbbpbpbbbbbbppbppb,46
208577,555,12,30,pbppbbbpbpb,p,pbppbbbpbpbp,2026-01-26 10:57:32,ppbbpbbbpbppbpbppppbbppbppbpbbpbppbbbpbpbppppppppbpppbb,55
214343,658,12,4,pbppbbbpbpb,b,pbppbbbpbpbb,2026-01-26 10:57:32,pbpbpbppbbbpbpbbppppbbbbpppbpppppbb,35
217386,716,12,18,pbppbbbpbpb,b,pbppbbbpbpbb,2026-01-26 10:57:32,bppppbppppbpppppbbpbppbbbpbpbbppbpbbpp,38
217669,722,12,25,pbppbbbpbpb,b,pbppbbbpbpbb,2026-01-26 10:57:32,pbpbbpppbbpbbbppbbpbppppbpbppbbbpbpbbppbpppbbbpbpbbpppbbbb,58
218403,737,12,35,pbppbbbpbpb,p,pbppbbbpbpbp,2026-01-26 10:57:32,ppppbbbbbpbbbpbppbbpbpbbbpbbbpbbbpppbppbbbpbpbpppbbbbbppbbpbp,61
220877,786,12,6,pbppbbbpbpb,p,pbppbbbpbpbp,2026-01-26 10:57:32,bpbbpbpbppbbbpbpbppppbpbbp,26
222230,812,12,17,pbppbbbpbpb,b,pbppbbbpbpbb,2026-01-26 10:57:32,pppppppbbppbbppbbpbppbbbpbpbbbb,31
226111,880,12,6,pbppbbbpbpb,b,pbppbbbpbpbb,2026-01-26 10:57:32,bbpppppbppbbbpbpbbbpbbbpbpppbbbbb,33
226187,881,12,15,pbppbbbpbpb,p,pbppbbbpbpbp,2026-01-26 10:57:32,bbpbbpbbbpbbbpbpbppbbbpbpbppbppbbpbbbpbbbpbbbbpbbppbppbpbbb,59
228980,929,12,17,pbppbbbpbpb,b,pbppbbbpbpbb,2026-01-26 10:57:32,pbpbbpbbbpbppbppppbppbbbpbpbbbbpbbp,35
230626,957,12,36,pbppbbbpbpb,b,pbppbbbpbpbb,2026-01-26 10:57:32,ppbpbpbbppbbbpbbbpppppbppppbbbpppbbppbppbbbpbpbbppbbpbpbbbpbp,61
232099,981,12,28,pbppbbbpbpb,p,pbppbbbpbpbp,2026-01-26 10:57:32,bbppbpbbpbbbpbbpbbpbbpppbbbppbppbbbpbpbp,40
233126,1001,12,35,pbppbbbpbpb,p,pbppbbbpbpbp,2026-01-26 10:57:32,ppbpbpbbbppppbbpppppbppbpbbbppppppbpbppbbbpbpbpbbpbbb,53
235792,1045,12,16,pbppbbbpbpb,b,pbppbbbpbpbb,2026-01-26 10:57:32,pbpbppbbpbbppbbppbppbbbpbpbbppbpbbppp,37
240365,1128,12,22,pbppbbbpbpb,p,pbppbbbpbpbp,2026-01-26 10:57:32,ppppppbpbpppbppppppppbpbppbbbpbpbpb,35
240909,1137,12,37,pbppbbbpbpb,b,pbppbbbpbpbb,2026-01-26 10:57:32,bppbbbbppbbbbbpbpppppbbpbpbbbpbbbbpbbpbppbbbpbpbbbbpppbpp,57
243054,1174,12,17,pbppbbbpbpb,p,pbppbbbpbpbp,2026-01-26 10:57:32,bbppbbbpbppbbpbbppbppbbbpbpbpbbpbpbp,36
245314,1212,12,28,pbppbbbpbpb,b,pbppbbbpbpbb,2026-01-26 10:57:33,bpbpbpbbpbbpppppbbbpbppbpppppbppbbbpbpbbbbbbbbbbppppbpp,55
246766,1236,12,42,pbppbbbpbpb,p,pbppbbbpbpbp,2026-01-26 10:57:33,bbbpbbpbpbppbbppbpbbppppbpppbppbppppbpbppbpbppbbbpbpbpbbbbb,59
249366,1280,12,29,pbppbbbpbpb,b,pbppbbbpbpbb,2026-01-26 10:57:33,bpppbpbbbbbbpbpbpbbpppbpppbpbpbppbbbpbpbbbppbbbppbpppbbbpp,58
252489,1336,12,23,pbppbbbpbpb,p,pbppbbbpbpbp,2026-01-26 10:57:33,pppbbbpbbbbpbbbpbbpbppbpbppbbbpbpbppbppbbbpbpbbppbbbpbbpppbb,60
252497,1336,12,35,pbppbbbpbpb,b,pbppbbbpbpbb,2026-01-26 10:57:33,pppbbbpbbbbpbbbpbbpbppbpbppbbbpbpbppbppbbbpbpbbppbbbpbbpppbb,60
253588,1356,12,28,pbppbbbpbpb,p,pbppbbbpbpbp,2026-01-26 10:57:33,bpppbpppbpppbbbbpbbppbbpbbbppbppbbbpbpbppbbbb,45
254732,1374,12,5,pbppbbbpbpb,b,pbppbbbpbpbb,2026-01-26 10:57:33,bbppbpbppbbbpbpbbpppppppbpbbpbpppppbbbpbpbbbbppppbbbbpbbp,57
258658,1438,12,24,pbppbbbpbpb,p,pbppbbbpbpbp,2026-01-26 10:57:33,bpbpppbbbbpbpppppbbbpbbbpbppbbbpbpbppbppbbbbppppbppbppbbbpbb,60
260716,1474,12,7,pbppbbbpbpb,p,pbppbbbpbpbp,2026-01-26 10:57:33,bbbppbbpbppbbbpbpbpbbbbbbpbpbpbbpbbbbbpbpbpbbpbbb,49
265226,1547,12,11,pbppbbbpbpb,p,pbppbbbpbpbp,2026-01-26 10:57:33,pbbbbbpbppppbppbbbpbpbppbpbppbbppbpbppbpppbpbbbbbpbpbpp,55
266884,1572,12,26,pbppbbbpbpb,p,pbppbbbpbpbp,2026-01-26 10:57:33,bbpbbpbpbpbbpbbbbbbpbppppppbppbbbpbpbppppbbbppbbpppp,52
268577,1595,12,34,pbppbbbpbpb,p,pbppbbbpbpbp,2026-01-26 10:57:33,bpbppbbpppppbppppbbbpbpbpppbbbpbpbpbppbbbpbpbpppbbpbbppb,56
271422,1643,12,30,pbppbbbpbpb,p,pbppbbbpbpbp,2026-01-26 10:57:33,pbbbbbbbpbbppbbbbpbbpbpppbpppbpbppbbbpbpbpb,43
271841,1649,12,6,pbppbbbpbpb,b,pbppbbbpbpbb,2026-01-26 10:57:33,pppbbbpbppbbbpbpbbbbpppbpppbbbbpppppppbbbbbpbppppbpppbbpbbbbpb,62
272374,1658,12,16,pbppbbbpbpb,p,pbppbbbpbpbp,2026-01-26 10:57:33,pbpbbbpbpbppbpbbpbppbbbpbpbppppppppppp,38
274707,1701,12,16,pbppbbbpbpb,p,pbppbbbpbpbp,2026-01-26 10:57:33,ppbbpbpppppppppppbppbbbpbpbppppbbbppbppp,40
281077,1805,12,20,pbppbbbpbpb,p,pbppbbbpbpbp,2026-01-26 10:57:33,bpppbpppbbbpbpbpbpbbpbppbbbpbpbpbppppbbbppbpbppbbbbbbbbbbpb,59
282771,1833,12,29,pbppbbbpbpb,p,pbppbbbpbpbp,2026-01-26 10:57:34,pbpbppbbbbbbppbpbppbbbbpppbpbpbppbbbpbpbpppb,44
291657,1914,12,10,pbppbbbpbpb,b,pbppbbbpbpbb,2026-01-26 16:15:26,pppbpppbbppbppbbbpbpbbpbppbpbpbbppbppbpbpbbpbbbbpbpp,52
374937,2019,12,29,pbppbbbpbpb,p,pbppbbbpbpbp,2026-01-29 11:42:52,ppbbbpbpbbbbpbbbbpppppppbpbpppbppbbbpbpbpbpbp,45
378347,2039,12,23,pbppbbbpbpb,p,pbppbbbpbpbp,2026-01-29 13:01:40,bbbpbppbppbpbbbpbbbppbbpbppbbbpbpbpppbbbbbp,43
379539,2046,12,23,pbppbbbpbpb,p,pbppbbbpbpbp,2026-01-29 13:03:51,bbbpbppbppbpbbbpbbbppbbpbppbbbpbpbpppbbbbbpbbpbpp,49
382640,2063,12,27,pbppbbbpbpb,b,pbppbbbpbpbb,2026-01-29 18:14:28,bpppppbpbpbbpbbbpppbbbbbppppbppbbbpbpbbppbppbp,46
398469,2156,12,14,pbppbbbpbpb,p,pbppbbbpbpbp,2026-01-31 18:44:38,bbbppbbpbppbbppbppbbbpbpbpbbppbbbpbpbppbpbbbpbbbbbbbppbppbbp,60
401160,2172,12,19,pbppbbbpbpb,p,pbppbbbpbpbp,2026-01-31 19:34:57,pbbbbbppppbppppppbppbppbbbpbpbpppbbppppbpppbpbbpp,49
401626,2175,12,19,pbppbbbpbpb,p,pbppbbbpbpbp,2026-01-31 19:35:49,pbbbbbppppbppppppbppbppbbbpbpbpppbbppppbpppbpbbpppb,51
431655,2338,12,28,pbppbbbpbpb,b,pbppbbbpbpbb,2026-02-04 17:25:26,pbppbbpbpbbppppbpbpbppbpbpbbpbppbbbpbpbbbpbbppbbppbpbbbppppbppbb,64
435078,2357,12,13,pbppbbbpbpb,b,pbppbbbpbpbb,2026-02-04 18:24:33,pbpbppbbpbppppbppbbbpbpbbppbbppbpbbbpbpppbbbpbbpbbbpppppb,57
438095,2373,12,15,pbppbbbpbpb,p,pbppbbbpbpbp,2026-02-04 19:43:09,bpbpbbbbbbppppbpbppbbbpbpbppbbbpppbbbbpbppbppbbp,48
478173,2590,12,31,pbppbbbpbpb,p,pbppbbbpbpbp,2026-02-10 18:43:59,bbpbppppppppppbpppbbbbbbpbpbbpbpbppbbbpbpbppppbbbbpbpppp,56
481737,2613,12,23,pbppbbbpbpb,p,pbppbbbpbpbp,2026-02-10 19:38:08,bbbpbbbbbbbbbpppppbbbbbpbppbbbpbpbpbpppbpbbbb,45
494973,2693,12,50,pbppbbbpbpb,p,pbppbbbpbpbp,2026-02-11 16:43:57,pbppppbpbppbpbpbbpbpbppbppbbbbpbbppppppppbpbpbpppbpbppbbbpbpbpppb,65
506205,2758,12,13,pbppbbbpbpb,b,pbppbbbpbpbb,2026-02-12 09:12:08,bpbbppbbbbbpppbppbbbpbpbbpbppbpbppppbbpbbbpbpbbpp,49
506829,2762,12,14,pbppbbbpbpb,p,pbppbbbpbpbp,2026-02-12 09:41:37,pbpppbpbpbbbbbpbppbbbpbpbppbbbbbbbppppbbpbbpppbbbbbbbb,54
511490,2789,12,39,pbppbbbpbpb,b,pbppbbbpbpbb,2026-02-12 14:38:15,ppbpbppppbpppppbppbbpbbbbpbbbbbppppbbpbpbppbbbpbpbbppbbbpp,58
527015,2875,12,39,pbppbbbpbpb,b,pbppbbbpbpbb,2026-02-13 15:05:17,pppbpppbbbbppppbpppbbbbbbbbppbpbbpbpbbppbppbbbpbpbbbpbbp,56
530372,2893,12,29,pbppbbbpbpb,p,pbppbbbpbpbp,2026-02-13 16:27:15,bppbppbbppppbbbpbbppbppbbpbbbpbppbbbpbpbppppbpbbppbppppppbbbb,61
555790,3038,12,19,pbppbbbpbpb,b,pbppbbbpbpbb,2026-02-15 21:17:04,pbpbbpppppbppppbbbbpbppbbbpbpbbbbbppbbpbpppbppbppppbbpb,55
571946,3125,12,12,pbppbbbpbpb,p,pbppbbbpbpbp,2026-02-17 19:43:42,pbbpbbpbbbbbpbppbbbpbpbpbppbpppbbppbpbbpbbpp,44
580834,3176,12,33,pbppbbbpbpb,b,pbppbbbpbpbb,2026-02-19 11:08:44,bbbpppbpppbpbbpppbbpbpbbbbpbbbppppbppbbbpbpbbpppbb,50
613213,3387,12,4,pbppbbbpbpb,p,pbppbbbpbpbp,2026-02-22 09:04:42,bbbppbppbbbpbpbpbbbbbpbpppppbpppbpbbbpbbbbbbbbbppppppppb,56
618247,3423,12,18,pbppbbbpbpb,p,pbppbbbpbpbp,2026-02-22 10:30:14,pbbpbbbbpbbbbppbbbpbppbbbpbpbpbbbbpbbppbpbppppbpppppppppbbbbb,61
619675,3432,12,5,pbppbbbpbpb,b,pbppbbbpbpbb,2026-02-22 10:36:16,pppbppbppbbbpbpbbbpbbbppppbbbbpbbbppbbpppbpbbppppp,50
624137,3462,12,30,pbppbbbpbpb,p,pbppbbbpbpbp,2026-02-22 18:21:07,bpppbbbbbpbppbbpppbbppbbbbbbbbpbppbbbpbpbppbbpbpppp,51
635106,3522,12,24,pbppbbbpbpb,b,pbppbbbpbpbb,2026-02-23 10:23:37,bpbppbbbbpbpbpbbbpbpbpbbpbppbbbpbpbbpppbbb,42
642446,3567,12,44,pbppbbbpbpb,b,pbppbbbpbpbb,2026-02-23 13:38:03,bpbbpppppbbbbbpppbbbbbbbppppbppbpbppbbppbbpbpbppbbbpbpbbb,57
690301,3846,12,33,pbppbbbpbpb,b,pbppbbbpbpbb,2026-02-26 08:15:01,ppbbbbppbppbbpbbppbpbppbbbppbpppbpbppbbbpbpbbbppppbbbbpbb,57
691641,3854,12,16,pbppbbbpbpb,p,pbppbbbpbpbp,2026-02-26 08:20:36,pbbpppbbppbpbppbpbppbbbpbpbpbbppb,33
715326,3989,12,8,pbppbbbpbpb,p,pbppbbbpbpbp,2026-03-02 13:54:58,bpbpbpbbpbppbbbpbpbpbpbppppbbbpbbppbpppbppbbpppbppppbbpbp,57
725969,4053,12,0,pbppbbbpbpb,p,pbppbbbpbpbp,2026-03-03 18:01:32,pbppbbbpbpbpppppbpbbpppbpbbpppbpbbpbbbpbbbb,43
739347,4128,12,36,pbppbbbpbpb,p,pbppbbbpbpbp,2026-03-04 11:57:28,bppbpppbbbpbbppbbbpppbbpbbbbbbbbpbpbpbppbbbpbpbpbppb,52
744030,4159,12,46,pbppbbbpbpb,p,pbppbbbpbpbp,2026-03-04 15:40:43,bbbbbpbppbbpbbbppppbbpppbppbbbppbbbpbpppppbppbpbppbbbpbpbppbbbbp,64
745039,4165,12,19,pbppbbbpbpb,b,pbppbbbpbpbb,2026-03-05 13:22:11,ppbbbbppppbbpbppbpppbppbbbpbpbbpbbpppbbbpppppppp,48
747883,4182,12,24,pbppbbbpbpb,p,pbppbbbpbpbp,2026-03-05 13:54:25,pbppbbpbbppbppbbppbpbpbbpbppbbbpbpbpbbpbpbbbb,45
763181,4272,12,6,pbppbbbpbpb,p,pbppbbbpbpbp,2026-03-06 17:39:46,bbbbpppbppbbbpbpbpbppppbbbbpbpbbppbpbppbpbbppppbbppb,52
772296,4325,12,19,pbppbbbpbpb,p,pbppbbbpbpbp,2026-03-09 19:05:06,ppppbbpbpbppbbppbpppbppbbbpbpbpbbbpbbpbpbbpbbbpbbpbppppppppb,60
785261,4401,12,0,pbppbbbpbpb,p,pbppbbbpbpbp,2026-03-15 12:55:50,pbppbbbpbpbpbpbpbppbbppbpbpbppbbpppbbbbpbbpbbpbbbbppbbpbbppbpbpbbp,66
794897,4455,12,0,pbppbbbpbpb,p,pbppbbbpbpbp,2026-03-16 19:58:35,pbppbbbpbpbppbppbbbppppbpppbpbppppppbbpbppbppppbpbbpbbbpbbbppppppbpppp,70
816737,4588,12,28,pbppbbbpbpb,p,pbppbbbpbpbp,2026-03-18 16:13:51,pbbbbpbpppbbpbbbbpbbbpbppbbbpbppbbbpbpbpbpbpbbpppbpbbbb,55
822727,4622,12,2,pbppbbbpbpb,b,pbppbbbpbpbb,2026-03-22 09:15:04,pppbppbbbpbpbbppppbbbpbbbpbbpbpbppbbpbbbppbpppppbbpbbbpbpbbpbpb,63
835699,4705,12,43,pbppbbbpbpb,b,pbppbbbpbpbb,2026-04-19 15:50:35,ppbbbbppppbbbppbpbpbppbppbpbbbppbppppbpbbbppbppbbbpbpbbpbpbp,60
849683,4785,12,37,pbppbbbpbpb,b,pbppbbbpbpbb,2026-04-23 15:32:31,ppppbppbbbbpbppbbppbbbpbpbpbbbpbpbbbbpbppbbbpbpbbpbppbpbppbbpb,62
852881,4805,12,27,pbppbbbpbpb,p,pbppbbbpbpbp,2026-04-23 17:51:04,bbpbpppbbpbbpbppbpbbppbppbppbppbbbpbpbppbbppb,45
857681,4834,12,4,pbppbbbpbpb,p,pbppbbbpbpbp,2026-04-23 19:34:02,pbpbpbppbbbpbpbpbbppppbppbpbppbpbbbbpppbbppppbb,47
868357,4900,12,13,pbppbbbpbpb,p,pbppbbbpbpbp,2026-04-30 16:31:02,bbbbbbbbppppppbppbbbpbpbppbbbbbbbpbbppbbpbppppbb,48
880495,4972,12,14,pbppbbbpbpb,p,pbppbbbpbpbp,2026-05-04 15:42:18,bpbbbbbbbbbbpbpbppbbbpbpbppbbppbbbbpbbpppbbbppbb,48
883510,4990,12,38,pbppbbbpbpb,p,pbppbbbpbpbp,2026-05-04 16:33:40,bpbppbbbppbpbppbbpppbpbbbbbpbbppbbbpbppbppbbbpbpbppppppbppbbbppb,64
895611,5056,12,24,pbppbbbpbpb,p,pbppbbbpbpbp,2026-05-22 05:05:28,bbpbpbbbbbpbbpbppbpbbpbbpbppbbbpbpbpbbpppbbbbpbpppbbp,53
904946,5110,12,22,pbppbbbpbpb,p,pbppbbbpbpbp,2026-05-26 10:08:35,bbppbppbppbbpppppbbbpppbppbbbpbpbppbbpbbpbpbbbbbppbbbpbbppbbbpbpbb,66
917239,5185,12,6,pbppbbbpbpb,b,pbppbbbpbpbb,2026-05-28 10:02:48,bpbbpbpbppbbbpbpbbpppppppbpbbppppbb,35
925410,5233,12,19,pbppbbbpbpb,b,pbppbbbpbpbb,2026-05-28 15:30:43,pbpppppbbppbpbbppbbpbppbbbpbpbbbbpppbpb,39
928385,5251,12,12,pbppbbbpbpb,p,pbppbbbpbpbp,2026-05-29 08:27:37,bpppbppbbppppbppbbbpbpbpbbpbpbbbbbpbpppbb,41
929080,5255,12,32,pbppbbbpbpb,p,pbppbbbpbpbp,2026-05-29 08:37:23,pbbbpbppppppbbbbppbbbbppbpppbpbbpbppbbbpbpbpppbpppbpppbppb,58
932590,5276,12,6,pbppbbbpbpb,b,pbppbbbpbpbb,2026-06-05 06:53:57,pppbbbpbppbbbpbpbbbpppbpbbbpppbpppbbbbpbpbbppbbpbbbbpbbpbbpb,60
935340,5292,12,3,pbppbbbpbpb,b,pbppbbbpbpbb,2026-06-05 20:12:46,ppppbppbbbpbpbbpbbpbbbbpbpbbbpppbbbpp,37
948843,5374,12,34,pbppbbbpbpb,p,pbppbbbpbpbp,2026-06-10 10:16:55,ppbbpbpbbbbbbpbpbpbpbpbbbbbbpppppppbppbbbpbpbp,46
189498,185,12,14,pbppbbbpbpp,b,pbppbbbpbppb,2026-01-26 10:57:31,bbpbppbppbpbpbpbppbbbpbppbpb,28
192603,261,12,40,pbppbbbpbpp,p,pbppbbbpbppp,2026-01-26 10:57:31,ppbppbppbppbbbppbbbppbbpbbpppbbbpppbppbppbppbbbpbpppbppbpppp,60
192710,263,12,26,pbppbbbpbpp,p,pbppbbbpbppp,2026-01-26 10:57:31,bbpbbpbpbppbpbbbbbbpbbbppbpbppbbbpbpppppbbpppbbbbpbppppbb,57
193372,274,12,4,pbppbbbpbpp,b,pbppbbbpbppb,2026-01-26 10:57:31,pbpbpbppbbbpbppbbbbpppbbbbbbbpbbbbppbpppbbbbbbbbbppbbppppbpppbpp,64
195539,316,12,21,pbppbbbpbpp,p,pbppbbbpbppp,2026-01-26 10:57:31,pppbpbpbbbpbppbbbppbppbppbbbpbppppbppbpbppppbbpbbbppbbppbbpbbbb,63
195691,319,12,16,pbppbbbpbpp,b,pbppbbbpbppb,2026-01-26 10:57:31,ppppbpppbpbbpbpppbppbbbpbppbbpbp,32
206916,521,12,41,pbppbbbpbpp,b,pbppbbbpbppb,2026-01-26 10:57:32,bbbbppbppbpppbbpppbbbppbpbppbbbpppbpbbbbppbppbbbpbppbbpbbb,58
208684,557,12,20,pbppbbbpbpp,p,pbppbbbpbppp,2026-01-26 10:57:32,bbbbpppppbpbppbpppbbpbppbbbpbpppbpbbpbp,39
216310,696,12,9,pbppbbbpbpp,p,pbppbbbpbppp,2026-01-26 10:57:32,pbbbbbbbppbppbbbpbpppbpbpppbbbbbpbbpbbbpbpbpp,45
220588,779,12,14,pbppbbbpbpp,p,pbppbbbpbppp,2026-01-26 10:57:32,pppbpbppppppbbpbppbbbpbpppbpbbpbbbppbpbbpbbpppbbpppbb,53
224122,842,12,46,pbppbbbpbpp,b,pbppbbbpbppb,2026-01-26 10:57:32,ppbpbbpppbppbppppbbbpbpbpppbpbpbbbppbpbbbppppppbppbbbpbppb,58
228122,914,12,38,pbppbbbpbpp,b,pbppbbbpbppb,2026-01-26 10:57:32,bpbpbbbbbppbppppppbpbppbpbbbppbpbppbpbpbppbbbpbppbbbpbbbp,57
237925,1082,12,23,pbppbbbpbpp,b,pbppbbbpbppb,2026-01-26 10:57:32,bpppbpppbppppbpbbbbbbpppbppbbbpbppbbpbbbppbppbbpbppbbppbbp,58
239291,1107,12,9,pbppbbbpbpp,b,pbppbbbpbppb,2026-01-26 10:57:32,ppbpbbpbppbppbbbpbppbpbppppppbpbpbpbbb,38
245108,1209,12,14,pbppbbbpbpp,p,pbppbbbpbppp,2026-01-26 10:57:33,ppppbbppppbbbppbppbbbpbppppbbbpbpbbbbbppppbppp,46
255546,1388,12,26,pbppbbbpbpp,b,pbppbbbpbppb,2026-01-26 10:57:33,bppbpbpbbppbpbppbbbppbbbbppbppbbbpbppbbbbbbbppbbpb,50
256334,1401,12,33,pbppbbbpbpp,p,pbppbbbpbppp,2026-01-26 10:57:33,pbbpppbbppppbpbbbbpbpppbpbbpbpppbpbppbbbpbpppbpbbb,50
256811,1409,12,33,pbppbbbpbpp,p,pbppbbbpbppp,2026-01-26 10:57:33,bbpbppppbpppbppppbpbpbpppbbpbpppbpbppbbbpbpppppbbpb,51
259305,1449,12,5,pbppbbbpbpp,p,pbppbbbpbppp,2026-01-26 10:57:33,pbbbbpbppbbbpbppppbbbbpbpbpbbpppppbppbpbpbbbbppppbpbpbpbpppbppbbbbp,67
261636,1489,12,19,pbppbbbpbpp,b,pbppbbbpbppb,2026-01-26 10:57:33,pbbppbpbpppppbppbpppbppbbbpbppbpbpbpppbbbpbbpbpppbppbbbbb,57
268370,1593,12,1,pbppbbbpbpp,b,pbppbbbpbppb,2026-01-26 10:57:33,ppbppbbbpbppbbpppbpbbbpbbppbbpbpbpppppbbpp,42
271363,1642,12,35,pbppbbbpbpp,p,pbppbbbpbppp,2026-01-26 10:57:33,bbpppbbpbbbpbppbppbppppbpbbpbbbppbbpbppbbbpbpppbpbpbppbbppbbbpp,63
273168,1672,12,12,pbppbbbpbpp,p,pbppbbbpbppp,2026-01-26 10:57:33,ppbbppppppbbpbppbbbpbpppppbbbppbpbpppbb,39
296317,1941,12,25,pbppbbbpbpp,b,pbppbbbpbppb,2026-01-26 17:21:05,pbbppppbbbpbpppppppbppppbpbppbbbpbppbbppbppbbbpbbbbbpbbbpbbbpb,62
361435,1945,12,13,pbppbbbpbpp,b,pbppbbbpbppb,2026-01-27 13:11:45,pbpbbbppbpbbppbppbbbpbppbppbpbpbpbbbppppbbp,43
368601,1985,12,15,pbppbbbpbpp,b,pbppbbbpbppb,2026-01-27 17:10:30,pbbbbpbpppbpbbbpbppbbbpbppbbbbbbbbppbppbpbbpppp,47
371201,1999,12,23,pbppbbbpbpp,p,pbppbbbpbppp,2026-01-28 10:56:40,pbppbpbbbbpbbbpbppbbbbppbppbbbpbpppbpbpbbbpbbbpppbpbpbbpp,57
374786,2018,12,14,pbppbbbpbpp,p,pbppbbbpbppp,2026-01-29 11:01:02,bpppbbbbpppbbppbppbbbpbpppppppbppbbpbpbbbbpbpbbpbppb,52
386759,2090,12,24,pbppbbbpbpp,p,pbppbbbpbppp,2026-01-30 10:49:31,pbbpbbpbpbbpbpppbbpbbppbpbppbbbpbpppbppbpppppbpbp,49
386953,2091,12,31,pbppbbbpbpp,b,pbppbbbpbppb,2026-01-30 10:49:56,ppppbbpppbbppbpbbpbbppbbpppppbbpbppbbbpbppbbbppppbbppppbbppbp,61
388334,2098,12,42,pbppbbbpbpp,b,pbppbbbpbppb,2026-01-30 10:52:39,pbpbpbbbbpbpbppbbpbppbpppbpppbbpbpbbpbpbpppbppbbbpbppbppbbpp,60
389985,2108,12,26,pbppbbbpbpp,b,pbppbbbpbppb,2026-01-31 06:08:26,bbpbpbpbpbbbpbbbbpppbppbpbpbppbbbpbppbbbbppppbbb,48
417335,2260,12,35,pbppbbbpbpp,p,pbppbbbpbppp,2026-02-02 15:45:39,pbpbbpbbppbbbppbpbbbpbbbppppbpppbpbpbppbbbpbpppppppbpbbbp,57
421365,2281,12,19,pbppbbbpbpp,b,pbppbbbpbppb,2026-02-03 09:42:53,ppbpbbpppppbpbbbbpbpbppbbbpbppbbbppbbppbpbbbpbbppbpbbbbppbpbpbbbpb,66
432018,2340,12,29,pbppbbbpbpp,p,pbppbbbpbppp,2026-02-04 17:26:10,ppppbbbpppbbpppbbpbpppbpbbpbbpbppbbbpbpppbpbbbbbpppppbbpbppp,60
436111,2362,12,42,pbppbbbpbpp,b,pbppbbbpbppb,2026-02-04 18:26:11,bpbpbbppppbbppbppbbbppbpbpbbbbppbppbpbpbbppbppbbbpbppbpppbpp,60
438972,2378,12,16,pbppbbbpbpp,p,pbppbbbpbppp,2026-02-05 14:00:59,ppbpbbbppbpbpppbpbppbbbpbppppbpppbbbbbbpppppbpbpb,49
442459,2397,12,2,pbppbbbpbpp,p,pbppbbbpbppp,2026-02-05 15:05:43,pbpbppbbbpbpppbpbppbppbbbbbpbbppppbpbbpbppbpppbbppbppppbbbbbbpp,63
454749,2462,12,15,pbppbbbpbpp,b,pbppbbbpbppb,2026-02-06 11:01:53,pbpppppbbbppbbbpbppbbbpbppbbpbbppbppbbbbpbbpbbbbpbpbpppbbppb,60
455675,2467,12,38,pbppbbbpbpp,p,pbppbbbpbppp,2026-02-06 11:31:25,bbbbpbbppbpppbbbppppbbppbbbbpbppbpbbpppbppbbbpbpppbbppbb,56
470558,2546,12,31,pbppbbbpbpp,p,pbppbbbpbppp,2026-02-09 15:52:47,pbbppbppppbbpppbbbbpbbbpbpbpbbbpbppbbbpbppppbpppp,49
480019,2603,12,3,pbppbbbpbpp,b,pbppbbbpbppb,2026-02-10 19:34:42,bbbpbppbbbpbppbbpppbpppbbppppbbbpbbbppbbbb,42
490298,2665,12,14,pbppbbbpbpp,b,pbppbbbpbppb,2026-02-11 15:00:23,pbpbbbbbbbbpbbpbppbbbpbppbpbppbpppbpbppbpbpppbpbbpbbppbbbbp,59
498148,2714,12,11,pbppbbbpbpp,b,pbppbbbpbppb,2026-02-11 21:00:54,bpbpbbbbbbppbppbbbpbppbbbppbpppbbbbppbbpbpppbpbbbbbpbpbbb,57
504990,2752,12,30,pbppbbbpbpp,p,pbppbbbpbppp,2026-02-12 09:09:20,ppbbbbpbbbpbbpbpppbpbpbbpppppbpbppbbbpbpppbpbbbpbbbpppppbpppppppb,65
509996,2781,12,18,pbppbbbpbpp,p,pbppbbbpbppp,2026-02-12 14:34:14,bpbbbbbbbbbbbbbbbbpbppbbbpbppppbpbpbbppbpbppbbp,47
526822,2874,12,4,pbppbbbpbpp,p,pbppbbbpbppp,2026-02-13 15:04:44,bppbpbppbbbpbppppbbpbbbpbbppppbbpbbbpppbpbppppbbpbpbpbpbb,57
527570,2878,12,43,pbppbbbpbpp,b,pbppbbbpbppb,2026-02-13 15:06:38,bbppbbbpbpbppppppbpbpbbbbbbppppbbppppbppbpbpbppbbbpbppbppbp,59
535849,2924,12,18,pbppbbbpbpp,b,pbppbbbpbppb,2026-02-13 19:25:31,bbppbbbbpbbpbbpbpppbppbbbpbppbpbbpppppbbbpb,43
548295,2998,12,35,pbppbbbpbpp,b,pbppbbbpbppb,2026-02-14 15:56:05,bpbbpbbbppbbbbpppbppbpbbppbbpbpbbpppbppbbbpbppbbbpbbpp,54
551353,3014,12,18,pbppbbbpbpp,p,pbppbbbpbppp,2026-02-14 16:48:28,ppbbbbbbbpbbbbbppbpbppbbbpbppppbpbbbbpbbpbbbpbbbpbppbbbb,56
554345,3030,12,26,pbppbbbpbpp,p,pbppbbbpbppp,2026-02-15 20:18:52,pbbbbbpbppbbbppbpppbbbppbppbppbbbpbpppppbpbbbbbbbppbbpppbpbb,60
555598,3037,12,0,pbppbbbpbpp,b,pbppbbbpbppb,2026-02-15 21:16:36,pbppbbbpbppbbbbbbppppppbbpppbppbppbpbbpppbppbbbbpbb,51
566418,3094,12,29,pbppbbbpbpp,p,pbppbbbpbppp,2026-02-17 16:18:55,bbbbbpbbpbpbbbbbpbbbpbbpbbpbppbppbbbpbppppbppbbpppppbppbbbp,59
592415,3243,12,29,pbppbbbpbpp,p,pbppbbbpbppp,2026-02-20 14:47:19,bbpbpbpppbpppppbppppbpbbbpbpbpbppbbbpbppppbbpbpbbpbbbpp,55
598434,3284,12,18,pbppbbbpbpp,p,pbppbbbpbppp,2026-02-21 10:11:22,pbbppppbpbpppbpbbbpbppbbbpbpppppbbpppppbbppbbbpbbbpbpbbb,56
643499,3574,12,8,pbppbbbpbpp,b,pbppbbbpbppb,2026-02-23 13:42:37,pbbppppbpbppbbbpbppbppbbbppbpbppb,33
647460,3597,12,13,pbppbbbpbpp,p,pbppbbbpbppp,2026-02-23 14:57:13,bpbpppbppbpbbpbppbbbpbppppbbppppbpp,35
672987,3744,12,13,pbppbbbpbpp,p,pbppbbbpbppp,2026-02-25 11:30:59,ppppbpbppbpbppbppbbbpbpppbpbpbpppbbbbpbbpbppppbppbbbpbbbpb,58
698113,3890,12,40,pbppbbbpbpp,b,pbppbbbpbppb,2026-03-01 11:12:52,pbbbbbpbbpppppbpbbbbppbppbppbbpbbpbpppbbpbppbbbpbppbbpbbbpbpppbbp,65
721555,4029,12,22,pbppbbbpbpp,p,pbppbbbpbppp,2026-03-03 13:40:22,bbbppbppbppbbbbbpbbppbpbppbbbpbpppbbpbpbbpppbpbpbb,50
727651,4062,12,20,pbppbbbpbpp,p,pbppbbbpbppp,2026-03-03 18:25:15,pbbbpbppbbbbpbpbpbpbpbppbbbpbpppbbbbppppbpbppppbbpbppbpbppp,59
734665,4102,12,0,pbppbbbpbpp,b,pbppbbbpbppb,2026-03-04 10:06:26,pbppbbbpbppbbbpbbbpbpppbppppppbbpbppbbppppbpbbbppbpbpppbppbbb,61
738237,4122,12,10,pbppbbbpbpp,b,pbppbbbpbppb,2026-03-04 11:19:56,bpppbbbppppbppbbbpbppbpppbppppbpbbbpbbbbbbb,43
745671,4168,12,9,pbppbbbpbpp,p,pbppbbbpbppp,2026-03-05 13:23:43,bpbpbbbpbpbppbbbpbpppbbppbppbppbbpbbpbbbpbpbpbppbb,50
748753,4187,12,19,pbppbbbpbpp,b,pbppbbbpbppb,2026-03-05 14:38:51,bbpbbpbbpbpbbppppbbpbppbbbpbppbppbpbbbpbpbbbbbppbpppbppbpbppbbbbbpb,67
749085,4189,12,4,pbppbbbpbpp,b,pbppbbbpbppb,2026-03-05 14:39:40,bbpbpbppbbbpbppbbpbpbppbpbbbbbpbbbpbpppbbpbbpb,46
756799,4234,12,37,pbppbbbpbpp,p,pbppbbbpbppp,2026-03-05 21:34:24,pppppbbbbpbbbbpbbbbbbbbbpbpppbbpbbpbppbppbbbpbpppb,50
777056,4353,12,33,pbppbbbpbpp,b,pbppbbbpbppb,2026-03-11 18:49:31,bbbbbbbpppppbppppppbpppbpbpbpbpbbpbppbbbpbppbpbbbppbbbb,55
779875,4369,12,11,pbppbbbpbpp,b,pbppbbbpbppb,2026-03-11 19:43:48,bpbppbppbpbpbppbbbpbppbbbbbpbbp,31
784562,4397,12,4,pbppbbbpbpp,b,pbppbbbpbppb,2026-03-11 20:12:23,bbpppbppbbbpbppbppbpbpbpbbpppppppppbbpbbbbbpbbpbppbpp,53
805016,4513,12,16,pbppbbbpbpp,p,pbppbbbpbppp,2026-03-18 07:49:50,bppbbbpbpppppbbppbppbbbpbppppbbpbppbbbpbp,41
806809,4526,12,25,pbppbbbpbpp,p,pbppbbbpbppp,2026-03-18 09:10:28,ppbbppbppppbpbpbbbbbppbpppbppbbbpbpppbb,39
816733,4588,12,21,pbppbbbpbpp,b,pbppbbbpbppb,2026-03-18 16:13:51,pbbbbpbpppbbpbbbbpbbbpbppbbbpbppbbbpbpbpbpbpbbpppbpbbbb,55
821382,4616,12,14,pbppbbbpbpp,b,pbppbbbpbppb,2026-03-19 20:09:48,bpbbbpbbbbpbpppbppbbbpbppbbbbbbbpbpbpbbbbpbpppbpbbpbpppbppppppbpb,65
838037,4720,12,32,pbppbbbpbpp,b,pbppbbbpbppb,2026-04-20 06:41:57,bppbpbbbppbbpppbpbpppbpbbbppbpbppbppbbbpbppbbbb,47
857352,4832,12,21,pbppbbbpbpp,p,pbppbbbpbppp,2026-04-23 19:33:01,ppbppbpppppbpbbbppbbppbppbbbpbpppbpbbbpbppppbbbbpbpbpp,54
872964,4928,12,9,pbppbbbpbpp,b,pbppbbbpbppb,2026-05-04 08:29:58,bpbpbbbpbpbppbbbpbppbbbpbbppbbbbbbpbpp,38
883117,4988,12,1,pbppbbbpbpp,b,pbppbbbpbppb,2026-05-04 16:31:46,bpbppbbbpbppbpppbbpbbbbbbpbbppbbbbpbppbppbbbbbpb,48
884010,4993,12,20,pbppbbbpbpp,b,pbppbbbpbppb,2026-05-04 17:30:27,ppppppbbpppbpbpppbpppbppbbbpbppbppppbbp,39
895390,5055,12,7,pbppbbbpbpp,p,pbppbbbpbppp,2026-05-22 05:04:59,bbpbpbppbppbbbpbppppbppppbbpbppbpbbbbppbb,41
899752,5079,12,13,pbppbbbpbpp,p,pbppbbbpbppp,2026-05-22 05:43:28,bbbbbbbppbppbpbppbbbpbpppbpbpppbbbpbppbpppppppbb,48
903080,5100,12,13,pbppbbbpbpp,p,pbppbbbpbppp,2026-05-26 09:42:56,bppbbbpppbbbbpbppbbbpbpppbbpbbpbbbbppppbbp,42
909386,5136,12,35,pbppbbbpbpp,p,pbppbbbpbppp,2026-05-26 11:42:16,bpbbpbpbbbbpbbbbppbbpbpbpbpbppbpbpppbppbbbpbppppbpbpbbbbbpbp,60
911499,5147,12,51,pbppbbbpbpp,b,pbppbbbpbppb,2026-05-27 07:17:09,bbppbbpbppbpppbbbbpbppppppbpbpbbbbbbbbppbbppbbbppbppbppbbbpbppbbp,65
913894,5164,12,21,pbppbbbpbpp,p,pbppbbbpbppp,2026-05-27 11:09:40,bpbbbbbbpbppbppppbppbpbppbbbpbpppbppppbpbbpb,44
916518,5179,12,39,pbppbbbpbpp,p,pbppbbbpbppp,2026-05-28 09:58:37,pbbppbbbbppbbpbpppppbppbbpbbpbbpbbbbpbppbppbbbpbpppbppbbbpppbb,62
921824,5212,12,9,pbppbbbpbpp,p,pbppbbbpbppp,2026-05-28 14:16:30,bbbpbbbpppbppbbbpbpppppppbbbbbpppbbbbppbbbbppbbbpbpppbpbbbpbbpbp,64
925826,5235,12,37,pbppbbbpbpp,p,pbppbbbpbppp,2026-05-28 15:33:25,ppbbbbpppbpbbbpppppbbpbpbppppbpbppbpppbppbbbpbpppbbbpppppbp,59
945875,5356,12,32,pbppbbbpbpp,p,pbppbbbpbppp,2026-06-08 10:18:41,bpbpppbppppppbbppppppppbpbpbbbpbpbppbbbpbpppbbbbpbbpbppbpbbppbbpbppb,68
958807,5434,12,4,pbppbbbpbpp,p,pbppbbbpbppp,2026-06-19 13:53:12,bppbpbppbbbpbppppppbbppbppbppbbpbppbbbpppbppbpbbpbbbbppbp,57
965835,5473,12,30,pbppbbbpbpp,b,pbppbbbpbppb,2026-06-20 11:35:24,pbbppbbpppppbbpbppbpbbpbpbppbppbppbbbpbppbppb,45
968655,5488,12,24,pbppbbbpbpp,p,pbppbbbpbppp,2026-06-20 12:16:03,bpbppbppbppbppppbpbbpbpppbppbbbpbpppbbbpbbpbbbbpppbbbp,54
192267,255,12,19,pbppbbbpppb,b,pbppbbbpppbb,2026-01-26 10:57:31,pppbppppbbbpbppppbbpbppbbbpppbbpbppbbbbbpbpppppbbbbbpbbbbbbbbbppbb,66
196879,340,12,19,pbppbbbpppb,p,pbppbbbpppbp,2026-01-26 10:57:31,bbbppbpppbppbbppbbppbppbbbpppbppppbppbpbppppppppppbpbbbb,56
198926,375,12,5,pbppbbbpppb,p,pbppbbbpppbp,2026-01-26 10:57:31,ppbbppbppbbbpppbppppbpbbpbpbpbpbbbpbbbpbpbp,43
199125,378,12,5,pbppbbbpppb,p,pbppbbbpppbp,2026-01-26 10:57:31,ppbbppbppbbbpppbppppbpbbpbpbpbpbbbpbbbpbpbppbppb,48
206908,521,12,24,pbppbbbpppb,p,pbppbbbpppbp,2026-01-26 10:57:32,bbbbppbppbpppbbpppbbbppbpbppbbbpppbpbbbbppbppbbbpbppbbpbbb,58
214049,652,12,27,pbppbbbpppb,b,pbppbbbpppbb,2026-01-26 10:57:32,bbpppppbbbppbppbpppbpbppbpbpbppbbbpppbbpbbbbpp,46
214130,654,12,47,pbppbbbpppb,b,pbppbbbpppbb,2026-01-26 10:57:32,bbbbbbpbbbbbbpbbbbbbbbpppppppbppbbbbpbbpppppbpppbppbbbpppbbbppbbp,65
217591,721,12,16,pbppbbbpppb,b,pbppbbbpppbb,2026-01-26 10:57:32,pppbbbbbpppbpbbbpbppbbbpppbbpbppbpbppbpp,40
223797,837,12,42,pbppbbbpppb,p,pbppbbbpppbp,2026-01-26 10:57:32,bpbpbppbpbbbppbbpbbpbbpbbppppppppbbbpbpbbbpbppbbbpppbp,54
232689,992,12,29,pbppbbbpppb,b,pbppbbbpppbb,2026-01-26 10:57:32,bbppbbbpppbpbbppppbbbpbbbpppppbppbbbpppbbbbbbbpbpp,50
232987,998,12,11,pbppbbbpppb,b,pbppbbbpppbb,2026-01-26 10:57:32,bbppbbpbpbppbppbbbpppbbpbbpppbpbpppbbbppp,41
233336,1004,12,47,pbppbbbpppb,p,pbppbbbpppbp,2026-01-26 10:57:32,bbbpbbbbbbpbbbppbppbbpppppbpppbbppbppbbpbbpbbbbpbppbbbpppbpb,60
233887,1013,12,28,pbppbbbpppb,p,pbppbbbpppbp,2026-01-26 10:57:32,ppbpppbbbppppbppbbbbpbbpbpbbpbppbbbpppbppb,42
236483,1057,12,35,pbppbbbpppb,p,pbppbbbpppbp,2026-01-26 10:57:32,pbbpbbbpppbbbpbpppppppbbbpbbbpppbpbpbppbbbpppbppbppb,52
238979,1101,12,6,pbppbbbpppb,b,pbppbbbpppbb,2026-01-26 10:57:32,pppbpbpbppbbbpppbbbpbbbbbbbpbbpbbpbpbpbbbbbbpbppbbpppbb,55
242667,1168,12,18,pbppbbbpppb,p,pbppbbbpppbp,2026-01-26 10:57:32,pbbpbpbbbbppbppbpppbppbbbpppbpbpbbpbpbppbbpbppbpbbbbppbpppp,59
254789,1375,12,0,pbppbbbpppb,b,pbppbbbpppbb,2026-01-26 10:57:33,pbppbbbpppbbpbppbpppppbbpbbbppbbpbbpppbpppbpbbp,47
256075,1396,12,4,pbppbbbpppb,b,pbppbbbpppbb,2026-01-26 10:57:33,pppbpbppbbbpppbbpbpppbbpbbpppppbbpppbbpbbbbppppbbppbpbbbppbbp,61
258715,1439,12,28,pbppbbbpppb,p,pbppbbbpppbp,2026-01-26 10:57:33,pppbppbppppppbbbpbbbbbbbbbbbpbppbbbpppbpbpbppbbpbbbb,52
258905,1443,12,12,pbppbbbpppb,b,pbppbbbpppbb,2026-01-26 10:57:33,bbbbbppppppbpbppbbbpppbbbbbbpbbpbpbppbbbp,41
261976,1495,12,12,pbppbbbpppb,p,pbppbbbpppbp,2026-01-26 10:57:33,ppppppbpppbppbppbbbpppbpbppbbppbpbppbbpp,40
262881,1512,12,19,pbppbbbpppb,b,pbppbbbpppbb,2026-01-26 10:57:33,pbpbbpbbbpbbbbpbppbpbppbbbpppbbbppbbpppbpbpppppbbbppbb,54
270326,1625,12,36,pbppbbbpppb,b,pbppbbbpppbb,2026-01-26 10:57:33,bbbpbbbbbpbppppbpppbpppbpbpbpbbbpbpbpbppbbbpppbbbbbbpbpb,56
272015,1652,12,7,pbppbbbpppb,p,pbppbbbpppbp,2026-01-26 10:57:33,ppbpbpppbppbbbpppbpbpbbbpbbppbppbbpbbpbpppbbbbbpbb,50
276868,1739,12,36,pbppbbbpppb,b,pbppbbbpppbb,2026-01-26 10:57:33,bpbpbbpppbppbbpbppbbpbppbpbbbbpbbpbppbppbbbpppbbpppppbpb,56
283655,1849,12,13,pbppbbbpppb,b,pbppbbbpppbb,2026-01-26 10:57:34,ppbpbpbbbppbbpbppbbbpppbbppbbbpbbbbbbbbpbpb,43
283933,1854,12,4,pbppbbbpppb,b,pbppbbbpppbb,2026-01-26 10:57:34,pbbbpbppbbbpppbbppbbbbpbbpppppbpbbpbpbbb,40
286729,1885,12,6,pbppbbbpppb,p,pbppbbbpppbp,2026-01-26 11:39:43,ppbbbbpbppbbbpppbppbbbbpbbbbpbpbbbbbbbbpbbpbbpbbp,49
288171,1894,12,11,pbppbbbpppb,b,pbppbbbpppbb,2026-01-26 11:42:51,ppbpbbpbbpbpbppbbbpppbbppppppbbpppbpppbbbbb,43
365818,1969,12,28,pbppbbbpppb,p,pbppbbbpppbp,2026-01-27 14:37:15,pbppbbppbbpbbpbbbppbbbpbbbpbpbppbbbpppbpbppppppppb,50
367410,1977,12,43,pbppbbbpppb,p,pbppbbbpppbp,2026-01-27 16:26:23,bbpbbbbbbppbpppbppppbbppbbbppbpppbppbpbpbbbpbppbbbpppbpbbp,58
374023,2014,12,42,pbppbbbpppb,b,pbppbbbpppbb,2026-01-29 10:59:50,ppbbbpppppbbpppppbppbbbbpbpbppbbppbbbpbbpppbppbbbpppbbppbbppppbpbbpp,68
383105,2066,12,9,pbppbbbpppb,b,pbppbbbpppbb,2026-01-30 10:12:09,bpbbpbppbpbppbbbpppbbpppbppbpbbpbpbbbppppbp,43
403814,2186,12,25,pbppbbbpppb,p,pbppbbbpppbp,2026-01-31 19:58:38,pbbbppbppbpbbppppbppbppbbpbppbbbpppbpbpb,40
428363,2319,12,47,pbppbbbpppb,p,pbppbbbpppbp,2026-02-04 16:53:59,bbbppbbppppbbpppbpbbpppbbbpbpbbpbbpbbpbpbbbpbpbpbppbbbpppbppbbpbbb,66
438101,2373,12,24,pbppbbbpppb,b,pbppbbbpppbb,2026-02-04 19:43:09,bpbpbbbbbbppppbpbppbbbpbpbppbbbpppbbbbpbppbppbbp,48
441113,2390,12,32,pbppbbbpppb,b,pbppbbbpppbb,2026-02-05 14:31:27,pppbbbpbbbppbbpbppbbbppbpppppbbbpbppbbbpppbb,44
442073,2395,12,27,pbppbbbpppb,p,pbppbbbpppbp,2026-02-05 15:04:32,ppbbpbbpbpppbbbpppbpppbbbpbpbppbbbpppbpbpbbbpbb,47
469288,2540,12,15,pbppbbbpppb,p,pbppbbbpppbp,2026-02-09 15:50:54,ppbbbppppbpbppppbppbbbpppbpbbpppppbppbbpbppppbbbppbbbbppbb,58
478559,2593,12,28,pbppbbbpppb,p,pbppbbbpppbp,2026-02-10 18:44:56,pbbpbbpppbpbpbpbpbppppppbppppbppbbbpppbpppbpbbbbbbpbbp,54
484936,2631,12,30,pbppbbbpppb,p,pbppbbbpppbp,2026-02-11 11:07:45,bbppbbpbbpbbpbbppbbbpbbpbpbpbbpbppbbbpppbpbbbbpppbppppbppbpbbpb,63
487302,2643,12,2,pbppbbbpppb,p,pbppbbbpppbp,2026-02-11 13:48:04,pbpbppbbbpppbpbbbpppbbpbpppbbbppppppbbpbbbbbpbbbppbpbpbbp,57
504187,2748,12,8,pbppbbbpppb,b,pbppbbbpppbb,2026-02-12 08:51:02,pbbpbpbbpbppbbbpppbbpbppppbbbbbppbppbpppbpbpppppbbpbbbbppb,58
510131,2782,12,24,pbppbbbpppb,b,pbppbbbpppbb,2026-02-12 14:34:52,bpbbpppbpbbppbbbbpppbbbbpbppbbbpppbbpppbbp,42
510284,2783,12,27,pbppbbbpppb,b,pbppbbbpppbb,2026-02-12 14:35:21,ppbbpbbppbpbbpbbpbbpbbbpbbbpbppbbbpppbb,39
515339,2811,12,8,pbppbbbpppb,b,pbppbbbpppbb,2026-02-12 15:54:29,bbpbpppppbppbbbpppbbpbppbbbbbppbpbbbppbppppbpbp,47
548652,3000,12,36,pbppbbbpppb,p,pbppbbbpppbp,2026-02-14 15:56:56,pppbbbpbbpbpbpbbppppbbppbbbbbbbbpbpppbppbbbpppbppppbpbbppbbpppbbppppb,69
548983,3002,12,12,pbppbbbpppb,p,pbppbbbpppbp,2026-02-14 15:57:52,bbpbbppbbppppbppbbbpppbpbbppppbpbbpppbppbppbpbbbpbpb,52
549916,3007,12,17,pbppbbbpppb,p,pbppbbbpppbp,2026-02-14 16:00:02,bpbpbppbbpbbbbpbppbppbbbpppbpbppbpbbppbpppbpbbpbppp,51
553324,3025,12,10,pbppbbbpppb,p,pbppbbbpppbp,2026-02-15 19:51:10,bpbbpbpppppbppbbbpppbpbppbpppbpbbbpbbbbpbbbpbpbp,48
565778,3091,12,4,pbppbbbpppb,b,pbppbbbpppbb,2026-02-17 16:17:33,ppbbpbppbbbpppbbbppppbpbpbpbpppbppbppbpbbbppbppbb,49
580035,3172,12,23,pbppbbbpppb,p,pbppbbbpppbp,2026-02-19 11:06:48,bbpbppbpbbpbbbbpppppbpbpbppbbbpppbppppbb,40
599105,3288,12,34,pbppbbbpppb,b,pbppbbbpppbb,2026-02-21 10:13:07,pbppppppbbpbbbpbpbbppbbbbpbppppbbppbppbbbpppbbbb,48
604022,3321,12,43,pbppbbbpppb,p,pbppbbbpppbp,2026-02-21 11:41:53,ppbpbppbpbbbbppbbbbbppbbbpppbpppppbpppbbpbbpbppbbbpppbpbbbbbppp,63
614334,3396,12,33,pbppbbbpppb,p,pbppbbbpppbp,2026-02-22 09:34:44,ppbppbpbppbpbbbbbpbppbpbpbppbbppbpbppbbbpppbpbpbbpppb,53
617505,3419,12,30,pbppbbbpppb,p,pbppbbbpppbp,2026-02-22 10:10:02,pbbpppbbbppbppbppbppppbppbpppppbppbbbpppbppbbpppbbpbbpppbp,58
617732,3420,12,34,pbppbbbpppb,p,pbppbbbpppbp,2026-02-22 10:28:45,bpbpppppbppbppbpbbpbbppbppbbbbppbbpbppbbbpppbpbppbbpbpbpp,57
642995,3570,12,3,pbppbbbpppb,p,pbppbbbpppbp,2026-02-23 13:40:08,pbppbppbbbpppbpbbpbbpbpbpbbbbpppbbbpbpbpbppbpbpppbbbbb,54
647662,3598,12,40,pbppbbbpppb,p,pbppbbbpppbp,2026-02-23 14:57:58,pbbbbppppbbbbbpbbpppppbbpbbpbpbbppbpbbpbpbppbbbpppbppbbpb,57
653486,3630,12,24,pbppbbbpppb,b,pbppbbbpppbb,2026-02-24 11:11:23,pppbbpppbbpbbbbpbppbbbbbpbppbbbpppbbppppbbppbbpbppbppbpppbpbpbbbppbpbp,70
656956,3650,12,51,pbppbbbpppb,b,pbppbbbpppbb,2026-02-24 14:50:25,bbbpbpbbbppppppbppbbppbbbbpbppbppbbbbbpppbbbbbpppbppbppbbbpppbbpp,65
668157,3713,12,40,pbppbbbpppb,p,pbppbbbpppbp,2026-02-24 20:18:12,bppbpbbbpbpbbpbpbppppbbbppbpbpbbbbpppbbppbppbbbpppbppb,54
670228,3726,12,17,pbppbbbpppb,p,pbppbbbpppbp,2026-02-25 09:49:13,bbbpbbpppppppbppbpbppbbbpppbpppbpppppbbbbbpbppbpppbpbbbb,56
680077,3787,12,25,pbppbbbpppb,p,pbppbbbpppbp,2026-02-25 18:42:55,bpppbppbppbppbbbbppppbppppbppbbbpppbpbbpbbbbbpbbpbbppbpbbb,58
690949,3850,12,19,pbppbbbpppb,b,pbppbbbpppbb,2026-02-26 08:17:59,bbbpbbpbpppppbpbppppbppbbbpppbbpbppppbbpppppbbbbbbbp,52
696736,3883,12,22,pbppbbbpppb,b,pbppbbbpppbb,2026-02-28 13:41:55,pbbbbbpppppbbppbppbppbpbppbbbpppbbbpbppbpbbppbbpbpbpbpbb,56
710096,3960,12,34,pbppbbbpppb,p,pbppbbbpppbp,2026-03-01 20:19:25,bpbbbbbppbpbppbppbppppbpppppbbppbppbppbbbpppbpbbbpbbpbpbbpbbpp,62
738822,4125,12,24,pbppbbbpppb,b,pbppbbbpppbb,2026-03-04 11:55:59,bbbppppbbbpbbbbbpbbppppbpbppbbbpppbbpbbppbppbbpbbbpppbbb,56
769568,4310,12,5,pbppbbbpppb,b,pbppbbbpppbb,2026-03-09 16:05:04,bpbpppbppbbbpppbbbpbbbbpbbpbbpbbbpppbbbbbbp,43
772049,4324,12,9,pbppbbbpppb,b,pbppbbbpppbb,2026-03-09 19:04:44,bbppppppppbppbbbpppbbpbpbbbbbbppbppbbppbppbpbpbbp,49
779548,4367,12,14,pbppbbbpppb,p,pbppbbbpppbp,2026-03-11 19:16:31,bbbpppbbbpbbbppbppbbbpppbpbbbppbppbpbbbpbbbpbbpbbbpppbbbbpbppp,62
786792,4409,12,1,pbppbbbpppb,b,pbppbbbpppbb,2026-03-15 13:00:06,bpbppbbbpppbbppppbbpbbbpppppppbbbpppbppbpbbpbpppbpppbppbpbppbpppp,65
799657,4482,12,48,pbppbbbpppb,p,pbppbbbpppbp,2026-03-17 19:18:36,bbpbbbpbbbpbpbbpppbbbbbbppbppppbbbppbpbpbbpbpbpbpbppbbbpppbp,60
801653,4493,12,9,pbppbbbpppb,b,pbppbbbpppbb,2026-03-17 20:20:28,pbbpppbpbpbppbbbpppbbbbbbppbbbbbpbppppppppbppbpbppbpbbbppbpbpp,62
809914,4546,12,21,pbppbbbpppb,b,pbppbbbpppbb,2026-03-18 13:44:24,bpbbpbpbbpppppbbpbbpbpbppbbbpppbbpppbpbbpb,42
820348,4611,12,23,pbppbbbpppb,p,pbppbbbpppbp,2026-03-19 20:07:44,pppbbbbbpppbbbpbbbpppbppbppbbbpppbpppbpppbpb,44
827591,4653,12,3,pbppbbbpppb,b,pbppbbbpppbb,2026-03-24 06:22:44,pbbpbppbbbpppbbpppbppbpbppbbpbbbppbppbbbpbbbbbpbpbbpbbpbpbbppbppb,65
859752,4847,12,1,pbppbbbpppb,p,pbppbbbpppbp,2026-04-23 20:14:37,bpbppbbbpppbpbbbbbbbbbpbbppbbppbpppbppbpbpbpbpbbpppbbbbpb,57
868801,4903,12,19,pbppbbbpppb,p,pbppbbbpppbp,2026-04-30 16:35:10,bbbppbbbbbbpppppbbbpbppbbbpppbpppppbbpbbppbppbbpp,49
883891,4992,12,36,pbppbbbpppb,p,pbppbbbpppbp,2026-05-04 17:25:56,bpbbpbpbppbpbbbpbpbpbbppbpbbppppbbbbpbppbbbpppbpppbbpbp,55
888871,5018,12,10,pbppbbbpppb,p,pbppbbbpppbp,2026-05-14 07:19:38,bbbpbppppppbppbbbpppbpbbpppbppbpbpppbbbppppppbbpbbb,51
897794,5068,12,44,pbppbbbpppb,p,pbppbbbpppbp,2026-05-22 05:38:07,bbbpppbbbpbppppbbbpbpbbpbpbpppbpppbbbbbbpppppbppbbbpppbpbpbbpbbb,64
901353,5089,12,21,pbppbbbpppb,p,pbppbbbpppbp,2026-05-23 06:42:05,bbpbbpbppppppbbpbbbpbpbppbbbpppbpbbpbpppppppbppbbbbpppppbbpbbbbb,64
911700,5148,12,41,pbppbbbpppb,b,pbppbbbpppbb,2026-05-27 07:17:40,bbbpbppbbpppbpbbbpbbpbbpbbbpbpppbbbbbpbbppbppbbbpppbbppbb,57
916524,5179,12,50,pbppbbbpppb,b,pbppbbbpppbb,2026-05-28 09:58:37,pbbppbbbbppbbpbpppppbppbbpbbpbbpbbbbpbppbppbbbpbpppbppbbbpppbb,62
934029,5284,12,7,pbppbbbpppb,p,pbppbbbpppbp,2026-06-05 07:02:47,pbppppppbppbbbpppbppppppbpppbbpbppbbpbpbpbppbbpbbbpbpbbbb,57
941938,5332,12,5,pbppbbbpppb,b,pbppbbbpppbb,2026-06-07 21:03:46,pbppbpbppbbbpppbbppbbbbpbpbpbpbpppbpppbpbpppppbpbbppb,53
945249,5353,12,38,pbppbbbpppb,p,pbppbbbpppbp,2026-06-08 10:15:06,bbbbbppbpbbpppbpbpppbbbbbpbpbbbbbbpppbpbppbbbpppbppbbpbbb,57
958821,5434,12,31,pbppbbbpppb,p,pbppbbbpppbp,2026-06-19 13:53:12,bppbpbppbbbpbppppppbbppbppbppbbpbppbbbpppbppbpbbpbbbbppbp,57
967175,5480,12,4,pbppbbbpppb,p,pbppbbbpppbp,2026-06-20 11:45:28,pbpbpbppbbbpppbpppbpppppbpbbpbbppppbbbpbpbpppppppppppppbpb,58
189906,211,12,4,pbppbbbpppp,b,pbppbbbppppb,2026-01-26 10:57:31,bppppbppbbbppppbpppbbpbppbbpbpppbbpbpbbbbpbbbbbbbbpbpbppp,57
192204,254,12,21,pbppbbbpppp,p,pbppbbbppppp,2026-01-26 10:57:31,bbbbpbpppppbbbppbpbbbpbppbbbpppppbppppppppbppbppbpppbppp,56
198671,371,12,25,pbppbbbpppp,b,pbppbbbppppb,2026-01-26 10:57:31,pbpppbbpppppbppppbpppbbpppbppbbbppppbpbbpbbpbbpbpbpbbpbpp,57
209678,574,12,20,pbppbbbpppp,b,pbppbbbppppb,2026-01-26 10:57:32,bbppbbpppbbbbpppbbpbpbppbbbppppbbpbbpbpppbppbb,46
214076,653,12,6,pbppbbbpppp,p,pbppbbbppppp,2026-01-26 10:57:32,bbpbbbpbppbbbpppppbppppppbbbbbbbbbbbbbp,39
215799,687,12,33,pbppbbbpppp,b,pbppbbbppppb,2026-01-26 10:57:32,bbpbppbpbbpbbpbppppppbpppbbpppbpbpbppbbbppppbpbbpbp,51
217468,718,12,3,pbppbbbpppp,p,pbppbbbppppp,2026-01-26 10:57:32,pbbpbppbbbppppppbpbppbbbbbppbpbbbbbb,36
218000,727,12,35,pbppbbbpppp,p,pbppbbbppppp,2026-01-26 10:57:32,bppbbppbbppbppbpbpppbbppbbpbppbpbpbpbppbbbpppppbbb,50
218038,728,12,21,pbppbbbpppp,p,pbppbbbppppp,2026-01-26 10:57:32,bppbbbppppbbpbpppbbbbpbppbbbppppppbpbb,38
218077,730,12,3,pbppbbbpppp,b,pbppbbbppppb,2026-01-26 10:57:32,ppbpbppbbbppppbbppbppbpbbpppppppppb,35
221781,803,12,9,pbppbbbpppp,p,pbppbbbppppp,2026-01-26 10:57:32,ppbbbppbppbppbbbpppppbpbbbbbbbbbppppppbppbbpbpbbpbpppbpbbppbp,61
236681,1061,12,6,pbppbbbpppp,p,pbppbbbppppp,2026-01-26 10:57:32,bppbbbpbppbbbpppppbppbbbppppbppbbppppbpppppbpbbbbpbbpb,54
236685,1061,12,17,pbppbbbpppp,b,pbppbbbppppb,2026-01-26 10:57:32,bppbbbpbppbbbpppppbppbbbppppbppbbppppbpppppbpbbbbpbbpb,54
240190,1123,12,37,pbppbbbpppp,b,pbppbbbppppb,2026-01-26 10:57:32,pbppbbpbbpbppppbppppppbbpbppbbbpbbbbbpbppbbbppppbpppbp,54
244009,1190,12,39,pbppbbbpppp,p,pbppbbbppppp,2026-01-26 10:57:33,bppbppppppppbpbbppbpbbbppppppbppppbbbbbpbppbbbpppppbbbppbbb,59
253452,1354,12,2,pbppbbbpppp,b,pbppbbbppppb,2026-01-26 10:57:33,bppbppbbbppppbpbppbpbbpbbpbbpppbbbpbpbp,39
254347,1368,12,1,pbppbbbpppp,p,pbppbbbppppp,2026-01-26 10:57:33,bpbppbbbpppppbbbbbbbppbppbbbpbbbbpbpppbpppbbbbbbppbpbppbppbbbbbb,64
256227,1399,12,21,pbppbbbpppp,p,pbppbbbppppp,2026-01-26 10:57:33,pbbpbpbbbpbpbppbbppbppbppbbbppppppb,35
257782,1425,12,26,pbppbbbpppp,b,pbppbbbppppb,2026-01-26 10:57:33,pppppppbbpbppbbbbbbppbbbbppbppbbbppppbppppbpppbpp,49
259526,1452,12,37,pbppbbbpppp,b,pbppbbbppppb,2026-01-26 10:57:33,bpppppbpppbbbppppbbpbppbpbpbbbbpbppbppbppbbbppppbbb,51
259883,1460,12,1,pbppbbbpppp,b,pbppbbbppppb,2026-01-26 10:57:33,bpbppbbbppppbppbppbbbbbpppbbppppbppbbpppbppbpbpbbbbbbb,54
268185,1590,12,49,pbppbbbpppp,b,pbppbbbppppb,2026-01-26 10:57:33,bpbpbbpppbbbppbpbppbpbbpppbbbppbbbpppbbbbbbbpbbbppbppbbbppppbbpb,64
270249,1624,12,30,pbppbbbpppp,p,pbppbbbppppp,2026-01-26 10:57:33,ppbbbpbppbppbpppppbbbppbbbpbpbpbppbbbpppppbpppbppbbb,52
271955,1651,12,24,pbppbbbpppp,b,pbppbbbppppb,2026-01-26 10:57:33,pbbppppbpbpppbbppbpbbbpbpbppbbbppppbbpbbpbbpppbbpbb,51
272778,1665,12,16,pbppbbbpppp,b,pbppbbbppppb,2026-01-26 10:57:33,pppbpbbpbbppbbbppbppbbbppppbpbpbbppbp,37
272823,1666,12,8,pbppbbbpppp,b,pbppbbbppppb,2026-01-26 10:57:33,bbbpppbppbppbbbppppbbppbbpppbppbbbbbbbpppbpbbppppbppbbpp,56
279690,1783,12,12,pbppbbbpppp,b,pbppbbbppppb,2026-01-26 10:57:33,bbppbpbbpbbppbppbbbppppbppbppbbpppbbbbpbpbbp,44
280236,1792,12,5,pbppbbbpppp,b,pbppbbbppppb,2026-01-26 10:57:33,ppbpbpbppbbbppppbpppbbppppbpppppppbpbpbbpbpppbppppbbppbpppbppbpppbpbbp,70
284527,1862,12,24,pbppbbbpppp,b,pbppbbbppppb,2026-01-26 10:57:34,bbppbppbpbpbppbppbpbbpbbpbppbbbppppbpbpbppbpbpbpbbbbbbpppb,58
290835,1910,12,4,pbppbbbpppp,p,pbppbbbppppp,2026-01-26 16:14:15,pppbpbppbbbpppppbbpbbbpbpppbbbpbbppppppppbbpppppbb,50
372812,2008,12,20,pbppbbbpppp,b,pbppbbbppppb,2026-01-28 10:59:17,ppbbpbbpbpbbpppppbbppbppbbbppppbbpppbpbppbpbbppbppbppbpppbbbbbbbbpp,67
376343,2027,12,6,pbppbbbpppp,b,pbppbbbppppb,2026-01-29 11:45:19,bbpppppbppbbbppppbbpbpbbpbbppppbbpbpbppppp,42
386957,2091,12,38,pbppbbbpppp,b,pbppbbbppppb,2026-01-30 10:49:56,ppppbbpppbbppbpbbpbbppbbpppppbbpbppbbbpbppbbbppppbbppppbbppbp,61
405160,2193,12,3,pbppbbbpppp,p,pbppbbbppppp,2026-02-02 12:31:22,bpbpbppbbbppppppppppbbbbppbbbbpbbbpppbbpbbppbpbpbbbbpbbp,56
410070,2220,12,29,pbppbbbpppp,b,pbppbbbppppb,2026-02-02 14:12:51,bpbbpppbbpppppppppppppppbbbpppbppbbbppppbbpbpbbbbbbpbbbb,56
414236,2242,12,20,pbppbbbpppp,p,pbppbbbppppp,2026-02-02 14:37:54,bbbbppbpbpbbbbbpbppppbppbbbpppppbbppbpppbpbbppbbpbbppppbpppbbbbp,64
427883,2317,12,34,pbppbbbpppp,p,pbppbbbppppp,2026-02-04 16:53:07,pbbbpbpbppppppbbppppbpbbpppbpbpbbbpbppbbbpppppbbppbpppb,55
438269,2374,12,4,pbppbbbpppp,b,pbppbbbppppb,2026-02-04 19:43:29,bpbbpbppbbbppppbbpbbpbbbbpbppppppbbpbpbpppbbbbppbbbbb,53
443686,2404,12,25,pbppbbbpppp,b,pbppbbbppppb,2026-02-05 15:34:20,pbbbbbppbbppbpppppppbbppbpbppbbbppppbbbppbpbp,45
449424,2434,12,38,pbppbbbpppp,p,pbppbbbppppp,2026-02-06 10:20:12,pbpbbpbppbbbbbpbbbbpbbppbpbbbpppppbppbpbppbbbpppppbbppbpb,57
449830,2436,12,38,pbppbbbpppp,p,pbppbbbppppp,2026-02-06 10:20:47,pbpbbpbppbbbbbpbbbbpbbppbpbbbpppppbppbpbppbbbpppppbbppbpbbpb,60
455097,2464,12,17,pbppbbbpppp,b,pbppbbbppppb,2026-02-06 11:02:29,bbpppbbbppbpppppppbppbbbppppbbpbbpbbbpbbpbppbbbbpbbbpppbbpbpp,61
459708,2488,12,0,pbppbbbpppp,b,pbppbbbppppb,2026-02-06 13:00:08,pbppbbbppppbbbpppppbpbbbbbppbbpbpbbbpbbbpppbbpbppbbpppppppbpppbp,64
466152,2523,12,10,pbppbbbpppp,b,pbppbbbppppb,2026-02-08 04:10:22,bbbbbbbbpppbppbbbppppbppbbppppppbbppppppbpbpbpbbbpbpbbbbbpbppbpp,64
482301,2616,12,10,pbppbbbpppp,p,pbppbbbppppp,2026-02-10 20:16:32,bbpppbpppppbppbbbpppppbbbbppbpbpbbppppbpppbbppbpppbppbpbbppbpp,62
482918,2619,12,44,pbppbbbpppp,b,pbppbbbppppb,2026-02-10 20:17:35,bppbpbppbppbpbpbppbppbbppbpbbppbbbbbpbbbppbppbppbbbppppbbpbppbb,63
491561,2672,12,42,pbppbbbpppp,p,pbppbbbppppp,2026-02-11 15:06:15,bpppbppppbbbbbpbppbbpbpbpbbbbbppbbpppppbpbpbppbbbppppppp,56
503340,2743,12,29,pbppbbbpppp,p,pbppbbbppppp,2026-02-12 08:48:45,pbpppbbppbbpbbbpbbpbpbppppppppbppbbbpppppbbpbbbpbpbb,52
522949,2852,12,30,pbppbbbpppp,b,pbppbbbppppb,2026-02-13 13:48:45,bbbbpbppbpbbbbpbpbpppbbbbbpbpppbppbbbppppbbppbppbpbbppppppbp,60
572344,3130,12,12,pbppbbbpppp,b,pbppbbbppppb,2026-02-17 19:46:23,pbbpbppbpbpppbppbbbppppbppbbppppppppbpp,39
577026,3156,12,36,pbppbbbpppp,b,pbppbbbppppb,2026-02-19 10:41:07,pbpbppbpppppbbpbbpbbpbbppbbbpppbbbbppbppbbbppppbbpbpbb,54
589965,3227,12,1,pbppbbbpppp,b,pbppbbbppppb,2026-02-20 13:42:49,bpbppbbbppppbppbpbpbpppbbppbpppppbppbpppbppbbppbpppppbppppbb,60
595581,3267,12,16,pbppbbbpppp,b,pbppbbbppppb,2026-02-20 15:56:21,bbbpbpbpbppbppbppbppbbbppppbbpppbpbpbpbpb,41
597940,3281,12,51,pbppbbbpppp,b,pbppbbbppppb,2026-02-21 10:10:06,pppbbbpppppbppbbpbppppbpbbbpbppbbpbbbpbbbpbppbpppbppbppbbbppppbppp,66
609861,3362,12,33,pbppbbbpppp,p,pbppbbbppppp,2026-02-21 14:30:01,bpbbpbbpppppbbppppbpbpppbpbpbpbbbpbppbbbpppppppppbppbbppbpbppb,62
618545,3425,12,0,pbppbbbpppp,p,pbppbbbppppp,2026-02-22 10:31:39,pbppbbbpppppbbpbbbppppbbbbbbbbbbpppbpbbbbpbpbbpbbbppbbpbbbpb,60
632041,3505,12,14,pbppbbbpppp,p,pbppbbbppppp,2026-02-23 09:15:31,bpbbpbbppppbpppbppbbbppppppbbpbbpbbbbppbppbbpbbbbbb,51
637988,3539,12,32,pbppbbbpppp,b,pbppbbbppppb,2026-02-23 11:22:06,bbbbpbbbpbbpppbpbpbppbbpbppppbbppbppbbbppppbpppbbpppbbbppbbbpbbbbbpbbp,70
653670,3631,12,27,pbppbbbpppp,b,pbppbbbppppb,2026-02-24 11:11:56,bppbbbbbbpbbbpbpbpppppbpppbpbppbbbppppbpbpppbpbpbb,50
654823,3638,12,19,pbppbbbpppp,b,pbppbbbppppb,2026-02-24 11:15:29,pbpbbbbpbbbppbpbpbppbppbbbppppbbbbpbpbpbpbppbp,46
655749,3643,12,37,pbppbbbpppp,b,pbppbbbppppb,2026-02-24 14:26:03,ppbbbbbbbppppbpppppbpbpppbpbbppbpbpbbpbppbbbppppbppbbpbbpbpppp,62
668755,3717,12,32,pbppbbbpppp,p,pbppbbbppppp,2026-02-24 20:20:35,bbpppbbpbppppbbbbppbpppbpbpbpbpppbppbbbpppppbbpbppbbbbbppb,58
677800,3774,12,39,pbppbbbpppp,p,pbppbbbppppp,2026-02-25 18:02:53,bpppbbbbppbpbbbbpbppppbpppppbbbbbbpbbpbpbppbbbpppppb,52
681115,3795,12,16,pbppbbbpppp,p,pbppbbbppppp,2026-02-25 18:46:11,bbppbbbppbpppppbpbppbbbppppppppbppbpbpbb,40
681910,3799,12,12,pbppbbbpppp,b,pbppbbbppppb,2026-02-25 19:17:04,bpppbbbbpbpbpbppbbbppppbpbbpbppbppppbpbbpbpppbbpbbpppbpbppbb,60
691360,3852,12,21,pbppbbbpppp,p,pbppbbbppppp,2026-02-26 08:19:06,ppppbppppbpbppbpbppbbpbppbbbpppppbpbpbbbbbbbpbpbp,49
699430,3898,12,50,pbppbbbpppp,b,pbppbbbppppb,2026-03-01 12:28:12,ppbbbbbpbpbpppbbppbbbpbbbbpppppbpbbppbppbbpbbbpppppbppbbbppppb,62
704532,3928,12,4,pbppbbbpppp,b,pbppbbbppppb,2026-03-01 16:37:44,pppbpbppbbbppppbpbpbbpbpbbbbpbbbbpppppppp,41
711082,3966,12,9,pbppbbbpppp,b,pbppbbbppppb,2026-03-01 20:36:13,pbbbbpppbpbppbbbppppbpbpbpbpppbppbbbbbbbbbbbpbbbpbbpbpp,55
716454,3996,12,2,pbppbbbpppp,p,pbppbbbppppp,2026-03-02 13:58:26,pbpbppbbbpppppppbpbbbbpppbbbpppbppbppbpbbpbbbppbbppbpbbpbpppbb,62
729870,4076,12,19,pbppbbbpppp,b,pbppbbbppppb,2026-03-03 19:06:38,bbppbpbbpbbbpbbpbbbpbppbbbppppbbbbbpppbpbp,42
745837,4169,12,38,pbppbbbpppp,b,pbppbbbppppb,2026-03-05 13:24:58,ppbbbppbbbpbbbbbbpbppbpbbbppbppppbpppppbppbbbppppb,50
747417,4179,12,21,pbppbbbpppp,p,pbppbbbppppp,2026-03-05 13:53:02,bpppbppbbpbpppbpbpppbpbppbbbppppppbbbpbpppbpbbbpbbpp,52
766234,4290,12,33,pbppbbbpppp,p,pbppbbbppppp,2026-03-06 17:55:53,ppbpbbpbbbppbpbpppppppbpbbpbbbbbppbppbbbppppppbpbbpbppbppbpbbbbbp,65
784986,4400,12,21,pbppbbbpppp,p,pbppbbbppppp,2026-03-15 12:55:21,bpbbpbbpbbbbpbpbbbpbbpbppbbbppppppppbbbpbpbbbpbbpbpbpbpppbbpb,61
785846,4404,12,9,pbppbbbpppp,b,pbppbbbppppb,2026-03-15 12:58:10,bbpppbpbppbppbbbppppbpbbpbbpbppbbpppppbppbbpppbbpbpbbppbbpp,59
792528,4443,12,15,pbppbbbpppp,p,pbppbbbppppp,2026-03-16 19:10:05,bpppppbbbbpbpbppbppbbbpppppbbppbbpppppbbbppbpbpbp,49
793518,4449,12,16,pbppbbbpppp,p,pbppbbbppppp,2026-03-16 19:12:52,ppppbbpbpbppbbpbpbppbbbpppppppbppbpbpp,38
794905,4455,12,12,pbppbbbpppp,b,pbppbbbppppb,2026-03-16 19:58:35,pbppbbbpbpbppbppbbbppppbpppbpbppppppbbpbppbppppbpbbpbbbpbbbppppppbpppp,70
800457,4486,12,25,pbppbbbpppp,b,pbppbbbppppb,2026-03-17 20:17:04,pbpbbpbpbbbbbpbpbpbpbbppbpbppbbbppppbpppppbbbbbbpbbppbppbbbbbb,62
807879,4535,12,11,pbppbbbpppp,b,pbppbbbppppb,2026-03-18 09:14:37,bbppppbbpbbpbppbbbppppbppppbpppppppbbbbbppbpppppbpppbb,54
812526,4562,12,25,pbppbbbpppp,p,pbppbbbppppp,2026-03-18 14:42:36,ppbppbpbppbpbbbppbbbbpbbbpbppbbbppppppbbbbbbppbppbbpbppbpppp,60
812737,4563,12,25,pbppbbbpppp,p,pbppbbbppppp,2026-03-18 14:43:27,ppbppbpbppbpbbbppbbbbpbbbpbppbbbppppppbbbbbbppbppbbpbppbpppppp,62
820228,4610,12,39,pbppbbbpppp,p,pbppbbbppppp,2026-03-19 19:22:18,bbppppbbbpbbpppppbpppppbbpppbbbpbpbbbbppbppbbbppppppppbpbppbpbppbbp,67
826209,4645,12,13,pbppbbbpppp,p,pbppbbbppppp,2026-03-22 10:11:11,pbbpbbppppbbppbppbbbpppppbbbpbbbbppbbbbppbpbpbp,47
838900,4725,12,1,pbppbbbpppp,p,pbppbbbppppp,2026-04-20 06:44:28,bpbppbbbpppppbppbbpbppbppbbpbpbbbbbbbbbpppbbbbpbpbbpbbpbbbpbb,61
848050,4776,12,2,pbppbbbpppp,b,pbppbbbppppb,2026-04-23 14:53:26,pbpbppbbbppppbbbpbbpppbpppbpbbbpppbpbbbbbbpbbppbbbpbpbbppbppbbbppppb,68
848076,4776,12,56,pbppbbbpppp,b,pbppbbbppppb,2026-04-23 14:53:26,pbpbppbbbppppbbbpbbpppbpppbpbbbpppbpbbbbbbpbbppbbbpbpbbppbppbbbppppb,68
851055,4794,12,19,pbppbbbpppp,b,pbppbbbppppb,2026-04-23 17:43:19,pbpbpppppppbbpbpbbbpbppbbbppppbbppppbbpbbppppp,46
854271,4814,12,1,pbppbbbpppp,b,pbppbbbppppb,2026-04-23 18:53:13,ppbppbbbppppbbppppbpppbbppbppbbbbpbbppbpbbpbpppbb,49
871206,4918,12,10,pbppbbbpppp,b,pbppbbbppppb,2026-05-04 08:22:04,bbppbbpbbbpbppbbbppppbbbpppppppppbbbppbpp,41
875343,4943,12,11,pbppbbbpppp,p,pbppbbbppppp,2026-05-04 09:16:18,bppbbpbppbppbppbbbpppppppbpbbpbppbbbppbpppbbppbp,48
879006,4964,12,43,pbppbbbpppp,b,pbppbbbppppb,2026-05-04 15:35:51,ppbbpbppbbpbbbpbppppbbbbbpbppbpbpppbbpbpbbppbppbbbppppb,55
880107,4970,12,23,pbppbbbpppp,b,pbppbbbppppb,2026-05-04 15:40:52,ppbpbpbpppbbbppbbbbpbpppbppbbbppppbpbpppbbpppp,46
891059,5031,12,30,pbppbbbpppp,p,pbppbbbppppp,2026-05-14 08:11:21,bpbbppppppbbbppbbbbbpppbbpbbbbpbppbbbpppppbbbbp,47
891638,5034,12,26,pbppbbbpppp,b,pbppbbbppppb,2026-05-14 08:13:38,pbpbpbpbbbppbppppbpppppppppbppbbbppppbppbpbbbppbbb,50
893821,5047,12,6,pbppbbbpppp,b,pbppbbbppppb,2026-05-14 09:02:23,bpbbpppbppbbbppppbbbpbpbppbpppbbpppppbp,39
906548,5120,12,18,pbppbbbpppp,b,pbppbbbppppb,2026-05-26 10:13:44,pppbbppbbppbbbbppppbppbbbppppbppbbbpbbbbbppbbppbpppb,52
923594,5221,12,13,pbppbbbpppp,b,pbppbbbppppb,2026-05-28 14:22:50,pbbbpppbpbpbbpbppbbbppppbpbbbpbbpppbbbppbbbbbpbppbbbbppppbb,59
945627,5355,12,26,pbppbbbpppp,b,pbppbbbppppb,2026-06-08 10:17:19,bppppbpbpppppbbppbpbppbbpbpbppbbbppppbpbppbppppbbppbpbppb,57
946995,5363,12,2,pbppbbbpppp,b,pbppbbbppppb,2026-06-10 10:02:18,pppbppbbbppppbpbpbpbpbpbpppbbbpbbpppbppbbpppbbbpbp,50
955678,5416,12,33,pbppbbbpppp,b,pbppbbbppppb,2026-06-17 21:42:18,bpbbbbppppbppbpbbbpbbbpbbpbppbpbppbppbbbppppbb,46
960661,5444,12,2,pbppbbbpppp,p,pbppbbbppppp,2026-06-19 14:04:28,pbpbppbbbpppppbppppbpppbppbbbppbpbpbpbpppbbpbbpbbbp,51
963660,5461,12,31,pbppbbbpppp,b,pbppbbbppppb,2026-06-20 10:35:19,ppbpbbbpbbbbpbbpbbbppppppppbppppbppbbbppppbpbb,46
981696,5564,12,39,pbppbbbpppp,b,pbppbbbppppb,2026-06-23 07:18:27,bppbbbppbbbbppbpppbbbbbpppbpbpbbpbppppbpbppbbbppppbbbp,54
188042,131,12,7,pbppbpbbbbb,b,pbppbpbbbbbb,2026-01-26 10:57:31,bpppbbbpbppbpbbbbbbbbbpppp,26
188169,136,12,16,pbppbpbbbbb,b,pbppbpbbbbbb,2026-01-26 10:57:31,ppbbpppbpbppbppppbppbpbbbbbbbbb,31
189074,172,12,8,pbppbpbbbbb,p,pbppbpbbbbbp,2026-01-26 10:57:31,pppbbpbbpbppbpbbbbbppppppbbbpp,30
191989,250,12,16,pbppbpbbbbb,p,pbppbpbbbbbp,2026-01-26 10:57:31,bbbbbbpbbbpppbpppbppbpbbbbbpbp,30
192700,263,12,7,pbppbpbbbbb,b,pbppbpbbbbbb,2026-01-26 10:57:31,bbpbbpbpbppbpbbbbbbpbbbppbpbppbbbpbpppppbbpppbbbbpbppppbb,57
194111,288,12,3,pbppbpbbbbb,p,pbppbpbbbbbp,2026-01-26 10:57:31,pbbpbppbpbbbbbpbpppbpppbb,25
194883,303,12,6,pbppbpbbbbb,p,pbppbpbbbbbp,2026-01-26 10:57:31,pbbpbppbppbpbbbbbpbbbbp,23
197084,344,12,31,pbppbpbbbbb,b,pbppbpbbbbbb,2026-01-26 10:57:31,ppbbbpppppbpppbpppppppbbbpbbbpppbppbpbbbbbbbbpbbbb,50
202973,447,12,14,pbppbpbbbbb,b,pbppbpbbbbbb,2026-01-26 10:57:31,bbpppppbbpbppppbppbpbbbbbbppbbpppbbppbpbppp,43
208245,548,12,29,pbppbpbbbbb,b,pbppbpbbbbbb,2026-01-26 10:57:32,bpbbpppbbpbbpbpbbbpbbppbpbpbbpbppbpbbbbbbp,42
219246,753,12,30,pbppbpbbbbb,b,pbppbpbbbbbb,2026-01-26 10:57:32,bbpbppbbbbpbpppbpbbpbpbbbbbpbppbppbpbbbbbbpbpbbpppbbpppp,56
223683,835,12,30,pbppbpbbbbb,p,pbppbpbbbbbp,2026-01-26 10:57:32,bpbppbbpbpbbppbpppbppppbbpbbpppbppbpbbbbbpppbbbpbbp,51
229845,944,12,6,pbppbpbbbbb,b,pbppbpbbbbbb,2026-01-26 10:57:32,bbbpbbpbppbpbbbbbbbbbppppbpppbbbbbpbppbbpbbbbbppppppbbppbpbbbpbb,64
231153,965,12,21,pbppbpbbbbb,b,pbppbpbbbbbb,2026-01-26 10:57:32,pbbbpbbbbpbbbbppppbbppbppbpbbbbbbpbbppbppbbbpbbbbbppbpbppbpbpp,62
232930,997,12,15,pbppbpbbbbb,b,pbppbpbbbbbb,2026-01-26 10:57:32,pbbbbbpppbpbbbbpbppbpbbbbbbppbbbpbbbppbbpbpbpppbbpbb,52
233983,1016,12,12,pbppbpbbbbb,p,pbppbpbbbbbp,2026-01-26 10:57:32,pbbppbppbppppbppbpbbbbbppbpbbpbbbbpbb,37
248600,1267,12,35,pbppbpbbbbb,p,pbppbpbbbbbp,2026-01-26 10:57:33,bppbbppppbpppbbpbpbbbpppbpppppbbpbppbppbpbbbbbpbbbbbbbbbppp,59
250729,1304,12,42,pbppbpbbbbb,p,pbppbpbbbbbp,2026-01-26 10:57:33,pbbbbppbbbbppbppbbpbbbbpppbbpppbppbbppbpbbpbppbpbbbbbppbbpbbpb,62
250988,1309,12,21,pbppbpbbbbb,b,pbppbpbbbbbb,2026-01-26 10:57:33,ppbbppbppbpbpbpbbbbpbpbppbpbbbbbbbpbpbpbbb,42
252814,1341,12,39,pbppbpbbbbb,p,pbppbpbbbbbp,2026-01-26 10:57:33,bpppbpppbbpbbbpbppbpbppbpbbppbpbbbbbppppbppbpbbbbbpp,52
253826,1360,12,27,pbppbpbbbbb,b,pbppbpbbbbbb,2026-01-26 10:57:33,bbppbbpbbbbbppbbpbbbbbbpbbppbppbpbbbbbb,39
255047,1379,12,19,pbppbpbbbbb,b,pbppbpbbbbbb,2026-01-26 10:57:33,pbppbbpppbbbppbbppbpbppbpbbbbbbpppbbbpbbpppbbpbbb,49
259394,1450,12,17,pbppbpbbbbb,p,pbppbpbbbbbp,2026-01-26 10:57:33,ppbpppbbbbppbpbbppbppbpbbbbbpbbbbbbppbbpbbppppbbbbppbbpbbpbppbbbpp,66
263101,1515,12,18,pbppbpbbbbb,p,pbppbpbbbbbp,2026-01-26 10:57:33,pppbbbbbpbpbpppbbppbppbpbbbbbpbppbbpbbbbpbpbpppbpbpbbbpbbbpppbbbbp,66
263492,1521,12,38,pbppbpbbbbb,b,pbppbpbbbbbb,2026-01-26 10:57:33,bppppbbpppbppbbbbbbppbbppbppppppbbbbbppbppbpbbbbbbbpp,53
269820,1616,12,12,pbppbpbbbbb,b,pbppbpbbbbbb,2026-01-26 10:57:33,ppbbppbbbbbbpbppbpbbbbbbbpbpbbbpbbbppppppbpbpbbpppbbppbpbpbppbbppb,66
273475,1679,12,0,pbppbpbbbbb,p,pbppbpbbbbbp,2026-01-26 10:57:33,pbppbpbbbbbpbbpbbpppbbpbbpppppppbpbpb,37
273718,1683,12,38,pbppbpbbbbb,p,pbppbpbbbbbp,2026-01-26 10:57:33,bpbppbpbbbpbbbpbbbbpbbbbpbbbppppppbpbppbppbpbbbbbp,50
276080,1725,12,44,pbppbpbbbbb,b,pbppbpbbbbbb,2026-01-26 10:57:33,bpbpppbbbbbpppppbbbpppbppbpbbpbpbppbbpbppbpppbppbpbbbbbbpbbbpbbbbb,66
295185,1934,12,41,pbppbpbbbbb,b,pbppbpbbbbbb,2026-01-26 17:18:49,bpbpppbbppbpbbpbpbbbpbbbbppppbpbpbppbbbbppbppbpbbbbbbbpbppppb,61
361244,1944,12,9,pbppbpbbbbb,b,pbppbpbbbbbb,2026-01-27 13:11:23,pppbpbpbbpbppbpbbbbbbbbbpbpbbpbbbpppbbpbbbppppbbppppppbbpbbpp,61
367580,1978,12,22,pbppbpbbbbb,b,pbppbpbbbbbb,2026-01-27 16:26:39,bpbpbbpbbbbbbpppbppppppbppbpbbbbbbbbppbpbpppbpppbbpppbbpb,57
394396,2133,12,9,pbppbpbbbbb,b,pbppbpbbbbbb,2026-01-31 07:50:03,ppbppbbbppbppbpbbbbbbpbbbppbppbppbbpbbbbpbbbbppbp,49
397442,2151,12,38,pbppbpbbbbb,b,pbppbpbbbbbb,2026-01-31 08:28:10,bpbbpbpppppppppbpbbbbbbbpbbpbbbbbppppppbppbpbbbbbbpbbbbbpbpp,60
412178,2231,12,40,pbppbpbbbbb,b,pbppbpbbbbbb,2026-02-02 14:33:58,bpbpbbpppbpppbpbbbppbpbppbpbpbppbbpbbbpppbppbpbbbbbbbpppp,57
422807,2289,12,17,pbppbpbbbbb,p,pbppbpbbbbbp,2026-02-03 10:23:52,ppbppppbbppppbbbppbppbpbbbbbpbbpppppbbpppbbbppbbpppb,52
426946,2311,12,4,pbppbpbbbbb,p,pbppbpbbbbbp,2026-02-04 16:01:39,bbpppbppbpbbbbbpbbpppppbbpbbppbbpbpbbbpbbbbbbbpbbpbp,52
439356,2380,12,33,pbppbpbbbbb,b,pbppbpbbbbbb,2026-02-05 14:01:31,bpbppbbbbbbpbppppbbbbbbbbbpbbpbbppbppbpbbbbbbp,46
444680,2409,12,13,pbppbpbbbbb,p,pbppbpbbbbbp,2026-02-05 15:35:46,ppbppbppppbbppbppbpbbbbbpppbbppbppbppppp,40
450071,2437,12,33,pbppbpbbbbb,b,pbppbpbbbbbb,2026-02-06 10:21:00,bpbbbpbbppbbbbpppbpbpbbppbbpbpbpppbppbpbbbbbbbpppbpppbpppbppbbpbpp,66
451479,2444,12,33,pbppbpbbbbb,p,pbppbpbbbbbp,2026-02-06 10:37:31,bpbpbpbbpbpppbbbppbpbbbpbbpppppbbpbppbpbbbbbpbbbbbpbbbp,55
461262,2495,12,16,pbppbpbbbbb,b,pbppbpbbbbbb,2026-02-06 13:02:18,pbpppppbbppbbbpbpbppbpbbbbbbppbpbbpbbppbbpbppppppbpbpbbpbppb,60
473835,2565,12,14,pbppbpbbbbb,p,pbppbpbbbbbp,2026-02-10 16:53:46,ppbppbbpbbpbbbpbppbpbbbbbpbbpbpbbbbpbbpbbpbpppbppp,50
481118,2609,12,9,pbppbpbbbbb,b,pbppbpbbbbbb,2026-02-10 19:36:48,ppbpbpbpppbppbpbbbbbbppppppppbppbbpbpbpbbpbpb,45
487634,2646,12,6,pbppbpbbbbb,b,pbppbpbbbbbb,2026-02-11 13:49:32,bbbbbbpbppbpbbbbbbppbpbbbpbbbbpbppbpbbbbpppbbppppbbpbbbppp,58
490700,2668,12,2,pbppbpbbbbb,b,pbppbpbbbbbb,2026-02-11 15:01:41,bppbppbpbbbbbbbbppbbpppbpppbpbbpbpppppbppppbppppppbppppbbbpbbppbp,65
520177,2838,12,31,pbppbpbbbbb,p,pbppbpbbbbbp,2026-02-13 12:12:34,bpbpbbbbbbpppbpbppppbpbbppbbbbppbppbpbbbbbppbpbpp,49
520783,2841,12,10,pbppbpbbbbb,p,pbppbpbbbbbp,2026-02-13 12:47:01,bbpppbpbbbpbppbpbbbbbppbbpppbppbbppbpbppbpbbbpppbbbbpbbpbppppp,62
520971,2842,12,22,pbppbpbbbbb,p,pbppbpbbbbbp,2026-02-13 12:47:35,bpbpppbppbbpppppbpbpbppbppbpbbbbbpppbbpppbbbppbpp,49
524679,2862,12,39,pbppbpbbbbb,p,pbppbpbbbbbp,2026-02-13 14:20:24,bbbpppppbbbppbppppppbbbbpbppbppppbbbbbbpbppbpbbbbbpbbppppppbppbp,64
537541,2933,12,46,pbppbpbbbbb,p,pbppbpbbbbbp,2026-02-13 20:05:42,bbppppppbpbppppbbpbpbpbbbppbbbbbbpbppbppbbpbbbpbppbpbbbbbpbpbbbbbb,66
538393,2938,12,21,pbppbpbbbbb,p,pbppbpbbbbbp,2026-02-13 20:28:18,bbbbpbpbpbpbbbpbbbppbpbppbpbbbbbpppbpppbbppbbb,46
539957,2946,12,37,pbppbpbbbbb,p,pbppbpbbbbbp,2026-02-13 20:32:40,bbbbbpbppppbbbbpbpbbbbpbpbpbpbbppbpbbpbppbpbbbbbp,49
557156,3045,12,11,pbppbpbbbbb,b,pbppbpbbbbbb,2026-02-15 21:20:22,bbbbpbbpbpppbppbpbbbbbbbbpppbppbppbbbbpbbppbbbbpppbpbbpppb,58
560506,3063,12,0,pbppbpbbbbb,p,pbppbpbbbbbp,2026-02-17 15:04:16,pbppbpbbbbbpbbbpbpbpbbpbpbpbbppbppbpppbbpppbbpbpbpppbpppb,57
569198,3109,12,1,pbppbpbbbbb,b,pbppbpbbbbbb,2026-02-17 17:18:47,bpbppbpbbbbbbpbppbpbbpbpbbpbbbbppppbpbpbbppppbpbp,49
569936,3113,12,32,pbppbpbbbbb,p,pbppbpbbbbbp,2026-02-17 17:21:20,pbpbpbpbppppbpppbpbbpbpppbpbpbpppbppbpbbbbbppbppbbbppbbbpbbbb,61
586132,3203,12,41,pbppbpbbbbb,p,pbppbpbbbbbp,2026-02-20 11:05:49,bpppbbbbppppbbpbpbpbpbpbbbbppbbbppbppbbpbpbppbpbbbbbpbpbbbpbb,61
588851,3221,12,34,pbppbpbbbbb,b,pbppbpbbbbbb,2026-02-20 12:54:58,ppppbpbpbbppbbpbbbbppppbpbbbppbpbppbppbpbbbbbbbppp,50
589763,3226,12,38,pbppbpbbbbb,p,pbppbpbbbbbp,2026-02-20 13:42:24,bbbppbpppppbbpbpppppbpbbbbpbbppbbpbppppbppbpbbbbbpbbpppbp,57
592926,3247,12,12,pbppbpbbbbb,p,pbppbpbbbbbp,2026-02-20 14:49:27,pbbpbbbbbbpbpbppbpbbbbbppbppbpbbbbbpbbppppbbpbbbbbbbpbbpppppp,61
592932,3247,12,24,pbppbpbbbbb,p,pbppbpbbbbbp,2026-02-20 14:49:27,pbbpbbbbbbpbpbppbpbbbbbppbppbpbbbbbpbbppppbbpbbbbbbbpbbpppppp,61
614316,3396,12,6,pbppbpbbbbb,p,pbppbpbbbbbp,2026-02-22 09:34:44,ppbppbpbppbpbbbbbpbppbpbpbppbbppbpbppbbbpppbpbpbbpppb,53
616776,3414,12,21,pbppbpbbbbb,b,pbppbpbbbbbb,2026-02-22 10:07:38,bppppbpbppbbbppbppbbppbppbpbbbbbbpbpbbpppbbpbpbbbppbbpb,55
621212,3443,12,11,pbppbpbbbbb,p,pbppbpbbbbbp,2026-02-22 11:17:02,ppppbbpbbpppbppbpbbbbbppbbpppppbpppbppbbbbbbbbbpbbppppbpppppppbbpbp,67
621695,3448,12,5,pbppbpbbbbb,b,pbppbpbbbbbb,2026-02-22 12:13:24,bpbpbpbppbpbbbbbbbppppppbpbbbppbppbbbbpbbbpbpbpbpbbbpbpbpbpb,60
629642,3491,12,7,pbppbpbbbbb,b,pbppbpbbbbbb,2026-02-22 20:24:36,pbbpppbpbppbpbbbbbbbbpbbbbppppbpppppbbbppbbbpbpppbbbpbpppbb,59
632714,3509,12,21,pbppbpbbbbb,p,pbppbpbbbbbp,2026-02-23 09:17:58,bbbbpbbpbbbbbpbbppbpbpbppbpbbbbbpbpbbbpbpbpbpbppbbpbppp,55
633549,3514,12,44,pbppbpbbbbb,p,pbppbpbbbbbp,2026-02-23 09:21:02,pbpbpppbbbbpbppbbpbbbpbbbpbppbbbbbbbpbbpbbbppbppbpbbbbbppbbp,60
633886,3516,12,14,pbppbpbbbbb,b,pbppbpbbbbbb,2026-02-23 09:52:29,bpbpppbpppbppppbppbpbbbbbbpppbbpbppbpppbbpbbpbp,47
651382,3619,12,8,pbppbpbbbbb,p,pbppbpbbbbbp,2026-02-24 10:16:49,pppbbbbbpbppbpbbbbbpbbppbbppbbppbbppbpbbpppppbpbbb,50
653051,3628,12,34,pbppbpbbbbb,p,pbppbpbbbbbp,2026-02-24 11:10:10,bpppbppppbbppppbpbbbbbpbbpbbpppbbppbppbpbbbbbpbppppbbpbpbppbpp,62
662829,3682,12,31,pbppbpbbbbb,b,pbppbpbbbbbb,2026-02-24 17:38:05,pbbbbbbppbpbbppbppbppbpbpppbpbppbppbpbbbbbbpbpbppbpbppbbbp,58
663786,3688,12,20,pbppbpbbbbb,b,pbppbpbbbbbb,2026-02-24 18:30:53,ppbpbbbbpbbbpppppbbppbppbpbbbbbbppbpbbbbbpbppbbppb,50
666719,3704,12,42,pbppbpbbbbb,b,pbppbpbbbbbb,2026-02-24 19:44:16,pbbbbbpbbpbbpbbpbpbppbpppbpppbbpbpppppppbbpbppbpbbbbbbpbbppp,60
667934,3712,12,16,pbppbpbbbbb,b,pbppbpbbbbbb,2026-02-24 20:17:39,bpbpbppbbpbbbppppbppbpbbbbbbpbppppbpbpbbpppbbppbpp,50
687169,3830,12,28,pbppbpbbbbb,p,pbppbpbbbbbp,2026-02-25 20:58:49,bpbbpbbpppbppppbppbpbpbbpppbpbppbpbbbbbpbbppbp,46
693909,3868,12,32,pbppbpbbbbb,p,pbppbpbbbbbp,2026-02-26 09:04:22,pbbpbbbbbpbpbpbppbbbbppbbpbbpbbppbppbpbbbbbppppbppbppbp,55
697470,3887,12,22,pbppbpbbbbb,b,pbppbpbbbbbb,2026-03-01 11:11:00,pbbpppbpppbpbbpbpbbppbpbppbpbbbbbbpbpppbbpbppbbpbp,50
706184,3937,12,22,pbppbpbbbbb,p,pbppbpbbbbbp,2026-03-01 18:46:55,pbbpbbbbpbbppbppbbbbpbpbppbpbbbbbpbppb,38
708156,3949,12,43,pbppbpbbbbb,b,pbppbpbbbbbb,2026-03-01 19:26:35,pbbppbbbbbpbpbbpppbppppbbbbbbbbbpbbbpbppbpbpbppbpbbbbbbbp,57
712105,3973,12,5,pbppbpbbbbb,b,pbppbpbbbbbb,2026-03-01 20:39:18,bpppbpbppbpbbbbbbpbbbpbpppbbpppbbpbppbbbbb,42
716250,3995,12,18,pbppbpbbbbb,p,pbppbpbbbbbp,2026-03-02 13:57:53,bppbbpbppbpbbpbbbppbppbpbbbbbpbbpppp,36
749095,4189,12,19,pbppbpbbbbb,p,pbppbpbbbbbp,2026-03-05 14:39:40,bbpbpbppbbbpbppbbpbpbppbpbbbbbpbbbpbpppbbpbbpb,46
749525,4191,12,33,pbppbpbbbbb,b,pbppbpbbbbbb,2026-03-05 14:40:32,bpbbbpbbpbppbppbpbppbpppbbbpbpbbppbppbpbbbbbbpppbpppbpbppbbbb,61
751928,4205,12,0,pbppbpbbbbb,b,pbppbpbbbbbb,2026-03-05 15:23:31,pbppbpbbbbbbbbpbppbppbpppbbpbbbbppbpbbpbpbpbppppppbpbpbb,56
766244,4290,12,53,pbppbpbbbbb,p,pbppbpbbbbbp,2026-03-06 17:55:53,ppbpbbpbbbppbpbpppppppbpbbpbbbbbppbppbbbppppppbpbbpbppbppbpbbbbbp,65
783196,4388,12,35,pbppbpbbbbb,b,pbppbpbbbbbb,2026-03-11 20:09:01,pppbbbbpbpppbpbbpbpbbbppbppbpbppbpbpbppbpbbbbbbbpbppp,53
796091,4462,12,4,pbppbpbbbbb,p,pbppbpbbbbbp,2026-03-16 20:02:19,pbpppbppbpbbbbbpbbpbbbbbbbpppbbpbpbbpbpbpbbbbpbppbbb,52
796897,4467,12,12,pbppbpbbbbb,b,pbppbpbbbbbb,2026-03-17 07:03:58,bpbbbpppbppbpbppbpbbbbbbbbpbpppbppbpbpbbpbpbbbbpb,49
815200,4579,12,33,pbppbpbbbbb,b,pbppbpbbbbbb,2026-03-18 15:40:47,pppbpppppbpbpppbbbbbpbbppbbbbpbpppbppbpbbbbbbbbppbbbpbbpbp,58
815994,4583,12,53,pbppbpbbbbb,p,pbppbpbbbbbp,2026-03-18 15:46:53,bbpbpbbbbbpppppppbbbpbpbbpbbpbbbbpbbpppppbbbppbpppppbpbppbpbbbbbpbpbb,69
828133,4656,12,1,pbppbpbbbbb,p,pbppbpbbbbbp,2026-03-24 06:24:28,ppbppbpbbbbbpbbbbbpbbppppbpbbbbbpbbpppbpbpbbpbppppp,51
836904,4713,12,8,pbppbpbbbbb,b,pbppbpbbbbbb,2026-04-20 06:39:07,pbpppbbbpbppbpbbbbbbbppppbpbppppbpbbbbbppppppb,46
840541,4735,12,12,pbppbpbbbbb,b,pbppbpbbbbbb,2026-04-21 06:35:43,pbbbppppbpbbpbppbpbbbbbbppbbbbbpbbbpbpbpppppbpppbbbppb,54
842452,4746,12,7,pbppbpbbbbb,p,pbppbpbbbbbp,2026-04-23 10:45:48,bpbbppbpbppbpbbbbbpbbpbbpbpbppppbpbbpbpbbppbbbppbppbpbpbbpbppbbp,64
848266,4777,12,34,pbppbpbbbbb,b,pbppbpbbbbbb,2026-04-23 14:54:05,bpbbbpbppbppbpbbbppbbppppbbppppppppbppbpbbbbbbbpppbppbbppppbbpp,63
862583,4863,12,18,pbppbpbbbbb,b,pbppbpbbbbbb,2026-04-26 09:17:47,ppbbpbpbbpbpppbbbbpbppbpbbbbbbbpbbppbppbb,41
887586,5011,12,6,pbppbpbbbbb,p,pbppbpbbbbbp,2026-05-14 07:13:51,pbbbbppbppbpbbbbbpppbbpbbppbpbbbpbppbppbppbbpbbbbbpbppbpbpppp,61
893696,5046,12,42,pbppbpbbbbb,b,pbppbpbbbbbb,2026-05-14 09:01:47,pbbpbpbbppbpbbbbpppbpbpbbbppppbpbbpbbppbbppbppbpbbbbbbpppppbbpbppppbpb,70
908201,5130,12,2,pbppbpbbbbb,p,pbppbpbbbbbp,2026-05-26 11:39:10,pbpbppbpbbbbbppbbbppbppbbbbppbpbpppp,36
933181,5279,12,32,pbppbpbbbbb,p,pbppbpbbbbbp,2026-06-05 06:57:17,bbpppbpppbbbbbbbppbpbppppppppbbppbppbpbbbbbpppppppbbpppbbpb,59
943783,5344,12,3,pbppbpbbbbb,p,pbppbpbbbbbp,2026-06-07 21:19:49,bbppbppbpbbbbbpbppbpbpbbbppbpbbppbbppppbppbpppppbpb,51
949211,5376,12,25,pbppbpbbbbb,p,pbppbpbbbbbp,2026-06-10 15:17:34,pbpppbpbbpbbpbbbbpbppppbppbppbpbbbbbpbbpbbpbpbbbbbpppbpbpppppbpp,64
952580,5398,12,10,pbppbpbbbbb,p,pbppbpbbbbbp,2026-06-17 09:56:20,bpbppppbbppbppbpbbbbbpbpbbb,27
963532,5460,12,49,pbppbpbbbbb,b,pbppbpbbbbbb,2026-06-20 10:33:56,bbbpbpbppbbbppbbbbpbbbbbpppbbbpbpbbbpbpbbppbbbpbbpbppbpbbbbbbbbbbpp,67
974544,5522,12,29,pbppbpbbbbb,p,pbppbpbbbbbp,2026-06-22 09:14:56,bbbpbpbpbpbbpbbpbpbpppppbbpbbpbppbpbbbbbppbbbbbppbppbbbbbbpbpb,62
186723,59,12,4,pbppbpbbbbp,b,pbppbpbbbbpb,2026-01-26 10:57:31,pbpppbppbpbbbbpbbpbbbbbpbp,26
196977,342,12,9,pbppbpbbbbp,b,pbppbpbbbbpb,2026-01-26 10:57:31,bbpbbppbppbppbpbbbbpbbppbpbppbbbppbpbbppppbbbpppbppbb,53
200982,413,12,3,pbppbpbbbbp,p,pbppbpbbbbpp,2026-01-26 10:57:31,pbppbppbpbbbbppppbppbpbbbpbbbbbpbp,34
204800,481,12,0,pbppbpbbbbp,b,pbppbpbbbbpb,2026-01-26 10:57:32,pbppbpbbbbpbbbppbbbbbppbpppppbp,31
208864,560,12,5,pbppbpbbbbp,p,pbppbpbbbbpp,2026-01-26 10:57:32,bpbpbpbppbpbbbbppbbbppppbppbpppbpbpbpbbbbbppbbpbpbpbpppppp,58
216986,708,12,36,pbppbpbbbbp,p,pbppbpbbbbpp,2026-01-26 10:57:32,ppbbbbbbbbbbbpbpbbbbpppbpbpppppbpbbbpbppbpbbbbpppb,50
218609,740,12,48,pbppbpbbbbp,p,pbppbpbbbbpp,2026-01-26 10:57:32,bppbpbbpbppbbpbbbbpppbbbbppbpppbbpppbpbpbbbppppbpbppbpbbbbppbbbbb,65
219949,766,12,43,pbppbpbbbbp,b,pbppbpbbbbpb,2026-01-26 10:57:32,bbbbbpbbbbpbppbbbbpbbbbpbppbbpppbbpppbppbpbpbppbpbbbbpbppbppbbpb,64
224557,851,12,9,pbppbpbbbbp,p,pbppbpbbbbpp,2026-01-26 10:57:32,pbbbbbbbbpbppbpbbbbppbbppbpbbbppppbbbbbpb,41
224990,860,12,34,pbppbpbbbbp,b,pbppbpbbbbpb,2026-01-26 10:57:32,bbpppppppbpbbbpbpbppppbbpbppppbbbbpbppbpbbbbpbpp,48
225917,876,12,12,pbppbpbbbbp,p,pbppbpbbbbpp,2026-01-26 10:57:32,bppbbbpbbpbbpbppbpbbbbppbppbpbpbbbpbbpppppppbbbbbppbpbbpbbpbp,61
231551,971,12,42,pbppbpbbbbp,b,pbppbpbbbbpb,2026-01-26 10:57:32,bpbpbbbpbbbbbpbbbbpbbbbbpppppbpppppppbppbbpbppbpbbbbpbbbpbppp,61
233256,1003,12,14,pbppbpbbbbp,b,pbppbpbbbbpb,2026-01-26 10:57:32,bpbpbbbpbpppbbpbppbpbbbbpbpbbbbbbbbpppppbbpppbbppbbbb,53
233910,1014,12,0,pbppbpbbbbp,p,pbppbpbbbbpp,2026-01-26 10:57:32,pbppbpbbbbpppbbbpbbbbbbbbbpbbpbbbbpb,36
236904,1064,12,14,pbppbpbbbbp,b,pbppbpbbbbpb,2026-01-26 10:57:32,bbbpbbbppbbpbppbppbpbbbbpbpbpppbpbbbppbppbbpbbbbbbp,51
242152,1159,12,15,pbppbpbbbbp,b,pbppbpbbbbpb,2026-01-26 10:57:32,bbpbbbbpbppbppbpbppbpbbbbpbbpbbppbpbpppbbbbbbpbbpbpbbbbpbbpbp,61
242304,1162,12,6,pbppbpbbbbp,p,pbppbpbbbbpp,2026-01-26 10:57:32,ppbppbpbppbpbbbbppppbbpppbpbbpppbbbppbbpbppbpbbpbpbbpp,54
242683,1168,12,42,pbppbpbbbbp,p,pbppbpbbbbpp,2026-01-26 10:57:32,pbbpbpbbbbppbppbpppbppbbbpppbpbpbbpbpbppbbpbppbpbbbbppbpppp,59
244510,1198,12,40,pbppbpbbbbp,p,pbppbpbbbbpp,2026-01-26 10:57:33,ppbpppbpbbbpbbbbbbbbpbpbppbpppbbpbbbpbbppbppbpbbbbppbbpbpppbppppp,65
252409,1335,12,23,pbppbpbbbbp,p,pbppbpbbbbpp,2026-01-26 10:57:33,bppbbbbbpbppbbbbpbpppbppbppbpbbbbpppppbbbpbbppppppbpppp,55
254188,1366,12,11,pbppbpbbbbp,p,pbppbpbbbbpp,2026-01-26 10:57:33,pbbbpppbppppbppbpbbbbpppbbpbbpppppppbbbpbpbppppbbbbpppppppbpbbbpppb,67
256261,1400,12,22,pbppbpbbbbp,b,pbppbpbbbbpb,2026-01-26 10:57:33,ppppppppppppbpppppppbppbppbpbbbbpbpbbbbpppbbpbbbpp,50
256560,1405,12,12,pbppbpbbbbp,b,pbppbpbbbbpb,2026-01-26 10:57:33,ppbpppbpbppbpbppbpbbbbpbbpppppbpbbpbbbbbbpbpbbpppbppppbbppppbpppbbp,67
257203,1416,12,1,pbppbpbbbbp,p,pbppbpbbbbpp,2026-01-26 10:57:33,bpbppbpbbbbpppppbbppbpbbpbpbbbbpbbbppp,38
258258,1432,12,1,pbppbpbbbbp,p,pbppbpbbbbpp,2026-01-26 10:57:33,ppbppbpbbbbpppbbbpbbbpbpbppbpbpbppbbpb,38
263861,1527,12,6,pbppbpbbbbp,b,pbppbpbbbbpb,2026-01-26 10:57:33,ppbppbpbppbpbbbbpbpppbbbppbpppbpbbpbpbpbpbbpbbbbbbbbbbbbbbpbpbpbp,65
272255,1656,12,28,pbppbpbbbbp,b,pbppbpbbbbpb,2026-01-26 10:57:33,bpppbppbbpbbpbbpbpppbpbbbpbppbppbpbbbbpbbpbbbbppbppbbbbpp,57
276396,1730,12,48,pbppbpbbbbp,p,pbppbpbbbbpp,2026-01-26 10:57:33,pbpbpppppppbppbbpbpbbbpppbppppbbbppbpppbppppbbbbpbppbpbbbbpppp,62
276858,1739,12,20,pbppbpbbbbp,b,pbppbpbbbbpb,2026-01-26 10:57:33,bpbpbbpppbppbbpbppbbpbppbpbbbbpbbpbppbppbbbpppbbpppppbpb,56
277370,1748,12,12,pbppbpbbbbp,b,pbppbpbbbbpb,2026-01-26 10:57:33,ppppbbpbbpbppbppbpbbbbpbpbpbpbpbbppbbpppp,41
278171,1760,12,10,pbppbpbbbbp,b,pbppbpbbbbpb,2026-01-26 10:57:33,bpbppbppbbpbppbpbbbbpbpbbbpbpppppbbbpbpbbbbbppbbpbppbpppbb,58
279743,1784,12,25,pbppbpbbbbp,p,pbppbpbbbbpp,2026-01-26 10:57:33,ppppbppppbppbbbbppbbbbppbpbppbpbbbbppppppppbppbbppbb,52
283497,1846,12,7,pbppbpbbbbp,b,pbppbpbbbbpb,2026-01-26 10:57:34,pppbpbbpbppbpbbbbpbbbbpbbpppbbbpbbbppbpppbppppbbpbbppbpbpbpbpbpp,64
283547,1847,12,6,pbppbpbbbbp,p,pbppbpbbbbpp,2026-01-26 10:57:34,bpppbppbppbpbbbbpppppbbbpbbbbpbpbbpbp,37
366827,1974,12,26,pbppbpbbbbp,b,pbppbpbbbbpb,2026-01-27 16:25:28,bppbpbbpbppbpbpbbppbbbpbpbpbppbpbbbbpbbbpbpbpbpb,48
371189,1999,12,0,pbppbpbbbbp,b,pbppbpbbbbpb,2026-01-28 10:56:40,pbppbpbbbbpbbbpbppbbbbppbppbbbpbpppbpbpbbbpbbbpppbpbpbbpp,57
377047,2031,12,40,pbppbpbbbbp,b,pbppbpbbbbpb,2026-01-29 12:32:34,bbpppbbpppbppbbppbpbpbbbbbpbbppppppbbbbppbppbpbbbbpbbbbpbb,58
386347,2088,12,15,pbppbpbbbbp,b,pbppbpbbbbpb,2026-01-30 10:48:45,bbpbpbbpbbppbbppbppbpbbbbpbbpppbpbpbpbbp,40
419483,2271,12,35,pbppbpbbbbp,p,pbppbpbbbbpp,2026-02-02 16:48:54,pbbpppppbbbpbpppbpbpbbbbbbpbbbpbppbpbppbpbbbbppbpbpbppbp,56
433603,2349,12,52,pbppbpbbbbp,p,pbppbpbbbbpp,2026-02-04 18:05:45,pbbbbpbppbbppbbbpbpppbpppbpbbpppbpbbbbbbpbbpbppbbppppbppbpbbbbppbbb,67
437719,2371,12,33,pbppbpbbbbp,b,pbppbpbbbbpb,2026-02-04 19:42:32,bppbbbbpbbbbpppbpbpbbbpbpbpppbbbppbppbpbbbbpbbpbp,49
479549,2600,12,40,pbppbpbbbbp,b,pbppbpbbbbpb,2026-02-10 18:50:02,ppppppbbppbpbbpbbbpppbbbppppbbpbbbppbppbpbppbpbbbbpbbpbbppp,59
484269,2627,12,27,pbppbpbbbbp,b,pbppbpbbbbpb,2026-02-11 11:05:59,bbbpbbpppppbpbbppppbbpbbppbpbppbpbbbbpbb,40
487646,2646,12,30,pbppbpbbbbp,p,pbppbpbbbbpp,2026-02-11 13:49:32,bbbbbbpbppbpbbbbbbppbpbbbpbbbbpbppbpbbbbpppbbppppbbpbbbppp,58
501808,2733,12,45,pbppbpbbbbp,b,pbppbpbbbbpb,2026-02-11 21:30:50,bpbbbbbbpbppppppbbbbpppppppbbppbbppbpbbbppbpbpbppbpbbbbpbpb,59
502978,2741,12,0,pbppbpbbbbp,b,pbppbpbbbbpb,2026-02-12 08:47:49,pbppbpbbbbpbpbbbppppbbpbbpbbpbbppbbbppbbpbbpbp,46
513753,2802,12,26,pbppbpbbbbp,b,pbppbpbbbbpb,2026-02-12 15:15:39,pbpbppbbpbbbppbbbpbbpppbpbpbppbpbbbbpbppb,41
517495,2824,12,26,pbppbpbbbbp,b,pbppbpbbbbpb,2026-02-12 16:39:58,ppppppbbppppbpbbbpbpbppbpppbppbpbbbbpbbppppb,44
522935,2852,12,4,pbppbpbbbbp,b,pbppbpbbbbpb,2026-02-13 13:48:45,bbbbpbppbpbbbbpbpbpppbbbbbpbpppbppbbbppppbbppbppbpbbppppppbp,60
553977,3028,12,22,pbppbpbbbbp,b,pbppbpbbbbpb,2026-02-15 19:52:37,bbbbbpbppbpbbbpbpbbpbbpbppbpbbbbpbpbpbbppppbpbbbbbppbpppbpp,59
559135,3056,12,19,pbppbpbbbbp,b,pbppbpbbbbpb,2026-02-17 14:31:29,ppppbppppbpbpbbbpbbpbppbpbbbbpbpbpbpbbbpbbbbpppbpbpbpppbbpbppb,62
562911,3076,12,35,pbppbpbbbbp,b,pbppbpbbbbpb,2026-02-17 15:10:09,ppbpbpppppbbppbbbbbpppbpppbbpbpppbbpbppbpbbbbpbb,48
585265,3199,12,9,pbppbpbbbbp,b,pbppbpbbbbpb,2026-02-20 10:42:47,pbbbpbbpbpbppbpbbbbpbppbbbbpbbpppbbpbbbpbppppbpbpbpbppbpppbpppbpbbpbp,69
598753,3286,12,19,pbppbpbbbbp,b,pbppbpbbbbpb,2026-02-21 10:12:12,ppbbpbpbbpppbbbbpbppbppbpbbbbpbppbbppbbpppbpbbbppbpbp,53
604004,3321,12,3,pbppbpbbbbp,p,pbppbpbbbbpp,2026-02-21 11:41:53,ppbpbppbpbbbbppbbbbbppbbbpppbpppppbpppbbpbbpbppbbbpppbpbbbbbppp,63
607620,3345,12,21,pbppbpbbbbp,p,pbppbpbbbbpp,2026-02-21 13:54:00,bppppbpbbpbppbpbpppbbpbppbpbbbbppbbppp,38
643737,3575,12,52,pbppbpbbbbp,b,pbppbpbbbbpb,2026-02-23 13:43:14,bbpbbbbbppbpppbpbbbbbpbpbpbpbpbbbpppppbbpbbbbbbbppbppbppbpbbbbpbb,65
650716,3615,12,27,pbppbpbbbbp,p,pbppbpbbbbpp,2026-02-24 09:54:03,pbpppbbbpbbppbpppbpbppppppbpbppbpbbbbpppppppppp,47
666123,3701,12,24,pbppbpbbbbp,b,pbppbpbbbbpb,2026-02-24 19:31:23,pbbpppbbppbbbbbbbbppppbbpbppbpbbbbpbbpbbbp,42
669455,3721,12,20,pbppbpbbbbp,p,pbppbpbbbbpp,2026-02-25 09:45:48,pbbbpbbbbpbpbpbbppbbpbppbpbbbbppbbbbbbbbpppbppppbpppbbppppppbbpp,64
671503,3734,12,12,pbppbpbbbbp,b,pbppbpbbbbpb,2026-02-25 10:16:14,pbpbpbpbbbbppbppbpbbbbpbbppbpbppppbbbbbbppppbbbbppbbbbpppbpbbb,62
682761,3803,12,32,pbppbpbbbbp,b,pbppbpbbbbpb,2026-02-25 19:18:56,ppbpbbbpppbpppppbppbppbbbbbbpbpppbppbpbbbbpbpbbppbpbpppbpbpppbbbpbb,67
714651,3986,12,27,pbppbpbbbbp,b,pbppbpbbbbpb,2026-03-02 11:43:21,pbppbbpbbppbpppbbppbppbbpbbpbppbpbbbbpbpppbbpbbbpbpbppbbbbbbb,61
719899,4017,12,12,pbppbpbbbbp,p,pbppbpbbbbpp,2026-03-02 15:11:24,bpbbbpbpppbbpbppbpbbbbpppbpbbpbpbppppbpbppbbppbpppbp,52
721153,4027,12,40,pbppbpbbbbp,b,pbppbpbbbbpb,2026-03-03 13:39:08,bbbpbbbbppppbpbbbpbpppbpbbbbbbbbbppbbpbbpbppbpbbbbpbpbppbpbbpbp,63
724783,4046,12,5,pbppbpbbbbp,b,pbppbpbbbbpb,2026-03-03 16:14:49,bbbpppbppbpbbbbpbpbbbpbpppbbppbbbpbbppbbbpppbbbbpppp,52
733886,4098,12,44,pbppbpbbbbp,p,pbppbpbbbbpp,2026-03-04 09:25:36,bpbbppbpbbbpbpppppbppppbbppppbbbppbppbpbpppbpbppbpbbbbpppppb,60
736633,4112,12,2,pbppbpbbbbp,p,pbppbpbbbbpp,2026-03-04 11:15:56,bppbppbpbbbbpppppbpbbbbbppbpbbpbpbbbpbpbpbpbpbpbpbb,51
739150,4127,12,13,pbppbpbbbbp,b,pbppbpbbbbpb,2026-03-04 11:56:59,pbbbpbbbbbpbppbppbpbbbbpbpbpbpbbppbpbbbbpbbbbbbbbbbppppbppp,59
750933,4198,12,14,pbppbpbbbbp,p,pbppbpbbbbpp,2026-03-05 14:43:58,pbpbppbbpbpbpppbppbpbbbbpppbbpbpbpppbpbbbbbppbpbbppbpb,54
753922,4216,12,18,pbppbpbbbbp,p,pbppbpbbbbpp,2026-03-05 16:17:46,pppbbppbpppppbbppbpbppbpbbbbppbbbppppppbppbpbbbpb,49
756458,4232,12,19,pbppbpbbbbp,p,pbppbpbbbbpp,2026-03-05 21:31:10,bbpbpppbbppbpbppppppbppbpbbbbppbpbbbbp,38
758249,4243,12,49,pbppbpbbbbp,p,pbppbpbbbbpp,2026-03-05 22:09:53,bbbbpbppppbbpbppbbbbpbpppbpppbppppbpppbbbppbbpbbbpbppbpbbbbpp,61
761764,4263,12,24,pbppbpbbbbp,b,pbppbpbbbbpb,2026-03-06 17:01:01,bppbpbpbbppbbpppbbbbpppppbppbpbbbbpbbbbbbppbbppbpp,50
782024,4380,12,39,pbppbpbbbbp,p,pbppbpbbbbpp,2026-03-11 19:48:07,ppbpbpbbpbbpbbbppbbbbbppbppppbbbppppbpbpbppbpbbbbppbpppbppbpbppbbp,66
786579,4408,12,14,pbppbpbbbbp,p,pbppbpbbbbpp,2026-03-15 12:59:44,bbbpppppbbbppppbppbpbbbbppbpbpbpppppbbbbbbbb,44
792735,4444,12,21,pbppbpbbbbp,b,pbppbpbbbbpb,2026-03-16 19:10:32,bbpbbbbppppppbbbbppbbpbppbpbbbbpbbbbpbpppbppbbpppbpbbbpbbppppbpbpp,66
803447,4503,12,22,pbppbpbbbbp,b,pbppbpbbbbpb,2026-03-17 20:50:33,bpbpbppbpbppppppppbppbpbppbpbbbbpbbpbbbbbpbbpbbppbbbbbpbppp,59
808170,4537,12,9,pbppbpbbbbp,p,pbppbpbbbbpp,2026-03-18 13:40:05,bpppbbppbpbppbpbbbbpppbbbpbbppbpbppbppppbp,42
823704,4627,12,11,pbppbpbbbbp,p,pbppbpbbbbpp,2026-03-22 09:18:27,ppbbbbbbbpppbppbpbbbbpppbpbbbpppbpbpbbpbpbbpbpppppbppbppbpp,59
823848,4628,12,33,pbppbpbbbbp,b,pbppbpbbbbpb,2026-03-22 09:19:02,ppppppbpppbbbpbbpppbpppbpppppppbbpbppbpbbbbpb,45
824205,4630,12,18,pbppbpbbbbp,p,pbppbpbbbbpp,2026-03-22 09:20:04,bpbbbpbppbppbppppbpbppbpbbbbppbppppbppbpbpbp,44
825784,4640,12,40,pbppbpbbbbp,p,pbppbpbbbbpp,2026-03-22 10:07:51,ppbbbbpppppppbppbpbbpppbbbbbbppbppbppbpbpbppbpbbbbppbpbpppbpbp,62
831198,4676,12,8,pbppbpbbbbp,b,pbppbpbbbbpb,2026-04-12 13:13:16,pbppbpbppbppbpbbbbpbbbpppbpbpppppppbbpp,39
832388,4683,12,22,pbppbpbbbbp,b,pbppbpbbbbpb,2026-04-12 13:41:54,bbbpbbpppbppbbppbpbbpbpbppbpbbbbpb,34
844269,4756,12,30,pbppbpbbbbp,b,pbppbpbbbbpb,2026-04-23 13:52:52,ppbpppbpbppppbbbpbppbbbbbbbppppbppbpbbbbpbbbpbbbpbbpbpbpbbppppppbpbp,68
846548,4768,12,14,pbppbpbbbbp,p,pbppbpbbbbpp,2026-04-23 14:47:27,pbbbpbbbbpbbbbpbppbpbbbbppbppppbpbbbpbpbbbbppbbbpbbbppppbppb,60
857695,4834,12,26,pbppbpbbbbp,p,pbppbpbbbbpp,2026-04-23 19:34:02,pbpbpbppbbbpbpbpbbppppbppbpbppbpbbbbpppbbppppbb,47
878117,4959,12,35,pbppbpbbbbp,b,pbppbpbbbbpb,2026-05-04 11:31:15,bpbbpppbpbbbbpbppbppbbppppppbppbppbpbppbpbbbbpbp,48
895400,5055,12,27,pbppbpbbbbp,p,pbppbpbbbbpp,2026-05-22 05:04:59,bbpbpbppbppbbbpbppppbppppbbpbppbpbbbbppbb,41
918004,5189,12,11,pbppbpbbbbp,p,pbppbpbbbbpp,2026-05-28 10:07:36,bbpbpbbbppppbppbpbbbbppbbbpbpppb,32
921356,5209,12,32,pbppbpbbbbp,p,pbppbpbbbbpp,2026-05-28 12:42:14,bbbpbbbbpppbppbbbbppbbpbbpbbpppbpbppbpbbbbppbpbpbbbbppbbbb,58
924124,5225,12,19,pbppbpbbbbp,p,pbppbpbbbbpp,2026-05-28 15:22:39,bbbppbbbpbbppppbbbbpbppbpbbbbppppbpbppppb,41
930261,5263,12,23,pbppbpbbbbp,p,pbppbpbbbbpp,2026-06-01 10:57:07,bbpbbpbbpbbpbpbbbbppppppbppbpbbbbppbpbbbbbpbpppbbbpbbb,54
938727,5314,12,12,pbppbpbbbbp,p,pbppbpbbbbpp,2026-06-06 14:18:55,bpbbpbppppbppbppbpbbbbppppppbbbbbbbpppbpppppb,45
951140,5389,12,24,pbppbpbbbbp,b,pbppbpbbbbpb,2026-06-15 12:15:28,pbpbbppbbpppbpppbppppppppbppbpbbbbpbpppppbpbppbbbbpbppbbbpb,59
956233,5419,12,15,pbppbpbbbbp,p,pbppbpbbbbpp,2026-06-17 21:45:31,bbpppbppbbbbpbbpbppbpbbbbppbbpbpppbbppbppbbbpbbbb,49
961334,5448,12,19,pbppbpbbbbp,b,pbppbpbbbbpb,2026-06-20 09:06:30,bpbpbbpbbbppbpbpbbbpbppbpbbbbpbpbbpppbppbbb,43
974312,5521,12,45,pbppbpbbbbp,p,pbppbpbbbbpp,2026-06-22 09:13:27,pppbpbbpppbpbpppppbbpbpbbbbppppppbbpbppbpppbbpbppbpbbbbpppb,59
186914,68,12,10,pbppbpbbbpb,b,pbppbpbbbpbb,2026-01-26 10:57:31,bppbpbpppppbppbpbbbpbbppbb,26
194183,290,12,15,pbppbpbbbpb,b,pbppbpbbbpbb,2026-01-26 10:57:31,pbbpbbbbpbbpbbppbppbpbbbpbbpppbbbppppbbbppppbbp,47
198060,360,12,26,pbppbpbbbpb,b,pbppbpbbbpbb,2026-01-26 10:57:31,pbbppbpppbbbbbpbbpbppbpbbppbppbpbbbpbbpbbbpbbpbbbpbbbbbpbbbb,60
200988,413,12,16,pbppbpbbbpb,b,pbppbpbbbpbb,2026-01-26 10:57:31,pbppbppbpbbbbppppbppbpbbbpbbbbbpbp,34
212580,623,12,23,pbppbpbbbpb,b,pbppbpbbbpbb,2026-01-26 10:57:32,bpbpbbbpbbpbbpppbbbbbpbpbppbpbbbpbbp,36
219524,759,12,43,pbppbpbbbpb,p,pbppbpbbbpbp,2026-01-26 10:57:32,bbpbbbbpbppbbpbbbbpbbbbppbbbbbpppppbbppbppbpbppbpbbbpbp,55
223047,825,12,0,pbppbpbbbpb,p,pbppbpbbbpbp,2026-01-26 10:57:32,pbppbpbbbpbppbppbppbbppbbpbbbppbbppbpbpbbbpppppbppppppbbpbpbbb,62
228744,925,12,21,pbppbpbbbpb,p,pbppbpbbbpbp,2026-01-26 10:57:32,bpbbbbppppbbbpbbbpbpbpbppbpbbbpbpbbb,36
229443,937,12,31,pbppbpbbbpb,b,pbppbpbbbpbb,2026-01-26 10:57:32,pbbppbbpbppbbbbpbbppbbbpbbpppbppbppbpbbbpbbpb,45
231472,970,12,20,pbppbpbbbpb,b,pbppbpbbbpbb,2026-01-26 10:57:32,bbpbbpbpbpppbbppbbpbpbppbpbbbpbbbbbppppbpbpbbbbbppbbpbbbbbpppppbb,65
234287,1020,12,27,pbppbpbbbpb,p,pbppbpbbbpbp,2026-01-26 10:57:32,bbbpbbpppppbpbbpbbpbbppbppppbppbpbbbpbpbbppppbpbbbbbpppppbpbb,61
239429,1110,12,28,pbppbpbbbpb,b,pbppbpbbbpbb,2026-01-26 10:57:32,pppbpbbpbpbpppppbppbppbbpppppbppbpbbbpbbpppbpbpbpbb,51
242068,1158,12,17,pbppbpbbbpb,b,pbppbpbbbpbb,2026-01-26 10:57:32,pbpbbpppbbbbbbbpbpbppbpbbbpbbbbbpbbpbbpbpbbbpbbpbbbpp,53
245966,1223,12,43,pbppbpbbbpb,b,pbppbpbbbpbb,2026-01-26 10:57:33,pbbpbbbpbpbbbbbppbbpppbbbbbppbbppbbpbbppbpppbppbpbbbpbbbbbpbbb,62
255843,1392,12,3,pbppbpbbbpb,p,pbppbpbbbpbp,2026-01-26 10:57:33,bpbpbppbpbbbpbppbpbbpbpbbbppppbpbbpppbppbppbbpbpbpbppbbpbpbbb,61
260619,1472,12,31,pbppbpbbbpb,p,pbppbpbbbpbp,2026-01-26 10:57:33,bbbpbbpppbpbbbbpbppppbbbbppppbbpbppbpbbbpbpb,44
262446,1504,12,22,pbppbpbbbpb,p,pbppbpbbbpbp,2026-01-26 10:57:33,bbpbbpbpppbbbbbpbpbppppbppbpbbbpbpbbppppbbpbp,45
269649,1613,12,41,pbppbpbbbpb,b,pbppbpbbbpbb,2026-01-26 10:57:33,bbbppbbbbbbpbbbpbbpbbbbpbpppbbbbbpbpbpbbppbppbpbbbpbb,53
269921,1618,12,16,pbppbpbbbpb,p,pbppbpbbbpbp,2026-01-26 10:57:33,ppbbpbbbpbpppppbpbppbpbbbpbpbpbpbb,34
272308,1657,12,22,pbppbpbbbpb,p,pbppbpbbbpbp,2026-01-26 10:57:33,bbbbppppppbbbbppbbbbbppbppbpbbbpbpbbpppbbppbppppppbpbbpp,56
273700,1683,12,1,pbppbpbbbpb,b,pbppbpbbbpbb,2026-01-26 10:57:33,bpbppbpbbbpbbbpbbbbpbbbbpbbbppppppbpbppbppbpbbbbbp,50
274172,1691,12,32,pbppbpbbbpb,p,pbppbpbbbpbp,2026-01-26 10:57:33,bbpbpppbbbbpppppbbppbbpbbpbpbbpbpbppbpbbbpbpbbbbbbbppbpbbbbb,60
278331,1762,12,32,pbppbpbbbpb,b,pbppbpbbbpbb,2026-01-26 10:57:33,pbbbppppbppbbbbpppppbbbbbbbpppbbpbppbpbbbpbbbpbbbpppbbppppbbbpp,63
292181,1917,12,20,pbppbpbbbpb,p,pbppbpbbbpbp,2026-01-26 16:16:17,bbpbbbbbbbbbpbbppbpbpbppbpbbbpbppbppbbpbbb,42
295991,1939,12,48,pbppbpbbbpb,b,pbppbpbbbpbb,2026-01-26 17:20:29,ppbpbpbbppbpbpbppbbbbpbbpbbppppbpbpppppbbppppbpppbppbpbbbpbbb,61
364683,1962,12,14,pbppbpbbbpb,p,pbppbpbbbpbp,2026-01-27 13:38:30,bpppbppbbbbbbppbppbpbbbpbpppbpbbbpbbbbppbpbbbbpppbpbpbpppbbbbpbp,64
378337,2039,12,6,pbppbpbbbpb,b,pbppbpbbbpbb,2026-01-29 13:01:40,bbbpbppbppbpbbbpbbbppbbpbppbbbpbpbpppbbbbbp,43
379529,2046,12,6,pbppbpbbbpb,b,pbppbpbbbpbb,2026-01-29 13:03:51,bbbpbppbppbpbbbpbbbppbbpbppbbbpbpbpppbbbbbpbbpbpp,49
398483,2156,12,35,pbppbpbbbpb,b,pbppbpbbbpbb,2026-01-31 18:44:38,bbbppbbpbppbbppbppbbbpbpbpbbppbbbpbpbppbpbbbpbbbbbbbppbppbbp,60
413314,2237,12,11,pbppbpbbbpb,b,pbppbpbbbpbb,2026-02-02 14:36:05,bbpbpbpbppbpbppbpbbbpbbbpbbppppbpbbpbbpbpppbbp,46
418659,2267,12,13,pbppbpbbbpb,b,pbppbpbbbpbb,2026-02-02 16:47:27,pbbppbbpbbpbbpbppbpbbbpbbbbpbbbbpppppppbbbpbbbppbpb,51
422326,2286,12,36,pbppbpbbbpb,p,pbppbpbbbpbp,2026-02-03 10:22:15,ppbbppbbpppbppbbpbbppppbpbpppppbbppppbppbpbbbpbppppppbppp,57
425624,2304,12,25,pbppbpbbbpb,b,pbppbpbbbpbb,2026-02-04 15:41:49,bbpbpbpbppbbpppbbpppppbpbpbppbpbbbpbbpbbpbp,43
426256,2307,12,12,pbppbpbbbpb,b,pbppbpbbbpbb,2026-02-04 15:58:01,bbppbbbbpppbpbppbpbbbpbbbbppppbbpbppbbbppbpppppb,48
453076,2453,12,9,pbppbpbbbpb,p,pbppbpbbbpbp,2026-02-06 10:40:44,pppbbpppppbppbpbbbpbppbppbbppbbppbbpbbpbpbpbpp,46
456505,2471,12,29,pbppbpbbbpb,p,pbppbpbbbpbp,2026-02-06 11:33:08,bpbpppbbpppbbbbbbbbbbppbpbbpppbppbpbbbpbpppbbppppppbppppp,57
467296,2529,12,19,pbppbpbbbpb,p,pbppbpbbbpbp,2026-02-09 15:27:44,pppbpbbpbbpbbbpbppppbppbpbbbpbpbbbpbpbbppbbpbpppbpbppbpbpbppbp,62
467713,2531,12,0,pbppbpbbbpb,p,pbppbpbbbpbp,2026-02-09 15:28:32,pbppbpbbbpbppppbppbbbbpppbbbppbpppbpbbbbppbpp,45
470175,2544,12,14,pbppbpbbbpb,b,pbppbpbbbpbb,2026-02-09 15:52:16,bbpbpbbpbbpppppbppbpbbbpbbppbpbppbppbpppbbbppbpbbbbpbpbbbpbppb,62
490501,2667,12,5,pbppbpbbbpb,b,pbppbpbbbpbb,2026-02-11 15:01:14,bppbppbppbpbbbpbbpppbbbppbbppbpbppbppbbpbbbbbbbppppppppbbbpp,60
496435,2702,12,6,pbppbpbbbpb,b,pbppbpbbbpbb,2026-02-11 20:26:13,bpbbpbpbppbpbbbpbbppbpbpbbbpppbpbpbppppppbb,43
505441,2754,12,11,pbppbpbbbpb,b,pbppbpbbbpbb,2026-02-12 09:10:12,bbppbbbbppbpbppbpbbbpbbpbbpbbbbbppbbpppbpbbpbbbbpppppbp,55
523177,2853,12,30,pbppbpbbbpb,p,pbppbpbbbpbp,2026-02-13 13:49:19,bbpbbpbpbpbbbpbpbpbbbpbbbpbppbpbppbpbbbpbppppbpb,48
523876,2858,12,21,pbppbpbbbpb,b,pbppbpbbbpbb,2026-02-13 13:51:55,bbpbppbpbbpbppppppbbppbppbpbbbpbbppppbppppbbbbpbbbbppppbbbpb,60
529116,2887,12,35,pbppbpbbbpb,b,pbppbpbbbpbb,2026-02-13 16:24:34,bbbbbbbppbbbppbbpbbbpbbbbbpbpppbppppbppbpbbbpbbbbbppppbbpbbpbbbbp,65
531227,2897,12,20,pbppbpbbbpb,p,pbppbpbbbpbp,2026-02-13 17:15:06,pbbbpbbpbbbpbpbppbpppbppbpbbbpbpbbppppbbbbppppbpbb,50
532257,2904,12,10,pbppbpbbbpb,p,pbppbpbbbpbp,2026-02-13 17:47:51,pppbpbbppppbppbpbbbpbpbbbpbbbbppbppppbpbbpbbpbpbb,49
532452,2905,12,14,pbppbpbbbpb,b,pbppbpbbbpbb,2026-02-13 17:48:17,bbppbbpbpppbpppbppbpbbbpbbppbpppppppbpbpbbpppbbbbpppppbp,56
548997,3002,12,39,pbppbpbbbpb,p,pbppbpbbbpbp,2026-02-14 15:57:52,bbpbbppbbppppbppbbbpppbpbbppppbpbbpppbppbppbpbbbpbpb,52
553965,3028,12,5,pbppbpbbbpb,p,pbppbpbbbpbp,2026-02-15 19:52:37,bbbbbpbppbpbbbpbpbbpbbpbppbpbbbbpbpbpbbppppbpbbbbbppbpppbpp,59
556984,3044,12,36,pbppbpbbbpb,b,pbppbpbbbpbb,2026-02-15 21:19:51,bppppbpbpbpbppbbpbbppbbbppbppppppppppbppbpbbbpbbpbbpbbbbbp,58
558884,3055,12,35,pbppbpbbbpb,b,pbppbpbbbpbb,2026-02-17 14:31:00,ppbppppbpbppppbbbppppbbbpbbpbpbpbbbpbppbpbbbpbbbbpbbppbppbppppb,63
566561,3095,12,2,pbppbpbbbpb,p,pbppbpbbbpbp,2026-02-17 16:19:25,pppbppbpbbbpbpppbpppppbppbbpppbpppppppppbpppppbbpbbpp,53
570807,3117,12,43,pbppbpbbbpb,b,pbppbpbbbpbb,2026-02-17 17:23:19,ppbpbbbbpppbbppbpbbbbbpbbbbppbpppppbpbpbppbpbppbpbbbpbbbpbbb,60
571500,3121,12,29,pbppbpbbbpb,p,pbppbpbbbpbp,2026-02-17 19:41:14,bbbbbppbbppppbppbbbbppbpbbpbppbppbpbbbpbpbbpbpbpbp,50
576836,3155,12,8,pbppbpbbbpb,p,pbppbpbbbpbp,2026-02-17 21:18:57,ppppbppppbppbpbbbpbpbbbbpppppbbbbppbpbppbb,42
623966,3461,12,18,pbppbpbbbpb,p,pbppbpbbbpbp,2026-02-22 18:20:52,pbbpbbppbpbbbpbbbppbppbpbbbpbpbbbppppppbbbppppbpbbpppbbbbppbp,61
625587,3470,12,12,pbppbpbbbpb,b,pbppbpbbbpbb,2026-02-22 19:01:40,ppbbbbbbbbpppbppbpbbbpbbpbpbbbpbbbppbbbbpbpppbp,47
626347,3473,12,28,pbppbpbbbpb,p,pbppbpbbbpbp,2026-02-22 19:02:50,pbbpbpbppbpbpppbpbpppppbpppbpbppbpbbbpbppbppbpbpbpb,51
640556,3555,12,12,pbppbpbbbpb,p,pbppbpbbbpbp,2026-02-23 12:30:32,ppbbbbbpbbpbpbppbpbbbpbppbbbbppbppbbbppbpbppbpbpppbbbp,54
643142,3572,12,2,pbppbpbbbpb,p,pbppbpbbbpbp,2026-02-23 13:41:43,bbpbppbpbbbpbpbbppbbpbpbpbbbpbpb,32
660546,3670,12,1,pbppbpbbbpb,b,pbppbpbbbpbb,2026-02-24 15:34:41,bpbppbpbbbpbbbbppbppbbppppbppppppbbppbbpbbbppbpbpbbpbpbpbbbbb,61
665018,3695,12,0,pbppbpbbbpb,p,pbppbpbbbpbp,2026-02-24 19:28:48,pbppbpbbbpbppppppbbpppppbppbppbbpbbpbpbppb,42
673375,3746,12,39,pbppbpbbbpb,p,pbppbpbbbpbp,2026-02-25 11:31:49,bbpbbppppppbpbpbbppbbppbbpbbbbppbpbpbpbpbppbpbbbpbppbpbb,56
686662,3827,12,13,pbppbpbbbpb,p,pbppbpbbbpbp,2026-02-25 20:57:45,bbbbpbbpbbbbbpbppbpbbbpbpbbbppbbbbpbbbbbbppppppbppbbppp,55
690784,3849,12,5,pbppbpbbbpb,p,pbppbpbbbpbp,2026-02-26 08:17:22,pbbpppbppbpbbbpbpbpbppbbpbbbbppbbpbbpbppbpbb,44
692248,3858,12,30,pbppbpbbbpb,p,pbppbpbbbpbp,2026-02-26 08:55:08,bbbppbbbbbbpbbbbbbbppbppbpbppppbppbpbbbpbpbbbbbbb,49
708603,3951,12,46,pbppbpbbbpb,p,pbppbpbbbpbp,2026-03-01 19:28:16,bpppbbpbpppbbppbpbbbbppppbbbbbppbppbpppppbbpbbpbppbpbbbpbpppbbpbb,65
716106,3994,12,21,pbppbpbbbpb,b,pbppbpbbbpbb,2026-03-02 13:57:19,pbbbbpbpbppbbbbppppbbpbppbpbbbpbbpbbbbbppbppbbbpbbbbbbbpb,57
718129,4005,12,24,pbppbpbbbpb,p,pbppbpbbbpbp,2026-03-02 14:44:10,pbpppppbppbbpbbpbbppbbbbpbppbpbbbpbpbbbpppbpbbbpbpbp,52
731770,4086,12,47,pbppbpbbbpb,b,pbppbpbbbpbb,2026-03-03 19:43:12,ppbpbppbbbpbbbpbppbppbbpbbpbpbppppbpbbbppppbbbbpbppbpbbbpbbbpbb,63
733090,4094,12,7,pbppbpbbbpb,p,pbppbpbbbpbp,2026-03-04 09:23:32,ppppbpbpbppbpbbbpbpbbbbpppbpbbbbbbbpbppbbpp,43
735806,4108,12,45,pbppbpbbbpb,p,pbppbpbbbpbp,2026-03-04 10:10:16,ppbpbbpppppbbpbbbpbbbpppbppbbbbbbpbpppbbpbppppbppbpbbbpbpp,58
744501,4162,12,13,pbppbpbbbpb,p,pbppbpbbbpbp,2026-03-05 13:20:20,bbpbbbppppbpppbppbpbbbpbpppbbppppppbpppbpbbbbppbppppppbbpbpppbp,63
745466,4167,12,31,pbppbpbbbpb,b,pbppbpbbbpbb,2026-03-05 13:23:18,ppbbppbpbbpbbpbpppbbppppppbbppbpbppbpbbbpbbbp,45
748477,4186,12,8,pbppbpbbbpb,b,pbppbpbbbpbb,2026-03-05 14:38:28,bppbbppppbppbpbbbpbbbppppbbbppbbbpbbpppbbbbbbpbbbbbpppbbb,57
748759,4187,12,29,pbppbpbbbpb,p,pbppbpbbbpbp,2026-03-05 14:38:51,bbpbbpbbpbpbbppppbbpbppbbbpbppbppbpbbbpbpbbbbbppbpppbppbpbppbbbbbpb,67
749941,4193,12,13,pbppbpbbbpb,b,pbppbpbbbpbb,2026-03-05 14:41:31,pbbpbpbbbbbbppbppbpbbbpbbbbbbpbbbpbbbbpbbbpbbbbbpppbbpppbp,58
774045,4335,12,7,pbppbpbbbpb,p,pbppbpbbbpbp,2026-03-09 19:50:48,bppbbbppbppbpbbbpbpbpbpbppppbbbbbbbbbppbbbppbpbpbbbpbpbppbppppbb,64
775381,4343,12,15,pbppbpbbbpb,p,pbppbpbbbpbp,2026-03-11 18:45:55,pbpbppppppbpppppbppbpbbbpbpppbbbbbpbpbppppbbpbbpbpppb,53
777879,4358,12,0,pbppbpbbbpb,b,pbppbpbbbpbb,2026-03-11 19:13:09,pbppbpbbbpbbpbpppbbbbbbpbbbppppppppbbpbbbppbb,45
779556,4367,12,30,pbppbpbbbpb,b,pbppbpbbbpbb,2026-03-11 19:16:31,bbbpppbbbpbbbppbppbbbpppbpbbbppbppbpbbbpbbbpbbpbbbpppbbbbpbppp,62
794483,4453,12,9,pbppbpbbbpb,b,pbppbpbbbpbb,2026-03-16 19:57:28,bppbbbbpbpbppbpbbbpbbppbbpbbbpbbbbbpbpbpppbbppppbppbpbbppbpbbpp,63
828437,4658,12,25,pbppbpbbbpb,p,pbppbpbbbpbp,2026-03-24 06:25:36,pppppbpbbbbpbppbbbpbbpbbbpbppbpbbbpbppbbpbp,43
833763,4693,12,35,pbppbpbbbpb,p,pbppbpbbbpbp,2026-04-12 16:01:26,bbppbbbbpppbppbbpbbppppbppppbpbppbbpbppbpbbbpbp,47
839874,4731,12,34,pbppbpbbbpb,p,pbppbpbbbpbp,2026-04-21 06:33:39,pbbbbppbbbpbppbppppbpbpbbbbbbpppbppbppbpbbbpbpppppbbbb,54
854530,4816,12,10,pbppbpbbbpb,p,pbppbpbbbpbp,2026-04-23 18:55:44,bpbbpbbbpppbppbpbbbpbpppbbbppbpppbbpppbbb,41
855385,4821,12,34,pbppbpbbbpb,b,pbppbpbbbpbb,2026-04-23 18:59:01,bbbpbpbpbpbpbbpbppppbbbbbbpbpbpppppbppbpbbbpbbbpbpbbbbp,55
862271,4861,12,34,pbppbpbbbpb,b,pbppbpbbbpbb,2026-04-26 08:49:42,bpbbppbpbbpbpppbbbbbbbbpppbpbbbbpbpbppbpbbbpbbppbpbpbpbpbpppbppbp,65
864155,4873,12,21,pbppbpbbbpb,p,pbppbpbbbpbp,2026-04-26 09:26:45,bbbbpppppbbpbbppppppbpbppbpbbbpbppbpbppbppppbpppp,49
866327,4886,12,26,pbppbpbbbpb,b,pbppbpbbbpbb,2026-04-30 15:36:02,pbpbppbbbppbppbpbbppbbbpbbpbppbpbbbpbbpbbbpppbbpbpbpp,53
867028,4891,12,47,pbppbpbbbpb,b,pbppbpbbbpbb,2026-04-30 15:40:23,bbppbbpppbbbpbbbpbbpbbbbbbbpppbpbpppbbbbbbbbppppbppbpbbbpbb,59
870725,4914,12,5,pbppbpbbbpb,b,pbppbpbbbpbb,2026-05-04 07:57:57,ppbbppbppbpbbbpbbbbbpbppppppbpbpppppbbpbbpbpbppbbbppbppbpb,58
872493,4925,12,16,pbppbpbbbpb,b,pbppbpbbbpbb,2026-05-04 08:27:44,bppbpbppbbpppppppbppbpbbbpbbpbpbbpbbbbbpbppbppbbppbpbpbpbbbbbpppbbb,67
873944,4935,12,9,pbppbpbbbpb,b,pbppbpbbbpbb,2026-05-04 09:09:09,bbpppppbbpbppbpbbbpbbppbbppbbbpppbpbpbppb,41
875570,4944,12,1,pbppbpbbbpb,p,pbppbpbbbpbp,2026-05-04 09:17:04,ppbppbpbbbpbpbbpbpbbpbbbbbbpbbbbbbbbppbbpbbbpbpbbbbppbpbbpbbpbbbb,65
883873,4992,12,6,pbppbpbbbpb,p,pbppbpbbbpbp,2026-05-04 17:25:56,bpbbpbpbppbpbbbpbpbpbbppbpbbppppbbbbpbppbbbpppbpppbbpbp,55
886898,5008,12,23,pbppbpbbbpb,p,pbppbpbbbpbp,2026-05-14 07:11:29,pbbppbbbbppbpbpbppppppppbppbpbbbpbpbbbpppppbp,45
890939,5030,12,36,pbppbpbbbpb,b,pbppbpbbbpbb,2026-05-14 08:10:28,bbbbpbbpbbbbpbpbbbpbbbpbpbbbbpppbppbpbppbpbbbpbbpb,50
903869,5104,12,9,pbppbpbbbpb,p,pbppbpbbbpbp,2026-05-26 09:44:39,pppbppbpbpbppbpbbbpbppbpppbppbbpbpbbbbbbppppbppbbbbbppp,55
924496,5228,12,5,pbppbpbbbpb,p,pbppbpbbbpbp,2026-05-28 15:24:31,pbbpppbppbpbbbpbpbppbbbpbbbppb,30
943005,5338,12,32,pbppbpbbbpb,b,pbppbpbbbpbb,2026-06-07 21:12:06,bpbppbpbppppbbbpbpppppbbbppbbbbbpbppbpbbbpbbppbbpppbbp,54
949733,5380,12,22,pbppbpbbbpb,p,pbppbpbbbpbp,2026-06-10 15:22:33,bbbbbbbpbppbppbbpppppbpbppbpbbbpbpbbb,37
952165,5395,12,14,pbppbpbbbpb,b,pbppbpbbbpbb,2026-06-15 12:21:54,bbbbpbpbpbbpbbpbppbpbbbpbbppbpbppbppbbpb,40
955662,5416,12,9,pbppbpbbbpb,b,pbppbpbbbpbb,2026-06-17 21:42:18,bpbbbbppppbppbpbbbpbbbpbbpbppbpbppbppbbbppppbb,46
976550,5534,12,22,pbppbpbbbpb,b,pbppbpbbbpbb,2026-06-22 09:49:47,pbpbpppbppppbpbbbbbpbppbppbpbbbpbbbbpppp,40
977370,5539,12,7,pbppbpbbbpb,p,pbppbpbbbpbp,2026-06-22 10:01:46,pbbpbbbpbppbpbbbpbpbppppbppppbbbbppbbpbbpbbppbbbbpbpppbppppbbpbb,64
979879,5554,12,23,pbppbpbbbpb,p,pbppbpbbbpbp,2026-06-23 07:05:37,bpbbbpbbbpbpbbppbbbbppppbppbpbbbpbpp,36
185791,16,12,5,pbppbpbbbpp,p,pbppbpbbbppp,2026-01-26 10:57:31,bbbpbpbppbpbbbppppppppbbbppbbppb,32
192889,266,12,16,pbppbpbbbpp,p,pbppbpbbbppp,2026-01-26 10:57:31,bbpbpbbpppbbppbppbppbpbbbpppbppppbbbppppbpbbppbppppppbpbbpb,59
193158,271,12,11,pbppbpbbbpp,p,pbppbpbbbppp,2026-01-26 10:57:31,bpbpbbbbbpppbppbpbbbpppbbpbbpppbbbpbbbbb,40
203454,455,12,22,pbppbpbbbpp,p,pbppbpbbbppp,2026-01-26 10:57:31,pppppbbbpbpbpbbpbpbpbppbppbpbbbppppbbbpbpbb,43
207128,526,12,15,pbppbpbbbpp,b,pbppbpbbbppb,2026-01-26 10:57:32,pppbppbbpbbpbpbpbppbpbbbppbbbpppbbppppppbbppb,45
207358,532,12,7,pbppbpbbbpp,p,pbppbpbbbppp,2026-01-26 10:57:32,pppppbbpbppbpbbbppppbbpbbpppbbb,31
209742,575,12,29,pbppbpbbbpp,b,pbppbpbbbppb,2026-01-26 10:57:32,bbbpppbbbpbpppbpbpbpppbbbppbbpbppbpbbbppbppppppb,48
219726,763,12,19,pbppbpbbbpp,b,pbppbpbbbppb,2026-01-26 10:57:32,bbpbpbppbbbppbbpppbpbppbpbbbppbbbp,34
221595,800,12,25,pbppbpbbbpp,b,pbppbpbbbppb,2026-01-26 10:57:32,bpbpbbbppppbppbpbpbbbbbpppbppbpbbbppbbbppbbbbbbpbpb,51
222593,818,12,41,pbppbpbbbpp,b,pbppbpbbbppb,2026-01-26 10:57:32,bbpbbppbpppbpbbbppbbpbbbpbbppbbbbpbbpbbpbpbppbpbbbppbpbpbbp,59
223132,826,12,43,pbppbpbbbpp,b,pbppbpbbbppb,2026-01-26 10:57:32,pbbppbbbbbbbpppbbpbbpbbbbppbpppppppbppppppppbppbpbbbppbbppppbbppp,65
223777,837,12,3,pbppbpbbbpp,b,pbppbpbbbppb,2026-01-26 10:57:32,bpbpbppbpbbbppbbpbbpbbpbbppppppppbbbpbpbbbpbppbbbpppbp,54
228108,914,12,19,pbppbpbbbpp,b,pbppbpbbbppb,2026-01-26 10:57:32,bpbpbbbbbppbppppppbpbppbpbbbppbpbppbpbpbppbbbpbppbbbpbbbp,57
233118,1001,12,19,pbppbpbbbpp,p,pbppbpbbbppp,2026-01-26 10:57:32,ppbpbpbbbppppbbpppppbppbpbbbppppppbpbppbbbpbpbpbbpbbb,53
233827,1012,12,14,pbppbpbbbpp,b,pbppbpbbbppb,2026-01-26 10:57:32,bpbpbbpbppbpbppbppbpbbbppbbbbpppbpbbbppbbpbbbbbpb,49
236633,1060,12,37,pbppbpbbbpp,p,pbppbpbbbppp,2026-01-26 10:57:32,bbbbbbbpbppppbbpbppbbbbpppbbbbbpbbbbbpbppbpbbbppppbbppbpbp,58
237141,1068,12,41,pbppbpbbbpp,b,pbppbpbbbppb,2026-01-26 10:57:32,pbbbbpppbbbbpbppbppbppbpbppbppbpbbpppppbbpbppbpbbbppb,53
239189,1105,12,8,pbppbpbbbpp,p,pbppbpbbbppp,2026-01-26 10:57:32,bppbbpbppbppbpbbbpppbpppbppbbbbppbpbbppbpppbbpbbbpbb,52
246085,1225,12,33,pbppbpbbbpp,p,pbppbpbbbppp,2026-01-26 10:57:33,bppppppppppbpbbpbbppppbpbpbppbbbbpbppbpbbbpppbpbpbbpbbpbp,57
249240,1278,12,28,pbppbpbbbpp,p,pbppbpbbbppp,2026-01-26 10:57:33,bbbpppbppppppbbbbbbppbbbpppppbppbpbbbppp,40
249598,1285,12,15,pbppbpbbbpp,p,pbppbpbbbppp,2026-01-26 10:57:33,bbbbbbbpbpppppppbppbpbbbpppbpbbbbbpbpbbpbbpbpbpbp,49
260442,1469,12,24,pbppbpbbbpp,b,pbppbpbbbppb,2026-01-26 10:57:33,bbbppbpbpbpbpbbbbpbbpbpbpbppbpbbbppbbbppp,41
261886,1493,12,34,pbppbpbbbpp,b,pbppbpbbbppb,2026-01-26 10:57:33,bpbppbbbppbpppbbbppbppppbpbpbbbbpbpbppbpbbbppbbppbbbpbb,55
262563,1506,12,40,pbppbpbbbpp,b,pbppbpbbbppb,2026-01-26 10:57:33,ppbbbbppbbpppppppppbpppbbbpbbpbppbppbpbppbppbpbbbppbbbbbbpbb,60
269751,1615,12,13,pbppbpbbbpp,p,pbppbpbbbppp,2026-01-26 10:57:33,pbbbppbbbbbbbpbppbpbbbpppbbpbppbbbpbbpbp,40
275372,1713,12,22,pbppbpbbbpp,p,pbppbpbbbppp,2026-01-26 10:57:33,pbpbbbbpbppppbbppbbbbbpbppbpbbbppppbpbpbbbbppp,46
278266,1761,12,29,pbppbpbbbpp,p,pbppbpbbbppp,2026-01-26 10:57:33,bbbbpbbpbpbbbpppbpbbbbpbpbbpbpbppbpbbbpppbbpbbppbbbbppbppbbbpbp,63
280323,1793,12,36,pbppbpbbbpp,p,pbppbpbbbppp,2026-01-26 10:57:33,bpbpppbbbbbbppppbbbbpbbbbbpbbpppbbbppbppbpbbbpppbbpbbppbbbbppbppbpp,67
284959,1869,12,0,pbppbpbbbpp,p,pbppbpbbbppp,2026-01-26 10:57:34,pbppbpbbbppppbbppbpbpppppbbpbpppbpppbppbpbbpbp,46
291269,1912,12,32,pbppbpbbbpp,p,pbppbpbbbppp,2026-01-26 16:14:47,pppbpbbbbbppbbbpbbpbbpbbpbppppbbpbppbpbbbpppbppbppbbppppb,57
294291,1929,12,21,pbppbpbbbpp,b,pbppbpbbbppb,2026-01-26 16:53:03,bbpppbpbbpbbbpbpbbpbbpbppbpbbbppbpppbbbpbbbpbpbbp,49
361058,1943,12,28,pbppbpbbbpp,p,pbppbpbbbppp,2026-01-27 13:11:08,pbbbbbbppbpppppbbbbppbbpbbpbpbppbpbbbpppppppp,45
362922,1953,12,23,pbppbpbbbpp,b,pbppbpbbbppb,2026-01-27 13:35:47,pbpbbbbbpbpbbpbbbpppbbbpbppbpbbbppbbppbbpbpbppppbbbbbpbpbbpppbb,63
366994,1975,12,4,pbppbpbbbpp,b,pbppbpbbbppb,2026-01-27 16:25:46,bpbppbppbpbbbppbbbpbpppbpbpbppppbpppbbbbbbbpbpbb,48
426625,2309,12,26,pbppbpbbbpp,b,pbppbpbbbppb,2026-02-04 15:58:43,bbbpbbbbppbppbpppbpbpbpbbbpbppbpbbbppbbppbpbb,45
430088,2329,12,12,pbppbpbbbpp,p,pbppbpbbbppp,2026-02-04 17:11:06,pbppbbpbppbbpbppbpbbbpppbbbppbbpppbbbbbbpbbpbbpb,48
432396,2342,12,7,pbppbpbbbpp,b,pbppbpbbbppb,2026-02-04 17:26:47,bbbbbpbpbppbpbbbppbpbbppbbppbppbbbbppbbpbppppbbbbbppbpbb,56
436259,2363,12,19,pbppbpbbbpp,p,pbppbpbbbppp,2026-02-04 18:26:30,pbbpbpppbbppppbppbppbppbpbbbpppbbppbbbbbbpbpp,45
438810,2377,12,13,pbppbpbbbpp,p,pbppbpbbbppp,2026-02-05 14:00:34,bbbppbpppbppppbppbpbbbpppppppppbbpbbbbbbpbbbpbbbp,49
445785,2415,12,37,pbppbpbbbpp,b,pbppbpbbbppb,2026-02-05 15:54:15,pbbppbbbpbbbppbbbbpppppbbbbppbbbppppppbppbpbbbppbppp,52
449069,2432,12,15,pbppbpbbbpp,p,pbppbpbbbppp,2026-02-05 16:52:30,bbpbbbppppppbpbpbppbpbbbpppppbpbbbbbbbbppbbpbpbppp,50
455919,2468,12,33,pbppbpbbbpp,b,pbppbpbbbppb,2026-02-06 11:31:53,bpbbpbbbpbbppppbpbbbbpbbppbpppbpbpbppbpbbbppbbbpbpbbbppppbbbbpbb,64
465394,2518,12,15,pbppbpbbbpp,p,pbppbpbbbppp,2026-02-08 04:08:04,pbpppbpbbbbbpbppbppbpbbbppppppbbbbpbbpbpbppb,44
501604,2732,12,19,pbppbpbbbpp,p,pbppbpbbbppp,2026-02-11 21:30:28,ppbbppbbbbbbbbbpppppbppbpbbbppppppbbppbpbbpbpbbbbpbpbbbbpbppbpbpbp,66
515570,2812,12,38,pbppbpbbbpp,p,pbppbpbbbppp,2026-02-12 15:54:52,bbbbbbpbpbbppbppbpbppbbppbbpbppbbppbbppbppbpbbbppppbbpbppp,58
519133,2832,12,15,pbppbpbbbpp,b,pbppbpbbbppb,2026-02-13 12:09:51,ppbpbpppbbpbppbpbppbpbbbppbpppbbpbppbbppppppbpbbpppppbppbpbpppb,63
520797,2841,12,36,pbppbpbbbpp,p,pbppbpbbbppp,2026-02-13 12:47:01,bbpppbpbbbpbppbpbbbbbppbbpppbppbbppbpbppbpbbbpppbbbbpbbpbppppp,62
545694,2979,12,15,pbppbpbbbpp,p,pbppbpbbbppp,2026-02-14 11:39:51,pppbbpbbbpbbbpbpbppbpbbbpppbppbpppbpbpbb,40
550498,3010,12,37,pbppbpbbbpp,b,pbppbpbbbppb,2026-02-14 16:01:21,pbpbpbbbpbppbpppbbbbppppppbbbpbbbpppppbppbpbbbppbpbppppbbpbp,60
565794,3091,12,33,pbppbpbbbpp,b,pbppbpbbbppb,2026-02-17 16:17:33,ppbbpbppbbbpppbbbppppbpbpbpbpppbppbppbpbbbppbppbb,49
595050,3263,12,10,pbppbpbbbpp,p,pbppbpbbbppp,2026-02-20 15:31:57,ppbppbpppbpbppbpbbbppppbbbbbpppbpbbpbpppbbpppbb,47
597678,3280,12,0,pbppbpbbbpp,b,pbppbpbbbppb,2026-02-21 10:09:14,pbppbpbbbppbbbpbbpppbpbppbpppbpbbppbpbpbpbbppbpbpbbb,52
628127,3482,12,27,pbppbpbbbpp,b,pbppbpbbbppb,2026-02-22 20:21:11,pbpppppbbbbbpppbppbbbbpbppbpbppbpbbbppbppbpbpbpppbbbbpp,55
630199,3494,12,32,pbppbpbbbpp,b,pbppbpbbbppb,2026-02-22 20:48:25,bbpppbpbbbpbppbbpbbbpppbpppbbbbbpbppbpbbbppbp,45
654977,3639,12,21,pbppbpbbbpp,p,pbppbpbbbppp,2026-02-24 14:23:38,bbbpppppppbpbbpppbppbpbppbpbbbpppbpppbbppppbppbpp,49
676769,3768,12,30,pbppbpbbbpp,b,pbppbpbbbppb,2026-02-25 17:25:47,bpbbpbbpbppbppbbpbbppppppbbpbbpbppbpbbbppbbbbbppppppbpbpbppbpbbbp,65
677446,3772,12,38,pbppbpbbbpp,b,pbppbpbbbppb,2026-02-25 18:02:13,bbbbpbppbpbpbpbbbbppbbbppppbpbpbpbpppppbppbpbbbppbbpbb,54
685091,3818,12,11,pbppbpbbbpp,b,pbppbpbbbppb,2026-02-25 20:10:04,bbbbpbbbppbpbppbpbbbppbbppppppbbbbbpppbpbbpbpbbpppbbbbbpb,57
687377,3831,12,21,pbppbpbbbpp,b,pbppbpbbbppb,2026-02-25 20:59:08,ppbbpbbbpbppbbbbbbpbppbppbpbbbppbpbbbpbppbbpbpbbbpbbpbb,55
694962,3874,12,4,pbppbpbbbpp,b,pbppbpbbbppb,2026-02-28 13:36:26,pbpbpbppbpbbbppbppbpbpppbpbppbpbp,33
699795,3900,12,51,pbppbpbbbpp,p,pbppbpbbbppp,2026-03-01 12:29:11,pbbbpbpbppppbbbbbbbpbpbbbbbbpppbbbbbbbpbbbbppbbpbpppbppbpbbbpppbbbp,67
714197,3984,12,3,pbppbpbbbpp,b,pbppbpbbbppb,2026-03-02 11:42:13,pbbpbppbpbbbppbppbbpbbbpppppbpbbbpppppbbbbbppbpbpbbpbbpbbpbbbp,62
714397,3985,12,16,pbppbpbbbpp,p,pbppbpbbbppp,2026-03-02 11:42:51,bpppbpbpbppbbpbppbppbpbbbpppppbpppbbbpppbbbbbbppbpbbbp,54
737787,4119,12,26,pbppbpbbbpp,b,pbppbpbbbppb,2026-03-04 11:18:30,pppbpppbbpbppbpbpbbbppbbpbpbppbpbbbppbbbbb,42
742615,4151,12,26,pbppbpbbbpp,b,pbppbpbbbppb,2026-03-04 15:12:04,bppppbpbppbpbbpppppbppbbbppbppbpbbbppbbbppbbbppb,48
744700,4163,12,19,pbppbpbbbpp,b,pbppbpbbbppb,2026-03-05 13:21:12,bpbbbppbbpbpbpbpbpbpbppbpbbbppbbbpbbpbpbb,41
745827,4169,12,17,pbppbpbbbpp,b,pbppbpbbbppb,2026-03-05 13:24:58,ppbbbppbbbpbbbbbbpbppbpbbbppbppppbpppppbppbbbppppb,50
755154,4224,12,29,pbppbpbbbpp,b,pbppbpbbbppb,2026-03-05 18:11:25,bppppppppbbpbbpbbbppbpbbbppbppbppbpbbbppbbbbbbbpbp,50
757441,4238,12,40,pbppbpbbbpp,p,pbppbpbbbppp,2026-03-05 21:37:43,bpbpbppbbbppbpppbbbbbpbpbppbppbpbbppppbppbppbpbbbpppbppbb,57
771479,4321,12,3,pbppbpbbbpp,b,pbppbpbbbppb,2026-03-09 19:03:46,bpppbppbpbbbppbbppbbpbbpppbppbpbppbppppbpppppbbbb,49
777060,4353,12,40,pbppbpbbbpp,b,pbppbpbbbppb,2026-03-11 18:49:31,bbbbbbbpppppbppppppbpppbpbpbpbpbbpbppbbbpbppbpbbbppbbbb,55
789110,4424,12,27,pbppbpbbbpp,b,pbppbpbbbppb,2026-03-15 14:32:47,bbpbppppbbpppbbpbbbpbppppbbpbppbpbbbppbpbbbbppp,47
795778,4460,12,15,pbppbpbbbpp,b,pbppbpbbbppb,2026-03-16 20:01:21,ppbbbpppbbbbppppbppbpbbbppbbpbbbpppppbpbbbpbbppbbpbbpppppbbp,60
798457,4476,12,13,pbppbpbbbpp,p,pbppbpbbbppp,2026-03-17 07:09:18,ppbpbbppbpbpbpbppbpbbbppppbppbbbpb,34
799967,4484,12,8,pbppbpbbbpp,b,pbppbpbbbppb,2026-03-17 19:19:30,pppbpppppbppbpbbbppbpbbpppppppbpppbbppbppbpbpppppb,50
801667,4493,12,46,pbppbpbbbpp,b,pbppbpbbbppb,2026-03-17 20:20:28,pbbpppbpbpbppbbbpppbbbbbbppbbbbbpbppppppppbppbpbppbpbbbppbpbpp,62
802010,4495,12,32,pbppbpbbbpp,p,pbppbpbbbppp,2026-03-17 20:21:16,bbbbpppbppppppbpbbbbbbpbbpbpbpbppbppbpbbbpppb,45
803660,4504,12,36,pbppbpbbbpp,b,pbppbpbbbppb,2026-03-17 20:51:02,pbbpppbppbpbpppppppbbppbpppbbpbbpppbpbppbpbbbppbbpbbbpbb,56
812516,4562,12,6,pbppbpbbbpp,b,pbppbpbbbppb,2026-03-18 14:42:36,ppbppbpbppbpbbbppbbbbpbbbpbppbbbppppppbbbbbbppbppbbpbppbpppp,60
812727,4563,12,6,pbppbpbbbpp,b,pbppbpbbbppb,2026-03-18 14:43:27,ppbppbpbppbpbbbppbbbbpbbbpbppbbbppppppbbbbbbppbppbbpbppbpppppp,62
818152,4598,12,7,pbppbpbbbpp,b,pbppbpbbbppb,2026-03-19 19:17:16,ppbbpbbpbppbpbbbppbppbbppbppbbbpbbbbppbbbppppppbbppb,52
835687,4705,12,21,pbppbpbbbpp,b,pbppbpbbbppb,2026-04-19 15:50:35,ppbbbbppppbbbppbpbpbppbppbpbbbppbppppbpbbbppbppbbbpbpbbpbpbp,60
848256,4777,12,8,pbppbpbbbpp,b,pbppbpbbbppb,2026-04-23 14:54:05,bpbbbpbppbppbpbbbppbbppppbbppppppppbppbpbbbbbbbpppbppbbppppbbpp,63
850902,4793,12,2,pbppbpbbbpp,b,pbppbpbbbppb,2026-04-23 15:37:48,pbpbppbpbbbppbbbpppppppbppbpppbpppbbbbppb,41
857169,4831,12,21,pbppbpbbbpp,b,pbppbpbbbppb,2026-04-23 19:32:31,bbppbbpbbpbbbbpbbbpbppbppbpbbbppbbpbbpbpbp,42
857912,4835,12,30,pbppbpbbbpp,p,pbppbpbbbppp,2026-04-23 19:34:42,bpbpbbpbpbbpbbppbpppppbbpbppbppbppbpbbbppppppbppbpbpbb,54
864958,4878,12,17,pbppbpbbbpp,p,pbppbpbbbppp,2026-04-30 10:41:23,pbppppbbpbbbpbbpppbppbpbbbpppbbppbbb,36
872047,4923,12,43,pbppbpbbbpp,p,pbppbpbbbppp,2026-05-04 08:25:59,bpbbpbpbbppbpbppbppppbbbpbbbpbpppbbbbbppppppbppbpbbbppppbb,58
891642,5034,12,36,pbppbpbbbpp,b,pbppbpbbbppb,2026-05-14 08:13:38,pbpbpbpbbbppbppppbpppppppppbppbbbppppbppbpbbbppbbb,50
892055,5037,12,16,pbppbpbbbpp,b,pbppbpbbbppb,2026-05-14 08:16:29,pppbbppbppbbbbbppbppbpbbbppbbbbpbpbb,36
898613,5073,12,48,pbppbpbbbpp,p,pbppbpbbbppp,2026-05-22 05:40:41,bpbpbbbpppbbpbppbpbbpbbpbppbpbppbbbppbbbpbbppbpbpbppbpbbbpppbpbbbb,66
933832,5283,12,7,pbppbpbbbpp,b,pbppbpbbbppb,2026-06-05 07:01:39,bpbpbbbpbppbpbbbppbbpbppppbpbbpbbb,34
938199,5310,12,22,pbppbpbbbpp,b,pbppbpbbbppb,2026-06-06 13:57:40,ppbbpppbbbpbpppbpbbppppbppbpbbbppbbbpbpbbpbbppbpbbp,51
940500,5324,12,11,pbppbpbbbpp,p,pbppbpbbbppp,2026-06-07 11:07:13,bbpbbbbpppbpbppbpbbbpppbpbppppbbbpbpbbpppbpppbpbbpp,51
946571,5361,12,11,pbppbpbbbpp,p,pbppbpbbbppp,2026-06-10 09:58:35,bbpbpbbbpbbpbppbpbbbpppbbbppppppbbbbppppbbppbpppp,49
957389,5427,12,40,pbppbpbbbpp,p,pbppbpbbbppp,2026-06-18 09:13:34,ppbppbbpbpppbpbbbpbpppbbbbbbpbpppbbbbppbpbppbpbbbppppp,54
961963,5452,12,2,pbppbpbbbpp,p,pbppbpbbbppp,2026-06-20 09:12:45,bbpbppbpbbbpppbpbbbpbpbpbbpbpppppbppbppbbppppbpppbpbbbbppppbb,61
972222,5509,12,19,pbppbpbbbpp,b,pbppbpbbbppb,2026-06-21 11:04:03,pppbbbbbpppppbbbbbppbppbpbbbppbpbbbpbppbpbpbpbpbpppbpbbbb,57
978029,5543,12,8,pbppbpbbbpp,b,pbppbpbbbppb,2026-06-23 06:35:13,pppbbbbbpbppbpbbbppbppbbpbbpbbbbpppbbpbpb,41
188870,166,12,2,pbppbpbpbbb,p,pbppbpbpbbbp,2026-01-26 10:57:31,bppbppbpbpbbbppppbbpbbbbbb,26
195185,310,12,11,pbppbpbpbbb,p,pbppbpbpbbbp,2026-01-26 10:57:31,bbppbpbpppppbppbpbpbbbpppbbbp,29
196325,330,12,18,pbppbpbpbbb,b,pbppbpbpbbbb,2026-01-26 10:57:31,bbpbbbpbbbbbpppbpbpbppbpbpbbbbppbbpbbbbpbbbbbpbppppbb,53
202785,444,12,12,pbppbpbpbbb,b,pbppbpbpbbbb,2026-01-26 10:57:31,pbppbpbbpppppbppbpbpbbbbbpppbbbbppbbbbpppbbbbbpbbbbbbpbbbbbpb,61
207194,528,12,3,pbppbpbpbbb,p,pbppbpbpbbbp,2026-01-26 10:57:32,pbppbppbpbpbbbpbppppbbpbbbbbppbbbpbp,36
211340,601,12,42,pbppbpbpbbb,b,pbppbpbpbbbb,2026-01-26 10:57:32,bpppppppbbbbbbbbbpppbbpbppbbbppbbbbbbpbppppbppbpbpbbbbpbpb,58
219341,755,12,6,pbppbpbpbbb,b,pbppbpbpbbbb,2026-01-26 10:57:32,pbbbbbpbppbpbpbbbbbbbppppbbpbbbppbbbppppbbp,43
221207,793,12,10,pbppbpbpbbb,p,pbppbpbpbbbp,2026-01-26 10:57:32,bbbbbbppbbpbppbpbpbbbppbbpppbppbbbbb,36
221587,800,12,10,pbppbpbpbbb,b,pbppbpbpbbbb,2026-01-26 10:57:32,bpbpbbbppppbppbpbpbbbbbpppbppbpbbbppbbbppbbbbbbpbpb,51
222348,814,12,51,pbppbpbpbbb,p,pbppbpbpbbbp,2026-01-26 10:57:32,bbbppbbpbpbpbpppppbbbbbbpppppppbbpppbpbpppbbbbbbpbppbppbpbpbbbpb,64
225074,861,12,45,pbppbpbpbbb,b,pbppbpbpbbbb,2026-01-26 10:57:32,bpbpbbpbppbbpbbpppbbpppbpbbbbpppbbbpppbpbppbbpbppbpbpbbbbbb,59
225923,876,12,23,pbppbpbpbbb,p,pbppbpbpbbbp,2026-01-26 10:57:32,bppbbbpbbpbbpbppbpbbbbppbppbpbpbbbpbbpppppppbbbbbppbpbbpbbpbp,61
227402,902,12,22,pbppbpbpbbb,p,pbppbpbpbbbp,2026-01-26 10:57:32,bpbpbpppbbbpbbbpbbbpbppbppbpbpbbbpppbpbbppbpppbppppbpbbbpbpp,60
228632,923,12,3,pbppbpbpbbb,p,pbppbpbpbbbp,2026-01-26 10:57:32,ppbpbppbpbpbbbpppbbbpbpbbpbbbpppppbpbpbpbppbpbbppppbbpbbbpbpbpppb,65
229734,942,12,4,pbppbpbpbbb,b,pbppbpbpbbbb,2026-01-26 10:57:32,bpbbpbppbpbpbbbbbpbpbpbbppppppbpbbpppbbppbbbbp,46
231027,963,12,17,pbppbpbpbbb,p,pbppbpbpbbbp,2026-01-26 10:57:32,bppbbpbpbppbpbbpppbppbpbpbbbpbppbpppbbpbpbpbbbb,47
238375,1090,12,8,pbppbpbpbbb,b,pbppbpbpbbbb,2026-01-26 10:57:32,bpbpbppppbppbpbpbbbbppbbpbpppbpbbpbppbbppbbp,44
239816,1117,12,21,pbppbpbpbbb,p,pbppbpbpbbbp,2026-01-26 10:57:32,bpbppbppbpbppppppbpbbpbppbpbpbbbppbpbbbbbbbpbpbbpppbpppbpbp,59
244610,1200,12,12,pbppbpbpbbb,b,pbppbpbpbbbb,2026-01-26 10:57:33,bbbbpppbppbppbppbpbpbbbbbpbbppppppbpbbpppbpppbbb,48
246628,1234,12,43,pbppbpbpbbb,p,pbppbpbpbbbp,2026-01-26 10:57:33,bpbpbbpppbpbpbbbpbpbpbbpbbbbpppbbppbbbpbbpbpbppbpbpbbbpbbppbbpppbb,66
247345,1247,12,1,pbppbpbpbbb,b,pbppbpbpbbbb,2026-01-26 10:57:33,bpbppbpbpbbbbbppbbpppppppbbbbpbp,32
248117,1260,12,30,pbppbpbpbbb,b,pbppbpbpbbbb,2026-01-26 10:57:33,bpppppbpbppbbbbppbbbbbbbpppppppbppbpbpbbbbpbbppbbpppbbbbppbbb,61
248937,1272,12,16,pbppbpbpbbb,b,pbppbpbpbbbb,2026-01-26 10:57:33,bpbbppbpbppbbpbbpbppbpbpbbbbbbpbppb,35
252143,1331,12,3,pbppbpbpbbb,p,pbppbpbpbbbp,2026-01-26 10:57:33,ppbpbppbpbpbbbpbpppbbbpbbbppbpbpbbppbbbpbppbpb,46
252205,1332,12,13,pbppbpbpbbb,p,pbppbpbpbbbp,2026-01-26 10:57:33,pbbpbbbbpppbbpbppbpbpbbbpbbbppbbpppbbbppppb,43
259140,1447,12,8,pbppbpbpbbb,p,pbppbpbpbbbp,2026-01-26 10:57:33,bbppbppbpbppbpbpbbbppbbpppbpbbppbbpbbb,38
259319,1449,12,33,pbppbpbpbbb,b,pbppbpbpbbbb,2026-01-26 10:57:33,pbbbbpbppbbbpbppppbbbbpbpbpbbpppppbppbpbpbbbbppppbpbpbpbpppbppbbbbp,67
259514,1452,12,19,pbppbpbpbbb,b,pbppbpbpbbbb,2026-01-26 10:57:33,bpppppbpppbbbppppbbpbppbpbpbbbbpbppbppbppbbbppppbbb,51
259632,1455,12,12,pbppbpbpbbb,p,pbppbpbpbbbp,2026-01-26 10:57:33,pppbbpbpbbpppbppbpbpbbbpbbpppbpbppbpbbpp,40
259899,1460,12,39,pbppbpbpbbb,b,pbppbpbpbbbb,2026-01-26 10:57:33,bpbppbbbppppbppbppbbbbbpppbbppppbppbbpppbppbpbpbbbbbbb,54
262714,1509,12,11,pbppbpbpbbb,b,pbppbpbpbbbb,2026-01-26 10:57:33,bbppbbbbbbbpbppbpbpbbbbbbbpppbbbbppbppbp,40
269378,1609,12,4,pbppbpbpbbb,b,pbppbpbpbbbb,2026-01-26 10:57:33,bppppbppbpbpbbbbpbbpbbbbpbbpbbbppbbbbbpbpppbbppbbpbbppppbpbbbbbbppp,67
271484,1644,12,22,pbppbpbpbbb,p,pbppbpbpbbbp,2026-01-26 10:57:33,bpbbbbbpbbppbpbpbbpppbpbppbpbpbbbpppbbbpbbppbbbbb,49
277320,1747,12,30,pbppbpbpbbb,b,pbppbpbpbbbb,2026-01-26 10:57:33,bbbpbpbbpbppbbpbbpbpbbpbbbbbpbpbppbpbpbbbbp,43
278821,1769,12,20,pbppbpbpbbb,p,pbppbpbpbbbp,2026-01-26 10:57:33,pbpbbppbppbbpppbpbpbpbppbpbpbbbppbpbbpbbbbbbbpbp,48
282639,1831,12,46,pbppbpbpbbb,b,pbppbpbpbbbb,2026-01-26 10:57:34,ppbppbbpbbbpppppbpppbbbppbbpbbppbbpbpppbppbbbbpbppbpbpbbbbppb,61
285682,1877,12,27,pbppbpbpbbb,p,pbppbpbpbbbp,2026-01-26 11:12:55,bpbbpbpbppbbppppbppbppbbbbppbppbpbpbbbpbppbpbpbbpppb,52
289924,1904,12,12,pbppbpbpbbb,b,pbppbpbpbbbb,2026-01-26 13:59:03,ppbpbppbbppppbppbpbpbbbbbbbbpbpppbbbbppbbpppppbbbpbppb,54
293114,1923,12,37,pbppbpbpbbb,p,pbppbpbpbbbp,2026-01-26 16:51:06,pbbbppbppbbppbppppppbpbppppbpbpppbppppbppbpbpbbbpbb,51
361822,1947,12,14,pbppbpbpbbb,b,pbppbpbpbbbb,2026-01-27 13:12:24,bbpbpbppppbbbbpbppbpbpbbbbbpbbbbppbpbbbppbpbbpppbpbppb,54
367402,1977,12,32,pbppbpbpbbb,p,pbppbpbpbbbp,2026-01-27 16:26:23,bbpbbbbbbppbpppbppppbbppbbbppbpppbppbpbpbbbpbppbbbpppbpbbp,58
375486,2022,12,32,pbppbpbpbbb,b,pbppbpbpbbbb,2026-01-29 11:43:44,pbbbbbbbpbbbppppbbbpbbpbpbbbpppbpbppbpbpbbbbbbppbpppbbppppbppppbp,65
381323,2056,12,5,pbppbpbpbbb,p,pbppbpbpbbbp,2026-01-29 17:48:20,bppbbpbppbpbpbbbppppppppbpbbbpbbbbpbppbbppppbpbpbppppbbbpbbbppppb,65
381929,2059,12,18,pbppbpbpbbb,p,pbppbpbpbbbp,2026-01-29 17:49:42,ppbbppbpbbbpbbbbpbpbppbpbpbbbpbbppbpppppppbb,44
385496,2083,12,17,pbppbpbpbbb,b,pbppbpbpbbbb,2026-01-30 10:46:18,bbpbpbppbpbppbbbbpbppbpbpbbbbbbbbppbbbpppbppbpbppp,50
409226,2215,12,23,pbppbpbpbbb,p,pbppbpbpbbbp,2026-02-02 13:31:39,ppppbppppbbpbbpbbpbpbpbpbppbpbpbbbppbbpbbb,42
428770,2321,12,15,pbppbpbpbbb,b,pbppbpbpbbbb,2026-02-04 16:54:34,pbbbbbbbpppbbbbpbppbpbpbbbbpbbppppbpbbpbbbbpbbbpbbbbbbpbbp,58
434649,2355,12,8,pbppbpbpbbb,p,pbppbpbpbbbp,2026-02-04 18:23:54,bbpbpppppbppbpbpbbbpbbpbpbppbppppppbbb,38
435843,2361,12,4,pbppbpbpbbb,b,pbppbpbpbbbb,2026-02-04 18:25:40,bppbpbppbpbpbbbbbpbbpbppbbppppbbbbbbbpbbbbbppppbpbbbbpppbbb,59
442694,2398,12,29,pbppbpbpbbb,p,pbppbpbpbbbp,2026-02-05 15:06:04,bpbbbbbpbbbbppbppbbpbbbbppbpbpbppbpbpbbbppbpbpppbbpbbp,54
443934,2405,12,9,pbppbpbpbbb,p,pbppbpbpbbbp,2026-02-05 15:34:33,pbpbbpbpppbppbpbpbbbpbbbbbpbpbpbpbbpppbpbbpppbbbpbbppbpppbpbpb,62
450825,2441,12,21,pbppbpbpbbb,b,pbppbpbpbbbb,2026-02-06 10:22:16,bpbbbbbbbbbpbbbbbbbpbpbppbpbpbbbbbpbppbbbpbbb,45
454053,2458,12,21,pbppbpbpbbb,b,pbppbpbpbbbb,2026-02-06 11:00:35,pppbbbbppbpppbbbppbbppbppbpbpbbbbpbbbpbbbpbbpbbb,48
466483,2525,12,0,pbppbpbpbbb,b,pbppbpbpbbbb,2026-02-09 15:26:40,pbppbpbpbbbbpbbpppbpbbbbbpbpbbpbpbpppppp,40
478804,2594,12,27,pbppbpbpbbb,p,pbppbpbpbbbp,2026-02-10 18:45:22,bppbbbppbpbbbbbppbpbpbbppbppbppbpbpbbbpbpbbbppppbbpbppbbpppbp,61
481606,2612,12,13,pbppbpbpbbb,b,pbppbpbpbbbb,2026-02-10 19:37:49,bbbppppppbbpppbppbpbpbbbbpbbpbpppbbbbbbpbbppppppbpbppb,54
489403,2660,12,1,pbppbpbpbbb,p,pbppbpbpbbbp,2026-02-11 14:19:18,bpbppbpbpbbbpbbbbpbbppbbpppbpbbbpb,34
493777,2687,12,11,pbppbpbpbbb,b,pbppbpbpbbbb,2026-02-11 16:18:08,pbbpppppppppbppbpbpbbbbpbbbppbbbbbbpbppppppppbppbb,50
498353,2715,12,4,pbppbpbpbbb,p,pbppbpbpbbbp,2026-02-11 21:01:18,ppbppbppbpbpbbbpppbbbppbpbppppbbppbppbbpbpbpbbbpppb,51
528776,2885,12,44,pbppbpbpbbb,p,pbppbpbpbbbp,2026-02-13 16:23:37,bbbbbbpppbbpbppppbpbpppbbpbbbbpppbbbbppppbpppbppbpbpbbbpbbbbbbbbb,65
543162,2965,12,18,pbppbpbpbbb,b,pbppbpbpbbbb,2026-02-14 11:03:39,pbpbpbpppbbbpbbpbbpbppbpbpbbbbpbpbbpbbbbp,41
557796,3048,12,32,pbppbpbpbbb,b,pbppbpbpbbbb,2026-02-15 21:21:46,bbpppbpppbbpbppbpppbbbppbpppbbpbpbppbpbpbbbbppppbppbbpbbbbpbpb,62
572586,3131,12,19,pbppbpbpbbb,b,pbppbpbpbbbb,2026-02-17 20:45:50,ppbbbbbpbppbpbpbppbpbppbpbpbbbbbpbbppbbpbbpppbbbbpbpppppbbbbpbbppp,66
578395,3163,12,31,pbppbpbpbbb,p,pbppbpbpbbbp,2026-02-19 10:44:19,ppbbppppppbpbpppbpbpppbpbpbpbbbpbppbpbpbbbpbb,45
582594,3185,12,6,pbppbpbpbbb,p,pbppbpbpbbbp,2026-02-19 11:46:28,pbpppppbppbpbpbbbpbppbbpbpbpppbpbbbbbbbbbpbbpbpppbbpppbpbb,58
583468,3190,12,14,pbppbpbpbbb,p,pbppbpbpbbbp,2026-02-19 11:48:44,pppbbbpbbppbpbpbppbpbpbbbpbbpbpbppbpppbbbbppppbp,48
583804,3192,12,30,pbppbpbpbbb,p,pbppbpbpbbbp,2026-02-19 11:49:35,ppbpbpbbbppbbbpbbbpbbpbppppppbpbppbpbpbbbp,42
591649,3237,12,24,pbppbpbpbbb,p,pbppbpbpbbbp,2026-02-20 14:14:02,ppbbbpppppppbbppbbppbpbppbppbpbpbbbpbbbbpppbp,45
593887,3254,12,18,pbppbpbpbbb,b,pbppbpbpbbbb,2026-02-20 15:27:45,bppbbbbbppppbpbbpbpbppbpbpbbbbbbpbpbbb,38
594216,3257,12,6,pbppbpbpbbb,b,pbppbpbpbbbb,2026-02-20 15:29:11,bpbppbpbppbpbpbbbbpppppbbpppbbpbbppbbpbpbpppp,45
598943,3287,12,31,pbppbpbpbbb,b,pbppbpbpbbbb,2026-02-21 10:12:41,bbpbbbbpppbpppbpbppbpppppppppbbpbppbpbpbbbbppbppbbbbbbb,55
604379,3324,12,21,pbppbpbpbbb,p,pbppbpbpbbbp,2026-02-21 11:43:24,bbpbbpppbbbpppbbpbppbpbppbpbpbbbppbpbppp,40
607934,3348,12,44,pbppbpbpbbb,b,pbppbpbpbbbb,2026-02-21 13:56:16,bbbbpbbppbpppbbbbpbpbbpbbbbbbpbpbbbbpbbbbppppbppbpbpbbbbp,57
611240,3372,12,24,pbppbpbpbbb,b,pbppbpbpbbbb,2026-02-21 15:04:23,pbbpbbppbpbppbbbbppbppbppbppbpbpbbbbpbbpbbppppbpppbbpb,54
623360,3458,12,18,pbppbpbpbbb,p,pbppbpbpbbbp,2026-02-22 12:18:57,pbbppbbpbbbbppbpbbpbppbpbpbbbpbbpppbbbbbbpbbpbbbppbbppp,55
652257,3624,12,20,pbppbpbpbbb,b,pbppbpbpbbbb,2026-02-24 10:19:47,pppbbpbppbbbppbppppppbppbpbpbbbbpbbbpbbbbbppbbbppbbbppbpbbpb,60
652838,3627,12,24,pbppbpbpbbb,b,pbppbpbpbbbb,2026-02-24 10:21:20,bbpbbbppbbbpbbpbbbbbpbpbpbppbpbpbbbbpbbbbppppbbbppbpbbp,55
657081,3651,12,25,pbppbpbpbbb,p,pbppbpbpbbbp,2026-02-24 14:50:56,bppbbpppppppppbpbpbbppppppbppbpbpbbbpppppb,42
658813,3661,12,18,pbppbpbpbbb,p,pbppbpbpbbbp,2026-02-24 14:56:15,pppbbpppbbbpbbpbpbpbppbpbpbbbpbbppppppbbbbpbbpbbppppbp,54
661448,3675,12,6,pbppbpbpbbb,p,pbppbpbpbbbp,2026-02-24 17:35:00,bbpppbpbppbpbpbbbpbpbbbbbpbbpppbpppbppbpppbpbp,46
662357,3680,12,38,pbppbpbpbbb,b,pbppbpbpbbbb,2026-02-24 17:37:18,pbpbppppbbbpbbppppbbbbppbpbpbpbppppbbbpbppbpbpbbbbbpbpbpbpbbbpbbbb,66
683573,3808,12,4,pbppbpbpbbb,b,pbppbpbpbbbb,2026-02-25 19:20:46,bbbbpbppbpbpbbbbbbpbbbpbppppbbpbbbbpbbpbpbbbpbbbpbbbbppbb,57
684777,3816,12,20,pbppbpbpbbb,b,pbppbpbpbbbb,2026-02-25 20:09:16,pppbbbppbbpbpbppbpbppbppbpbpbbbbpbpbp,37
685902,3823,12,13,pbppbpbpbbb,p,pbppbpbpbbbp,2026-02-25 20:56:13,ppppppbpppbbppbppbpbpbbbpbppppppbbbbpbbpppbp,44
695171,3875,12,12,pbppbpbpbbb,b,pbppbpbpbbbb,2026-02-28 13:36:59,pppbbbppbbbppbppbpbpbbbbbpbpbbbbbpppbpbbbbpbbppbpbbbbppbbpbppbp,63
716686,3997,12,33,pbppbpbpbbb,b,pbppbpbpbbbb,2026-03-02 13:58:57,pbpbbbpbbbbppbbpbpppbbppbpbbppbpbpbppbpbpbbbbbpppp,50
728122,4065,12,15,pbppbpbpbbb,b,pbppbpbpbbbb,2026-03-03 18:27:34,pppppppbppppppppbppbpbpbbbbpbpbppppbpbppbpppbppbbpppbpppbbbpbpbbb,65
731121,4083,12,7,pbppbpbpbbb,p,pbppbpbpbbbp,2026-03-03 19:41:57,bpbbbbbpbppbpbpbbbppbbpbppbbpbppbbbbbbpppbbbppbpppbbbpbbbpbbpbbpbbb,67
737775,4119,12,9,pbppbpbpbbb,p,pbppbpbpbbbp,2026-03-04 11:18:30,pppbpppbbpbppbpbpbbbppbbpbpbppbpbbbppbbbbb,42
751104,4199,12,19,pbppbpbpbbb,p,pbppbpbpbbbp,2026-03-05 14:44:33,ppbbpbpbbpbbpppbpbbpbppbpbpbbbppbppbpb,38
768055,4301,12,21,pbppbpbpbbb,b,pbppbpbpbbbb,2026-03-09 15:27:03,ppbpbbbbbpbpbppbbpbbbpbppbpbpbbbbpbbpbpbpppbp,45
780141,4370,12,45,pbppbpbpbbb,p,pbppbpbpbbbp,2026-03-11 19:44:08,bbbppbbbpbppbbbbbbppbbpbpbbppbbbpbbppbbpbbpbppbppbpbpbbbpbppppbbppbbb,69
784380,4396,12,2,pbppbpbpbbb,b,pbppbpbpbbbb,2026-03-11 20:11:57,pbpbppbpbpbbbbbbpbbbbbbbbppbbppppbpbbbbbbbbbbbbpbpbpppbbbpbbb,61
816515,4587,12,34,pbppbpbpbbb,p,pbppbpbpbbbp,2026-03-18 16:13:20,bbpppbppbppppppbpbppbpbbpbbbpbbbpppbppbpbpbbbppbpbbbpb,54
819512,4606,12,8,pbppbpbpbbb,b,pbppbpbpbbbb,2026-03-19 19:20:37,bbppbpbppbppbpbpbbbbbpbbpppbbpppppbppbpb,40
825237,4637,12,3,pbppbpbpbbb,b,pbppbpbpbbbb,2026-03-22 10:05:50,bbbpbppbpbpbbbbbpbppppbbbbbpbppbbppbbppbbpbbpbbbppbpbppppbpbbb,62
836462,4710,12,11,pbppbpbpbbb,b,pbppbpbpbbbb,2026-04-19 15:55:07,bppbbpbbbpbpbppbpbpbbbbbbpppbppbppp,35
837828,4718,12,0,pbppbpbpbbb,p,pbppbpbpbbbp,2026-04-20 06:41:28,pbppbpbpbbbpbpbbbbppbbbpbbppbpbbpbpbbppbppbbpp,46
845045,4760,12,18,pbppbpbpbbb,b,pbppbpbpbbbb,2026-04-23 13:55:29,bbpbbbpbbbpbpppbbppbppbpbpbbbbppbpbbpppbpbbppppppb,50
858534,4839,12,18,pbppbpbpbbb,b,pbppbpbpbbbb,2026-04-23 20:08:41,pbbbbbppbbbbppbbpbpbppbpbpbbbbbbbbpbpbbbppbppbbbppbbppppp,57
886500,5006,12,35,pbppbpbpbbb,p,pbppbpbpbbbp,2026-05-06 18:04:46,bppppbbpbpppppbpbbbbppppbbbbpbbpppbpbppbpbpbbbpbpbbbbppbb,57
896947,5064,12,22,pbppbpbpbbb,p,pbppbpbpbbbp,2026-05-22 05:09:09,bbpbppbbbbpbppppbpppbppbppbpbpbbbpbbpppbppbpbpbpb,49
900970,5087,12,14,pbppbpbpbbb,p,pbppbpbpbbbp,2026-05-23 06:41:13,bbbpppbbpbbbbbpbppbpbpbbbppbpbpbbp,34
912418,5153,12,21,pbppbpbpbbb,b,pbppbpbpbbbb,2026-05-27 07:53:41,pbbpbpbbbpppbbbpbpbpppbppbpbpbbbbbbbbp,38
913534,5161,12,12,pbppbpbpbbb,p,pbppbpbpbbbp,2026-05-27 07:57:36,bpbbpbbbbbpbpbppbpbpbbbpp,25
914402,5167,12,44,pbppbpbpbbb,p,pbppbpbpbbbp,2026-05-27 11:11:09,bbppbpbbbbbpppbppbpbpppbbbppbbpbbpbppbbppppbpbppbpbpbbbpppp,59
916829,5182,12,6,pbppbpbpbbb,b,pbppbpbpbbbb,2026-05-28 10:00:13,bbpbbbpbppbpbpbbbbpppppbpbbpbbbppbpbbbpbppb,43
939688,5319,12,22,pbppbpbpbbb,p,pbppbpbpbbbp,2026-06-06 14:26:07,bpbpbbpbbpbpbbbpbpppbppbppbpbpbbbpbpbbpbbpb,43
943789,5344,12,14,pbppbpbpbbb,p,pbppbpbpbbbp,2026-06-07 21:19:49,bbppbppbpbbbbbpbppbpbpbbbppbpbbppbbppppbppbpppppbpb,51
957187,5426,12,16,pbppbpbpbbb,p,pbppbpbpbbbp,2026-06-18 09:12:17,ppbppbbpbppbbbbppbppbpbpbbbpbbbbbbbppp,38
964972,5468,12,5,pbppbpbpbbb,p,pbppbpbpbbbp,2026-06-20 10:44:12,bppbbpbppbpbpbbbpbpbpbpbbpbbbbppbpbppbppbbbppbb,47
969445,5493,12,11,pbppbpbpbbb,b,pbppbpbpbbbb,2026-06-20 12:23:06,bbppbpbbppbpbppbpbpbbbbpbpbbpbbbppbbppppbbppbppbpp,50
969979,5496,12,6,pbppbpbpbbb,p,pbppbpbpbbbp,2026-06-21 09:37:16,bpppbbpbppbpbpbbbpppppppppbbpbbpppbpbpppppbppbbppppbppbppppbbbpp,64
970223,5497,12,16,pbppbpbpbbb,p,pbppbpbpbbbp,2026-06-21 09:38:54,pppbbppbpppbbbbbpbppbpbpbbbppppbbbppbbpbpbbbpbpppbpbpppppbbppbpppbbb,68
189247,178,12,0,pbppbpbpbpb,b,pbppbpbpbpbb,2026-01-26 10:57:31,pbppbpbpbpbbppbbpp,18
189490,185,12,5,pbppbpbpbpb,p,pbppbpbpbpbp,2026-01-26 10:57:31,bbpbppbppbpbpbpbppbbbpbppbpb,28
191950,249,12,20,pbppbpbpbpb,p,pbppbpbpbpbp,2026-01-26 10:57:31,bpppbpbbbbpbbppbbbbppbppbpbpbpbpppppbpbbbpbpbbbpppbbpppbp,57
217992,727,12,26,pbppbpbpbpb,p,pbppbpbpbpbp,2026-01-26 10:57:32,bppbbppbbppbppbpbpppbbppbbpbppbpbpbpbppbbbpppppbbb,50
222271,813,12,23,pbppbpbpbpb,b,pbppbpbpbpbb,2026-01-26 10:57:32,bbbbbbpbbpbbpppbbpppppppbppbpbpbpbbbbbpbppbp,44
224202,844,12,20,pbppbpbpbpb,p,pbppbpbpbpbp,2026-01-26 10:57:32,bbbpbppppppppbpppbbbpbppbpbpbpbpbbbbpbpppbpbbbbpbbp,51
224295,846,12,0,pbppbpbpbpb,p,pbppbpbpbpbp,2026-01-26 10:57:32,pbppbpbpbpbppbpppbbbbppppbbppbpbbbpp,36
234611,1025,12,48,pbppbpbpbpb,b,pbppbpbpbpbb,2026-01-26 10:57:32,pbppppbppbbbbpbbppppbpppppbpbbppbpppbbbppbbpppbbpbppbpbpbpbbppbbppb,67
234711,1026,12,41,pbppbpbpbpb,p,pbppbpbpbpbp,2026-01-26 10:57:32,pbpbpbpbbpbbbbbpbbpbpppbbbpbbbpppbpbppbbppbppbpbpbpbpppbpbpppppp,64
236111,1050,12,29,pbppbpbpbpb,p,pbppbpbpbpbp,2026-01-26 10:57:32,ppbpbppbbpppppbbppbbppbbbppbbpbppbpbpbpbppppbppb,48
241544,1149,12,7,pbppbpbpbpb,p,pbppbpbpbpbp,2026-01-26 10:57:32,bppbpbbpbppbpbpbpbpbbbbbbbpbpbpbbppb,36
242934,1172,12,21,pbppbpbpbpb,p,pbppbpbpbpbp,2026-01-26 10:57:32,pbbpbbppbbpbbbpbbpppppbppbpbpbpbpbppppbpb,41
243605,1183,12,26,pbppbpbpbpb,p,pbppbpbpbpbp,2026-01-26 10:57:32,bbpbpbbpppbbpbbbbbbbpbbppppbppbpbpbpbpbbbbppb,45
245737,1219,12,14,pbppbpbpbpb,b,pbppbpbpbpbb,2026-01-26 10:57:33,bbppppppbbbppbpbppbpbpbpbbbpbbpbppppbbpbppbp,44
250976,1309,12,5,pbppbpbpbpb,b,pbppbpbpbpbb,2026-01-26 10:57:33,ppbbppbppbpbpbpbbbbpbpbppbpbbbbbbbpbpbpbbb,42
251240,1313,12,32,pbppbpbpbpb,b,pbppbpbpbpbb,2026-01-26 10:57:33,pbpbbppbbpbpbbbbbbpbpbpppbpbbbpppbppbpbpbpbb,44
264560,1537,12,49,pbppbpbpbpb,p,pbppbpbpbpbp,2026-01-26 10:57:33,bbpppbbbpbpbbpbpbpbbbpbbbbbpbbpbpbbppbpbpbpppbbpbpbppbpbpbpbppppbbb,67
270571,1629,12,20,pbppbpbpbpb,b,pbppbpbpbpbb,2026-01-26 10:57:33,ppbbpbpbppbbppbbbpbbpbppbpbpbpbbpppbbbpppppbp,45
280921,1803,12,12,pbppbpbpbpb,b,pbppbpbpbpbb,2026-01-26 10:57:33,ppbppbbbbpbppbppbpbpbpbbbbbbbpbpbpbbpbpbp,41
284535,1862,12,38,pbppbpbpbpb,b,pbppbpbpbpbb,2026-01-26 10:57:34,bbppbppbpbpbppbppbpbbpbbpbppbbbppppbpbpbppbpbpbpbbbbbbpppb,58
285444,1876,12,8,pbppbpbpbpb,b,pbppbpbpbpbb,2026-01-26 10:57:34,bbbpbpbppbppbpbpbpbbpbbpbppbbbbbbbbpbpbbbbppbpbbpbbbpbpp,56
361441,1945,12,23,pbppbpbpbpb,b,pbppbpbpbpbb,2026-01-27 13:11:45,pbpbbbppbpbbppbppbbbpbppbppbpbpbpbbbppppbbp,43
363835,1958,12,14,pbppbpbpbpb,p,pbppbpbpbpbp,2026-01-27 13:37:21,pbpbbpbpbpbppppbppbpbpbpbpbbpbbbbppbpbbbppppbbpbbbbpppbppbpbpb,62
369103,1988,12,7,pbppbpbpbpb,b,pbppbpbpbpbb,2026-01-27 17:11:34,bpbpbbppbppbpbpbpbbbppbpbbpbpbppbbpbpbpp,40
369271,1989,12,2,pbppbpbpbpb,p,pbppbpbpbpbp,2026-01-27 17:11:54,pppbppbpbpbpbppbbbbpbbpbpbbbbppppbpbbbbppppbbb,46
383642,2071,12,1,pbppbpbpbpb,b,pbppbpbpbpbb,2026-01-30 10:13:58,ppbppbpbpbpbbpbbpbbppbbpbppbpppp,32
390534,2111,12,5,pbppbpbpbpb,b,pbppbpbpbpbb,2026-01-31 06:29:55,pbbpbpbppbpbpbpbbppbbppbppppbpbbbbpppbbbbpbb,44
393655,2129,12,32,pbppbpbpbpb,b,pbppbpbpbpbb,2026-01-31 07:13:36,bpbbbpbbpbppppbbbpbbppbbbbbpbbbbpbppbpbpbpbbppppbpbpbbbb,56
398669,2157,12,18,pbppbpbpbpb,p,pbppbpbpbpbp,2026-01-31 18:45:00,bbppbpbpbpbbppppbppbppbpbpbpbppbbbppbppbbbp,43
407852,2208,12,8,pbppbpbpbpb,p,pbppbpbpbpbp,2026-02-02 13:29:42,pbbpppbbpbppbpbpbpbpppbpbbppbpppbbbpbbpbbpbppbbbbpbppbpbppppbbp,63
420527,2277,12,13,pbppbpbpbpb,p,pbppbpbpbpbp,2026-02-03 09:41:24,pppbpbbpbbppbpbppbpbpbpbpbpbpbpbpppbpbbpbbbbbppp,48
427410,2314,12,17,pbppbpbpbpb,b,pbppbpbpbpbb,2026-02-04 16:03:02,pbbpbpbbbbbpbppbbpbppbpbpbpbbbbpbbpbbbbbpbpbpbbbbbppbbppbpb,59
441891,2394,12,25,pbppbpbpbpb,b,pbppbpbpbpbb,2026-02-05 14:32:44,bppbbppbbpbpbbbbpbpbppbpbpbppbpbpbpbbbbpppbppbbbbpbpbbbbbbbpbbbb,64
461028,2494,12,12,pbppbpbpbpb,b,pbppbpbpbpbb,2026-02-06 13:02:03,pppbbppppbbbpbppbpbpbpbbpbbbpbpbpbbbpbpbbpbpbpbpppbbbbpb,56
464082,2510,12,47,pbppbpbpbpb,p,pbppbpbpbpbp,2026-02-08 04:04:35,bbpbbbbpbbbpppbpbbbpbpppbpbbbbbbpbpbbpppbppbppppbppbpbpbpbppbbb,63
464722,2514,12,13,pbppbpbpbpb,b,pbppbpbpbpbb,2026-02-08 04:06:17,bppbbbpbpppbppbppbpbpbpbbpppppppbbpbbpb,39
472794,2560,12,18,pbppbpbpbpb,b,pbppbpbpbpbb,2026-02-10 16:34:37,ppppbppbpbbpbpbpbbpbppbpbpbpbbbpbpbbppbbbbbbbpbpbpbbppbpbbp,59
492259,2677,12,11,pbppbpbpbpb,p,pbppbpbpbpbp,2026-02-11 15:27:48,pppppbpbpbbpbppbpbpbpbpppbppbppppbbbbppppbbbbppppppp,52
497480,2710,12,3,pbppbpbpbpb,p,pbppbpbpbpbp,2026-02-11 20:59:18,bbppbppbpbpbpbpppbbpbpbbbppbbbbpppbbbbpbbpbbbbpbbp,50
498576,2716,12,36,pbppbpbpbpb,b,pbppbpbpbpbb,2026-02-11 21:01:43,pbbpbpppbbbbbbbbbbbbppbpbpppppbppppbpbppbpbpbpbbbpbbbbpbppbpbb,62
505243,2753,12,19,pbppbpbpbpb,p,pbppbpbpbpbp,2026-02-12 09:09:45,bbbbbpbpbbppbpbppbppbppbpbpbpbpbbbbpbbbbbbppbbppbpppbpbbbbppbbpbb,65
508941,2774,12,19,pbppbpbpbpb,b,pbppbpbpbpbb,2026-02-12 14:08:31,bpppbpppbpbpppbbbpppbppbpbpbpbbbpbpbpbbpbbbp,44
527354,2877,12,33,pbppbpbpbpb,b,pbppbpbpbpbb,2026-02-13 15:06:14,bppbpbppppbbppbbpppppbbbbbpbbpppppbppbpbpbpbbbpppppbpb,54
527735,2879,12,22,pbppbpbpbpb,p,pbppbpbpbpbp,2026-02-13 15:07:03,pbbbbbbppbpbppppppbbbppbppbpbpbpbpbbbbbbppbbbbbbppbpbpp,55
538980,2941,12,9,pbppbpbpbpb,p,pbppbpbpbpbp,2026-02-13 20:30:20,bbpbppppbpbppbpbpbpbpbpbbbppbpbpbbppbbppb,41
556617,3042,12,33,pbppbpbpbpb,b,pbppbpbpbpbb,2026-02-15 21:18:59,ppbbbpbbbpppppbppppbpbpbppbbbbbpbpbppbpbpbpbbpbpbpbpppppb,57
557447,3046,12,46,pbppbpbpbpb,p,pbppbpbpbpbp,2026-02-15 21:20:49,bpbpppppppbpppbppbpppbbbpbbpbpppppbbpbbppppbpbpbppbpbpbpbpbpbpbpppb,67
565213,3088,12,1,pbppbpbpbpb,b,pbppbpbpbpbb,2026-02-17 16:16:10,bpbppbpbpbpbbpbbbbbbbbbbbbbbpbpbpbpbbbppbbppp,45
574949,3143,12,4,pbppbpbpbpb,b,pbppbpbpbpbb,2026-02-17 21:13:41,bppbpbppbpbpbpbbpppppppbbppbpbbbbbbpppbbbpbbbpbpbbpbbpbbppbpbbpb,64
576547,3153,12,17,pbppbpbpbpb,p,pbppbpbpbpbp,2026-02-17 21:18:05,pbbpppbpppbppbpbppbppbpbpbpbpbpppbpbbbbbpb,42
582386,3184,12,36,pbppbpbpbpb,p,pbppbpbpbpbp,2026-02-19 11:46:05,bbpbbbpbbppppbppppppbbpbpbpbbbbppbpbpbppbpbpbpbppbppbbbbppbpbbbpb,65
593597,3252,12,21,pbppbpbpbpb,p,pbppbpbpbpbp,2026-02-20 15:26:26,pbbbbbbbpbbppbbpbbbpppbppbpbpbpbpbbppp,38
609489,3359,12,13,pbppbpbpbpb,p,pbppbpbpbpbp,2026-02-21 14:28:40,ppbpbbbpbbpbbpbppbpbpbpbpbbbpppbpp,34
611693,3376,12,32,pbppbpbpbpb,p,pbppbpbpbpbp,2026-02-21 15:07:28,bbppppbbppbpppbbbbpbbbpbbppbbbpbpbppbpbpbpbpb,45
611914,3378,12,37,pbppbpbpbpb,b,pbppbpbpbpbb,2026-02-21 15:09:22,bpbbbppbbbppppbbpbpppbppppppbpbpppbbppbppbpbpbpbbpbbpbbbbbp,59
636412,3530,12,27,pbppbpbpbpb,p,pbppbpbpbpbp,2026-02-23 11:16:54,bbbpbbbbbbpbpbpbppbbbpbbbpppbppbpbpbpbpbbppbppbppbpppbpbpb,58
677102,3770,12,20,pbppbpbpbpb,p,pbppbpbpbpbp,2026-02-25 18:01:35,bppbppppbpbbppppbppppbppbpbpbpbpbpbpbppbbbpbp,45
677426,3772,12,4,pbppbpbpbpb,b,pbppbpbpbpbb,2026-02-25 18:02:13,bbbbpbppbpbpbpbbbbppbbbppppbpbpbpbpppppbppbpbbbppbbpbb,54
688546,3837,12,19,pbppbpbpbpb,p,pbppbpbpbpbp,2026-02-25 21:46:48,bbbbppbbbppbpbbbppppbppbpbpbpbpppppbpbbppbpppbpbbppppbpbppbbbb,62
693705,3867,12,20,pbppbpbpbpb,b,pbppbpbpbpbb,2026-02-26 09:03:53,pbpbbpppppbpbbpbpppbpbppbpbpbpbbbbbppb,38
705710,3934,12,15,pbppbpbpbpb,b,pbppbpbpbpbb,2026-03-01 18:45:34,pppbbbbbpbpbbbppbppbpbpbpbbbppppbbbpbbpbpbpbppppppb,51
731495,4085,12,1,pbppbpbpbpb,b,pbppbpbpbpbb,2026-03-03 19:42:46,bpbppbpbpbpbbbpbpppbppbbppbpbbpbbpbpbpbbppbbppb,47
735453,4106,12,6,pbppbpbpbpb,b,pbppbpbpbpbb,2026-03-04 10:09:07,ppbbbbpbppbpbpbpbbbbpbpbppbppppbbppppbpbbpbppbpbpbbppbppbppbpbb,63
755384,4225,12,32,pbppbpbpbpb,b,pbppbpbpbpbb,2026-03-05 18:11:48,bpbppppbbppbbbppbbbppbbpppbbppbppbppbpbpbpbbppbbpbbppbbbbbbbbp,62
772833,4328,12,31,pbppbpbpbpb,b,pbppbpbpbpbb,2026-03-09 19:06:26,pppbpbbpbbpbbpbbbppbpppbbpbppbbpbppbpbpbpbbppbbppbpbbpbbpbb,59
773506,4332,12,11,pbppbpbpbpb,p,pbppbpbpbpbp,2026-03-09 19:49:40,bbbpppppbbppbppbpbpbpbpppppbpppppbbpbppbbpbbppp,47
781480,4377,12,0,pbppbpbpbpb,b,pbppbpbpbpbb,2026-03-11 19:46:40,pbppbpbpbpbbbbpbbpbpbbbbpppbppbbbpbbpbppbppbppppbbpbbpbbbbbpbp,62
784568,4397,12,14,pbppbpbpbpb,b,pbppbpbpbpbb,2026-03-11 20:12:23,bbpppbppbbbpbppbppbpbpbpbbpppppppppbbpbbbbbpbbpbppbpp,53
790555,4432,12,13,pbppbpbpbpb,p,pbppbpbpbpbp,2026-03-15 14:35:58,bpbbbpbpbbbbppbppbpbpbpbpppppppbppbbbbbpbpbbbbppbppbbbbpbbbppppb,64
803852,4505,12,16,pbppbpbpbpb,b,pbppbpbpbpbb,2026-03-17 20:51:33,pbpppbppbppppbpppbppbpbpbpbbbpppbpbbpbbbpbbpbpppp,49
811735,4557,12,31,pbppbpbpbpb,b,pbppbpbpbpbb,2026-03-18 14:18:53,bpbpbpbpbbppbpbbbppppbppbbpbpbbpbppbpbpbpbbpppppbbbbbpb,55
815627,4581,12,26,pbppbpbpbpb,b,pbppbpbpbpbb,2026-03-18 15:44:27,pppppbpbbpbpbbpbbbpbpbpbbbpbppbpbpbpbbpppbbbppppbppbpbbppb,58
841100,4738,12,0,pbppbpbpbpb,p,pbppbpbpbpbp,2026-04-21 06:37:15,pbppbpbpbpbpbbbppbbbpppbbbbbpbppbpbbpb,38
859766,4847,12,34,pbppbpbpbpb,p,pbppbpbpbpbp,2026-04-23 20:14:37,bpbppbbbpppbpbbbbbbbbbpbbppbbppbpppbppbpbpbpbpbbpppbbbbpb,57
861323,4856,12,12,pbppbpbpbpb,b,pbppbpbpbpbb,2026-04-26 08:46:23,bbbppbbbpbbbpbppbpbpbpbbbbpbppbbbbbpbbbppppppbppbppbbbpbpp,58
863261,4867,12,26,pbppbpbpbpb,p,pbppbpbpbpbp,2026-04-26 09:22:51,pbppppppbbbpbbpbppbpbpppbbpbppbpbpbpbppbpbb,43
864559,4875,12,19,pbppbpbpbpb,b,pbppbpbpbpbb,2026-04-30 10:38:43,bpppppbppbbbbbbppbbpbppbpbpbpbbppppbbbpbbbpbbpbbpbbppbppbpb,59
887128,5009,12,26,pbppbpbpbpb,p,pbppbpbpbpbp,2026-05-14 07:12:16,bpppppbbbbpbbpbpbbpbbbpbbppbppbpbpbpbppppbpbbpbbppbbpbppp,57
891255,5032,12,31,pbppbpbpbpb,b,pbppbpbpbpbb,2026-05-14 08:12:08,ppbpbbbbpbbbppbppbbbbpbpppbbbpppbppbpbpbpbbppbppbbbpp,53
892583,5040,12,38,pbppbpbpbpb,b,pbppbpbpbpbb,2026-05-14 08:57:23,pppppbpbppbppbbbbppbpbppbbbpbbpppbpbpbpbppbpbpbpbbpp,52
917120,5184,12,31,pbppbpbpbpb,p,pbppbpbpbpbp,2026-05-28 10:01:59,bppbppppppbpbpbbpbppbbpbpppbbpbpbppbpbpbpbpp,44
925985,5236,12,7,pbppbpbpbpb,p,pbppbpbpbpbp,2026-05-28 15:57:41,bbpbpbbpbppbpbpbpbpbpbpppbbbbbbpbbpbpb,38
933025,5278,12,17,pbppbpbpbpb,p,pbppbpbpbpbp,2026-06-05 06:56:11,bbbbbpbpppbbbpbbbpbppbpbpbpbppbpbppbbbbbbbpbpbbp,48
936611,5300,12,2,pbppbpbpbpb,p,pbppbpbpbpbp,2026-06-06 13:41:22,pppbppbpbpbpbpbpbppppbpbpppppbpbbpbppbpp,40
937797,5308,12,24,pbppbpbpbpb,b,pbppbpbpbpbb,2026-06-06 13:55:08,bpbbpbbbbpbpbpbppbpppppppbppbpbpbpbbbpbbp,41
952357,5396,12,20,pbppbpbpbpb,b,pbppbpbpbpbb,2026-06-15 12:22:53,pbbppbbbpbbppbppppbppbppbpbpbpbbpppbbbbbpbbbbpbbpppbb,53
956059,5418,12,31,pbppbpbpbpb,b,pbppbpbpbpbb,2026-06-17 21:44:13,pbppppppppbpbbbbpppbbbbpbpbbppbpbppbpbpbpbbbppbbbpppppbppbbpbp,62
962354,5454,12,35,pbppbpbpbpb,p,pbppbpbpbpbp,2026-06-20 09:18:16,bbpbpbppppbbpbppbpppbpbbbppbpbpbppppbppbpbpbpbppbpbbpp,54
972232,5509,12,35,pbppbpbpbpb,p,pbppbpbpbpbp,2026-06-21 11:04:03,pppbbbbbpppppbbbbbppbppbpbbbppbpbbbpbppbpbpbpbpbpppbpbbbb,57
979101,5549,12,11,pbppbpbpbpb,p,pbppbpbpbpbp,2026-06-23 06:42:47,ppbpbpppbpbpbppbpbpbpbpbpbpbbbbbppppbpppb,41
187317,92,12,2,pbppbpbpbpp,b,pbppbpbpbppb,2026-01-26 10:57:31,bppbppbpbpbppbbbbbbp,20
188915,167,12,12,pbppbpbpbpp,p,pbppbpbpbppp,2026-01-26 10:57:31,bpbbppbpbbpppbppbpbpbppppbpbbbpbp,33
189401,183,12,7,pbppbpbpbpp,p,pbppbpbpbppp,2026-01-26 10:57:31,pbppbpppbppbpbpbpppppppbbbpppbbpbpbbbbpbbbpppb,46
190254,218,12,8,pbppbpbpbpp,p,pbppbpbpbppp,2026-01-26 10:57:31,pbpbpbpppbppbpbpbppppbppbbpbp,29
190607,225,12,31,pbppbpbpbpp,b,pbppbpbpbppb,2026-01-26 10:57:31,bpppppppbbpbbbbpbpppbbpbbbbpbbppbppbpbpbppbpbpppppbbbpbbbpppbppp,64
195338,312,12,42,pbppbpbpbpp,b,pbppbpbpbppb,2026-01-26 10:57:31,pbpbbppbbbppbppbpbbpbpppbbbbbpppbbbpbppbpppbppbpbpbppbppp,57
196625,336,12,23,pbppbpbpbpp,p,pbppbpbpbppp,2026-01-26 10:57:31,pbpbbbbbppbppbbbpbbbbbbpbppbpbpbppppppbbbpppbbbppbbppbbp,56
201864,429,12,20,pbppbpbpbpp,b,pbppbpbpbppb,2026-01-26 10:57:31,pbppbbppppbbbbbbbppbpbppbpbpbppbpb,34
207577,535,12,9,pbppbpbpbpp,p,pbppbpbpbppp,2026-01-26 10:57:32,pbpppbbbbpbppbpbpbppppppbbbbpbpbbpppppb,39
209170,565,12,7,pbppbpbpbpp,b,pbppbpbpbppb,2026-01-26 10:57:32,ppbpppppbppbpbpbppbbbppbpbppppbpbbbppppbpb,42
214043,652,12,20,pbppbpbpbpp,b,pbppbpbpbppb,2026-01-26 10:57:32,bbpppppbbbppbppbpppbpbppbpbpbppbbbpppbbpbbbbpp,46
216376,697,12,2,pbppbpbpbpp,b,pbppbpbpbppb,2026-01-26 10:57:32,pppbppbpbpbppbbbppbpbpbppbbppppbbbpbppbbpbppbppbpbbbp,53
217805,724,12,4,pbppbpbpbpp,p,pbppbpbpbppp,2026-01-26 10:57:32,bbbppbppbpbpbpppppppbpppbpppbpbpbbbppbbbbbbpbppppppbpbbbpbpbbb,62
219943,766,12,36,pbppbpbpbpp,b,pbppbpbpbppb,2026-01-26 10:57:32,bbbbbpbbbbpbppbbbbpbbbbpbppbbpppbbpppbppbpbpbppbpbbbbpbppbppbbpb,64
228116,914,12,31,pbppbpbpbpp,b,pbppbpbpbppb,2026-01-26 10:57:32,bpbpbbbbbppbppppppbpbppbpbbbppbpbppbpbpbppbbbpbppbbbpbbbp,57
229152,933,12,20,pbppbpbpbpp,b,pbppbpbpbppb,2026-01-26 10:57:32,bppbpbbbbbbbbbbbbbpppbppbpbpbppbbbbppbbpbpp,43
229927,945,12,14,pbppbpbpbpp,b,pbppbpbpbppb,2026-01-26 10:57:32,bbbbppbbppbbbppbppbpbpbppbppppppbpbpbpppbppbbppbpppppppbpppppbbbbbpbppp,71
230059,947,12,25,pbppbpbpbpp,b,pbppbpbpbppb,2026-01-26 10:57:32,bbpbbbbbpppbppbpbppbbpbbppbppbpbpbppbbpbbbb,43
230500,955,12,15,pbppbpbpbpp,b,pbppbpbpbppb,2026-01-26 10:57:32,bbbppppbbpbbbbppbppbpbpbppbppbpbbpppppbpp,41
236835,1063,12,25,pbppbpbpbpp,p,pbppbpbpbppp,2026-01-26 10:57:32,bpbbbpbpbppppbbppbpbpbppbpbppbpbpbpppppbbpbppppbbppbppbbpbbp,60
237779,1079,12,21,pbppbpbpbpp,b,pbppbpbpbppb,2026-01-26 10:57:32,pbbpbbpbbbppbpbpbpbbbpbppbpbpbppbbpbpp,38
246243,1228,12,0,pbppbpbpbpp,b,pbppbpbpbppb,2026-01-26 10:57:33,pbppbpbpbppbbbbpbbpppbbpbbpppbbppppbpbbpppbpbbbpbbpbppp,55
248998,1273,12,38,pbppbpbpbpp,p,pbppbpbpbppp,2026-01-26 10:57:33,bbbbbbppbbbbpbbbbbbbbbpppbbbpbpppbbpbppbppbpbpbpppbpbpbp,56
249716,1287,12,23,pbppbpbpbpp,b,pbppbpbpbppb,2026-01-26 10:57:33,bppppbpbpppbbbpbppbbppppbppbpbpbppbppppbpbppbbbbpbpppbpb,56
256430,1403,12,4,pbppbpbpbpp,b,pbppbpbpbppb,2026-01-26 10:57:33,pppppbppbpbpbppbpppbbppbbbpbbbppbbbpppbbpbbpppbbp,49
258270,1432,12,23,pbppbpbpbpp,b,pbppbpbpbppb,2026-01-26 10:57:33,ppbppbpbbbbpppbbbpbbbpbpbppbpbpbppbbpb,38
259688,1456,12,10,pbppbpbpbpp,b,pbppbpbpbppb,2026-01-26 10:57:33,ppbpbpbbbbpbppbpbpbppbbbppbbpppbpbppppbbp,41
261640,1489,12,26,pbppbpbpbpp,p,pbppbpbpbppp,2026-01-26 10:57:33,pbbppbpbpppppbppbpppbppbbbpbppbpbpbpppbbbpbbpbpppbppbbbbb,57
262943,1513,12,8,pbppbpbpbpp,p,pbppbpbpbppp,2026-01-26 10:57:33,bbbbpbpbpbppbpbpbpppbpbbpbppbbpppppppbbbbppbppbbbp,50
278961,1771,12,27,pbppbpbpbpp,b,pbppbpbpbppb,2026-01-26 10:57:33,bppbppbppbpppbpppbppbbbpbbppbppbpbpbppbbbbbpp,45
281188,1807,12,17,pbppbpbpbpp,p,pbppbpbpbppp,2026-01-26 10:57:33,bbpbbpbpppppbpbpppbppbpbpbpppbbbbbbpb,37
284511,1862,12,3,pbppbpbpbpp,b,pbppbpbpbppb,2026-01-26 10:57:34,bbppbppbpbpbppbppbpbbpbbpbppbbbppppbpbpbppbpbpbpbbbbbbpppb,58
287141,1888,12,35,pbppbpbpbpp,p,pbppbpbpbppp,2026-01-26 11:40:48,bbpbbbbbbppbppbpbbpbbbpbppbbppbppbppbppbpbpbpppbpbbppbbbbpb,59
386190,2087,12,24,pbppbpbpbpp,b,pbppbpbpbppb,2026-01-30 10:48:03,pbbpbppbpppppbbppbbbpbbbpbppbpbpbppbppppppbp,44
389979,2108,12,19,pbppbpbpbpp,b,pbppbpbpbppb,2026-01-31 06:08:26,bbpbpbpbpbbbpbbbbpppbppbpbpbppbbbpbppbbbbppppbbb,48
393818,2130,12,27,pbppbpbpbpp,b,pbppbpbpbppb,2026-01-31 07:13:54,pbbbbppbpbpbpbbbpbbppppppbppbppbpbpbppbbp,41
412166,2231,12,21,pbppbpbpbpp,b,pbppbpbpbppb,2026-02-02 14:33:58,bpbpbbpppbpppbpbbbppbpbppbpbpbppbbpbbbpppbppbpbbbbbbbpppp,57
438685,2376,12,39,pbppbpbpbpp,b,pbppbpbpbppb,2026-02-04 19:44:05,pbbbbpbpbbbbpppbpbpbpppbpbbppbppppbbpbbpbppbpbpbppbbbpbbbbb,59
441885,2394,12,18,pbppbpbpbpp,b,pbppbpbpbppb,2026-02-05 14:32:44,bppbbppbbpbpbbbbpbpbppbpbpbppbpbpbpbbbbpppbppbbbbpbpbbbbbbbpbbbb,64
447251,2423,12,21,pbppbpbpbpp,b,pbppbpbpbppb,2026-02-05 15:57:16,bbppbpppbbpbpbpbpbbpppbppbpbpbppbbbpbbbbppbpppbbbppppbbbbbbb,60
455300,2465,12,1,pbppbpbpbpp,p,pbppbpbpbppp,2026-02-06 11:02:46,ppbppbpbpbpppbbbbbpbbbpbbbpbpbpbpbpppbbpbbppbpbbpb,50
464587,2513,12,32,pbppbpbpbpp,p,pbppbpbpbppp,2026-02-08 04:05:51,bbbbpbbbpbppppppbpbbbpbpbpbbbppppbppbpbpbpppbb,46
464940,2515,12,40,pbppbpbpbpp,p,pbppbpbpbppp,2026-02-08 04:06:42,bpbppbbpbppppppppbbbpbbbbpppbpbppppbbppbpbppbpbpbpppbpbpb,57
467018,2528,12,2,pbppbpbpbpp,b,pbppbpbpbppb,2026-02-09 15:27:27,bppbppbpbpbppbppbbbbpppppppbbppbpppppbbbpbbbbbbpbpbbpppppppppp,62
467316,2529,12,49,pbppbpbpbpp,b,pbppbpbpbppb,2026-02-09 15:27:44,pppbpbbpbbpbbbpbppppbppbpbbbpbpbbbpbpbbppbbpbpppbpbppbpbpbppbp,62
482896,2619,12,7,pbppbpbpbpp,b,pbppbpbpbppb,2026-02-10 20:17:35,bppbpbppbppbpbpbppbppbbppbpbbppbbbbbpbbbppbppbppbbbppppbbpbppbb,63
527564,2878,12,36,pbppbpbpbpp,b,pbppbpbpbppb,2026-02-13 15:06:38,bbppbbbpbpbppppppbpbpbbbbbbppppbbppppbppbpbpbppbbbpbppbppbp,59
542668,2962,12,20,pbppbpbpbpp,b,pbppbpbpbppb,2026-02-14 11:02:26,pppppbbbpbbbpbppbbbbpbppbpbpbppbbpppppbppbbppppbbbpbbbbbppbb,60
556203,3040,12,31,pbppbpbpbpp,b,pbppbpbpbppb,2026-02-15 21:17:57,pbpbpppbbbppbppbppbpbpbbpbpbbbbpbppbpbpbppbbpbbpp,49
561683,3069,12,43,pbppbpbpbpp,p,pbppbpbpbppp,2026-02-17 15:07:00,bpbpbpbbbppppppbpbpbpppppppbbbpbppbbbbbpppbpbppbpbpbppppbbbb,60
570396,3115,12,10,pbppbpbpbpp,p,pbppbpbpbppp,2026-02-17 17:22:20,bpbbpbbpbppbppbpbpbppppbbppbpbpppbbppppbpbpp,44
572576,3131,12,7,pbppbpbpbpp,b,pbppbpbpbppb,2026-02-17 20:45:50,ppbbbbbpbppbpbpbppbpbppbpbpbbbbbpbbppbbpbbpppbbbbpbpppppbbbbpbbppp,66
584792,3197,12,7,pbppbpbpbpp,p,pbppbpbpbppp,2026-02-20 10:41:51,bpbpbpbpbppbpbpbppppbpppppbbbbbppbppppbpbbpppbbppbb,51
585492,3200,12,7,pbppbpbpbpp,p,pbppbpbpbppp,2026-02-20 10:43:39,bpbpbpbpbppbpbpbppppbpppppbbbbbppbppppbpbbpppbbppbbpbpp,55
589969,3227,12,11,pbppbpbpbpp,p,pbppbpbpbppp,2026-02-20 13:42:49,bpbppbbbppppbppbpbpbpppbbppbpppppbppbpppbppbbppbpppppbppppbb,60
614322,3396,12,17,pbppbpbpbpp,b,pbppbpbpbppb,2026-02-22 09:34:44,ppbppbpbppbpbbbbbpbppbpbpbppbbppbpbppbbbpppbpbpbbpppb,53
626733,3475,12,24,pbppbpbpbpp,p,pbppbpbpbppp,2026-02-22 19:03:22,bpbpppbppbpppbpbppppbbbbpbppbpbpbpppbppbpppbbbb,47
626944,3476,12,8,pbppbpbpbpp,p,pbppbpbpbppp,2026-02-22 19:03:44,bpbbbpbbpbppbpbpbpppbpppbbpbbppbpbpbbpbpbbbbbbppbp,50
628133,3482,12,37,pbppbpbpbpp,p,pbppbpbpbppp,2026-02-22 20:21:11,pbpppppbbbbbpppbppbbbbpbppbpbppbpbbbppbppbpbpbpppbbbbpp,55
640347,3554,12,27,pbppbpbpbpp,p,pbppbpbpbppp,2026-02-23 11:57:47,bbpbpbbbbpbbpbbbbppppppbbbppbppbpbpbpppbpppppbppppbppbbbpp,58
646844,3594,12,8,pbppbpbpbpp,b,pbppbpbpbppb,2026-02-23 14:24:19,pppbppbppbppbpbpbppbpbppbbpbppbbpbpbppbpbpbpppbbbp,50
646864,3594,12,34,pbppbpbpbpp,p,pbppbpbpbppp,2026-02-23 14:24:19,pppbppbppbppbpbpbppbpbppbbpbppbbpbpbppbpbpbpppbbbp,50
654642,3637,12,27,pbppbpbpbpp,b,pbppbpbpbppb,2026-02-24 11:14:57,bpppbppbbpbppbbbppbbbpppppbpbppbpbpbppbbbbppbbb,47
672641,3742,12,24,pbppbpbpbpp,b,pbppbpbpbppb,2026-02-25 10:27:05,pbbbpbpbpbbppbpbbppppbbppbppbpbpbppbppb,39
688310,3836,12,14,pbppbpbpbpp,b,pbppbpbpbppb,2026-02-25 21:46:14,pbppppppbbpbbppbppbpbpbppbbbpbbbpbbbppbpbbpbppbbpbpbbbbpb,57
688747,3838,12,5,pbppbpbpbpp,b,pbppbpbpbppb,2026-02-25 21:47:23,bppbbpbppbpbpbppbbpppbbbbpppbppbppbbppbbbpbppbpbppp,51
708150,3949,12,36,pbppbpbpbpp,b,pbppbpbpbppb,2026-03-01 19:26:35,pbbppbbbbbpbpbbpppbppppbbbbbbbbbpbbbpbppbpbpbppbpbbbbbbbp,57
737942,4120,12,2,pbppbpbpbpp,b,pbppbpbpbppb,2026-03-04 11:19:01,pbpbppbpbpbppbppbbbbppppbpbbbpbpbbbbbbppbbp,43
756328,4231,12,24,pbppbpbpbpp,p,pbppbpbpbppp,2026-03-05 21:29:00,bpppbbppbbpbppbpppbbbppbpbppbpbpbpppppbbpppbpbpp,48
758038,4242,12,46,pbppbpbpbpp,b,pbppbpbpbppb,2026-03-05 22:08:55,pppppppbbpppbbbbppbppbbpppppbbbppbbppbbpbpbbpbpbppbpbpbppb,58
763665,4275,12,2,pbppbpbpbpp,p,pbppbpbpbppp,2026-03-06 17:40:56,pbpbppbpbpbpppbpbppppbbbpppbpppbbppbbpppbppbp,45
763911,4276,12,36,pbppbpbpbpp,b,pbppbpbpbppb,2026-03-06 17:41:23,bpbppbppbbbppbppppppbppbbpbbbbbpbppppbppbpbpbppbppbpbbppbpbp,60
779869,4369,12,4,pbppbpbpbpp,b,pbppbpbpbppb,2026-03-11 19:43:48,bpbppbppbpbpbppbbbpbppbbbbbpbbp,31
783190,4388,12,28,pbppbpbpbpp,b,pbppbpbpbppb,2026-03-11 20:09:01,pppbbbbpbpppbpbbpbpbbbppbppbpbppbpbpbppbpbbbbbbbpbppp,53
811492,4556,12,37,pbppbpbpbpp,b,pbppbpbpbppb,2026-03-18 14:18:19,bbbbppbbpbbbpbbppbpbpppbbbbpppbppbpbppbppbpbpbppb,49
821617,4617,12,37,pbppbpbpbpp,p,pbppbpbpbppp,2026-03-19 20:10:08,pppppppbbpbppbppppppppbbbpppbpbbpbppbpbppbpbpbpppbbpbbpbppbbb,61
825778,4640,12,33,pbppbpbpbpp,b,pbppbpbpbppb,2026-03-22 10:07:51,ppbbbbpppppppbppbpbbpppbbbbbbppbppbppbpbpbppbpbbbbppbpbpppbpbp,62
833407,4690,12,2,pbppbpbpbpp,p,pbppbpbpbppp,2026-04-12 16:00:21,pbpbppbpbpbppppbbbpbpppbbpppbppppbppppbbbppbp,45
840091,4732,12,22,pbppbpbpbpp,b,pbppbpbpbppb,2026-04-21 06:34:08,bppppbbpbbpbbpbpbbbbpppbppbpbpbppbbppbpbpppbbppppbbbbpppppbb,60
846735,4769,12,21,pbppbpbpbpp,b,pbppbpbpbppb,2026-04-23 14:48:08,bbpbpppbppbbbppbbbbbbpbppbpbpbppbbpppbpbbbpbpbbp,48
858652,4840,12,10,pbppbpbpbpp,p,pbppbpbpbppp,2026-04-23 20:09:18,pppbbpbppppbppbpbpbppppppbbpbppbpp,34
865683,4882,12,23,pbppbpbpbpp,b,pbppbpbpbppb,2026-04-30 15:32:54,bppbbpbbbbppbppbbbppbbbpbppbpbpbppbbbppbbb,42
871829,4922,12,26,pbppbpbpbpp,b,pbppbpbpbppb,2026-05-04 08:25:15,ppppbbbppbppbbpbbpppbpbbbbpbppbpbpbppbbppbppbppbppppbpp,55
895784,5057,12,21,pbppbpbpbpp,b,pbppbpbpbppb,2026-05-22 05:05:53,bbbpppbbpbppbpbbppbbbpbppbpbpbppbbppbpbbpb,42
903863,5104,12,2,pbppbpbpbpp,b,pbppbpbpbppb,2026-05-26 09:44:39,pppbppbpbpbppbpbbbpbppbpppbppbbpbpbbbbbbppppbppbbbbbppp,55
913047,5157,12,6,pbppbpbpbpp,p,pbppbpbpbppp,2026-05-27 07:55:47,pbbbbbpbppbpbpbpppppbbbbpbpppbbppbbpbpbppp,42
913436,5160,12,12,pbppbpbpbpp,p,pbppbpbpbppp,2026-05-27 07:57:05,pbpppbbbbpbbpbppbpbpbpppbbpbbbpbpp,34
919908,5201,12,33,pbppbpbpbpp,p,pbppbpbpbppp,2026-05-28 10:52:19,bbpbbpbpbbppppbbbbpppbbpbpppbpppbpbppbpbpbpppbbpbbbbpbbbbpbbbp,62
925260,5232,12,22,pbppbpbpbpp,b,pbppbpbpbppb,2026-05-28 15:30:15,ppbpbbbbbbbbpppbpppbpppbppbpbpbppbbpbpppbpbpbpppbbbppbbpbp,58
927439,5245,12,6,pbppbpbpbpp,p,pbppbpbpbppp,2026-05-28 16:02:50,bpbpbbpbppbpbpbpppbbppbppbpppppbpppbbbbpbppbpb,46
932833,5277,12,8,pbppbpbpbpp,p,pbppbpbpbppp,2026-06-05 06:55:06,ppbbpbbppbppbpbpbppppbbpbppbpbpppbbbbpppbpppbpbpbppppbpbpbb,59
945411,5354,12,25,pbppbpbpbpp,b,pbppbpbpbppb,2026-06-08 10:16:14,bbbbppbbpbbbpppppbppppbpbpbppbpbpbppbbpppbbbbb,46
950706,5386,12,13,pbppbpbpbpp,p,pbppbpbpbppp,2026-06-15 12:12:16,ppppbpppbbbpppbppbpbpbpppbbbbpbbpppbbppbb,41
953605,5404,12,28,pbppbpbpbpp,p,pbppbpbpbppp,2026-06-17 10:13:04,ppppbppbpbpbbppbbbbpbpbpbbpbpbppbpbpbpppbbp,43
966769,5478,12,5,pbppbpbpbpp,p,pbppbpbpbppp,2026-06-20 11:42:48,pbpbbpbppbpbpbppppbbbppppbpbppppbpppbbpbpppbppbbppbp,52
974869,5524,12,29,pbppbpbpbpp,b,pbppbpbpbppb,2026-06-22 09:17:38,bppppbpbbbbbbppbppbbbbbbbpbbppbppbpbpbppbbpppbpbbpbp,52
977583,5540,12,40,pbppbpbpbpp,b,pbppbpbpbppb,2026-06-23 06:31:48,ppbbpbpbbpppbbpppbbbbbpbppbbbbbpbbpbppbbpbppbpbpbppb,52
979473,5551,12,32,pbppbpbpbpp,p,pbppbpbpbppp,2026-06-23 06:45:24,bpppbpbbbbpbppbppbbpbbbppbppbpbppbppbpbpbppppbpbbbbbbbbpp,57
980599,5558,12,16,pbppbpbpbpp,p,pbppbpbpbppp,2026-06-23 07:10:59,bbbbbppbbbppppbbpbppbpbpbpppbbpbbbbbbbpbpppppbbbpbpppbpb,56
981509,5563,12,18,pbppbpbpbpp,p,pbppbpbpbppp,2026-06-23 07:17:16,bpbbpppbbbpbpbbppbpbppbpbpbpppppbpbpbbbbp,41
186163,34,12,9,pbppbpbpppb,b,pbppbpbpppbb,2026-01-26 10:57:31,bbpbpppbbpbppbpbpppbbbbpb,25
186199,35,12,18,pbppbpbpppb,b,pbppbpbpppbb,2026-01-26 10:57:31,bpppppppbbbpbpppbbpbppbpbpppbbbbpb,34
186368,42,12,6,pbppbpbpppb,b,pbppbpbpppbb,2026-01-26 10:57:31,bpbbpppbppbpbpppbbppbbb,23
186999,73,12,3,pbppbpbpppb,p,pbppbpbpppbp,2026-01-26 10:57:31,bbbpbppbpbpppbppbbpbpb,22
193057,269,12,40,pbppbpbpppb,p,pbppbpbpppbp,2026-01-26 10:57:31,pbbbppbpbbbpbbpbbbpbbpbbpbpbbpbpbbppbppbpbppbpbpppbppp,54
193235,272,12,25,pbppbpbpppb,b,pbppbpbpppbb,2026-01-26 10:57:31,pbbpbppbbbbbbbpbppbbpbpbbpbppbpbpppbbbbbbpbpbbbbpbbppbbbpb,58
195021,306,12,25,pbppbpbpppb,p,pbppbpbpppbp,2026-01-26 10:57:31,ppbbppbpbbpbpbbbppbppppbbpbppbpbpppbpbbpbbpbb,45
196757,338,12,36,pbppbpbpppb,b,pbppbpbpppbb,2026-01-26 10:57:31,pbpppbbpbbbpppbbpbbpbbbbbbbpbbpppbbppbppbpbpppbbb,49
197190,346,12,1,pbppbpbpppb,p,pbppbpbpppbp,2026-01-26 10:57:31,bpbppbpbpppbppbbpppbpbbbbpbbbbbbbppbpbpbbpbppb,46
199936,391,12,14,pbppbpbpppb,p,pbppbpbpppbp,2026-01-26 10:57:31,pbbpbppbbppbbppbppbpbpppbpbbpbpppbppbbbbpbbpbbbpbbppbbbpbbpbpbbb,64
211769,609,12,24,pbppbpbpppb,p,pbppbpbpppbp,2026-01-26 10:57:32,pbbbbpbbbppbppbppppppbbbpbppbpbpppbpbpppbbpbbpppbbbbp,53
212062,614,12,24,pbppbpbpppb,p,pbppbpbpppbp,2026-01-26 10:57:32,pbbbbpbbbppbppbppppppbbbpbppbpbpppbpbpppbbpbbpppbbbbpbbppppbb,61
212943,630,12,18,pbppbpbpppb,b,pbppbpbpppbb,2026-01-26 10:57:32,bpppppbbbbpbbpbpbbpbppbpbpppbbbpbpbpbpbbbpppppb,47
217878,725,12,15,pbppbpbpppb,b,pbppbpbpppbb,2026-01-26 10:57:32,bbbbbpbpbpppppbpbppbpbpppbbpbpppppppbpbpppbppbbbbpp,51
217982,727,12,10,pbppbpbpppb,b,pbppbpbpppbb,2026-01-26 10:57:32,bppbbppbbppbppbpbpppbbppbbpbppbpbpbpbppbbbpppppbbb,50
218918,747,12,6,pbppbpbpppb,b,pbppbpbpppbb,2026-01-26 10:57:32,ppppbppbppbpbpppbbbbpbbbpbbbpbpppbbpbbb,39
221286,794,12,14,pbppbpbpppb,b,pbppbpbpppbb,2026-01-26 10:57:32,pbpppbpppbpbpppbppbpbpppbbpbpppbpbpppppbbbbpppbbbpbpbpbbbbbbppb,63
225313,866,12,26,pbppbpbpppb,p,pbppbpbpppbp,2026-01-26 10:57:32,bbpppbbpbpppppppbpbbbpbbbppbppbpbpppbpbbbppbpbbpppbb,52
227909,910,12,21,pbppbpbpppb,b,pbppbpbpppbb,2026-01-26 10:57:32,ppbbpbpppbpbbbppbbbbbpbppbpbpppbbpppbpbbb,41
229306,935,12,19,pbppbpbpppb,b,pbppbpbpppbb,2026-01-26 10:57:32,pppbbpbbbpppppbpbbbpbppbpbpppbbbbppbbpbbbpppbbpppbppppppb,57
233725,1010,12,34,pbppbpbpppb,p,pbppbpbpppbp,2026-01-26 10:57:32,bpbpbbppppbbpbbpbbpbbpppppbbbpppbbpbppbpbpppbppb,48
234930,1029,12,32,pbppbpbpppb,b,pbppbpbpppbb,2026-01-26 10:57:32,bpppbbpbbppbbpppbppppppbbbpppbpppbppbpbpppbbppppbppbbp,54
235118,1033,12,27,pbppbpbpppb,b,pbppbpbpppbb,2026-01-26 10:57:32,bpbbbbppbpppbpppbbppbbbbppppbppbpbpppbbbppp,43
241661,1151,12,10,pbppbpbpppb,b,pbppbpbpppbb,2026-01-26 10:57:32,pbbbppbpbbpbppbpbpppbbpbppppbbppbppppbpbppbpbbpbpbbpppppppb,59
244411,1197,12,1,pbppbpbpppb,p,pbppbpbpppbp,2026-01-26 10:57:33,ppbppbpbpppbpbbppbpppbpbbbbpbbbppbbbpppbbppbbbbpp,49
246821,1237,12,17,pbppbpbpppb,p,pbppbpbpppbp,2026-01-26 10:57:33,bpbpbpbbbbbbbpbpppbppbpbpppbpppppbpbpbbbbbbpbb,46
252568,1337,12,23,pbppbpbpppb,b,pbppbpbpppbb,2026-01-26 10:57:33,bbbpbbppbpppbbbpbbpbpbppbppbpbpppbbpbpppbbbbbbbpbppbpppp,56
256624,1406,12,12,pbppbpbpppb,b,pbppbpbpppbb,2026-01-26 10:57:33,ppbpppppbpbbpbppbpbpppbbbpbpbbpppppppbpbpp,42
265941,1557,12,27,pbppbpbpppb,b,pbppbpbpppbb,2026-01-26 10:57:33,pbbpbppbppbbppppppbpbpppbpbpbppbpbpppbbpppbbbbb,47
270001,1619,12,25,pbppbpbpppb,b,pbppbpbpppbb,2026-01-26 10:57:33,bpbpbpbbpppbbpbpbbpbpbbbppbppbpbpppbbbppbppbbppbbpbpbbp,55
274299,1694,12,5,pbppbpbpppb,b,pbppbpbpppbb,2026-01-26 10:57:33,pbbpppbppbpbpppbbpppbbppppbbbpbppbpppppppp,42
283371,1844,12,36,pbppbpbpppb,b,pbppbpbpppbb,2026-01-26 10:57:34,bbpbbbpbpbpppbpbbbpbpppppbbbpbbbpbpppbppbpbpppbbbbppbbpppbppbb,62
284899,1868,12,1,pbppbpbpppb,b,pbppbpbpppbb,2026-01-26 10:57:34,ppbppbpbpppbbpppbbpbbbpbpbppppppbbbbbpppppbpbbbbbppbbbpbb,57
365208,1965,12,24,pbppbpbpppb,b,pbppbpbpppbb,2026-01-27 14:35:42,pppbppppppppppbppbbbbbbbpbppbpbpppbbpbpbpppbp,45
368269,1983,12,14,pbppbpbpppb,p,pbppbpbpppbp,2026-01-27 17:09:59,pbbpppppbbbppbpbppbpbpppbpbbbpbpppbbbbbpbpbpppbbpbbbpbbbpbppbbbb,64
388049,2097,12,23,pbppbpbpppb,b,pbppbpbpppbb,2026-01-30 10:52:14,pbpbpbppbbbbpbbbpbppppbpbppbpbpppbbpppppbppbppppbpbbbbb,55
394075,2131,12,22,pbppbpbpppb,p,pbppbpbpppbp,2026-01-31 07:49:32,pppbpbbpbpppbbpbpbbbpbpbppbpbpppbpbpbbpbbpbppppppbppbpbbppbpp,61
406200,2198,12,25,pbppbpbpppb,b,pbppbpbpppbb,2026-02-02 12:32:58,pbpbppbppbbpbpppbbbbppppbpbppbpbpppbbbppbbppbbbbpbpppppbpppppbb,63
416658,2257,12,4,pbppbpbpppb,b,pbppbpbpppbb,2026-02-02 15:44:48,bbpppbppbpbpppbbppbbbpbpbbbpbbpppbpbbbpbpppbbbb,47
418492,2266,12,20,pbppbpbpppb,b,pbppbpbpppbb,2026-02-02 16:46:57,ppppbpbbppbbbpppbppbpbppbpbpppbbbbpbbbppbppbbbbbpbpbbpbbpb,58
420952,2279,12,40,pbppbpbpppb,b,pbppbpbpppbb,2026-02-03 09:42:07,pbbppbbbbpbbpbpbbbbpbbpbbbbbbbbpppppbpbbpbppbpbpppbbppbbpppppppbp,65
421607,2282,12,19,pbppbpbpppb,b,pbppbpbpppbb,2026-02-03 09:43:15,pbppbppbbbbpbbbpbpbpbppbpbpppbbbpbbbbbpbpbbpbpbpbpbbbb,54
433926,2351,12,2,pbppbpbpppb,p,pbppbpbpppbp,2026-02-04 18:07:01,pbpbppbpbpppbpbbbppppppbbbbbbpbbbbbppbpbbpbppbppbbbbpbb,55
437359,2369,12,41,pbppbpbpppb,b,pbppbpbpppbb,2026-02-04 19:41:58,pbbppppbbppbbpbbbpppbbbbppbpppbbbpbbbbppbpbppbpbpppbbpbppppbbbbb,64
448918,2431,12,23,pbppbpbpppb,p,pbppbpbpppbp,2026-02-05 16:52:11,pppbbbpbbpbppbppbbpppbbpbppbpbpppbppbpbpbbpbbpb,47
454392,2460,12,12,pbppbpbpppb,b,pbppbpbpppbb,2026-02-06 11:01:12,ppbbpbpppbbbpbppbpbpppbbpbbbbppbpppppbpbbpbppp,46
456100,2469,12,5,pbppbpbpppb,b,pbppbpbpppbb,2026-02-06 11:32:07,pbppppbppbpbpppbbbbbbbpppbbbpbpbpbpbpbppbbbbbbbpbpbbp,53
456682,2472,12,27,pbppbpbpppb,b,pbppbpbpppbb,2026-02-06 11:33:25,pbbbbpbbbbbbpbbpbppbbbppbbppbppbpbpppbbpbbpbppbbb,49
490312,2665,12,35,pbppbpbpppb,p,pbppbpbpppbp,2026-02-11 15:00:23,pbpbbbbbbbbpbbpbppbbbpbppbpbppbpppbpbppbpbpppbpbbpbbppbbbbp,59
495344,2695,12,0,pbppbpbpppb,p,pbppbpbpppbp,2026-02-11 16:44:45,pbppbpbpppbpbbbpbppppbbppbpbbppppbppbbppbpbbpbbpppbbpbb,55
500401,2725,12,0,pbppbpbpppb,p,pbppbpbpppbp,2026-02-11 21:27:45,pbppbpbpppbpppbpbpbbpbbbbppbpppbppbb,36
507412,2765,12,30,pbppbpbpppb,p,pbppbpbpppbp,2026-02-12 09:48:45,bbbbbbbbpbbpbbbbbbppbpbbpbpbbbpbppbpbpppbppbbpbpbppbppp,55
521164,2843,12,21,pbppbpbpppb,b,pbppbpbpppbb,2026-02-13 12:48:04,bpbpbbpbpbbpppbpppppbpbppbpbpppbbpbbpbbpppbpbb,46
534638,2917,12,25,pbppbpbpppb,b,pbppbpbpppbb,2026-02-13 19:22:03,bpbbbpbbbbpbbbbbpbpbpbpbbpbppbpbpppbbbbbppppppppbbpbpbbbppbpp,61
540868,2951,12,30,pbppbpbpppb,p,pbppbpbpppbp,2026-02-14 10:31:23,ppbbbbpbpbpbbpbpbpbbpppbpbbpbppbppbpbpppbpbbppbbpbbbp,53
551173,3013,12,27,pbppbpbpppb,b,pbppbpbpppbb,2026-02-14 16:48:02,bpbppbpppbbppbbpppbppbppbpppbppbpbpppbbpbbbppbpbbppbbpbppbpbp,61
553162,3024,12,25,pbppbpbpppb,p,pbppbpbpppbp,2026-02-15 19:50:42,bbppbbbpbpbbpbpbppbbppbbppbppbpbpppbpbbb,40
563403,3079,12,32,pbppbpbpppb,p,pbppbpbpppbp,2026-02-17 15:48:16,pbbpbbppbppbppbbbppbpppbpbbbpbbppbppbpbpppbppppbpbbb,52
572338,3130,12,3,pbppbpbpppb,p,pbppbpbpppbp,2026-02-17 19:46:23,pbbpbppbpbpppbppbbbppppbppbbppppppppbpp,39
584467,3195,12,44,pbppbpbpppb,b,pbppbpbpppbb,2026-02-20 10:40:54,bbbbbbpbbbbpbppbbbpbbpbpbpbppbbbbpbpbbbbbppppbppbpbpppbbpbbpbppppb,66
587350,3210,12,46,pbppbpbpppb,b,pbppbpbpppbb,2026-02-20 11:09:08,ppppbppppbbpbpbbbbpbbbbpbpbppbbbpbbpbbbbbpbpbppbppbpbpppbbpp,60
590752,3231,12,47,pbppbpbpppb,p,pbppbpbpppbp,2026-02-20 14:10:57,pbppppbbpbpbpbbbbbbbbpppbpbbbbppppppbpppbbppppbpbppbpbpppbp,59
595417,3265,12,10,pbppbpbpppb,b,pbppbpbpppbb,2026-02-20 15:55:25,pbpbpbbbpbpbppbpbpppbbpbpppbppbbppbbpppbbp,42
599953,3294,12,21,pbppbpbpppb,b,pbppbpbpppbb,2026-02-21 10:34:00,bbpbpppbpbpbbbbppbppbpbppbpbpppbbbbbpbbppbpbbbpbppppbbbbbp,58
607612,3345,12,9,pbppbpbpppb,b,pbppbpbpppbb,2026-02-21 13:54:00,bppppbpbbpbppbpbpppbbpbppbpbbbbppbbppp,38
625806,3471,12,0,pbppbpbpppb,p,pbppbpbpppbp,2026-02-22 19:02:10,pbppbpbpppbppppppbpbpbbbppbpbbbbbppbpbpbbbpbbpbpppbppbpbb,57
626333,3473,12,5,pbppbpbpppb,p,pbppbpbpppbp,2026-02-22 19:02:50,pbbpbpbppbpbpppbpbpppppbpppbpbppbpbbbpbppbppbpbpbpb,51
640572,3555,12,40,pbppbpbpppb,b,pbppbpbpppbb,2026-02-23 12:30:32,ppbbbbbpbbpbpbppbpbbbpbppbbbbppbppbbbppbpbppbpbpppbbbp,54
643017,3570,12,39,pbppbpbpppb,b,pbppbpbpppbb,2026-02-23 13:40:08,pbppbppbbbpppbpbbpbbpbpbpbbbbpppbbbpbpbpbppbpbpppbbbbb,54
643367,3573,12,4,pbppbpbpppb,p,pbppbpbpppbp,2026-02-23 13:42:12,pppbpbppbpbpppbpbbbbppppbbpbbbpbbppbbbppbppbppbpbpppbpbppppp,60
643387,3573,12,42,pbppbpbpppb,p,pbppbpbpppbp,2026-02-23 13:42:12,pppbpbppbpbpppbpbbbbppppbbpbbbpbbppbbbppbppbppbpbpppbpbppppp,60
655519,3642,12,3,pbppbpbpppb,b,pbppbpbpppbb,2026-02-24 14:25:35,bpbpbppbpbpppbbpppppbpbbpbppbpppbppbbpppbbbbppbpbb,50
662819,3682,12,17,pbppbpbpppb,p,pbppbpbpppbp,2026-02-24 17:38:05,pbbbbbbppbpbbppbppbppbpbpppbpbppbppbpbbbbbbpbpbppbpbppbbbp,58
669826,3724,12,38,pbppbpbpppb,b,pbppbpbpppbb,2026-02-25 09:47:44,pbpbbbpbbbbbppbpppppbbbppbbppppbbbppbbpbppbpbpppbbbbpb,54
670044,3725,12,2,pbppbpbpppb,p,pbppbpbpppbp,2026-02-25 09:48:11,pbpbppbpbpppbpppbpppbpbbpbpbbppppbbppbbpbbpbpbppbppppb,54
675274,3760,12,35,pbppbpbpppb,b,pbppbpbpppbb,2026-02-25 17:22:57,pbbppbbbpbpbbbbbpbppbppppbbbpppbpbbpbppbpbpppbbbbbpppbpbppbppbpbb,65
675827,3763,12,21,pbppbpbpppb,p,pbppbpbpppbp,2026-02-25 17:24:09,bpbpbbpbbbpbbbpbbpbpbpbppbpbpppbpbbpbpbpb,41
694968,3874,12,14,pbppbpbpppb,p,pbppbpbpppbp,2026-02-28 13:36:26,pbpbpbppbpbbbppbppbpbpppbpbppbpbp,33
699076,3896,12,33,pbppbpbpppb,b,pbppbpbpppbb,2026-03-01 11:16:07,bbbppppbpppbpppbpbbbpbpppbbpbbpbppbppbpbpppbbpbb,48
700733,3906,12,38,pbppbpbpppb,b,pbppbpbpppbb,2026-03-01 12:33:41,bpbbpppppbppppbbbbbbpbppppppbbpbbpbpbppbppbpbpppbbb,51
703153,3920,12,31,pbppbpbpppb,b,pbppbpbpppbb,2026-03-01 15:46:57,bbpppbppbbbpbbpbppppbpbppbbppbbpbppbpbpppbbbppp,47
733878,4098,12,33,pbppbpbpppb,p,pbppbpbpppbp,2026-03-04 09:25:36,bpbbppbpbbbpbpppppbppppbbppppbbbppbppbpbpppbpbppbpbbbbpppppb,60
738105,4121,12,25,pbppbpbpppb,b,pbppbpbpppbb,2026-03-04 11:19:29,pbbbpbppppbpppppppbppbbbppbppbpbpppbbppppbbbbppppp,50
741798,4147,12,6,pbppbpbpppb,b,pbppbpbpppbb,2026-03-04 15:10:09,bppbpbpbppbpbpppbbbbbpbbbbpbpbbpbpppbpbpbpbbbb,46
742111,4148,12,32,pbppbpbpppb,p,pbppbpbpppbp,2026-03-04 15:10:33,pbbpbppbppbbbppbpbpbpbppppbbbpbppbppbpbpppbpbpbpppbbbpbpbpbpbbbbbb,66
759905,4253,12,35,pbppbpbpppb,p,pbppbpbpppbp,2026-03-05 22:19:24,ppbppbbbpbbppppppbbpbbbbbpbbpppbbpbpbppbpbpppbp,47
762698,4269,12,14,pbppbpbpppb,p,pbppbpbpppbp,2026-03-06 17:03:04,pbbbpbpbppbbbbpbppbpbpppbpbpbbbpbbpppbpbbpbbppppbppbbbppbp,58
770994,4318,12,16,pbppbpbpppb,b,pbppbpbpppbb,2026-03-09 19:02:44,bppbpbbpppppbbbbpbppbpbpppbbpbbbpbbbb,37
780898,4374,12,26,pbppbpbpppb,b,pbppbpbpppbb,2026-03-11 19:45:35,bbbbppppbbpbbpbpbbbpppppbppbppbpbpppbbbpbppbbbbbpbpbbbbp,56
817765,4596,12,35,pbppbpbpppb,b,pbppbpbpppbb,2026-03-18 16:18:51,bpbpppppbbpppbpbbbpbbppppbbbbbbbbpbpbppbpbpppbbbbbbpbbpbbpb,59
830418,4669,12,5,pbppbpbpppb,p,pbppbpbpppbp,2026-04-12 12:44:34,ppbpppbppbpbpppbpppbbbpbbbbbppbbbbp,35
846160,4766,12,19,pbppbpbpppb,p,pbppbpbpppbp,2026-04-23 13:59:34,ppbbbpbppbpppbpbpbppbppbpbpppbpbpbbpbpbbbbbppbpppbpbbb,54
863253,4867,12,14,pbppbpbpppb,b,pbppbpbpppbb,2026-04-26 09:22:51,pbppppppbbbpbbpbppbpbpppbbpbppbpbpbpbppbpbb,43
871004,4916,12,9,pbppbpbpppb,p,pbppbpbpppbp,2026-05-04 08:20:17,bbpbbbppppbppbpbpppbppbbpppppppp,32
871105,4917,12,0,pbppbpbpppb,p,pbppbpbpppbp,2026-05-04 08:21:01,pbppbpbpppbpppbpppppbbbbpbbbbbppbbb,35
878994,4964,12,25,pbppbpbpppb,b,pbppbpbpppbb,2026-05-04 15:35:51,ppbbpbppbbpbbbpbppppbbbbbpbppbpbpppbbpbpbbppbppbbbppppb,55
885915,5003,12,30,pbppbpbpppb,p,pbppbpbpppbp,2026-05-04 17:44:00,bppbpbbpbbbbppbpppbbppbppbpbbppbppbpbpppbpppbbpppbp,51
886726,5007,12,8,pbppbpbpppb,p,pbppbpbpppbp,2026-05-06 18:05:43,pppbppbbpbppbpbpppbpppbbpbppbbpbbbbpbbbbppbpbbbpbppbbbbpbbppbbb,63
888879,5018,12,26,pbppbpbpppb,b,pbppbpbpppbb,2026-05-14 07:19:38,bbbpbppppppbppbbbpppbpbbpppbppbpbpppbbbppppppbbpbbb,51
896009,5058,12,32,pbppbpbpppb,b,pbppbpbpppbb,2026-05-22 05:06:24,bpbpbbbpbppppbbbpbbbbpbppppbppbbpbppbpbpppbbbpbpbpbbbpbp,56
898066,5070,12,16,pbppbpbpppb,p,pbppbpbpppbp,2026-05-22 05:39:05,pbbbbbpbpbbpbbbppbppbpbpppbpbppbpbpppb,38
909380,5136,12,26,pbppbpbpppb,p,pbppbpbpppbp,2026-05-26 11:42:16,bpbbpbpbbbbpbbbbppbbpbpbpbpbppbpbpppbppbbbpbppppbpbpbbbbbpbp,60
914062,5165,12,28,pbppbpbpppb,b,pbppbpbpppbb,2026-05-27 11:10:07,pbbpbbbbppppbbppbpbpppbbppbbpbppbpbpppbbbbbpbpb,47
914384,5167,12,13,pbppbpbpppb,b,pbppbpbpppbb,2026-05-27 11:11:09,bbppbpbbbbbpppbppbpbpppbbbppbbpbbpbppbbppppbpbppbpbpbbbpppp,59
932843,5277,12,23,pbppbpbpppb,b,pbppbpbpppbb,2026-06-05 06:55:06,ppbbpbbppbppbpbpbppppbbpbppbpbpppbbbbpppbpppbpbpbppppbpbpbb,59
941157,5328,12,4,pbppbpbpppb,b,pbppbpbpppbb,2026-06-07 11:11:24,bppppbppbpbpppbbpbpbppbbbbpbpbbbpbbpb,37
959630,5438,12,33,pbppbpbpppb,b,pbppbpbpppbb,2026-06-19 13:58:13,bbppbbpppbpppbbpbpbbppbppbbbbbpbppbppbpbpppbbbbpbbbppbbppppppppbppppp,69
973924,5519,12,22,pbppbpbpppb,b,pbppbpbpppbb,2026-06-21 11:23:13,bbbpbpbbppbbpppbppppbppbppbpbpppbbbpbpbbpbbbpbbppbbbbppb,56
976767,5535,12,42,pbppbpbpppb,b,pbppbpbpppbb,2026-06-22 09:51:13,pppbbpbbbbbbbppbbbpppbppbpppbbbppbpbbbpbbppbppbpbpppbbbppbpbbbppb,65
185633,10,12,23,pbppbpbpppp,b,pbppbpbppppb,2026-01-26 10:57:31,bbbbbbbpppbbpbbbbpppbpppbppbpbppppbbbpppp,41
188468,147,12,12,pbppbpbpppp,b,pbppbpbppppb,2026-01-26 10:57:31,ppppppbpbbpppbppbpbppppbppbbp,29
190613,225,12,38,pbppbpbpppp,p,pbppbpbppppp,2026-01-26 10:57:31,bpppppppbbpbbbbpbpppbbpbbbbpbbppbppbpbpbppbpbpppppbbbpbbbpppbppp,64
195251,311,12,31,pbppbpbpppp,p,pbppbpbppppp,2026-01-26 10:57:31,bbpbbpppbbbppbbbbpppppbbbppppbppbppbpbppppppbpbpbpppbpbbppppbb,62
195545,316,12,33,pbppbpbpppp,b,pbppbpbppppb,2026-01-26 10:57:31,pppbpbpbbbpbppbbbppbppbppbbbpbppppbppbpbppppbbpbbbppbbppbbpbbbb,63
195613,317,12,31,pbppbpbpppp,b,pbppbpbppppb,2026-01-26 10:57:31,pbppbbpppbpppbbbppppbbbpbppppbbpbppbpbppppbbbpppppbppb,54
196885,340,12,33,pbppbpbpppp,p,pbppbpbppppp,2026-01-26 10:57:31,bbbppbpppbppbbppbbppbppbbbpppbppppbppbpbppppppppppbpbbbb,56
199652,386,12,12,pbppbpbpppp,p,pbppbpbppppp,2026-01-26 10:57:31,bbpbpbbbbbpbpbppbpbpppppbpbbbpbppbbpbppbppbpppbppbbpppbb,56
202638,442,12,3,pbppbpbpppp,b,pbppbpbppppb,2026-01-26 10:57:31,ppppbppbpbppppbbbbbpbbbpbpbpbbbbppbpppbbbbpbbbb,47
208563,555,12,8,pbppbpbpppp,b,pbppbpbppppb,2026-01-26 10:57:32,ppbbpbbbpbppbpbppppbbppbppbpbbpbppbbbpbpbppppppppbpppbb,55
208745,558,12,13,pbppbpbpppp,b,pbppbpbppppb,2026-01-26 10:57:32,ppbbpbbbbpbpppbppbpbppppbbbpbbppbppbpbbpppbbpbbbbppbpbbpb,57
209373,568,12,30,pbppbpbpppp,b,pbppbpbppppb,2026-01-26 10:57:32,bpppbbpbbpbbpbbbbbbpppbbbpbbpppbppbpbppppbbppbbbppbpbbbppppbppp,63
210686,591,12,32,pbppbpbpppp,p,pbppbpbppppp,2026-01-26 10:57:32,pbpbbbppbppbppbpppppbppbbpbbppbppbppbpbpppppp,45
226786,892,12,2,pbppbpbpppp,p,pbppbpbppppp,2026-01-26 10:57:32,pppbppbpbpppppbppbbbppbbpppbpppbpbb,35
232362,986,12,6,pbppbpbpppp,b,pbppbpbppppb,2026-01-26 10:57:32,bbpppbpbppbpbppppbbpbbbpbbbpp,29
238729,1096,12,32,pbppbpbpppp,p,pbppbpbppppp,2026-01-26 10:57:32,pppbbbbbpbbbbppbbpbbppbbbbpbpbpbpbppbpbpppppbbbbbppbppppbp,58
239295,1107,12,16,pbppbpbpppp,p,pbppbpbppppp,2026-01-26 10:57:32,ppbpbbpbppbppbbbpbppbpbppppppbpbpbpbbb,38
239806,1117,12,4,pbppbpbpppp,p,pbppbpbppppp,2026-01-26 10:57:32,bpbppbppbpbppppppbpbbpbppbpbpbbbppbpbbbbbbbpbpbbpppbpppbpbp,59
243008,1173,12,46,pbppbpbpppp,p,pbppbpbppppp,2026-01-26 10:57:32,ppbbbbppbpppbbbpbpbppbbbbppppppppbbppbbpppbbpppbppbpbpppppbbbbpb,64
243949,1189,12,26,pbppbpbpppp,b,pbppbpbppppb,2026-01-26 10:57:33,pbbpbbbpbpppbpppbbpppbpbpppbppbpbppppbbpppbppbpb,48
244754,1202,12,0,pbppbpbpppp,b,pbppbpbppppb,2026-01-26 10:57:33,pbppbpbppppbpppppbbbpbpbbbbbbbpbbbpbpbpbppbbbpbbbbbbpp,54
245606,1217,12,15,pbppbpbpppp,p,pbppbpbppppp,2026-01-26 10:57:33,ppbppbbppbbpbbbpbppbpbppppppppbpbbppbpbpbbppbbbpbp,50
247273,1245,12,14,pbppbpbpppp,b,pbppbpbppppb,2026-01-26 10:57:33,bbbppppbpbbbpppbppbpbppppbbbbbpbbbbppb,38
247309,1246,12,1,pbppbpbpppp,p,pbppbpbppppp,2026-01-26 10:57:33,ppbppbpbpppppppbbpbpbppbbbbbpbpbpbbppp,38
248263,1262,12,13,pbppbpbpppp,p,pbppbpbppppp,2026-01-26 10:57:33,bppbpppbppbpppbppbpbpppppppbbpbbbppppppbbpppbpb,47
254055,1364,12,7,pbppbpbpppp,p,pbppbpbppppp,2026-01-26 10:57:33,pbbbpbppbppbpbpppppbbpbbbbppbpbbbbbpbpppbbppbbbbbbbppb,54
257936,1427,12,31,pbppbpbpppp,b,pbppbpbppppb,2026-01-26 10:57:33,ppbbbbpbpbbbbppbbbbbbbbpbbpbppppbppbpbppppbpppbbpbbppbpppbbbpbp,63
258082,1429,12,41,pbppbpbpppp,p,pbppbpbppppp,2026-01-26 10:57:33,bbpbppbbbpbbpbpbbpbppppbpbbpbbbbppppbbbpbpbppbpbppppppp,55
258164,1430,12,30,pbppbpbpppp,b,pbppbpbppppb,2026-01-26 10:57:33,pbbbpbpbbpbppbppppbbpbbppbbpbbpbppbpbppppbpbppbpppbbbbbpbbpppp,62
258585,1437,12,27,pbppbpbpppp,b,pbppbpbppppb,2026-01-26 10:57:33,pppbppbppppbppbbbbbpbpppbpppbppbpbppppbbbbppppbpbbppbbbpbbp,59
258872,1442,12,17,pbppbpbpppp,p,pbppbpbppppp,2026-01-26 10:57:33,pbbpbbbpbbpbbbpbppbppbpbpppppbppppppbppb,40
259039,1445,12,50,pbppbpbpppp,b,pbppbpbppppb,2026-01-26 10:57:33,pppbpbbbbbpbpbbpbppppbbbbbbppppbppbbpppbppppbbpppbpbppbpbppppbb,63
260025,1462,12,39,pbppbpbpppp,b,pbppbpbppppb,2026-01-26 10:57:33,ppbppbppbbbbbbppbbppbpbpppppbpbpppbbpbbpbppbpbppppbpbpb,55
261298,1483,12,10,pbppbpbpppp,p,pbppbpbppppp,2026-01-26 10:57:33,bbpbbpppbppbppbpbpppppbpppbbbpbbpbppbbppbpbpbbbbppbpbbbbbpbpp,61
261699,1490,12,22,pbppbpbpppp,b,pbppbpbppppb,2026-01-26 10:57:33,bpppbppbbbppbpbbpbbbpppbppbpbppppbppbbp,39
267085,1575,12,11,pbppbpbpppp,b,pbppbpbppppb,2026-01-26 10:57:33,pbpbbppbbbppbppbpbppppbbpbbbppbbbbpbpbpp,40
270175,1622,12,23,pbppbpbpppp,p,pbppbpbppppp,2026-01-26 10:57:33,ppbbppbppbbbbbbbpbbbbbppbppbpbpppppbbpbpbbp,43
275318,1712,12,27,pbppbpbpppp,p,pbppbpbppppp,2026-01-26 10:57:33,bbpppbpbpbbbbbbbbbpbbbpbbbbpbppbpbppppppppppbbppppbpppp,55
277660,1753,12,29,pbppbpbpppp,p,pbppbpbppppp,2026-01-26 10:57:33,pppbbpppppbbpppbbppbbbbbbbppppbppbpbpppppbbpbbpbbpbbbbpbbbbpb,61
292429,1919,12,4,pbppbpbpppp,b,pbppbpbppppb,2026-01-26 16:49:47,ppbppbppbpbppppbbpbppbbbpbbpbppbbbbbpbbpppbp,44
296121,1940,12,17,pbppbpbpppp,b,pbppbpbppppb,2026-01-26 17:20:46,pbbbbbbbpbbbpbbpbpbppbpbppppbpbbbbpppbb,39
407878,2208,12,49,pbppbpbpppp,b,pbppbpbppppb,2026-02-02 13:29:42,pbbpppbbpbppbpbpbpbpppbpbbppbpppbbbpbbpbbpbppbbbbpbppbpbppppbbp,63
416491,2256,12,32,pbppbpbpppp,b,pbppbpbppppb,2026-02-02 15:44:12,bbpppbbppppppbpbbppbppbbbbbbbbbbpbppbpbppppbbbpbbppbbbbbppbp,60
425437,2303,12,16,pbppbpbpppp,b,pbppbpbppppb,2026-02-04 15:41:31,bpbpbbbpbpbpbbpbpbppbpbppppbbpbpbbpbppbpppppbpbbpbpb,52
434502,2354,12,16,pbppbpbpppp,b,pbppbpbppppb,2026-02-04 18:10:12,ppppbpppbpbppbpppbppbpbppppbbbbbppbbppppbbbpppbpbpppbpbp,56
453898,2457,12,40,pbppbpbpppp,p,pbppbpbppppp,2026-02-06 11:00:20,bpbbbbppbpbppbbpbpbppppbbbppbbpbbbbpbbbppbppbpbppppppppbbb,58
459946,2489,12,25,pbppbpbpppp,p,pbppbpbppppp,2026-02-06 13:00:30,bpbppbbbbbbpppbpbbpbbpbpbpbppbpbppppppbbppbpbpbbppppbbp,55
467573,2530,12,42,pbppbpbpppp,p,pbppbpbppppp,2026-02-09 15:28:13,bbpbpppppbpbbpbbbbbpbbppbpbppbpbbppbbpbbpbpbppbpbpppppbbppppbpbb,64
481280,2610,12,31,pbppbpbpppp,b,pbppbpbppppb,2026-02-10 19:37:10,pbbpppbbbbpbbpbbbppbbbppppbbpbbpbppbpbppppbpbb,46
506213,2758,12,25,pbppbpbpppp,b,pbppbpbppppb,2026-02-12 09:12:08,bpbbppbbbbbpppbppbbbpbpbbpbppbpbppppbbpbbbpbpbbpp,49
516280,2816,12,10,pbppbpbpppp,p,pbppbpbppppp,2026-02-12 15:56:41,ppbbbbbbbbpbppbpbpppppbpbpbbppppbbpbbbpbbpbppbbbppbpbppppbpbpppbb,65
518521,2829,12,24,pbppbpbpppp,p,pbppbpbppppp,2026-02-12 16:42:17,bpbbbbbbbbbpbpbpbppbbppppbppbpbppppppppbpppbppbpppbbbppppbppp,61
521932,2847,12,13,pbppbpbpppp,b,pbppbpbppppb,2026-02-13 12:49:48,bbbpbppbbpbbppbppbpbppppbbpbpppbbbbbpppbppppbppbb,49
529300,2888,12,39,pbppbpbpppp,p,pbppbpbppppp,2026-02-13 16:25:02,bpbbbbpbpppppbppppbpbbbbpbpppppppbpppbppbppbpbpppppbpp,54
544036,2970,12,0,pbppbpbpppp,b,pbppbpbppppb,2026-02-14 11:05:51,pbppbpbppppbpbpbppbbppppbpppbbbbpppbbp,38
544620,2973,12,22,pbppbpbpppp,p,pbppbpbppppp,2026-02-14 11:35:28,bppbbbpppppbpbbbpbbppppbppbpbpppppppbbpbbbbbppp,47
548090,2997,12,47,pbppbpbpppp,p,pbppbpbppppp,2026-02-14 15:55:40,bbbpppppbpbbbpppppbpbbbpbbpppbpbbbbppbbbpbppbpppbppbpbppppppbp,62
549520,3005,12,1,pbppbpbpppp,p,pbppbpbppppp,2026-02-14 15:59:09,bpbppbpbpppppbpppbbbbpppbpbppbbbbpbbbpbppbpbppbp,48
556762,3043,12,2,pbppbpbpppp,b,pbppbpbppppb,2026-02-15 21:19:26,bppbppbpbppppbpppbbppbbpbpbbbpppppbbbbpppbbbbp,46
568327,3105,12,39,pbppbpbpppp,b,pbppbpbppppb,2026-02-17 16:50:19,ppppbpbbppppppppbppbbpppbpbbbpbbbpbbppbpbppbpbppppbb,52
579500,3169,12,9,pbppbpbpppp,b,pbppbpbppppb,2026-02-19 11:05:10,bpbpbpbpbpbppbpbppppbppbppbpppbpppbppb,38
600117,3295,12,32,pbppbpbpppp,b,pbppbpbppppb,2026-02-21 10:34:23,bbpbppbbbbbppppbbbbbbpbbbpbbpbbppbppbpbppppbbbpbb,49
644097,3577,12,1,pbppbpbpppp,p,pbppbpbppppp,2026-02-23 13:44:21,ppbppbpbpppppbbppbpbpbpbbbbbbpbbbbbbpbbpbppbbbbbbbbpp,53
651755,3621,12,47,pbppbpbpppp,b,pbppbpbppppb,2026-02-24 10:17:46,ppbppbbbppbbppbbpbbpbbbbbbbbppbppbbppbpbbpbbbpbpbppbpbppppb,59
656736,3649,12,12,pbppbpbpppp,b,pbppbpbppppb,2026-02-24 14:49:57,pbbppbbbpbbbpbppbpbppppbpbppppbpbbpbbpbbbpbbpbpbppbbbpbbpppbpppp,64
663499,3686,12,46,pbppbpbpppp,b,pbppbpbppppb,2026-02-24 18:30:07,bppbpbbbpbbbbbbpbbbbpbbpbppbppppppppbpbpbpppbbpbppbpbppppbbbbp,62
666888,3706,12,23,pbppbpbpppp,p,pbppbpbppppp,2026-02-24 19:45:01,pbpppbbppbbbpppbbbbpbbppbppbpbppppppppbpbpppbpbpppbp,52
671701,3736,12,31,pbppbpbpppp,p,pbppbpbppppp,2026-02-25 10:17:40,bbbpbpbpbpbppppbbpppbpbbbbbbbpbpbppbpbppppppbppbb,49
683939,3810,12,29,pbppbpbpppp,b,pbppbpbppppb,2026-02-25 20:06:08,pbbbpbbpbbpppppbbppppbbppbbpppbppbpbppppbpppbbpbpppbpb,54
692242,3858,12,20,pbppbpbpppp,b,pbppbpbppppb,2026-02-26 08:55:08,bbbppbbbbbbpbbbbbbbppbppbpbppppbppbpbbbpbpbbbbbbb,49
697141,3885,12,38,pbppbpbpppp,b,pbppbpbppppb,2026-02-28 13:43:06,bpbbbpbbbbpbppppbbbppppbbpbbppbpbbpbbppbppbpbppppbbppbpbbbpbp,61
702223,3915,12,23,pbppbpbpppp,p,pbppbpbppppp,2026-03-01 15:45:21,ppbbppbbppbbppbpbppbpbppbppbpbppppppbbppppppbbpbpbbbpbppbppbbpp,63
702571,3917,12,27,pbppbpbpppp,p,pbppbpbppppp,2026-03-01 15:45:58,bppbbbpbpbbbpbbbbbbpbbbpbpppbppbpbppppppppbbb,45
702746,3918,12,4,pbppbpbpppp,p,pbppbpbppppp,2026-03-01 15:46:16,ppbbpbppbpbppppppbpppbppbpbbpbbpbbbbppbbbbbpbppppppppp,54
707304,3944,12,8,pbppbpbpppp,p,pbppbpbppppp,2026-03-01 19:24:16,bpbppbpppbppbpbppppppbpbbbpbpbp,31
722305,4033,12,7,pbppbpbpppp,b,pbppbpbppppb,2026-03-03 15:34:55,bpbbppbpbppbpbppppbppbbppbppbbbpbbbppppbbpppbbpbbppbbpb,55
723156,4037,12,25,pbppbpbpppp,b,pbppbpbppppb,2026-03-03 15:37:03,bbpbpbppbppbpbbppbpbppbpppbppbpbppppbpbbppbpbbbbbbppbbbbppbbppbbpbp,67
726190,4054,12,10,pbppbpbpppp,b,pbppbpbppppb,2026-03-03 18:01:56,ppbpbbpppbpbppbpbppppbpbbpppppppppbpbpppbppppbbpbppbbpbbpbpp,60
742452,4150,12,33,pbppbpbpppp,p,pbppbpbppppp,2026-03-04 15:11:30,bpppbpbbbbpbpbbpppbppbppbbpbbbbbbpbppbpbpppppb,46
750558,4196,12,29,pbppbpbpppp,b,pbppbpbppppb,2026-03-05 14:42:52,ppbbbbpppbbpbbpbbpbbpbbppbpbbpbppbpbppppbbppbpbbpppbpbpbbppbpbpbb,65
758919,4247,12,19,pbppbpbpppp,p,pbppbpbppppp,2026-03-05 22:14:40,pppbbbbbppbbbppbbbbpbppbpbppppppbbbppbppbpppppbpbpbpbbp,55
767233,4296,12,9,pbppbpbpppp,b,pbppbpbppppb,2026-03-09 15:23:51,ppbbppbbppbppbpbppppbppppbbbbpbbbbpppppbppb,43
773346,4331,12,9,pbppbpbpppp,b,pbppbpbppppb,2026-03-09 19:49:20,pbbbbpbpbpbppbpbppppbpbbbpbpbbbbppbpbbpppbbb,44
799981,4484,12,37,pbppbpbpppp,p,pbppbpbppppp,2026-03-17 19:19:30,pppbpppppbppbpbbbppbpbbpppppppbpppbbppbppbpbpppppb,50
800216,4485,12,30,pbppbpbpppp,b,pbppbpbppppb,2026-03-17 20:16:36,pppppbbpbbpbbbbpbbpbpbpbpppbpppbppbpbppppbpbbbpbpbpppbpppppb,60
803437,4503,12,3,pbppbpbpppp,p,pbppbpbppppp,2026-03-17 20:50:33,bpbpbppbpbppppppppbppbpbppbpbbbbpbbpbbbbbpbbpbbppbbbbbpbppp,59
803644,4504,12,5,pbppbpbpppp,p,pbppbpbppppp,2026-03-17 20:51:02,pbbpppbppbpbpppppppbbppbpppbbpbbpppbpbppbpbbbppbbpbbbpbb,56
839340,4727,12,16,pbppbpbpppp,b,pbppbpbppppb,2026-04-21 06:31:49,bpppbbpbpbbppbbbpbppbpbppppbpbpbpbbpbpbppppb,44
847649,4774,12,32,pbppbpbpppp,p,pbppbpbppppp,2026-04-23 14:51:30,bbbppbbpbbpbbppbbbpbbbbpbpbbbbpbpbppbpbpppppbpbbb,49
855155,4820,12,2,pbppbpbpppp,b,pbppbpbppppb,2026-04-23 18:58:22,pppbppbpbppppbppbppppppbbbpppbbpbppbbpbbppp,43
879192,4965,12,24,pbppbpbpppp,b,pbppbpbppppb,2026-05-04 15:36:44,pbpppbppppbpbbppbpbpbppppbppbpbppppbpppbbbbpbbbpbpb,51
894074,5048,12,30,pbppbpbpppp,p,pbppbpbppppp,2026-05-14 09:03:03,bpbpbpbbppbbpbbpbbppbpbbpbbbpbpbppbpbpppppbpppbbbpbpbbpb,56
895246,5054,12,51,pbppbpbpppp,b,pbppbpbppppb,2026-05-22 05:04:32,bbpbbbpbpbbppbpbbppppbpbpbppbpbpbbppbbppbbpbpbppbpppbppbpbppppb,63
896752,5063,12,30,pbppbpbpppp,p,pbppbpbppppp,2026-05-22 05:08:42,bpppbpbbpbbbbbbppbbbbppbbbpbbppbppbpbppppppbpbbbppbpppbppbbbbpppbp,66
912797,5155,12,21,pbppbpbpppp,b,pbppbpbppppb,2026-05-27 07:54:52,bbbpbppbbpbpppppbpppppbppbpbppppbbbpbbbbbpbpppbppbbp,52
913741,5163,12,19,pbppbpbpppp,b,pbppbpbppppb,2026-05-27 07:58:40,bbppbpbbbpbbpbbbppbpbppbpbppppbbbb,34
917517,5186,12,44,pbppbpbpppp,p,pbppbpbppppp,2026-05-28 10:03:36,bpbbppppbbpbbbppbbppbpbbbpbpbbbpbbbbpbppbbpbpbppbpbppppppbpbpbpbbbp,67
920104,5202,12,13,pbppbpbpppp,b,pbppbpbppppb,2026-05-28 12:36:01,ppbbbppbbbpbbpbppbpbppppbpbpbbppbpbpbpppbppbbpbb,48
920430,5204,12,26,pbppbpbpppp,b,pbppbpbppppb,2026-05-28 12:38:08,bbpppbbbpbbppbpbpbbbpbbppbpbppbpbppppbp,39
938870,5315,12,27,pbppbpbpppp,p,pbppbpbppppp,2026-06-06 14:19:51,bbpbbbpbbpppbppbppbbbbppbbbpbppbpbpppppp,40
942991,5338,12,1,pbppbpbpppp,b,pbppbpbppppb,2026-06-07 21:12:06,bpbppbpbppppbbbpbpppppbbbppbbbbbpbppbpbbbpbbppbbpppbbp,54
955844,5417,12,29,pbppbpbpppp,p,pbppbpbppppp,2026-06-17 21:43:20,bbbbppbbppbppbbbpbbbbbbpbpbbbpbppbpbpppppbppppppppppbbbbpbp,59
962691,5456,12,10,pbppbpbpppp,p,pbppbpbppppp,2026-06-20 09:21:02,bbbbpbppbppbppbpbppppppppbbbpbbbpbbpbbpbbpbppbpp,48
968055,5485,12,9,pbppbpbpppp,b,pbppbpbppppb,2026-06-20 11:52:22,bpbbpppbppbppbpbppppbpbbpbbbpbpppbbbbbbbbpbbpbpbbb,50
975202,5526,12,24,pbppbpbpppp,b,pbppbpbppppb,2026-06-22 09:20:23,bbpbpppbbbpbppbpppbpbbpppbppbpbppppbbppbbppbppppbbpbbpppp,57
186607,52,12,6,pbppbpppbbb,b,pbppbpppbbbb,2026-01-26 10:57:31,ppbbbbpbppbpppbbbbbpbpbpbbpbbpbbppp,35
191673,244,12,8,pbppbpppbbb,b,pbppbpppbbbb,2026-01-26 10:57:31,bbbpbppppbppbpppbbbbbbpbbppbpbbbpbpbpppppbpbpppppppbpbbb,56
200903,411,12,20,pbppbpppbbb,b,pbppbpppbbbb,2026-01-26 10:57:31,bpppppppbpbbbpbbbbpppbppbpppbbbbbbp,35
203090,449,12,42,pbppbpppbbb,b,pbppbpppbbbb,2026-01-26 10:57:31,ppbbppbbppppbbbppppppbppbbpbbbbpbbpppbbppppbppbpppbbbbbppb,58
205320,490,12,16,pbppbpppbbb,b,pbppbpppbbbb,2026-01-26 10:57:32,bbpbbpppbppbppbbpbppbpppbbbbbbpppppbbp,38
209125,564,12,24,pbppbpppbbb,b,pbppbpppbbbb,2026-01-26 10:57:32,pbppbbpbbbpbbppbbbpppppppbppbpppbbbbbbbpbbpb,44
211231,599,12,1,pbppbpppbbb,p,pbppbpppbbbp,2026-01-26 10:57:32,ppbppbpppbbbpbpbbbbbppppbpbbbbpbpppppbbbpbpbpbppbpbbpb,54
211843,610,12,18,pbppbpppbbb,p,pbppbpppbbbp,2026-01-26 10:57:32,pbppbbpbbpbpppbbpbpbppbpppbbbpbpbpbpbbbppbbppbb,47
212178,616,12,18,pbppbpppbbb,p,pbppbpppbbbp,2026-01-26 10:57:32,pbppbbpbbpbpppbbpbpbppbpppbbbpbpbpbpbbbppbbppbbbbppbpbpbpb,58
217512,719,12,19,pbppbpppbbb,p,pbppbpppbbbp,2026-01-26 10:57:32,bppbpbbbbbpbppppbbbpbppbpppbbbpbpp,34
218209,733,12,7,pbppbpppbbb,p,pbppbpppbbbp,2026-01-26 10:57:32,bpbpbpbpbppbpppbbbppbpppppppbbppbbpbppppbpbpbbbppbbb,52
219386,756,12,4,pbppbpppbbb,b,pbppbpppbbbb,2026-01-26 10:57:32,pbbppbppbpppbbbbbppbpbppppbpbbpbbbppbbp,39
224303,846,12,9,pbppbpppbbb,b,pbppbpppbbbb,2026-01-26 10:57:32,pbppbpbpbpbppbpppbbbbppppbbppbpbbbpp,36
227325,901,12,26,pbppbpppbbb,p,pbppbpppbbbp,2026-01-26 10:57:32,ppbpbppbbpbppppbpbpbbpbbbppbppbpppbbbpbbbppbbb,46
231657,973,12,5,pbppbpppbbb,p,pbppbpppbbbp,2026-01-26 10:57:32,bbpbbpbppbpppbbbpbppbbpbpppbp,29
235736,1044,12,5,pbppbpppbbb,b,pbppbpppbbbb,2026-01-26 10:57:32,pbpbbpbppbpppbbbbbbpppppbbbbppbpbbbbppbbpbpppb,46
237478,1074,12,36,pbppbpppbbb,p,pbppbpppbbbp,2026-01-26 10:57:32,pbpppppbpbppppppbpbpbpbppppbbbbpbppppbppbpppbbbpppbbppb,55
237719,1078,12,40,pbppbpppbbb,b,pbppbpppbbbb,2026-01-26 10:57:32,bbpbpppppbbppppbppbbppppbbppbpppbpbpppbbpbppbpppbbbbbbbbpppbppbp,64
240769,1135,12,8,pbppbpppbbb,p,pbppbpppbbbp,2026-01-26 10:57:32,pbbbpbpbpbppbpppbbbppbbbppbppppbbpppbbppbpppbpppbbp,51
241184,1143,12,16,pbppbpppbbb,p,pbppbpppbbbp,2026-01-26 10:57:32,ppppbppppbpbbbpppbppbpppbbbpbbppbbbbbbb,39
244693,1201,12,27,pbppbpppbbb,p,pbppbpppbbbp,2026-01-26 10:57:33,ppbppbbpbbbbppbbpbpbbbbpbbbpbppbpppbbbppbbbpbpbppbbbbbpppbbbppbbb,65
244842,1203,12,38,pbppbpppbbb,p,pbppbpppbbbp,2026-01-26 10:57:33,pbppppbppbbppbpbppppbpbpbbbbbppbppppbbpbppbpppbbbpp,51
252342,1334,12,21,pbppbpppbbb,p,pbppbpppbbbp,2026-01-26 10:57:33,bbpbppbbpppbbpbbpppbbpbppbpppbbbpppppbpppppbpbbbbpbbpppbbbppbbp,63
253720,1358,12,16,pbppbpppbbb,p,pbppbpppbbbp,2026-01-26 10:57:33,bbppbbbbppbbpbpppbppbpppbbbpbppbpppbpbbppbpbbppbpppb,52
255964,1394,12,12,pbppbpppbbb,p,pbppbpppbbbp,2026-01-26 10:57:33,pbbppppppppppbppbpppbbbpbbbppbpbbpbbpbpbbbbbbbb,47
258172,1430,12,42,pbppbpppbbb,b,pbppbpppbbbb,2026-01-26 10:57:33,pbbbpbpbbpbppbppppbbpbbppbbpbbpbppbpbppppbpbppbpppbbbbbpbbpppp,62
261226,1482,12,24,pbppbpppbbb,p,pbppbpppbbbp,2026-01-26 10:57:33,bbbpppbpbpppbppppbbbpppppbppbpppbbbpbbbpppbpppbbppb,51
266431,1564,12,33,pbppbpppbbb,b,pbppbpppbbbb,2026-01-26 10:57:33,bbppbpppppbbbpbpbppbbbbbbbbppbpbbpbppbpppbbbbppbbp,50
267949,1587,12,7,pbppbpppbbb,b,pbppbpppbbbb,2026-01-26 10:57:33,ppbbbbbpbppbpppbbbbpbpbppbpbbppppbpppbpppbbpbbbbbpppbpppppbpbpbppbp,67
271656,1646,12,11,pbppbpppbbb,p,pbppbpppbbbp,2026-01-26 10:57:33,bpppbbbpbpbpbppbpppbbbpbppbbppbbpppbbpbbpbbpbbppbbbpbppbbbppb,61
272691,1663,12,42,pbppbpppbbb,p,pbppbpppbbbp,2026-01-26 10:57:33,bbppbbbpbbbpbppbpppbpbpbbbbppppbpbbbpppppppbppbpppbbbpbppbp,59
273360,1676,12,23,pbppbpppbbb,b,pbppbpppbbbb,2026-01-26 10:57:33,pbppbppbbbbbbbbbpppppbbpbppbpppbbbbppppbpppbpp,46
288583,1896,12,4,pbppbpppbbb,p,pbppbpppbbbp,2026-01-26 11:43:24,bbbbpbppbpppbbbpbpbpbbbbpbbbbbpbppppbpbbppbpbbbbbppbpbbbpp,58
292023,1916,12,13,pbppbpppbbb,p,pbppbpppbbbp,2026-01-26 16:16:01,ppbbpbbbpbppppbppbpppbbbpbpbpbbpppppppbbbpbbbbppbpbbbbp,55
293533,1925,12,24,pbppbpppbbb,b,pbppbpppbbbb,2026-01-26 16:51:41,pbpppbbpppbpbbbpbpbbppbbpbppbpppbbbbpppbpbpbbbpbbppbbpppbp,58
364462,1961,12,31,pbppbpppbbb,b,pbppbpppbbbb,2026-01-27 13:38:14,bpppppbbppbppbbpbppbbppppbbppbbpbppbpppbbbbppbbbpbbppbppppbbp,61
372828,2008,12,49,pbppbpppbbb,b,pbppbpppbbbb,2026-01-28 10:59:17,ppbbpbbpbpbbpppppbbppbppbbbppppbbpppbpbppbpbbppbppbppbpppbbbbbbbbpp,67
383504,2070,12,5,pbppbpppbbb,b,pbppbpppbbbb,2026-01-30 10:13:35,pppbppbppbpppbbbbbpbbbbpppbbbbpbbpbppppbppbbpbbppp,50
387536,2094,12,18,pbppbpppbbb,p,pbppbpppbbbp,2026-01-30 10:51:06,ppbppbbpbppbpppppppbppbpppbbbpppppppbbpppbpppbpbpbbbppp,55
388977,2102,12,28,pbppbpppbbb,b,pbppbpppbbbb,2026-01-31 06:06:45,ppbbbbpbbpppbbpbbbpbpbpbbbpppbppbpppbbbbpppppbbbbbpbpbbbppbpb,61
402520,2179,12,22,pbppbpppbbb,p,pbppbpppbbbp,2026-01-31 19:37:33,bbbpppbbbpbbbbppbbpbpbpbppbpppbbbppbpbpbbpbppppppbbbbbppp,57
404414,2189,12,5,pbppbpppbbb,b,pbppbpppbbbb,2026-01-31 19:59:34,bbbbbpbppbpppbbbbppbbpbbpbbbpbbppbpbbbbpbppppbbpbbpppbbbpbpbbp,62
406428,2199,12,25,pbppbpppbbb,b,pbppbpppbbbb,2026-02-02 13:01:49,pbppbppbpbpbbppbbbppbpbbbpbppbpppbbbbbbbbbbpppbbppbppbppbppppp,62
409041,2214,12,2,pbppbpppbbb,b,pbppbpppbbbb,2026-02-02 13:31:19,pbpbppbpppbbbbbppbppbpbpbbppppbbbpbpbbppbbb,43
427174,2313,12,22,pbppbpppbbb,p,pbppbpppbbbp,2026-02-04 16:02:25,bbppbppbpbpbbppbppbbpppbppbpppbbbpbbpbbpppppbbbpppppbpbbp,57
433352,2348,12,22,pbppbpppbbb,b,pbppbpppbbbb,2026-02-04 18:05:26,bppppppbpbpppbpppppbbppbppbpppbbbbbbpppbpppbpbbpbp,50
443191,2401,12,31,pbppbpppbbb,p,pbppbpppbbbp,2026-02-05 15:07:02,bbpbpbppbbbbppppbbpppbbppbbbppbpbppbpppbbbpppbbbbbbpppppbbbp,60
445111,2411,12,44,pbppbpppbbb,b,pbppbpppbbbb,2026-02-05 15:36:23,pbpbppppbpbbppbbpbbbpbppbppbbbbbbbppbbppbppppbppbpppbbbbpbbbbbppb,65
452358,2449,12,33,pbppbpppbbb,b,pbppbpppbbbb,2026-02-06 10:39:43,ppppbpbbbbbppbppbbpppbbpbbppppbbbpbppbpppbbbbpbbbpbbbpbpppbb,60
458878,2483,12,34,pbppbpppbbb,b,pbppbpppbbbb,2026-02-06 12:34:32,bpppbpbbpbppbpbbppbbpbpbppppbbpbpppbppbpppbbbbbpbbpbbb,54
459062,2484,12,35,pbppbpppbbb,b,pbppbpppbbbb,2026-02-06 12:34:50,bppbpbbpppbpbbbbpbpbpbbpbppppbbbbbppbppbpppbbbbb,48
470187,2544,12,32,pbppbpppbbb,p,pbppbpppbbbp,2026-02-09 15:52:16,bbpbpbbpbbpppppbppbpbbbpbbppbpbppbppbpppbbbppbpbbbbpbpbbbpbppb,62
476555,2579,12,11,pbppbpppbbb,p,pbppbpppbbbp,2026-02-10 18:15:19,ppbbpbbpbpppbppbpppbbbpppbbpbbbpbbppppbpbpppbpbbpbppbpppbbpbb,61
476808,2580,12,31,pbppbpppbbb,b,pbppbpppbbbb,2026-02-10 18:15:45,pbpppbbbpbpbpppbppppbppbppbppbbpbppbpppbbbbpbbppbbbpppbppbpbpbb,63
500056,2723,12,18,pbppbpppbbb,b,pbppbpppbbbb,2026-02-11 21:26:56,bpbpbbbbppbpbbpbbbpbppbpppbbbbbppbpbpbppbpbpbp,46
502319,2737,12,15,pbppbpppbbb,p,pbppbpppbbbp,2026-02-12 08:46:05,ppppppbpbpbbpbppbppbpppbbbpbbbpppppbpppbbbbppbpp,48
502646,2739,12,15,pbppbpppbbb,p,pbppbpppbbbp,2026-02-12 08:46:56,ppppppbpbpbbpbppbppbpppbbbpbbbpppppbpppbbbbppbpppb,50
508039,2769,12,9,pbppbpppbbb,b,pbppbpppbbbb,2026-02-12 09:51:27,bbbppppbppbppbpppbbbbpbbbpbbbpbpppbbbpbbppbpbbpbbp,50
512419,2794,12,14,pbppbpppbbb,p,pbppbpppbbbp,2026-02-12 15:11:17,bbbpbbbppbbpbbpbppbpppbbbppbbpbpbbpppbbbpbbpbp,46
518529,2829,12,42,pbppbpppbbb,p,pbppbpppbbbp,2026-02-12 16:42:17,bpbbbbbbbbbpbpbpbppbbppppbppbpbppppppppbpppbppbpppbbbppppbppp,61
541288,2954,12,28,pbppbpppbbb,b,pbppbpppbbbb,2026-02-14 10:35:09,pppbppbpppbpbpbbbbbpbbppbbbppbppbpppbbbbpbpbbpbpppbbbbbppb,58
550488,3010,12,8,pbppbpppbbb,b,pbppbpppbbbb,2026-02-14 16:01:21,pbpbpbbbpbppbpppbbbbppppppbbbpbbbpppppbppbpbbbppbpbppppbbpbp,60
555087,3034,12,1,pbppbpppbbb,b,pbppbpppbbbb,2026-02-15 20:20:42,ppbppbpppbbbbppbpbbbpbpppbbpppppbpbbbppbppbbpp,46
557429,3046,12,13,pbppbpppbbb,p,pbppbpppbbbp,2026-02-15 21:20:49,bpbpppppppbpppbppbpppbbbpbbpbpppppbbpbbppppbpbpbppbpbpbpbpbpbpbpppb,67
557784,3048,12,11,pbppbpppbbb,p,pbppbpppbbbp,2026-02-15 21:21:46,bbpppbpppbbpbppbpppbbbppbpppbbpbpbppbpbpbbbbppppbppbbpbbbbpbpb,62
558213,3051,12,15,pbppbpppbbb,p,pbppbpppbbbp,2026-02-17 14:28:43,bbbpbpbppppbppbpbppbpppbbbpbbbpbppbppb,38
574723,3142,12,44,pbppbpppbbb,b,pbppbpppbbbb,2026-02-17 20:51:36,pbppbpbbpbppppbpbpbbppbbppbbbppbpbpbppppbppppbppbpppbbbbp,57
583480,3190,12,30,pbppbpppbbb,b,pbppbpppbbbb,2026-02-19 11:48:44,pppbbbpbbppbpbpbppbpbpbbbpbbpbpbppbpppbbbbppppbp,48
589256,3223,12,20,pbppbpppbbb,b,pbppbpppbbbb,2026-02-20 13:41:11,bbbpbbpbpbpppbpppbbppbppbpppbbbbpbbppbbpbpbbbbbpp,49
591475,3236,12,4,pbppbpppbbb,p,pbppbpppbbbp,2026-02-20 14:13:33,bpbbpbppbpppbbbppppbbbpbpbpbbpbpbbppbpbbppbpbbpbpbbbppbbppbbbbp,63
598082,3282,12,21,pbppbpppbbb,b,pbppbpppbbbb,2026-02-21 10:10:31,bbpbpppbbppbbpbpbbbbbpbppbpppbbbbbppppbppppbbp,46
601621,3305,12,5,pbppbpppbbb,p,pbppbpppbbbp,2026-02-21 10:39:29,pbppppbppbpppbbbpbbpbbbbbbbbbpbppbpbbppppppbp,45
603355,3317,12,7,pbppbpppbbb,b,pbppbpppbbbb,2026-02-21 11:24:24,bppbppppbppbpppbbbbbbbpppppbppbbpbpbpb,38
607739,3347,12,11,pbppbpppbbb,p,pbppbpppbbbp,2026-02-21 13:55:43,bbppbbbbpbbpbppbpppbbbpbppppppbbppppbbpppp,42
626741,3475,12,35,pbppbpppbbb,b,pbppbpppbbbb,2026-02-22 19:03:22,bpbpppbppbpppbpbppppbbbbpbppbpbpbpppbppbpppbbbb,47
657495,3653,12,31,pbppbpppbbb,b,pbppbpppbbbb,2026-02-24 14:52:06,pppbpbbpppbppbpbbppbpppppbbbbbbpbppbpppbbbbbppbpbpb,51
678162,3776,12,16,pbppbpppbbb,p,pbppbpppbbbp,2026-02-25 18:03:27,ppppbbpbbppbpbbppbppbpppbbbpbbbbbpbpbpppbppbpbbpbbbbpbbpbppp,60
749515,4191,12,16,pbppbpppbbb,p,pbppbpppbbbp,2026-03-05 14:40:32,bpbbbpbbpbppbppbpbppbpppbbbpbpbbppbppbpbbbbbbpppbpppbpbppbbbb,61
750707,4197,12,3,pbppbpppbbb,p,pbppbpppbbbp,2026-03-05 14:43:26,bbppbppbpppbbbpbbpbbbppppbbbbbpbbpppbpbbbpppppppbb,50
756320,4231,12,10,pbppbpppbbb,p,pbppbpppbbbp,2026-03-05 21:29:00,bpppbbppbbpbppbpppbbbppbpbppbpbpbpppppbbpppbpbpp,48
762994,4271,12,13,pbppbpppbbb,b,pbppbpppbbbb,2026-03-06 17:39:27,pbpppppbpbppbpbppbpppbbbbpbbbbbppbbbbbppbbbbbpbpb,49
763336,4273,12,20,pbppbpppbbb,p,pbppbpppbbbp,2026-03-06 17:40:15,pbpbbbpbpbpppppbpbpppbppbpppbbbpbbbb,36
786240,4406,12,38,pbppbpppbbb,p,pbppbpppbbbp,2026-03-15 12:59:00,pbpbbbpbpbbppbbbpbpppbbpbbbppbbbbpppbppbppbpppbbbppbppp,55
794663,4454,12,24,pbppbpppbbb,b,pbppbpppbbbb,2026-03-16 19:57:56,bpppppbbbpbpbbbppbpbpppbpbppbpppbbbbbbpbbbbbpppbbb,50
825427,4638,12,16,pbppbpppbbb,p,pbppbpppbbbp,2026-03-22 10:06:52,pppbpbpbppbbbppbpbppbpppbbbpppbpbpbbpppbbpbp,44
832963,4687,12,20,pbppbpppbbb,b,pbppbpppbbbb,2026-04-12 15:57:01,pbbppppbbbbbbppbbpbbpbppbpppbbbbbbpppppbbpbb,44
842090,4744,12,37,pbppbpppbbb,p,pbppbpppbbbp,2026-04-23 10:44:29,bbppbbbbpbbbbbpbbpbpbpbpbbbpbppppbppppbppbpppbbbpbbpbp,54
847827,4775,12,35,pbppbpppbbb,p,pbppbpppbbbp,2026-04-23 14:52:45,bppbbbbppbppbbbpbbpbppbbbbbbbpbppbbpbppbpppbbbpppbpb,52
849172,4782,12,19,pbppbpppbbb,b,pbppbpppbbbb,2026-04-23 15:30:40,bbpbbbbbpbbpbbbbpbppbppbpppbbbbpbbbpppppbbbppbpppbpbb,53
869112,4905,12,21,pbppbpppbbb,p,pbppbpppbbbp,2026-05-04 07:49:55,bppbbpbpbbbpbbppbbbbbpbppbpppbbbpp,34
882366,4983,12,28,pbppbpppbbb,b,pbppbpppbbbb,2026-05-04 16:26:18,bbpbpppbpbbbppbbbpppbbppbbpppbppbpppbbbbpbbbpppbpbb,51
882632,4985,12,20,pbppbpppbbb,p,pbppbpppbbbp,2026-05-04 16:28:25,pbbbpbbpbpbpbpbpbbbppbppbpppbbbpbpbbbpbp,40
903668,5103,12,18,pbppbpppbbb,b,pbppbpppbbbb,2026-05-26 09:44:12,bbbpbbbppbpbpbbbpppbppbpppbbbbbpbppppbpppppb,44
911479,5147,12,6,pbppbpppbbb,b,pbppbpppbbbb,2026-05-27 07:17:09,bbppbbpbppbpppbbbbpbppppppbpbpbbbbbbbbppbbppbbbppbppbppbbbpbppbbp,65
918172,5190,12,0,pbppbpppbbb,p,pbppbpppbbbp,2026-05-28 10:10:19,pbppbpppbbbpppppppppbbpbpbbpppbppppbbppbbpbpbbbpbbppbbpb,56
918764,5194,12,5,pbppbpppbbb,b,pbppbpppbbbb,2026-05-28 10:45:17,bbppppbppbpppbbbbpbpppbpbpbbppbp,32
919395,5197,12,13,pbppbpppbbb,p,pbppbpppbbbp,2026-05-28 10:50:18,pbppbppbbpbbbpbppbpppbbbpppbpbbpbbpbpppbpppbppbpbppbpppbppbppp,62
935461,5293,12,7,pbppbpppbbb,p,pbppbpppbbbp,2026-06-05 20:13:44,pbbbppppbppbpppbbbpbppbbbbppbbbppbppppbb,40
937028,5304,12,6,pbppbpppbbb,p,pbppbpppbbbp,2026-06-06 13:50:38,ppbbbppbppbpppbbbpbbbbpbpbpppbbbpppbpbpppbppb,45
948358,5371,12,17,pbppbpppbbb,b,pbppbpppbbbb,2026-06-10 10:13:01,bbppbpbpbbppbpbpbpbppbpppbbbbbpp,32
959988,5440,12,44,pbppbpppbbb,b,pbppbpppbbbb,2026-06-19 14:00:22,ppbpbbbbbpbpbppppbppppbppbbbppbbppbbbbbppppbpbppbpppbbbbbbp,59
970411,5498,12,6,pbppbpppbbb,b,pbppbpppbbbb,2026-06-21 09:40:12,bbpppppbppbpppbbbbpbbpbppbpppbbpbpppbpppbbbppppbpbbppbbp,56
976755,5535,12,20,pbppbpppbbb,p,pbppbpppbbbp,2026-06-22 09:51:13,pppbbpbbbbbbbppbbbpppbppbpppbbbppbpbbbpbbppbppbpbpppbbbppbpbbbppb,65
191531,242,12,16,pbppbpppbpb,p,pbppbpppbpbp,2026-01-26 10:57:31,bbbbpbbbbpbpppbbpbppbpppbpbppppbbppbpbppbpbppbppbbpbpbp,55
197439,350,12,47,pbppbpppbpb,p,pbppbpppbpbp,2026-01-26 10:57:31,ppbpbppbbbbbbppbbpbppbbpbbbbpbbbppbbpbbpbbpbppbpbppbpppbpbppbp,62
207236,529,12,13,pbppbpppbpb,b,pbppbpppbpbb,2026-01-26 10:57:32,bpbbbbpbbbbbbpbppbpppbpbbpbpppbpb,33
208872,560,12,23,pbppbpppbpb,p,pbppbpppbpbp,2026-01-26 10:57:32,bpbpbpbppbpbbbbppbbbppppbppbpppbpbpbpbbbbbppbbpbpbpbpppppp,58
209794,576,12,19,pbppbpppbpb,p,pbppbpppbpbp,2026-01-26 10:57:32,pbpbbpbpbppbppbbppbpbppbpppbpbpb,32
214037,652,12,11,pbppbpppbpb,p,pbppbpppbpbp,2026-01-26 10:57:32,bbpppppbbbppbppbpppbpbppbpbpbppbbbpppbbpbbbbpp,46
222125,809,12,23,pbppbpppbpb,p,pbppbpppbpbp,2026-01-26 10:57:32,pppbbppbppppppbbppbbppbpbppbpppbpbppbbppppbpbbbppppbbpbbp,57
226045,878,12,28,pbppbpppbpb,p,pbppbpppbpbp,2026-01-26 10:57:32,pbpbppppbpbbbpbbbbpbbbppbbpbpbppbpppbpbppppbbpppbbbp,52
226445,885,12,27,pbppbpppbpb,p,pbppbpppbpbp,2026-01-26 10:57:32,pbbbbbbppbbbppbbpppppbpbppbpbppbpppbpbpbbbbbppppbpbbbppppbbpbb,62
233408,1005,12,17,pbppbpppbpb,b,pbppbpppbpbb,2026-01-26 10:57:32,bppbbbpppbpbbbpbbpbppbpppbpbbppbpbpppbpbppbbpbpbbbppbbpppbb,59
236277,1053,12,3,pbppbpppbpb,b,pbppbpppbpbb,2026-01-26 10:57:32,bpbpbppbpppbpbbbpppbbbbbpbbpbbbbppbpbbppbbpppbbbp,49
237002,1066,12,8,pbppbpppbpb,p,pbppbpppbpbp,2026-01-26 10:57:32,bbpppbbbpbppbpppbpbpbpppbpppbpppbpppbpbpppbpbbpppbbpppppppppp,61
241487,1148,12,3,pbppbpppbpb,b,pbppbpppbpbb,2026-01-26 10:57:32,ppbpbppbpppbpbbbppbppbbppbbppbpppbbbbbpppppbp,45
248660,1268,12,4,pbppbpppbpb,b,pbppbpppbpbb,2026-01-26 10:57:33,pbpppbppbpppbpbbbpbbpbbppppbpbpbpppppbpbbbbbbpbbbpbpbbbppp,58
248817,1270,12,15,pbppbpppbpb,b,pbppbpppbpbb,2026-01-26 10:57:33,pbpbppbpbpbbpbbpbppbpppbpbbbbpbpppp,35
250325,1297,12,6,pbppbpppbpb,b,pbppbpppbpbb,2026-01-26 10:57:33,pbpppppbppbpppbpbbppppbbpbbpbppppbpbbpbbbpp,43
250632,1303,12,3,pbppbpppbpb,b,pbppbpppbpbb,2026-01-26 10:57:33,bbbpbppbpppbpbbppppbpbbbpbbpbbpbpbpppbpppbppbbbbpbbbpbppppp,59
253726,1358,12,27,pbppbpppbpb,b,pbppbpppbpbb,2026-01-26 10:57:33,bbppbbbbppbbpbpppbppbpppbbbpbppbpppbpbbppbpbbppbpppb,52
258458,1435,12,39,pbppbpppbpb,b,pbppbpppbpbb,2026-01-26 10:57:33,ppbbbbppbpbppbpppppppbbbppbbbpppbpbbbbbpbppbpppbpbbbbppbbbpp,60
262488,1505,12,9,pbppbpppbpb,b,pbppbpppbpbb,2026-01-26 10:57:33,bbpbbpbbppbppbpppbpbbbbbbbppbbbpppbpbp,38
265242,1547,12,34,pbppbpppbpb,b,pbppbpppbpbb,2026-01-26 10:57:33,pbbbbbpbppppbppbbbpbpbppbpbppbbppbpbppbpppbpbbbbbpbpbpp,55
267222,1577,12,8,pbppbpppbpb,p,pbppbpppbpbp,2026-01-26 10:57:33,bbpbbbbbpbppbpppbpbpbbpbppbbbppbbppppbbbbpbbpppbpbpbpbpbppbpppbbpp,66
272677,1663,12,11,pbppbpppbpb,p,pbppbpppbpbp,2026-01-26 10:57:33,bbppbbbpbbbpbppbpppbpbpbbbbppppbpbbbpppppppbppbpppbbbpbppbp,59
277606,1752,12,48,pbppbpppbpb,b,pbppbpppbpbb,2026-01-26 10:57:33,ppbpppbbbbbpppbbbbbpbbpbpbpbpbbbbpbppbbbbpbpbbpppbppbpppbpbbppbbbp,66
280260,1792,12,57,pbppbpppbpb,b,pbppbpppbpbb,2026-01-26 10:57:33,ppbpbpbppbbbppppbpppbbppppbpppppppbpbpbbpbpppbppppbbppbpppbppbpppbpbbp,70
289266,1900,12,9,pbppbpppbpb,b,pbppbpppbpbb,2026-01-26 13:57:36,bppbpbbpppbppbpppbpbbpbbbbpbbpppbpbbbbbbbbbpppbpbpppbbp,55
290267,1906,12,2,pbppbpppbpb,p,pbppbpppbpbp,2026-01-26 13:59:42,bbpbppbpppbpbpbpbbpbbbpbpbbbppbbbpb,35
365993,1970,12,19,pbppbpppbpb,p,pbppbpppbpbp,2026-01-27 14:37:31,ppbbppbpbpppbpbbbbbpbppbpppbpbppbpbbpbppppbp,44
367207,1976,12,36,pbppbpppbpb,p,pbppbpppbpbp,2026-01-27 16:26:02,bppppbpbpbbbpbpppppbppbbpbbbbbbbppbbpbppbpppbpbppppbpbpb,56
385694,2084,12,38,pbppbpppbpb,p,pbppbpppbpbp,2026-01-30 10:46:51,pbpbbbbpbbbpppbbppbbpppbpbbbbbpbbpbpbbpbppbpppbpbpp,51
426613,2309,12,9,pbppbpppbpb,p,pbppbpppbpbp,2026-02-04 15:58:43,bbbpbbbbppbppbpppbpbpbpbbbpbppbpbbbppbbppbpbb,45
454231,2459,12,26,pbppbpppbpb,p,pbppbpppbpbp,2026-02-06 11:00:53,bbpbbbbppppbbbbbbpbbbbbppbpbppbpppbpbpbbpbbpbppppbppp,53
490306,2665,12,26,pbppbpppbpb,p,pbppbpppbpbp,2026-02-11 15:00:23,pbpbbbbbbbbpbbpbppbbbpbppbpbppbpppbpbppbpbpppbpbbpbbppbbbbp,59
504197,2748,12,32,pbppbpppbpb,p,pbppbpppbpbp,2026-02-12 08:51:02,pbbpbpbbpbppbbbpppbbpbppppbbbbbppbppbpppbpbpppppbbpbbbbppb,58
512243,2793,12,3,pbppbpppbpb,p,pbppbpppbpbp,2026-02-12 15:10:49,pbbpbppbpppbpbpbbppbbppbpbbbbpppbbppbbpbpppbpbbpbpbppppbp,57
514506,2806,12,28,pbppbpppbpb,p,pbppbpppbpbp,2026-02-12 15:52:26,bbbpbbpbbpbpbpbppbbppbbbbpbppbppbpppbpbpbpbbbppb,48
529663,2890,12,3,pbppbpppbpb,b,pbppbpppbpbb,2026-02-13 16:25:59,ppbpbppbpppbpbbbpbpbbppbbppppbbbbppbbppbbppppppppbbbbbbpbpb,59
533235,2910,12,27,pbppbpppbpb,p,pbppbpppbpbp,2026-02-13 17:50:34,bbppbbbpppbpbpppppbpbppbppbpbppbpppbpbpppbbpbbpppbbbp,53
541274,2954,12,2,pbppbpppbpb,p,pbppbpppbpbp,2026-02-14 10:35:09,pppbppbpppbpbpbbbbbpbbppbbbppbppbpppbbbbpbpbbpbpppbbbbbppb,58
545700,2979,12,26,pbppbpppbpb,p,pbppbpppbpbp,2026-02-14 11:39:51,pppbbpbbbpbbbpbpbppbpbbbpppbppbpppbpbpbb,40
550289,3009,12,16,pbppbpppbpb,p,pbppbpppbpbp,2026-02-14 16:00:56,pbbpbbbppbpbbbbppbppbpppbpbpbpbbpbbpppbb,40
553330,3025,12,21,pbppbpppbpb,b,pbppbpppbpbb,2026-02-15 19:51:10,bpbbpbpppppbppbbbpppbpbppbpppbpbbbpbbbbpbbbpbpbp,48
559929,3060,12,36,pbppbpppbpb,p,pbppbpppbpbp,2026-02-17 14:33:27,pbbbbpppppbbbpbbbpppppbppbpbpbbppppbpbppbpppbpbpbpbp,52
560732,3064,12,40,pbppbpppbpb,p,pbppbpppbpbp,2026-02-17 15:04:41,bpppppbbppbbppbbbbbbpbbppppppbpbpbbbppbppbppbpppbpbpppppbppppb,62
567092,3098,12,9,pbppbpppbpb,p,pbppbpppbpbp,2026-02-17 16:46:57,bbbpppppppbppbpppbpbpppppbbbbbpbbbbpbppbpbpbbpppbpbpbpbbbbbppppbbpp,67
571641,3122,12,15,pbppbpppbpb,b,pbppbpppbpbb,2026-02-17 19:41:51,pppppbbpppbpppbpbppbpppbpbbbbbbpbbpbpppbbbpbb,45
581032,3177,12,27,pbppbpppbpb,b,pbppbpppbpbb,2026-02-19 11:09:10,bpbpppppbpbpbbbppbbbbpbpbpbpbppbpppbpbbbbbpbpbppp,49
583260,3189,12,5,pbppbpppbpb,p,pbppbpppbpbp,2026-02-19 11:48:20,bppbppbppbpppbpbppppppbpbpbpbbbbbpbppppppppbbpppbbbpbbbbbppbbp,62
595044,3263,12,1,pbppbpppbpb,p,pbppbpppbpbp,2026-02-20 15:31:57,ppbppbpppbpbppbpbbbppppbbbbbpppbpbbpbpppbbpppbb,47
597690,3280,12,21,pbppbpppbpb,b,pbppbpppbpbb,2026-02-21 10:09:14,pbppbpbbbppbbbpbbpppbpbppbpppbpbbppbpbpbpbbppbpbpbbb,52
614879,3399,12,10,pbppbpppbpb,p,pbppbpppbpbp,2026-02-22 09:36:16,pppbbbbppbpbppbpppbpbpbpbpppbppbbpbpppbbppbpbbbbpbpbbpbbpbppppp,63
615578,3404,12,6,pbppbpppbpb,b,pbppbpppbpbb,2026-02-22 10:02:57,bppbpppbppbpppbpbbbppbpbppppbbpbbppbpbppbbbbpbpbbpbbpppbppbbpbppbpp,67
626723,3475,12,5,pbppbpppbpb,p,pbppbpppbpbp,2026-02-22 19:03:22,bpbpppbppbpppbpbppppbbbbpbppbpbpbpppbppbpppbbbb,47
634906,3521,12,5,pbppbpppbpb,p,pbppbpppbpbp,2026-02-23 09:56:18,bbbpppbppbpppbpbpbbpppbbbbbbpppbpbbbbpbpbpppbb,46
635677,3525,12,27,pbppbpppbpb,b,pbppbpppbpbb,2026-02-23 10:25:30,bpppbbpbbbpbbppbbppbpbbpbbbpbppbpppbpbbbpbppppbbpbppbppppb,58
636426,3530,12,45,pbppbpppbpb,p,pbppbpppbpbp,2026-02-23 11:16:54,bbbpbbbbbbpbpbpbppbbbpbbbpppbppbpbpbpbpbbppbppbppbpppbpbpb,58
645926,3588,12,3,pbppbpppbpb,b,pbppbpppbpbb,2026-02-23 14:21:09,bpbpbppbpppbpbbbpbppbppppbpbbppbbbppbpppppbbbpbpppbbppbbb,57
647051,3595,12,9,pbppbpppbpb,p,pbppbpppbpbp,2026-02-23 14:55:49,pbppbbpbppbppbpppbpbppppppbbppbbbpppppbpbpbbpbbbbpbbpb,54
648776,3604,12,0,pbppbpppbpb,b,pbppbpppbpbb,2026-02-23 15:02:30,pbppbpppbpbbbbpbbbppbbpbppbpbpbbpbppbppppb,42
649031,3605,12,9,pbppbpppbpb,p,pbppbpppbpbp,2026-02-24 09:48:54,bpbbbpbpbpbppbpppbpbppbbppbbbpbpppbpbbbpbbpbbppbpbppppbpbb,58
651941,3622,12,12,pbppbpppbpb,b,pbppbpppbpbb,2026-02-24 10:18:16,pbbbpbbbppbppbppbpppbpbbpbbbpbppbppbpbbpppbbbppppbbb,52
653498,3630,12,49,pbppbpppbpb,p,pbppbpppbpbp,2026-02-24 11:11:23,pppbbpppbbpbbbbpbppbbbbbpbppbbbpppbbppppbbppbbpbppbppbpppbpbpbbbppbpbp,70
661464,3675,12,34,pbppbpppbpb,p,pbppbpppbpbp,2026-02-24 17:35:00,bbpppbpbppbpbpbbbpbpbbbbbpbbpppbpppbppbpppbpbp,46
663942,3689,12,20,pbppbpppbpb,p,pbppbpppbpbp,2026-02-24 18:31:21,bpbpbppppbpbbbbppppppbppbpppbpbpppbppbbppppb,44
670238,3726,12,42,pbppbpppbpb,b,pbppbpppbpbb,2026-02-25 09:49:13,bbbpbbpppppppbppbpbppbbbpppbpppbpppppbbbbbpbppbpppbpbbbb,56
672038,3738,12,8,pbppbpppbpb,b,pbppbpppbpbb,2026-02-25 10:20:36,bpbbbbpbpbppbpppbpbbpbppbbpppppppbpbpbbppp,42
709639,3957,12,18,pbppbpppbpb,p,pbppbpppbpbp,2026-03-01 20:18:14,bbbpbbpppppbbbbppppbppbpppbpbpppbbpbpbbppppbpbbpbbbb,52
723576,4039,12,9,pbppbpppbpb,p,pbppbpppbpbp,2026-03-03 15:38:03,pppbbbbpbpbppbpppbpbppbbpbpbbbpbpppppbpppbbppppbbpbbbpbbbppbbpbpbbbb,68
726577,4056,12,31,pbppbpppbpb,b,pbppbpppbpbb,2026-03-03 18:02:36,bppbpbpbbbpbbpppbppbbpbbbbbbbpbpbppbpppbpbbbbpbbbbbbpbbbpbpbpb,62
727254,4060,12,16,pbppbpppbpb,b,pbppbpppbpbb,2026-03-03 18:24:26,ppppbpppbbbbppbppbppbpppbpbbbbppbbbpbpbppbpppbb,47
736014,4109,12,15,pbppbpppbpb,p,pbppbpppbpbp,2026-03-04 10:10:46,bppbbpbpbpbpppbpbppbpppbpbpbpbpbpbbbbpbppbppb,45
736266,4110,12,31,pbppbpppbpb,p,pbppbpppbpbp,2026-03-04 10:11:19,bbbpbpbpbpbpbpppbbbppbbbpbbppbbpbppbpppbpbpbppbppbbpbbp,55
750111,4194,12,12,pbppbpppbpb,p,pbppbpppbpbp,2026-03-05 14:42:10,pppbbppbbbbbpbppbpppbpbpbbppbbppbbbbpbpbppbpppb,47
750285,4195,12,12,pbppbpppbpb,p,pbppbpppbpbp,2026-03-05 14:42:24,pppbbppbbbbbpbppbpppbpbpbbppbbppbbbbpbpbppbpppbp,48
754704,4221,12,7,pbppbpppbpb,p,pbppbpppbpbp,2026-03-05 18:10:15,pbbpbbppbppbpppbpbppppbppppbbpbbbp,34
756954,4235,12,20,pbppbpppbpb,b,pbppbpppbpbb,2026-03-05 21:35:22,bppbbpbpbpppbbpppbpppbppbpppbpbbbpbbpbbbpb,42
757195,4237,12,17,pbppbpppbpb,p,pbppbpppbpbp,2026-03-05 21:37:04,bbbppbpbpbppbbpbppbppbpppbpbpbbppppbpbpppbppbpbbpppbbppppb,58
759540,4251,12,20,pbppbpppbpb,b,pbppbpppbpbb,2026-03-05 22:16:54,ppbpbbpbppbbbbpbbbpppbppbpppbpbbpbbpbbbpppbpbbbbpbbppbbpbpp,59
773667,4333,12,20,pbppbpppbpb,b,pbppbpppbpbb,2026-03-09 19:50:03,bpbpppppppbpbbpbbpbbpbppbpppbpbbbbbpbbbbpbp,43
775992,4347,12,11,pbppbpppbpb,b,pbppbpppbpbb,2026-03-11 18:47:19,bbbpbppbbbppbppbpppbpbbbpbbppbbbbppbbpp,39
778786,4363,12,42,pbppbpppbpb,b,pbppbpppbpbb,2026-03-11 19:15:00,pbpppbpbpbbpbpbppppbpbbpbppbpppppbbppbpbbppbppbpppbpbbpp,56
809285,4542,12,30,pbppbpppbpb,p,pbppbpppbpbp,2026-03-18 13:42:24,bppbpbbpbpppbpppbbpbbpbppbppbppbppbpppbpbpbpbpbbppppbbpbbppppbpbbp,66
818913,4602,12,12,pbppbpppbpb,b,pbppbpppbpbb,2026-03-19 19:18:59,bpppbppbppbbpbppbpppbpbbbbppbbbpbbpbpb,38
835471,4704,12,39,pbppbpppbpb,p,pbppbpppbpbp,2026-04-19 15:49:39,bpbpbbbpppbpbbbbbpbbbbpbbbppbbbppppbpbbpbppbpppbpbpbbbbppbb,59
841399,4740,12,0,pbppbpppbpb,b,pbppbpppbpbb,2026-04-21 06:38:14,pbppbpppbpbbpbbbbbbbbbbbpbbbbpbbbppppbpbpppbpbbbpbpppbb,55
846150,4766,12,5,pbppbpppbpb,p,pbppbpppbpbp,2026-04-23 13:59:34,ppbbbpbppbpppbpbpbppbppbpbpppbpbpbbpbpbbbbbppbpppbpbbb,54
857497,4833,12,19,pbppbpppbpb,p,pbppbpppbpbp,2026-04-23 19:33:32,ppbpbbpbpbbppppppbppbppbpppbpbpbbbbpb,37
894387,5050,12,3,pbppbpppbpb,b,pbppbpppbpbb,2026-05-14 09:04:17,bbbpbppbpppbpbbbppbbpbppbbbbpbppbpbbb,37
897909,5069,12,2,pbppbpppbpb,b,pbppbpppbpbb,2026-05-22 05:38:35,pppbppbpppbpbbppbpbppppbbbppbpppbbbbb,37
902934,5099,12,5,pbppbpppbpb,b,pbppbpppbpbb,2026-05-26 09:42:33,bppbppbppbpppbpbbppbpbpbpbpbpppbbpbppppppbbbbbbpbbbbpbbbbbpbb,61
905133,5111,12,0,pbppbpppbpb,b,pbppbpppbpbb,2026-05-26 10:08:57,pbppbpppbpbbbbbbbbppbpbpppbbbppbpppbpbpbbpbpbpbbpb,50
909731,5138,12,1,pbppbpppbpb,p,pbppbpppbpbp,2026-05-26 11:43:21,bpbppbpppbpbpbbpbbppbpbpbppppppbbbpbpbbbbbppbbpb,48
924670,5229,12,37,pbppbpppbpb,p,pbppbpppbpbp,2026-05-28 15:27:25,bbbbbpppppbpbppbbbppbbbpbpbpbbbbbppbbpbppbpppbpbpp,50
927839,5248,12,2,pbppbpppbpb,b,pbppbpppbpbb,2026-05-28 16:04:18,bbpbppbpppbpbbbbbpbpbpbpbbbppp,30
930782,5266,12,11,pbppbpppbpb,p,pbppbpppbpbp,2026-06-01 11:00:17,pppppbbbbbppbppbpppbpbppbbpppbpbpppbpbbpbppbpbpb,48
948499,5372,12,11,pbppbpppbpb,p,pbppbpppbpbp,2026-06-10 10:14:07,bbppbbppppppbppbpppbpbpbppbbbbppbpbbpbpbpbp,43
962340,5454,12,12,pbppbpppbpb,b,pbppbpppbpbb,2026-06-20 09:18:16,bbpbpbppppbbpbppbpppbpbbbppbpbpbppppbppbpbpbpbppbpbbpp,54
967679,5482,12,42,pbppbpppbpb,p,pbppbpppbpbp,2026-06-20 11:48:18,bppbbbppbbpbppbpbpbbpppbbpbbbpbpbppbppbpbbpbppbpppbpbpbbbpb,59
975194,5526,12,10,pbppbpppbpb,b,pbppbpppbpbb,2026-06-22 09:20:23,bbpbpppbbbpbppbpppbpbbpppbppbpbppppbbppbbppbppppbbpbbpppp,57
980271,5556,12,13,pbppbpppbpb,b,pbppbpppbpbb,2026-06-23 07:08:09,bpbpbbbpbpppppbppbpppbpbbpbppbppbppppbbbpbpppbpbppbp,52
189397,183,12,0,pbppbpppbpp,b,pbppbpppbppb,2026-01-26 10:57:31,pbppbpppbppbpbpbpppppppbbbpppbbpbpbbbbpbbbpppb,46
192212,254,12,44,pbppbpppbpp,p,pbppbpppbppp,2026-01-26 10:57:31,bbbbpbpppppbbbppbpbbbpbppbbbpppppbppppppppbppbppbpppbppp,56
195334,312,12,35,pbppbpppbpp,b,pbppbpppbppb,2026-01-26 10:57:31,pbpbbppbbbppbppbpbbpbpppbbbbbpppbbbpbppbpppbppbpbpbppbppp,57
196075,325,12,44,pbppbpppbpp,p,pbppbpppbppp,2026-01-26 10:57:31,bbbbbpbbbbpbbpbpbbpbppbpbbpbppbbpbpbbpbbbpbppbppbpppbpppppbpbpppbbbpp,69
196404,331,12,29,pbppbpppbpp,p,pbppbpppbppp,2026-01-26 10:57:31,ppbppbpbbppppbppbbbbbbpbpbpbppbppbpppbpppbpbbbbbpbbbpbbb,56
198535,369,12,13,pbppbpppbpp,b,pbppbpppbppb,2026-01-26 10:57:31,bpppppbbbbppppbppbpppbppbpppbbpppbpbbpbbpppbppbbbbpbbbpppbpb,60
199668,386,12,38,pbppbpppbpp,b,pbppbpppbppb,2026-01-26 10:57:31,bbpbpbbbbbpbpbppbpbpppppbpbbbpbppbbpbppbppbpppbppbbpppbb,56
199758,388,12,32,pbppbpppbpp,p,pbppbpppbppp,2026-01-26 10:57:31,pbpbpbpbpbbbbbppbbbppbbpppppbppppbppbpppbpppbpbpbpbbbppb,56
216643,702,12,12,pbppbpppbpp,p,pbppbpppbppp,2026-01-26 10:57:32,bppbppbpbbpbpbppbpppbpppppbbbpbpbbpbppbbpbpppbppbbppbbpbbbbpb,61
218701,742,12,1,pbppbpppbpp,p,pbppbpppbppp,2026-01-26 10:57:32,bpbppbpppbppppbbbppppbbbbppp,28
219047,750,12,4,pbppbpppbpp,b,pbppbpppbppb,2026-01-26 10:57:32,pppbpbppbpppbppbpbppbbbbpbbpppbpppbppppbpbbppbbb,48
235974,1048,12,4,pbppbpppbpp,p,pbppbpppbppp,2026-01-26 10:57:32,bpbppbppbpppbpppppbbbppbpppbbbbbbbpbppbbbbpbppbbpbbbppbppbb,59
238090,1085,12,17,pbppbpppbpp,p,pbppbpppbppp,2026-01-26 10:57:32,bbbpbpbbpbbppbbbbpbppbpppbppppbbppbbbbpbbpbpbbbbbbbbppppbpp,59
238155,1086,12,29,pbppbpppbpp,b,pbppbpppbppb,2026-01-26 10:57:32,pbbpppbppbbppbbppbbbbpbbppbbppbppbpppbppbbpp,44
238660,1095,12,14,pbppbpppbpp,p,pbppbpppbppp,2026-01-26 10:57:32,pbbpbpbpppbbbbpbppbpppbpppppppppbp,34
240554,1132,12,4,pbppbpppbpp,p,pbppbpppbppp,2026-01-26 10:57:32,bbpppbppbpppbppppbbbbppbpbpppb,30
242663,1168,12,11,pbppbpppbpp,b,pbppbpppbppb,2026-01-26 10:57:32,pbbpbpbbbbppbppbpppbppbbbpppbpbpbbpbpbppbbpbppbpbbbbppbpppp,59
243541,1182,12,10,pbppbpppbpp,p,pbppbpppbppp,2026-01-26 10:57:32,pbbpbbbpbppbppbpppbpppppbpbbbbpbbpppppbbbbppbpbbbbbpbb,54
247083,1241,12,39,pbppbpppbpp,p,pbppbpppbppp,2026-01-26 10:57:33,bbppbbbpbpppppbbbbppbbpbbbpbbppbppbbpbbpbppbpppbpppbbpbp,56
248259,1262,12,6,pbppbpppbpp,b,pbppbpppbppb,2026-01-26 10:57:33,bppbpppbppbpppbppbpbpppppppbbpbbbppppppbbpppbpb,47
253270,1350,12,22,pbppbpppbpp,p,pbppbpppbppp,2026-01-26 10:57:33,pbbbbbbpbpbpppbppbbbbppbppbpppbpppbbbbbbppp,43
253410,1353,12,22,pbppbpppbpp,p,pbppbpppbppp,2026-01-26 10:57:33,pbbbbbbpbpbpppbppbbbbppbppbpppbpppbbbbbbpppbb,45
255400,1386,12,27,pbppbpppbpp,b,pbppbpppbppb,2026-01-26 10:57:33,bppbppbbbbppppbbbbbpbbbbppppbppbpppbppb,39
255917,1393,12,22,pbppbpppbpp,p,pbppbpppbppp,2026-01-26 10:57:33,bppbbbbbpppbbbbpbbpppppbppbpppbpppbpppbppppbbpbppppbp,53
258766,1440,12,0,pbppbpppbpp,b,pbppbpppbppb,2026-01-26 10:57:33,pbppbpppbppbbbbppbbpbppbbppbpbbbbpppbpbpppbpbbbp,48
261632,1489,12,12,pbppbpppbpp,b,pbppbpppbppb,2026-01-26 10:57:33,pbbppbpbpppppbppbpppbppbbbpbppbpbpbpppbbbpbbpbpppbppbbbbb,57
264199,1532,12,37,pbppbpppbpp,p,pbppbpppbppp,2026-01-26 10:57:33,bppbbbpppbpbbbbbbbbbbbppbpbbpppbpbbpppbppbpppbpppbpp,52
265382,1549,12,9,pbppbpppbpp,p,pbppbpppbppp,2026-01-26 10:57:33,pppppbbpbpbppbpppbpppbbppbbpbpbpppbppbpbppbp,44
267555,1581,12,50,pbppbpppbpp,p,pbppbpppbppp,2026-01-26 10:57:33,bbbpbpbbpbbppbppbbbbbpbbppbppbbppbpbpbbpbbppbppppbpbppbpppbpppbbbpp,67
268099,1589,12,24,pbppbpppbpp,p,pbppbpppbppp,2026-01-26 10:57:33,pbbppppbpbbbbbpppbpbbbbbpbppbpppbpppbbbpbbpppbbbpbbbbbpbb,57
268326,1592,12,36,pbppbpppbpp,p,pbppbpppbppp,2026-01-26 10:57:33,bpbpbbbbpbppbpbbpbbbppppbppbbppbpppbpbppbpppbpppbbppbbb,55
273023,1669,12,31,pbppbpppbpp,b,pbppbpppbppb,2026-01-26 10:57:33,bbbppbpbpbpbppbbbbpbpbbpbpbbbpppbppbpppbppbbppppppppbb,54
276076,1725,12,37,pbppbpppbpp,b,pbppbpppbppb,2026-01-26 10:57:33,bpbpppbbbbbpppppbbbpppbppbpbbpbpbppbbpbppbpppbppbpbbbbbbpbbbpbbbbb,66
278949,1771,12,5,pbppbpppbpp,p,pbppbpppbppp,2026-01-26 10:57:33,bppbppbppbpppbpppbppbbbpbbppbppbpbpbppbbbbbpp,45
284197,1858,12,24,pbppbpppbpp,b,pbppbpppbppb,2026-01-26 10:57:34,bbppbbppbbppbpbpbpbbpbbppbppbpppbppbpppbbppbbpbbbbpbp,53
284368,1860,12,24,pbppbpppbpp,b,pbppbpppbppb,2026-01-26 10:57:34,bbppbbppbbppbpbpbpbbpbbppbppbpppbppbpppbbppbbpbbbbpbpb,54
287338,1889,12,27,pbppbpppbpp,p,pbppbpppbppp,2026-01-26 11:41:04,bbbpppbpbbpbpbbbppbpppbbbpppbppbpppbppppbpbbpbbppppbbpp,55
371744,2002,12,29,pbppbpppbpp,b,pbppbpppbppb,2026-01-28 10:57:29,bpbbppbbbppbbbpbpbbbbbbpbpbbppbppbpppbppbb,42
375910,2024,12,11,pbppbpppbpp,p,pbppbpppbppp,2026-01-29 11:44:18,bbppbpppppbpbppbpppbpppbpbbppbbbpbbbbpbbbpbpbpbpppbbpbbbbb,58
388318,2098,12,17,pbppbpppbpp,p,pbppbpppbppp,2026-01-30 10:52:39,pbpbpbbbbpbpbppbbpbppbpppbpppbbpbpbbpbpbpppbppbbbpbppbppbbpp,60
395327,2138,12,11,pbppbpppbpp,b,pbppbpppbppb,2026-01-31 07:51:31,bpbbppbbbpbpbppbpppbppbbbpbbbbppbppppppbbbpbpppbp,49
396375,2144,12,21,pbppbpppbpp,b,pbppbpppbppb,2026-01-31 08:26:09,bbbppppbppppbpbpbbppppbppbpppbppbppbppbpbppbpb,46
409801,2218,12,41,pbppbpppbpp,p,pbppbpppbppp,2026-02-02 13:33:04,pppbpbpbpbbpbpbbbbbpppppbbppppbpppbpbpbpbpbppbpppbpppb,54
414688,2245,12,30,pbppbpppbpp,b,pbppbpppbppb,2026-02-02 15:00:24,bbbpbbbbbpbbbppbbppppppbpppbbppbppbpppbppbbpbppbbpp,51
415792,2251,12,36,pbppbpppbpp,b,pbppbpppbppb,2026-02-02 15:03:23,pbbpbbbpbbbbbpbbbbbbbpppbbpbpbbpbbbppbppbpppbppbbpbpbppbbp,58
426447,2308,12,34,pbppbpppbpp,b,pbppbpppbppb,2026-02-04 15:58:27,bbpbpbppbppppbppppbbbbpbbppppbbbpppbppbpppbppbbbppbbpppb,56
434498,2354,12,9,pbppbpppbpp,b,pbppbpppbppb,2026-02-04 18:10:12,ppppbpppbpbppbpppbppbpbppppbbbbbppbbppppbbbpppbpbpppbpbp,56
435482,2359,12,1,pbppbpppbpp,b,pbppbpppbppb,2026-02-04 18:25:07,ppbppbpppbppbppppppbpppbbppbbbpppbppppbbpbpbbppbppppbpbpppbpppb,63
460780,2493,12,6,pbppbpppbpp,b,pbppbpppbppb,2026-02-06 13:01:48,ppbppppbppbpppbppbbbbpppbbpbpbbppbpbbpbbbbbbppbb,48
462469,2501,12,41,pbppbpppbpp,p,pbppbpppbppp,2026-02-08 03:43:58,pppbbpbpbbpppbpbpbpppbbpbbppbpbpppbbbpbbbpbppbpppbpppbpppb,58
465095,2516,12,14,pbppbpppbpp,b,pbppbpppbppb,2026-02-08 04:07:10,bpbpbbbbbppbbbpbppbpppbppbpbbpbbbpbbpbpppb,42
474770,2570,12,0,pbppbpppbpp,p,pbppbpppbppp,2026-02-10 17:24:24,pbppbpppbppppbbppppbpppbpbbpbpbppppbbpbbbbbppbpbbbpppbbbbb,58
496603,2704,12,25,pbppbpppbpp,b,pbppbpppbppb,2026-02-11 20:27:11,bppbbbpppbbpbppbbpbppbppppbppbpppbppbbbbbbpp,44
506532,2760,12,35,pbppbpppbpp,b,pbppbpppbppb,2026-02-12 09:12:54,pppbbbpppbppppbbpbbbbbbbppbbppppppbpbppbpppbppbpbbpbbpbbp,57
514674,2807,12,34,pbppbpppbpp,p,pbppbpppbppp,2026-02-12 15:52:49,bpbbpbbbbppbbbbbbppbpbppbbbpbbbbbbpbppbpppbpppbpbpb,51
517491,2824,12,19,pbppbpppbpp,b,pbppbpppbppb,2026-02-12 16:39:58,ppppppbbppppbpbbbpbpbppbpppbppbpbbbbpbbppppb,44
531223,2897,12,13,pbppbpppbpp,b,pbppbpppbppb,2026-02-13 17:15:06,pbbbpbbpbbbpbpbppbpppbppbpbbbpbpbbppppbbbbppppbpbb,50
539479,2943,12,20,pbppbpppbpp,p,pbppbpppbppp,2026-02-13 20:31:12,bbbpbpbbpbpbpbpbbppppbppbpppbppppppbpbbbbpbpbbpbbpbbpppbbp,58
541495,2955,12,29,pbppbpppbpp,b,pbppbpppbppb,2026-02-14 10:35:50,bbbpbbbbpppppbbbbbbpbbpbpbbbppbppbpppbppbppbpbbpbbpbbbpppbbp,60
548086,2997,12,40,pbppbpppbpp,b,pbppbpppbppb,2026-02-14 15:55:40,bbbpppppbpbbbpppppbpbbbpbbpppbpbbbbppbbbpbppbpppbppbpbppppppbp,62
551169,3013,12,20,pbppbpppbpp,b,pbppbpppbppb,2026-02-14 16:48:02,bpbppbpppbbppbbpppbppbppbpppbppbpbpppbbpbbbppbpbbppbbpbppbpbp,61
555441,3036,12,2,pbppbpppbpp,p,pbppbpppbppp,2026-02-15 20:21:39,pppbppbpppbpppbppppbbbpbppbpppppppbpbpbpbbpp,44
563774,3081,12,37,pbppbpppbpp,p,pbppbpppbppp,2026-02-17 15:49:12,pbbpbppbpppppbpbbppbbbbbbbpbppbbppbbppbppbpppbpppbbppbpbbppb,60
564034,3082,12,40,pbppbpppbpp,p,pbppbpppbppp,2026-02-17 15:49:48,pbpbbppppbbppbbbppbpbbpbbpbbbbbpbpppppbppbppbpppbpppbppbpbbpbbbpppppb,69
567559,3101,12,20,pbppbpppbpp,b,pbppbpppbppb,2026-02-17 16:48:26,pbbbbpbbpbppbbppbpbppbppbpppbppbpbppbpppbb,42
579508,3169,12,22,pbppbpppbpp,p,pbppbpppbppp,2026-02-19 11:05:10,bpbpbpbpbpbppbpbppppbppbppbpppbpppbppb,38
585289,3199,12,50,pbppbpppbpp,p,pbppbpppbppp,2026-02-20 10:42:47,pbbbpbbpbpbppbpbbbbpbppbbbbpbbpppbbpbbbpbppppbpbpbpbppbpppbpppbpbbpbp,69
589981,3227,12,32,pbppbpppbpp,b,pbppbpppbppb,2026-02-20 13:42:49,bpbppbbbppppbppbpbpbpppbbppbpppppbppbpppbppbbppbpppppbppppbb,60
597934,3281,12,41,pbppbpppbpp,b,pbppbpppbppb,2026-02-21 10:10:06,pppbbbpppppbppbbpbppppbpbbbpbppbbpbbbpbbbpbppbpppbppbppbbbppppbppp,66
604840,3327,12,32,pbppbpppbpp,b,pbppbpppbppb,2026-02-21 11:44:45,bbpbpbpbpbbbppbpbpbppbbbbpbbbpbbpbppbpppbppbbpbbpppbppbppbpp,60
622619,3454,12,21,pbppbpppbpp,p,pbppbpppbppp,2026-02-22 12:16:33,bbbbbbpppbbbbpppppbbbpbppbpppbppppbpbbpppppppppbpbbppbbbbpbbp,61
629476,3490,12,29,pbppbpppbpp,p,pbppbpppbppp,2026-02-22 20:24:12,bbbbbpbbppppbbbbpbbpbbpbbpppppbppbpppbpppppppppbpbbpp,53
651225,3618,12,18,pbppbpppbpp,p,pbppbpppbppp,2026-02-24 10:16:20,bbppbppppppbppbbpbpbppbpppbpppbpbbppppbbbppbbbpbbpbp,52
655531,3642,12,24,pbppbpppbpp,b,pbppbpppbppb,2026-02-24 14:25:35,bpbpbppbpbpppbbpppppbpbbpbppbpppbppbbpppbbbbppbpbb,50
666707,3704,12,17,pbppbpppbpp,p,pbppbpppbppp,2026-02-24 19:44:16,pbbbbbpbbpbbpbbpbpbppbpppbpppbbpbpppppppbbpbppbpbbbbbbpbbppp,60
670681,3729,12,1,pbppbpppbpp,p,pbppbpppbppp,2026-02-25 09:50:47,bpbppbpppbppppppppppppbbbpbppppbppbpppbppbpbpbb,47
670691,3729,12,30,pbppbpppbpp,b,pbppbpppbppb,2026-02-25 09:50:47,bpbppbpppbppppppppppppbbbpbppppbppbpppbppbpbpbb,47
681673,3798,12,9,pbppbpppbpp,p,pbppbpppbppp,2026-02-25 19:16:37,pppppbpbppbppbpppbpppbbpbbppbbbbbpbpbbppbpbbpbbbbpb,51
707300,3944,12,1,pbppbpppbpp,b,pbppbpppbppb,2026-03-01 19:24:16,bpbppbpppbppbpbppppppbpbbbpbpbp,31
715918,3992,12,36,pbppbpppbpp,b,pbppbpppbppb,2026-03-02 13:56:24,ppbpbpbbppbbpbppbbbbbbbbbbbpppbbbppbpbppbpppbppbbbbpbb,54
720267,4020,12,24,pbppbpppbpp,b,pbppbpppbppb,2026-03-02 15:12:50,pppbpbpbbpbbbbppppbbbppbpbppbpppbppbpppbb,41
722688,4035,12,33,pbppbpppbpp,p,pbppbpppbppp,2026-03-03 15:36:01,bbbpbpppbpbpbbpbbbppppbbbpppbbppppbppbpppbpppppppbppbbbpp,57
723152,4037,12,18,pbppbpppbpp,b,pbppbpppbppb,2026-03-03 15:37:03,bbpbpbppbppbpbbppbpbppbpppbppbpbppppbpbbppbpbbbbbbppbbbbppbbppbbpbp,67
728136,4065,12,36,pbppbpppbpp,b,pbppbpppbppb,2026-03-03 18:27:34,pppppppbppppppppbppbpbpbbbbpbpbppppbpbppbpppbppbbpppbpppbbbpbpbbb,65
738241,4122,12,17,pbppbpppbpp,p,pbppbpppbppp,2026-03-04 11:19:56,bpppbbbppppbppbbbpbppbpppbppppbpbbbpbbbbbbb,43
745035,4165,12,12,pbppbpppbpp,b,pbppbpppbppb,2026-03-05 13:22:11,ppbbbbppppbbpbppbpppbppbbbpbpbbpbbpppbbbpppppppp,48
768416,4303,12,31,pbppbpppbpp,p,pbppbpppbppp,2026-03-09 15:28:26,bbbpbppbbpbbbpbbbppbbpbppppbbpbpbppbpppbppp,43
778530,4362,12,2,pbppbpppbpp,b,pbppbpppbppb,2026-03-11 19:14:35,bppbppbpppbppbppppbbpbbpbppbbbppbpbbppb,39
779020,4364,12,9,pbppbpppbpp,b,pbppbpppbppb,2026-03-11 19:15:22,bpbbbppbppbppbpppbppbbpbppbppbppbpbppbbbbppbbpbpbbbpppbpbpbpb,61
783337,4389,12,10,pbppbpppbpp,p,pbppbpppbppp,2026-03-11 20:09:21,pbpppbpppppbppbpppbpppppbbbpbpppbbbppbbbpbbbbbbbbp,50
795049,4456,12,3,pbppbpppbpp,b,pbppbpppbppb,2026-03-16 19:58:56,ppppbppbpppbppbbbppbpbbbpbbppbbbpbppppbbb,41
808993,4541,12,17,pbppbpppbpp,p,pbppbpppbppp,2026-03-18 13:41:54,bpppbbpppbbbpbbbbpbppbpppbpppbpppbppbpppbbppppbbbp,50
810047,4547,12,25,pbppbpppbpp,p,pbppbpppbppp,2026-03-18 13:44:54,pbpbbppbppbbppbbpbbpppppppbppbpppbpppbb,39
817243,4592,12,25,pbppbpppbpp,b,pbppbpppbppb,2026-03-18 16:16:39,pbbbbpbppppbbpppppppbbppppbppbpppbppbppbpbbbp,45
818549,4600,12,35,pbppbpppbpp,p,pbppbpppbppp,2026-03-19 19:18:05,ppbpbpbpbbbpbbpbbbbppbbpppbpppppbpbpbppbpppbpppbpbppbbbbbbbb,60
823502,4626,12,19,pbppbpppbpp,p,pbppbpppbppp,2026-03-22 09:17:23,pbpppbpppbpbbpppppbpbppbpppbppppbpbbbbbbppbbpbbppppbbbppbpbbpbpbb,65
838692,4724,12,9,pbppbpppbpp,p,pbppbpppbppp,2026-04-20 06:43:48,pbpbpbbpbpbppbpppbpppppbbpbbbbppbpbpbpppbbppppppppbppbbpbpbbp,61
848742,4779,12,50,pbppbpppbpp,p,pbppbpppbppp,2026-04-23 14:55:17,pbbbpbbbbbpppbbppbbbpbpbbbpbpppbpbbpppbpbbpppppppppbppbpppbppp,62
850910,4793,12,22,pbppbpppbpp,p,pbppbpppbppp,2026-04-23 15:37:48,pbpbppbpbbbppbbbpppppppbppbpppbpppbbbbppb,41
895242,5054,12,44,pbppbpppbpp,b,pbppbpppbppb,2026-05-22 05:04:32,bbpbbbpbpbbppbpbbppppbpbpbppbpbpbbppbbppbbpbpbppbpppbppbpbppppb,63
896526,5061,12,23,pbppbpppbpp,p,pbppbpppbppp,2026-05-22 05:07:43,ppbbpbpbbbpppbpbbppbppppbppbpppbppppppbbpppbpbbpbppbbp,54
903875,5104,12,18,pbppbpppbpp,b,pbppbpppbppb,2026-05-26 09:44:39,pppbppbpbpbppbpbbbpbppbpppbppbbpbpbbbbbbppppbppbbbbbppp,55
919415,5197,12,47,pbppbpppbpp,b,pbppbpppbppb,2026-05-28 10:50:18,pbppbppbbpbbbpbppbpppbbbpppbpbbpbbpbpppbpppbppbpbppbpppbppbppp,62
922971,5218,12,1,pbppbpppbpp,p,pbppbpppbppp,2026-05-28 14:21:10,bpbppbpppbpppbbpbbpbpbppbbbbbppbbpbbpbppbppppb,46
924385,5227,12,3,pbppbpppbpp,b,pbppbpppbppb,2026-05-28 15:24:05,ppppbppbpppbppbbpbbpppppppppbppppbbpbpp,39
925822,5235,12,30,pbppbpppbpp,b,pbppbpppbppb,2026-05-28 15:33:25,ppbbbbpppbpbbbpppppbbpbpbppppbpbppbpppbppbbbpbpppbbbpppppbp,59
926288,5238,12,13,pbppbpppbpp,p,pbppbpppbppp,2026-05-28 15:58:42,ppppbpbbbbbbbpbppbpppbpppbbppbbppbpppppppbb,43
928884,5254,12,38,pbppbpppbpp,b,pbppbpppbppb,2026-05-29 08:34:32,bpppbpppbpbppbbbbbbbpbppppbbpbbpbbpbpbpbppbpppbppbbbbpb,55
940926,5326,12,22,pbppbpppbpp,p,pbppbpppbppp,2026-06-07 11:09:17,bpbbbpbbbpbbbbpbbpbppbpbppbpppbpppbpppbbppbbpbbbpbbbbppbppbbpb,62
942498,5335,12,12,pbppbpppbpp,b,pbppbpppbppb,2026-06-07 21:08:10,pppbppppbbbppbppbpppbppbbbppbpbpbbbpbbbppbppbbbbbp,50
959219,5436,12,40,pbppbpppbpp,p,pbppbpppbppp,2026-06-19 13:55:56,bpbpbpppbpppbpbbbppppbpbbbbpbpbbbpbpbppbpbppbpppbpppppppbpppppppppb,67
967877,5484,12,13,pbppbpppbpp,p,pbppbpppbppp,2026-06-20 11:51:13,pbpbppbbpppbbpbppbpppbpppppbppbbbpbbbppbbppbbpbppbbbpbpp,56
186516,48,12,8,pbppbppppbb,p,pbppbppppbbp,2026-01-26 10:57:31,bbbbbbbppbppbppppbbpppbpbpbpb,29
188135,135,12,15,pbppbppppbb,b,pbppbppppbbb,2026-01-26 10:57:31,bbbbpppbbppbpbbpbppbppppbbb,27
198873,374,12,23,pbppbppppbb,b,pbppbppppbbb,2026-01-26 10:57:31,ppbbbppbpbbbpppbbpbbpbppbppbppppbbbbppbbbpbbbpbpppbpppbppb,58
199064,377,12,23,pbppbppppbb,b,pbppbppppbbb,2026-01-26 10:57:31,ppbbbppbpbbbpppbbpbbpbppbppbppppbbbbppbbbpbbbpbpppbpppbppbppbbp,63
204305,472,12,23,pbppbppppbb,p,pbppbppppbbp,2026-01-26 10:57:32,pbppbbppbpbbbpbbpppbbpppbppbppppbbpbpbbpbbpbbp,46
209624,573,12,27,pbppbppppbb,b,pbppbppppbbb,2026-01-26 10:57:32,pppbbpbbbpbbpbbbbbppbpppppppbppbppppbbbpppppbpbbpbbpppppbbb,59
216716,703,12,14,pbppbppppbb,p,pbppbppppbbp,2026-01-26 10:57:32,pbbbbbbbbpbppbpbppbppppbbppppbbpbppbpppppbbpbbpbbpbpppbb,56
221533,799,12,12,pbppbppppbb,p,pbppbppppbbp,2026-01-26 10:57:32,pbbppbpppbpbpbppbppppbbpppbpbbppb,33
224102,842,12,8,pbppbppppbb,b,pbppbppppbbb,2026-01-26 10:57:32,ppbpbbpppbppbppppbbbpbpbpppbpbpbbbppbpbbbppppppbppbbbpbppb,58
224884,858,12,6,pbppbppppbb,b,pbppbppppbbb,2026-01-26 10:57:32,bbbppbpbppbppppbbbpppppppbbbbbbpppbbpbbbp,41
230259,951,12,31,pbppbppppbb,b,pbppbppppbbb,2026-01-26 10:57:32,bbppppppbbpppbpppbpbbbbbppbpbbbpbppbppppbbbppbbpppbpp,53
247010,1240,12,23,pbppbppppbb,p,pbppbppppbbp,2026-01-26 10:57:33,bppppbpbbbpppbbpbbppppbpbppbppppbbpppbbbpppbppppbp,50
252925,1343,12,25,pbppbppppbb,p,pbppbppppbbp,2026-01-26 10:57:33,pppbpbppbbppppbbppbppppbbpbppbppppbbpbppppppbpbpbb,50
258152,1430,12,9,pbppbppppbb,p,pbppbppppbbp,2026-01-26 10:57:33,pbbbpbpbbpbppbppppbbpbbppbbpbbpbppbpbppppbpbppbpppbbbbbpbbpppp,62
263930,1528,12,12,pbppbppppbb,p,pbppbppppbbp,2026-01-26 10:57:33,bbbbpbbppbbbpbppbppppbbppbppppbpbpbbbpbpppbbbbp,47
265091,1544,12,19,pbppbppppbb,p,pbppbppppbbp,2026-01-26 10:57:33,bbpppbppbppbppbbbbbpbppbppppbbppppppbbppppbpppbbpppppppppb,58
265440,1550,12,16,pbppbppppbb,p,pbppbppppbbp,2026-01-26 10:57:33,bpbbbbpbpbppbppppbppbppppbbpbpbppbbpbbb,39
269314,1608,12,41,pbppbppppbb,p,pbppbppppbbp,2026-01-26 10:57:33,pbppbbpbbbbbbbbbbpbbbbbbpppbbbbppbbbpppbbpbppbppppbbpppppb,58
269700,1614,12,9,pbppbppppbb,b,pbppbppppbbb,2026-01-26 10:57:33,pbbppbbbbpbppbppppbbbbbbppbppbbpppbpbbbpbpbpbbppppbpbp,54
272100,1653,12,31,pbppbppppbb,p,pbppbppppbbp,2026-01-26 10:57:33,bbpbbbpbppppbbppbpbppbbbbpbbbpppbppbppppbbpbppbpppbbpppbb,57
275659,1718,12,43,pbppbppppbb,p,pbppbppppbbp,2026-01-26 10:57:33,bbbpbbbpbbbbbpppbbbpbbppbbppbpbbbpbppppbbbppbppbppppbbppbbbp,60
280689,1799,12,33,pbppbppppbb,p,pbppbppppbbp,2026-01-26 10:57:33,ppbbpbpbpbpppbpbpbbbbbpppbpppbbbppbppbppppbbppbbbpbbppppb,57
284570,1863,12,8,pbppbppppbb,p,pbppbppppbbp,2026-01-26 10:57:34,bbbppbbbpbppbppppbbpbbbbbbbbppbbpbbpbbpb,40
287577,1890,12,28,pbppbppppbb,p,pbppbppppbbp,2026-01-26 11:41:31,bbppppbpbpbpbpppbbbbbbppbppbpbppbppppbbpbpppppppbppbbpbpbbpppbppb,65
289081,1899,12,7,pbppbppppbb,p,pbppbppppbbp,2026-01-26 13:57:19,ppbpbbbpbppbppppbbpbpbbpbbbpbpbbbbbbbbbpbbpp,44
292550,1920,12,9,pbppbppppbb,b,pbppbppppbbb,2026-01-26 16:50:03,ppbbppbbppbppbppppbbbbbbpppbbpbbbbpbbbbbpb,42
362571,1951,12,25,pbppbppppbb,b,pbppbppppbbb,2026-01-27 13:13:31,ppbpbpbbbpppbbpbpbbpppbpppbppbppppbbbbbpppbbpbbbpbpppbbbbpbppbb,63
381098,2055,12,22,pbppbppppbb,p,pbppbppppbbp,2026-01-29 17:47:52,bbpbpbpbpbbbpbbbbppppbpbppbppppbbpppbpbbpppppbpppbbpbbppbbbbp,61
391125,2114,12,36,pbppbppppbb,p,pbppbppppbbp,2026-01-31 06:30:46,ppbppbppppppbpbbbppbpbpbbpppppbpbpbbpbppbppppbbppppbppbp,56
408068,2209,12,22,pbppbppppbb,p,pbppbppppbbp,2026-02-02 13:29:58,pbppbbpbpppbpbbppbpppbpbppbppppbbpbbbbbppppbpbpbbbpb,52
419712,2272,12,32,pbppbppppbb,b,pbppbppppbbb,2026-02-02 16:49:12,pppbppbppbpbbppppbbbppbbbbbbbpbppbppbppppbbbbbbppbpbpbpbbbbpbpppbbpbb,69
421923,2284,12,31,pbppbppppbb,p,pbppbppppbbp,2026-02-03 09:44:10,bbppbbpbbbbbbbbbbppbbbpbbpbpbpbpbppbppppbbppbbbbb,49
430217,2330,12,2,pbppbppppbb,b,pbppbppppbbb,2026-02-04 17:11:22,bbpbppbppppbbbbpbbpbbppbppbbppppppppbbbpbpbbb,45
434308,2353,12,6,pbppbppppbb,b,pbppbppppbbb,2026-02-04 18:09:48,ppbbbbpbppbppppbbbppbppbbpppbbpbbpppppbbppbbpbbbpbpbbpbbbpppbbb,63
444194,2406,12,24,pbppbppppbb,p,pbppbppppbbp,2026-02-05 15:34:53,pbpbpppppbppbbpppbppbpbppbppbppppbbpbpbbbpppbppbbppbbbppbpppbpbb,64
444674,2409,12,1,pbppbppppbb,p,pbppbppppbbp,2026-02-05 15:35:46,ppbppbppppbbppbppbpbbbbbpppbbppbppbppppp,40
452917,2452,12,26,pbppbppppbb,b,pbppbppppbbb,2026-02-06 10:40:29,ppbbbbpbpppbbbbbpbbbppbbbppbppbppppbbbbbbbbbppbpbbpppppbbpb,59
457922,2479,12,0,pbppbppppbb,b,pbppbppppbbb,2026-02-06 12:33:24,pbppbppppbbbppppppppbppppbbpbpbpbpbpppbbpbppbp,46
465242,2517,12,3,pbppbppppbb,b,pbppbppppbbb,2026-02-08 04:07:37,pbppbppbppppbbbbpbpbbbppbppbpbbppppppbbppppbp,45
465535,2519,12,26,pbppbppppbb,b,pbppbppppbbb,2026-02-08 04:08:30,bbbbppppbbbbbbpppbpppbbppbpbppbppppbbbpbppbbpbbbb,49
469917,2543,12,3,pbppbppppbb,b,pbppbppppbbb,2026-02-09 15:51:57,pbbpbppbppppbbbpbppbpppbbpbpbbbpbbpbbpbbpbpbppbbbbbpbbpbbp,58
487114,2642,12,5,pbppbppppbb,b,pbppbppppbbb,2026-02-11 11:12:46,bbbbbpbppbppppbbbpbbbpbpbbbppppbbbpbpppbbppbbpbpbpppbpbbppp,59
490053,2664,12,8,pbppbppppbb,p,pbppbppppbbp,2026-02-11 14:59:58,pbpbpbbbpbppbppppbbppbpbpbpbpbbbbpppbbppbbpbbpp,47
492269,2677,12,24,pbppbppppbb,b,pbppbppppbbb,2026-02-11 15:27:48,pppppbpbpbbpbppbpbpbpbpppbppbppppbbbbppppbbbbppppppp,52
500272,2724,12,44,pbppbppppbb,b,pbppbppppbbb,2026-02-11 21:27:23,pbbbbppbbbbppbbpbbbbpbbbpbbbppbpbbbppbbpbppbpbppbppppbbbpbp,59
500769,2727,12,25,pbppbppppbb,b,pbppbppppbbb,2026-02-11 21:28:29,bbppbpbpbppppbppbbpbppbbppbppbppppbbbppbbpppbppbbbpp,52
504760,2751,12,12,pbppbppppbb,p,pbppbppppbbp,2026-02-12 09:08:55,pppbbppbppbbpbppbppppbbpppbppbpbppbbp,37
513040,2798,12,43,pbppbppppbb,p,pbppbppppbbp,2026-02-12 15:13:45,ppbbbbbppbpppbbppppbbppbbbppbbppppbpbbbpbbppbppbppppbbpbp,57
519671,2835,12,28,pbppbppppbb,b,pbppbppppbbb,2026-02-13 12:11:09,bpppbpbbbpbbpbbbbbbbbbppbppppbppbppppbbbppbbbpbpp,49
521563,2845,12,10,pbppbppppbb,b,pbppbppppbbb,2026-02-13 12:48:54,bbbbpbpppbpbppbppppbbbbbppbpppppppppbbpppbbpppppppbbbppppbpbpbpbbb,66
524673,2862,12,24,pbppbppppbb,b,pbppbppppbbb,2026-02-13 14:20:24,bbbpppppbbbppbppppppbbbbpbppbppppbbbbbbpbppbpbbbbbpbbppppppbppbp,64
537678,2934,12,10,pbppbppppbb,b,pbppbppppbbb,2026-02-13 20:06:10,bbpbbbbppbpbppbppppbbbpbbbbpbpbbppppbbpppbbp,44
545202,2976,12,23,pbppbppppbb,p,pbppbppppbbp,2026-02-14 11:38:02,ppbbpbpbbpbpbppbbppbppbpbppbppppbbppbbpbbbbppbbbppbbpbbpbbbpp,61
552995,3023,12,40,pbppbppppbb,b,pbppbppppbbb,2026-02-15 19:50:13,bbbpbbpbpppppbbppbbpppbbbppppbbpbbpbbpbppbppbppppbbbbppbpbpbppb,63
555802,3038,12,42,pbppbppppbb,p,pbppbppppbbp,2026-02-15 21:17:04,pbpbbpppppbppppbbbbpbppbbbpbpbbbbbppbbpbpppbppbppppbbpb,55
560096,3061,12,34,pbppbppppbb,p,pbppbppppbbp,2026-02-17 14:33:51,pbpbbpppbbbbpbbpbbpbbpbbbpbbbbbbbbpbppbppppbbpbppp,50
574468,3141,12,13,pbppbppppbb,p,pbppbppppbbp,2026-02-17 20:51:01,bpbppbbpppppppbppbppppbbpbbppbbbpppbpbbpbpppbpbpppbpbpbbpbb,59
575818,3148,12,15,pbppbppppbb,p,pbppbppppbbp,2026-02-17 21:15:46,ppbbbppbbpbbbpbpbppbppppbbppbbpbpppbpbpbppppbppbpbbbbb,54
614460,3397,12,8,pbppbppppbb,b,pbppbppppbbb,2026-02-22 09:35:13,pbppppbppbppbppppbbbpppbbbpppbbpbbppbbbbpbpb,44
619135,3428,12,32,pbppbppppbb,b,pbppbppppbbb,2026-02-22 10:34:22,bpbpbbbpbpbbpbbbbbppbbbbppppbppppbppbppppbbbbppbbpbbbbppbppbpppbbb,66
629820,3492,12,28,pbppbppppbb,b,pbppbppppbbb,2026-02-22 20:47:48,ppbbpppbpbpbbbppbpppbbbbppbbpbppbppppbbbbpbpbpbbb,49
650077,3611,12,19,pbppbppppbb,b,pbppbppppbbb,2026-02-24 09:51:56,ppbbpbpbbbbppppbbpppbppbppppbbbbppbpbbbbbppbbppppbbpb,53
675264,3760,12,16,pbppbppppbb,b,pbppbppppbbb,2026-02-25 17:22:57,pbbppbbbpbpbbbbbpbppbppppbbbpppbpbbpbppbpbpppbbbbbpppbpbppbppbpbb,65
688910,3839,12,20,pbppbppppbb,p,pbppbppppbbp,2026-02-25 21:47:47,ppbpbbpbbpbpbpppppbppbppbppppbbpbppbppp,39
698888,3895,12,23,pbppbppppbb,p,pbppbppppbbp,2026-03-01 11:15:35,pbppppbbbpppppppppbbpbppbppbppppbbppbppbbbbpppbbbbpppbpbbbpp,60
708353,3950,12,0,pbppbppppbb,p,pbppbppppbbp,2026-03-01 19:27:46,pbppbppppbbpbbbbbpbbbpbpbppbbbbbbpbpbppbbppbpbbpbbbbppppppbpb,61
721358,4028,12,7,pbppbppppbb,p,pbppbppppbbp,2026-03-03 13:39:37,pbpbpbbpbppbppppbbpbppppbbpbbbpppppbbbpppbpbpbpbbbbbppppp,57
732448,4090,12,6,pbppbppppbb,p,pbppbppppbbp,2026-03-04 09:21:18,pbbpbppbppbppppbbppbbppbpppbppbbpbpbb,37
735465,4106,12,22,pbppbppppbb,p,pbppbppppbbp,2026-03-04 10:09:07,ppbbbbpbppbpbpbpbbbbpbpbppbppppbbppppbpbbpbppbpbpbbppbppbppbpbb,63
739914,4135,12,17,pbppbppppbb,p,pbppbppppbbp,2026-03-04 12:00:42,bbbbpppbbpbppbppppbppbppppbbppbbbbpbpbbbpb,42
744312,4161,12,25,pbppbppppbb,b,pbppbppppbbb,2026-03-04 15:41:40,ppbpbppppbbpbbbbppppppppppbppbppppbbbbbpbbbbppppbbpbppp,55
761598,4262,12,10,pbppbppppbb,b,pbppbppppbbb,2026-03-06 17:00:32,pbbbbppbbppbppbppppbbbpbbpbbpppbbpbbpppbpbbpbpppbbpbp,53
765321,4285,12,31,pbppbppppbb,p,pbppbppppbbp,2026-03-06 17:54:03,pbpbbbpbbpppbbppppbpbbpppppbbpppbppbppppbbpbpbbbbpppppbbppbbb,61
778534,4362,12,9,pbppbppppbb,p,pbppbppppbbp,2026-03-11 19:14:35,bppbppbpppbppbppppbbpbbpbppbbbppbpbbppb,39
781504,4377,12,39,pbppbppppbb,p,pbppbppppbbp,2026-03-11 19:46:40,pbppbpbpbpbbbbpbbpbpbbbbpppbppbbbpbbpbppbppbppppbbpbbpbbbbbpbp,62
818778,4601,12,40,pbppbppppbb,p,pbppbppppbbp,2026-03-19 19:18:29,bpbppbppppppbpbpbpppbbbppppbbppbbbbppbbppbppbppppbbppbbppppbbppbbbbp,68
829387,4663,12,45,pbppbppppbb,b,pbppbppppbbb,2026-04-12 12:37:22,bpbpbppbbpppbpppbppbbbbpbppppbppbpbbpppbbbbpbpbppbppppbbbpbbbp,62
831659,4679,12,0,pbppbppppbb,p,pbppbppppbbp,2026-04-12 13:36:39,pbppbppppbbpbbbbpbpbbpbpbpbpbbbppbbbpbbbpbpbbbbbppbbppp,55
854116,4812,12,22,pbppbppppbb,b,pbppbppppbbb,2026-04-23 18:51:56,pbbpbbbpbppbpbbppbpbbppbppbppppbbbpbppppbbpbbbpbppbbppbbppbp,60
872035,4923,12,12,pbppbppppbb,b,pbppbppppbbb,2026-05-04 08:25:59,bpbbpbpbbppbpbppbppppbbbpbbbpbpppbbbbbppppppbppbpbbbppppbb,58
884014,4993,12,27,pbppbppppbb,p,pbppbppppbbp,2026-05-04 17:30:27,ppppppbbpppbpbpppbpppbppbbbpbppbppppbbp,39
885489,5001,12,45,pbppbppppbb,p,pbppbppppbbp,2026-05-04 17:40:31,bpbppppbbpbbppbbppppbbpbbpbbbbpbpbpbbbbpppbpbpbppbppppbbppp,59
892735,5041,12,7,pbppbppppbb,b,pbppbppppbbb,2026-05-14 08:58:04,bbbpbbppbppbppppbbbbppbbppppppbpppbbbbbppbbpbppbbbbpppbbppb,59
898819,5074,12,40,pbppbppppbb,b,pbppbppppbbb,2026-05-22 05:41:07,bpbbbbpbbbpppppbbbpppbbpbbppbpbbppbpbpbppbppbppppbbbpbbb,56
917893,5188,12,1,pbppbppppbb,p,pbppbppppbbp,2026-05-28 10:06:29,ppbppbppppbbpbbbbbbbpppbbppbbpppbbbbpbpbbpbbpbpbbbb,51
922683,5216,12,19,pbppbppppbb,p,pbppbppppbbp,2026-05-28 14:19:49,bppbpbbpppbpbpppbbbpbppbppppbbppbbpbppbpbbpppbpbppbbpppbpbbbpbppb,65
928669,5253,12,26,pbppbppppbb,b,pbppbppppbbb,2026-05-29 08:33:29,ppppppbbbbpppbpppbpppbpbbbpbppbppppbbbpbbbpbbpp,47
929763,5260,12,0,pbppbppppbb,b,pbppbppppbbb,2026-06-01 10:54:00,pbppbppppbbbbpppbbbbbppbpbbpbbbppppppbppbbpbpbbpbpppbppbbppp,60
945633,5355,12,38,pbppbppppbb,p,pbppbppppbbp,2026-06-08 10:17:19,bppppbpbpppppbbppbpbppbbpbpbppbbbppppbpbppbppppbbppbpbppb,57
946055,5357,12,7,pbppbppppbb,b,pbppbppppbbb,2026-06-08 10:21:05,ppbbpbbpbppbppppbbbbbpbbppbpbpbbpppbbppbpbpbppbp,48
953766,5405,12,21,pbppbppppbb,b,pbppbppppbbb,2026-06-17 10:15:05,bpbbpbbbpbpbpppppbpbppbppbppppbbbpbbbpppbbbb,44
969999,5496,12,50,pbppbppppbb,b,pbppbppppbbb,2026-06-21 09:37:16,bpppbbpbppbpbpbbbpppppppppbbpbbpppbpbpppppbppbbppppbppbppppbbbpp,64
980281,5556,12,28,pbppbppppbb,b,pbppbppppbbb,2026-06-23 07:08:09,bpbpbbbpbpppppbppbpppbpbbpbppbppbppppbbbpbpppbpbppbp,52
188165,136,12,8,pbppbppppbp,p,pbppbppppbpp,2026-01-26 10:57:31,ppbbpppbpbppbppppbppbpbbbbbbbbb,31
190316,220,12,4,pbppbppppbp,b,pbppbppppbpb,2026-01-26 10:57:31,pbpppbppbppppbpbbpbppbpb,24
195849,322,12,7,pbppbppppbp,b,pbppbppppbpb,2026-01-26 10:57:31,bbbbbpppbppbppppbpbpbbbbbpppbbbpppppppbpbbpbpbbbpbpbbpbp,56
199211,379,12,43,pbppbppppbp,b,pbppbppppbpb,2026-01-26 10:57:31,ppbbbppppppbpbbppbbbbpbpbbbbbbbpbpbbpbbbpbbpbppbppppbpbpb,57
206002,503,12,34,pbppbppppbp,p,pbppbppppbpp,2026-01-26 10:57:32,pbppbbpppppbbpbbbppbbppbppppbpbbbppbppbppppbpppppbbppp,54
211647,607,12,1,pbppbppppbp,b,pbppbppppbpb,2026-01-26 10:57:32,ppbppbppppbpbbpbbpbpbpbbbbpbppbppbbpppbbbbbbbbbbbppbpppp,56
215311,678,12,13,pbppbppppbp,b,pbppbppppbpb,2026-01-26 10:57:32,pbppbbpbpbbbbpbppbppppbpbpbpbbpp,32
216159,693,12,20,pbppbppppbp,b,pbppbppppbpb,2026-01-26 10:57:32,ppbpbpppbbpbpppppbpppbppbppppbpbppppppbbbbbbppbbbbbbbbbpp,57
221116,791,12,33,pbppbppppbp,b,pbppbppppbpb,2026-01-26 10:57:32,pbppbppbpbppbbpbbpbbbpbbbppbppppbpbppbppppbpbb,46
221487,798,12,2,pbppbppppbp,b,pbppbppppbpb,2026-01-26 10:57:32,bbpbppbppppbpbpppbbppppbbppbbpbb,32
228976,929,12,9,pbppbppppbp,p,pbppbppppbpp,2026-01-26 10:57:32,pbpbbpbbbpbppbppppbppbbbpbpbbbbpbbp,35
229680,941,12,27,pbppbppppbp,p,pbppbppppbpp,2026-01-26 10:57:32,pbpppppbpbbpbbppbbpbppbpbbppbppbppppbppbpbbpppppbbp,51
231847,977,12,24,pbppbppppbp,b,pbppbppppbpb,2026-01-26 10:57:32,bbppbpppbbppbbbbpbbpppbppbppbppppbpbbbbpbbbpbbbbbb,50
233979,1016,12,4,pbppbppppbp,p,pbppbppppbpp,2026-01-26 10:57:32,pbbppbppbppppbppbpbbbbbppbpbbpbbbbpbb,37
234969,1030,12,20,pbppbppppbp,p,pbppbppppbpp,2026-01-26 10:57:32,pbpbbpbbbbpppbbbbppppbppbppppbpppbppb,37
241108,1141,12,31,pbppbppppbp,b,pbppbppppbpb,2026-01-26 10:57:32,pppbpbbbbppbbbbbpbppbpbbppbbppbpbppbppppbpbbpbpbppbbpbp,55
244246,1194,12,12,pbppbppppbp,b,pbppbppppbpb,2026-01-26 10:57:33,pbpbbppbppbbpbppbppppbpbbbbbbbpbpbbbbbbpbbpbpbbbpbppp,53
244358,1196,12,2,pbppbppppbp,b,pbppbppppbpb,2026-01-26 10:57:33,bppbppbppppbpbbbbpppbbpbbbbbpppbppp,35
246756,1236,12,27,pbppbppppbp,b,pbppbppppbpb,2026-01-26 10:57:33,bbbpbbpbpbppbbppbpbbppppbpppbppbppppbpbppbpbppbbbpbpbpbbbbb,59
249722,1287,12,30,pbppbppppbp,b,pbppbppppbpb,2026-01-26 10:57:33,bppppbpbpppbbbpbppbbppppbppbpbpbppbppppbpbppbbbbpbpppbpb,56
258573,1437,12,2,pbppbppppbp,p,pbppbppppbpp,2026-01-26 10:57:33,pppbppbppppbppbbbbbpbpppbpppbppbpbppppbbbbppppbpbbppbbbpbbp,59
265436,1550,12,8,pbppbppppbp,p,pbppbppppbpp,2026-01-26 10:57:33,bpbbbbpbpbppbppppbppbppppbbpbpbppbbpbbb,39
269173,1606,12,4,pbppbppppbp,b,pbppbppppbpb,2026-01-26 10:57:33,bppppbppbppppbpbppbbbppbbbppbpbbbbppppbpbppbppbb,48
271351,1642,12,14,pbppbppppbp,b,pbppbppppbpb,2026-01-26 10:57:33,bbpppbbpbbbpbppbppbppppbpbbpbbbppbbpbppbbbpbpppbpbpbppbbppbbbpp,63
283709,1850,12,16,pbppbppppbp,b,pbppbppppbpb,2026-01-26 10:57:34,pbbppbbbpbpppppbpbppbppppbpbbbbpbpppbbbbbppbp,45
284705,1865,12,12,pbppbppppbp,p,pbppbppppbpp,2026-01-26 10:57:34,bbpbbpbbpppppbppbppppbppppppbpbbpbbbpbbbppppbppbbppbbpppppbbpbpbp,65
362180,1949,12,1,pbppbppppbp,b,pbppbppppbpb,2026-01-27 13:12:57,ppbppbppppbpbpbbbpbbbpbbppbbbpbpbpbbpbpppp,42
363118,1954,12,0,pbppbppppbp,p,pbppbppppbpp,2026-01-27 13:36:02,pbppbppppbppbbppbbbppbppbbbpbbppppppbpppbbbppbbpbppbpbbpbpp,59
370779,1997,12,12,pbppbppppbp,p,pbppbppppbpp,2026-01-28 10:55:59,bpbbppbbbpbppbppbppppbppbpbpbbpppbpbbbpppbb,43
388057,2097,12,39,pbppbppppbp,b,pbppbppppbpb,2026-01-30 10:52:14,pbpbpbppbbbbpbbbpbppppbpbppbpbpppbbpppppbppbppppbpbbbbb,55
396520,2145,12,2,pbppbppppbp,p,pbppbppppbpp,2026-01-31 08:26:28,bppbppbppppbppbbpbppppbbpbbpbbbpbbpppbbbpbb,43
426435,2308,12,4,pbppbppppbp,p,pbppbppppbpp,2026-02-04 15:58:27,bbpbpbppbppppbppppbbbbpbbppppbbbpppbppbpppbppbbbppbbpppb,56
430780,2333,12,28,pbppbppppbp,p,pbppbppppbpp,2026-02-04 17:12:16,pbpppbbbppbbbbbbppbpbbbpbbbbpbppbppppbpppbpbpbp,47
433739,2350,12,6,pbppbppppbp,b,pbppbppppbpb,2026-02-04 18:06:01,bbbbpbpbppbppppbpbpbbbppppbpbbbppbbbpbbppp,42
445933,2416,12,7,pbppbppppbp,p,pbppbppppbpp,2026-02-05 15:54:38,pppppbppbppbppppbppbpppbbpbpbpbbpbbbbpbbbpppp,45
448349,2428,12,24,pbppbppppbp,b,pbppbppppbpb,2026-02-05 16:51:10,pbbppbppbppbbbbppbpbpbpppbppbppppbpbpbpbbbbbppbbbpbpbpbpbpbb,60
464078,2510,12,39,pbppbppppbp,p,pbppbppppbpp,2026-02-08 04:04:35,bbpbbbbpbbbpppbpbbbpbpppbpbbbbbbpbpbbpppbppbppppbppbpbpbpbppbbb,63
496599,2704,12,17,pbppbppppbp,p,pbppbppppbpp,2026-02-11 20:27:11,bppbbbpppbbpbppbbpbppbppppbppbpppbppbbbbbbpp,44
526107,2870,12,33,pbppbppppbp,b,pbppbppppbpb,2026-02-13 15:02:54,bbbbbpbbbbbpbbpbbpbpbbpppbpppppbbpbppbppppbpb,45
526246,2871,12,24,pbppbppppbp,p,pbppbppppbpp,2026-02-13 15:03:20,pbppbbbbbbppbpbbbbppbpbppbppbppppbpppppppppp,44
535510,2922,12,3,pbppbppppbp,p,pbppbppppbpp,2026-02-13 19:24:35,bpbpbppbppppbppbpbbpbbpbpppbppppbbbbbbbbbbbbbpppbbpbb,53
542841,2963,12,37,pbppbppppbp,p,pbppbppppbpp,2026-02-14 11:02:49,ppbpbpbbpbbpbbbbbbbpbbbbbbpbbpbbbbppppbppbppppbpppp,51
555961,3039,12,5,pbppbppppbp,p,pbppbppppbpp,2026-02-15 21:17:34,bbbbppbppbppppbppbppbbppbbbbbbpbbbbbpppbpppbppbbbpbbbbbpppbp,60
570581,3116,12,32,pbppbppppbp,b,pbppbppppbpb,2026-02-17 17:22:48,bpbbbpppbpbpbbppbppppbbpppbbbbpppbppbppppbpbbbbpppbp,52
572779,3132,12,18,pbppbppppbp,p,pbppbppppbpp,2026-02-17 20:46:20,pbbbppbbbpbpbppppppbppbppppbpppbbpbbbbpbbbpbppbpbbppbp,54
593467,3251,12,32,pbppbppppbp,p,pbppbppppbpp,2026-02-20 14:51:27,bbbbppbpppbbbbbbbbbbppbppbpbbppbpbppbppppbppppppppp,51
617316,3418,12,47,pbppbppppbp,p,pbppbppppbpp,2026-02-22 10:09:36,pbbbbpbbbbbbbbpbpbbppppbppbbppppbbpbbpbbpbbbppbpbppbppppbppppp,62
617497,3419,12,13,pbppbppppbp,p,pbppbppppbpp,2026-02-22 10:10:02,pbbpppbbbppbppbppbppppbppbpppppbppbbbpppbppbbpppbbpbbpppbp,58
645934,3588,12,16,pbppbppppbp,b,pbppbppppbpb,2026-02-23 14:21:09,bpbpbppbpppbpbbbpbppbppppbpbbppbbbppbpppppbbbpbpppbbppbbb,57
673562,3747,12,9,pbppbppppbp,b,pbppbppppbpb,2026-02-25 11:32:17,bppbpbpbbpbppbppppbpbpbbbpbppppppbppbpbbpppppppppp,50
681495,3797,12,23,pbppbppppbp,p,pbppbppppbpp,2026-02-25 18:46:58,pbpbbbbpbppbpbbpbbbppbppbppbppppbppbbpbbbbbppbb,47
681918,3799,12,27,pbppbppppbp,b,pbppbppppbpb,2026-02-25 19:17:04,bpppbbbbpbpbpbppbbbppppbpbbpbppbppppbpbbpbpppbbpbbpppbpbppbb,60
710086,3960,12,13,pbppbppppbp,p,pbppbppppbpp,2026-03-01 20:19:25,bpbbbbbppbpbppbppbppppbpppppbbppbppbppbbbpppbpbbbpbbpbpbbpbbpp,62
736849,4114,12,21,pbppbppppbp,b,pbppbppppbpb,2026-03-04 11:16:20,ppbbpbbpbpbbbbppbbbbppbppbppppbpbbbbbppbpppbpppbpbbbbbbbpbbbbbpb,64
739910,4135,12,9,pbppbppppbp,p,pbppbppppbpp,2026-03-04 12:00:42,bbbbpppbbpbppbppppbppbppppbbppbbbbpbpbbbpb,42
746854,4176,12,29,pbppbppppbp,p,pbppbppppbpp,2026-03-05 13:51:39,bbbppbbbbpppbbpppppbbbbbpbppppbppbppppbppbppbbbbpbpbbppp,56
748067,4183,12,38,pbppbppppbp,p,pbppbppppbpp,2026-03-05 13:54:52,ppbbbpbbbbbpppbbppbpbbbpppbbbbbbbppbpppbppbppppbppppppbpppbpbbbpp,65
757839,4241,12,8,pbppbppppbp,b,pbppbppppbpb,2026-03-05 21:39:29,bbpbbpbppbppbppppbpbbppbbppbbpbpbpbp,36
771495,4321,12,30,pbppbppppbp,p,pbppbppppbpp,2026-03-09 19:03:46,bpppbppbpbbbppbbppbbpbbpppbppbpbppbppppbpppppbbbb,49
794917,4455,12,38,pbppbppppbp,b,pbppbppppbpb,2026-03-16 19:58:35,pbppbbbpbpbppbppbbbppppbpppbpbppppppbbpbppbppppbpbbpbbbpbbbppppppbpppp,70
803846,4505,12,4,pbppbppppbp,p,pbppbppppbpp,2026-03-17 20:51:33,pbpppbppbppppbpppbppbpbpbpbbbpppbpbbpbbbpbbpbpppp,49
804047,4506,12,50,pbppbppppbp,p,pbppbppppbpp,2026-03-17 20:52:02,pppppppbppbbppppppppbbpbbbbpbbbppbppbpppppbbbbppbbpbppbppppbppbpbp,66
824199,4630,12,8,pbppbppppbp,b,pbppbppppbpb,2026-03-22 09:20:04,bpbbbpbppbppbppppbpbppbpbbbbppbppppbppbpbpbp,44
827182,4650,12,39,pbppbppppbp,b,pbppbppppbpb,2026-03-24 06:21:33,bbbbpbpbbbppppbbbbppbpbbbpppbbbppbpbppbpbppbppppbpbpbpbpp,57
833143,4688,12,28,pbppbppppbp,p,pbppbppppbpp,2026-04-12 15:57:39,bpbpbppbbppbbbbpbbpbppbpbpbbpbppbppppbpp,40
833249,4689,12,9,pbppbppppbp,p,pbppbppppbpp,2026-04-12 15:59:50,ppppbbbpppbppbppppbppppbbppbppbppppbpppbp,41
833257,4689,12,26,pbppbppppbp,p,pbppbppppbpp,2026-04-12 15:59:50,ppppbbbpppbppbppppbppppbbppbppbppppbpppbp,41
839862,4731,12,10,pbppbppppbp,b,pbppbppppbpb,2026-04-21 06:33:39,pbbbbppbbbpbppbppppbpbpbbbbbbpppbppbppbpbbbpbpppppbbbb,54
845482,4762,12,8,pbppbppppbp,b,pbppbppppbpb,2026-04-23 13:57:00,pbpbpbbppbppbppppbpbpbpbpbpbppbbbppbb,37
861692,4858,12,38,pbppbppppbp,b,pbppbppppbpb,2026-04-26 08:47:34,pppbpppbppbpbbppbbbbbppbbbppbbbbpbpppppbppbppppbpbbppbbbbp,58
864165,4873,12,35,pbppbppppbp,p,pbppbppppbpp,2026-04-26 09:26:45,bbbbpppppbbpbbppppppbpbppbpbbbpbppbpbppbppppbpppp,49
868678,4902,12,27,pbppbppppbp,p,pbppbppppbpp,2026-04-30 16:34:19,pppppbpbbpppbppbbpbbppbbbpppbppbppppbpppbpppbbbbb,49
871616,4921,12,6,pbppbppppbp,p,pbppbppppbpp,2026-05-04 08:24:30,bbbbpppbppbppppbpppbppbppbbpbbpppb,34
871841,4922,12,43,pbppbppppbp,p,pbppbppppbpp,2026-05-04 08:25:15,ppppbbbppbppbbpbbpppbpbbbbpbppbpbpbppbbppbppbppbppppbpp,55
911264,5146,12,18,pbppbppppbp,b,pbppbppppbpb,2026-05-27 07:16:39,bpppbbpbpbbpbppppbpbppbppppbpbpbbpbpppbbbbbbpbpbppbppbbpbppbbppp,64
913886,5164,12,8,pbppbppppbp,p,pbppbppppbpp,2026-05-27 11:09:40,bpbbbbbbpbppbppppbppbpbppbbbpbpppbppppbpbbpb,44
914580,5168,12,29,pbppbppppbp,b,pbppbppppbpb,2026-05-27 11:11:39,ppbbpbpppbpbbpbppbppbbbpbbbpppbppbppppbpbbbbppbp,48
924293,5226,12,32,pbppbppppbp,b,pbppbppppbpb,2026-05-28 15:23:35,bpbbbpbbbbppppbbpbbppbppbbpppppbpbppbppppbpbpbppb,49
930070,5262,12,6,pbppbppppbp,b,pbppbppppbpb,2026-06-01 10:56:05,pbbbbbpbppbppppbpbbbbbpbbbpbppbbppppbbbbbpb,43
952820,5399,12,47,pbppbppppbp,p,pbppbppppbpp,2026-06-17 10:02:28,bpbbbpppbpbbbbbppppbbpbbpppbbpbppbbpbpbpbbbbpbppbppbppppbpppbpp,63
968645,5488,12,7,pbppbppppbp,b,pbppbppppbpb,2026-06-20 12:16:03,bpbppbppbppbppppbpbbpbpppbppbbbpbpppbbbpbbpbbbbpppbbbp,54
974689,5523,12,9,pbppbppppbp,b,pbppbppppbpb,2026-06-22 09:16:23,bppbbpppppbppbppppbpbbbbbppppbpbbbppbppbpbbppbb,47
187372,96,12,5,pbppbpppppb,p,pbppbpppppbp,2026-01-26 10:57:31,pbpbbpbppbpppppbpbbpp,21
196917,341,12,6,pbppbpppppb,b,pbppbpppppbb,2026-01-26 10:57:31,bpbppppbppbpppppbbpbbpbbbpbpppb,31
202331,436,12,19,pbppbpppppb,b,pbppbpppppbb,2026-01-26 10:57:31,pbbbbpbpbpbbbbpbppppbppbpppppbbpbbbppbbpbbbppbbbpbpppbbbbpbbppppbp,66
206720,518,12,1,pbppbpppppb,b,pbppbpppppbb,2026-01-26 10:57:32,bpbppbpppppbbppppbbpbbbbpbbbbpbpp,33
210674,591,12,10,pbppbpppppb,p,pbppbpppppbp,2026-01-26 10:57:32,pbpbbbppbppbppbpppppbppbbpbbppbppbppbpbpppppp,45
214946,670,12,16,pbppbpppppb,b,pbppbpppppbb,2026-01-26 10:57:32,ppppbpbbppppppbppbppbpppppbbppppbpppbbb,39
215363,679,12,16,pbppbpppppb,p,pbppbpppppbp,2026-01-26 10:57:32,pbbpppbbbpbbbbpbpbppbpppppbpbpbpbpppbppbbbpb,44
216724,703,12,31,pbppbpppppb,b,pbppbpppppbb,2026-01-26 10:57:32,pbbbbbbbbpbppbpbppbppppbbppppbbpbppbpppppbbpbbpbbpbpppbb,56
216846,705,12,30,pbppbpppppb,p,pbppbpppppbp,2026-01-26 10:57:32,pbbpbpppppppbbpbppppppppbbbbbbpbppbpppppbpbbp,45
221710,802,12,0,pbppbpppppb,b,pbppbpppppbb,2026-01-26 10:57:32,pbppbpppppbbbpbbpppppbppbbbbbpbpbbbpbbppbbpppppbbbbpbbppppppbbb,63
231267,967,12,9,pbppbpppppb,b,pbppbpppppbb,2026-01-26 10:57:32,bbbpppbbppbppbpppppbbppppbbbbbbppbpbpbppp,41
245310,1212,12,19,pbppbpppppb,p,pbppbpppppbp,2026-01-26 10:57:33,bpbpbpbbpbbpppppbbbpbppbpppppbppbbbpbpbbbbbbbbbbppppbpp,55
249278,1279,12,2,pbppbpppppb,p,pbppbpppppbp,2026-01-26 10:57:33,bbpbppbpppppbppppbpbbpbbppbbpppbpbbbbppbppb,43
250889,1307,12,28,pbppbpppppb,b,pbppbpppppbb,2026-01-26 10:57:33,pbppbppbpbppbbpbbpbbbppbppbbpbppbpppppbbbbbbpbbpppbbp,53
254795,1375,12,12,pbppbpppppb,b,pbppbpppppbb,2026-01-26 10:57:33,pbppbbbpppbbpbppbpppppbbpbbbppbbpbbpppbpppbpbbp,47
270237,1624,12,8,pbppbpppppb,b,pbppbpppppbb,2026-01-26 10:57:33,ppbbbpbppbppbpppppbbbppbbbpbpbpbppbbbpppppbpppbppbbb,52
272460,1659,12,29,pbppbpppppb,p,pbppbpppppbp,2026-01-26 10:57:33,pbpbbbpppbbppbbpbbpbbbpbbpbpbpbppbpppppbpbpbpbbppbbppbppb,57
273652,1682,12,20,pbppbpppppb,p,pbppbpppppbp,2026-01-26 10:57:33,bbbpbpbpbpbpbbpbbbpppbppbpppppbppbpbpbbpb,41
382344,2061,12,17,pbppbpppppb,p,pbppbpppppbp,2026-01-29 17:50:50,pbbbppbpbppppbbbppbppbpppppbpbbpbpppbppppbpbbpbbbbbppbbbp,57
386180,2087,12,3,pbppbpppppb,b,pbppbpppppbb,2026-01-30 10:48:03,pbbpbppbpppppbbppbbbpbbbpbppbpbpbppbppppppbp,44
386765,2090,12,35,pbppbpppppb,p,pbppbpppppbp,2026-01-30 10:49:31,pbbpbbpbpbbpbpppbbpbbppbpbppbbbpbpppbppbpppppbpbp,49
399497,2162,12,32,pbppbpppppb,b,pbppbpppppbb,2026-01-31 19:11:00,ppppbpppbppppbbbpbpbpbppppppbppppbppbpppppbbbbbbpppppbpbpbbbbb,62
409932,2219,12,4,pbppbpppppb,b,pbppbpppppbb,2026-02-02 14:12:04,pppppbppbpppppbbbbbpbpppppbpbbpppbpppbpppbpbbppbpb,50
411252,2226,12,4,pbppbpppppb,b,pbppbpppppbb,2026-02-02 14:15:02,pppppbppbpppppbbbbbpbpppppbpbbpppbpppbpppbpbbppbpbbppbbbb,57
412319,2232,12,26,pbppbpppppb,p,pbppbpppppbp,2026-02-02 14:34:14,pppbbbpbpppbppppbppppbppbbpbppbpppppbpbbbbpp,44
416849,2258,12,1,pbppbpppppb,p,pbppbpppppbp,2026-02-02 15:45:05,bpbppbpppppbpbpbbpbppbbbbpbpbpbbbppbpbppbbbpb,45
423431,2292,12,6,pbppbpppppb,p,pbppbpppppbp,2026-02-03 10:25:57,bppppbpbppbpppppbpbbpbpbbbpbpppbpppbbpppbppbpbpbbppbbbbppb,58
425449,2303,12,34,pbppbpppppb,p,pbppbpppppbp,2026-02-04 15:41:31,bpbpbbbpbpbpbbpbpbppbpbppppbbpbpbbpbppbpppppbpbbpbpb,52
437532,2370,12,18,pbppbpppppb,b,pbppbpppppbb,2026-02-04 19:42:16,ppbbppbpbpbbppbbbbpbppbpppppbbpbbpbbbbbbppbbbbpbbpbbb,53
439205,2379,12,16,pbppbpppppb,p,pbppbpppppbp,2026-02-05 14:01:15,pbpbppppbpbbpbbppbppbpppppbpppbbpbbbbbpbpbpbppbpbbpbbppbpp,58
452167,2448,12,33,pbppbpppppb,b,pbppbpppppbb,2026-02-06 10:39:28,bbbbpppbbbpbpbbpbppppbbbppbpbbppbpbppbpppppbbppppbpbppbppbbb,60
465825,2521,12,5,pbppbpppppb,p,pbppbpppppbp,2026-02-08 04:09:25,ppbpppbppbpppppbpppbpbbbbppbbbbpbbbbbbbpppbpbbpbbppppb,54
508759,2773,12,13,pbppbpppppb,p,pbppbpppppbp,2026-02-12 14:07:56,bppbbpbbpppbppbppbpppppbpbbbbbbbppbpbbbpppb,43
529933,2891,12,52,pbppbpppppb,b,pbppbpppppbb,2026-02-13 16:26:24,bpbpppbpppbbbpppppbpbbppbbbpbpbbbpbbpppbpbbpppbbppbbpbppbpppppbbbbbbbbp,71
544951,2975,12,19,pbppbpppppb,b,pbppbpppppbb,2026-02-14 11:37:35,pbbpppbbppbbbbbbbpbpbppbpppppbbppbpbppppbbpppbpbppppppbpbpbb,60
563189,3078,12,2,pbppbpppppb,p,pbppbpppppbp,2026-02-17 15:47:46,bppbppbpppppbpppppbpbbppbbbbppbpbbpbbpb,39
563758,3081,12,3,pbppbpppppb,p,pbppbpppppbp,2026-02-17 15:49:12,pbbpbppbpppppbpbbppbbbbbbbpbppbbppbbppbppbpppbpppbbppbpbbppb,60
577010,3156,12,2,pbppbpppppb,b,pbppbpppppbb,2026-02-19 10:41:07,pbpbppbpppppbbpbbpbbpbbppbbbpppbbbbppbppbbbppppbbpbpbb,54
583068,3187,12,45,pbppbpppppb,b,pbppbpppppbb,2026-02-19 11:47:32,bbpbbpbbppppbbbbppbppbpbbpbbbppbppppbppbbpbbbpbppbpppppbbbpppbbpbpp,67
585703,3201,12,34,pbppbpppppb,p,pbppbpppppbp,2026-02-20 11:04:52,bpbbbpbpbbpbppppbbpbbbbbpppbbbbbpbpbppbpppppbpppppbbppbbbppb,60
593142,3249,12,13,pbppbpppppb,b,pbppbpppppbb,2026-02-20 14:50:27,pppbbpppbpbpppbppbpppppbbbpppbbpbpbbbppbpbppbbppbpbbbpbbbpb,59
616278,3410,12,30,pbppbpppppb,p,pbppbpppppbp,2026-02-22 10:05:46,pppppbbppbpbpbbbbbbbbppbbbppbppbppbpppppbppppbbbbbpb,52
617501,3419,12,21,pbppbpppppb,p,pbppbpppppbp,2026-02-22 10:10:02,pbbpppbbbppbppbppbppppbppbpppppbppbbbpppbppbbpppbbpbbpppbp,58
622807,3455,12,18,pbppbpppppb,p,pbppbpppppbp,2026-02-22 12:17:05,ppbpbpbpbppppbbbpbpbppbpppppbpbbbbbppbppppppbppppbbb,52
628808,3486,12,7,pbppbpppppb,p,pbppbpppppbp,2026-02-22 20:22:34,ppbbbpbpbppbpppppbpbpbbbbbppbbbpppbpbbbppbppbpb,47
630418,3495,12,30,pbppbpppppb,p,pbppbpppppbp,2026-02-22 20:48:44,ppbbpbbbbbbpbbppbbpppbppbpbppbpbppbpppppbpbpbbbppbbbbpppbpbppp,62
640160,3553,12,34,pbppbpppppb,b,pbppbpppppbb,2026-02-23 11:56:44,pbpbbbbbbpbbppppbbbpbbppbbppbbbbbppbppbpppppbbppbp,50
644653,3580,12,16,pbppbpppppb,b,pbppbpppppbb,2026-02-23 14:17:06,bbbbbpbpbbpbbpbppbppbpppppbbpbbbbbbbpbbpbpppbppppb,50
657945,3656,12,17,pbppbpppppb,p,pbppbpppppbp,2026-02-24 14:53:43,pbpbppbbppbpppbpbpbppbpppppbpppbbbpbbbppbpppbpp,47
676518,3767,12,7,pbppbpppppb,p,pbppbpppppbp,2026-02-25 17:25:31,ppbbbbbpbppbpppppbpbpppppbbbbbpbpbbppppbppbppb,46
681304,3796,12,13,pbppbpppppb,b,pbppbpppppbb,2026-02-25 18:46:33,bpbbbbbpbpbbbpbppbpppppbbpppbbbbbbpbpbpbbbpbpppbpbbppbbb,56
699587,3899,12,33,pbppbpppppb,p,pbppbpppppbp,2026-03-01 12:28:39,pppppbbpbbpppppppbppbbpppbbbpbbbbpbppbpppppbpbbppppbbbbpbp,58
701653,3912,12,34,pbppbpppppb,b,pbppbpppppbb,2026-03-01 15:44:23,bppbpppppbppbbbbppbpbbpbppbbbbbbpbpbppbpppppbbpppbpp,52
706387,3938,12,2,pbppbpppppb,b,pbppbpppppbb,2026-03-01 18:47:19,bbpbppbpppppbbbbpbbbbpbbbbbbppbpbbbpbppbppbbpbbpbpppbbpbbbpppppb,64
708595,3951,12,31,pbppbpppppb,b,pbppbpppppbb,2026-03-01 19:28:16,bpppbbpbpppbbppbpbbbbppppbbbbbppbppbpppppbbpbbpbppbpbbbpbpppbbpbb,65
710272,3961,12,20,pbppbpppppb,p,pbppbpppppbp,2026-03-01 20:19:50,bpbbbbppppppbbpbbppppbppbpppppbpbbbpppbppbbppbbppbppppppbbp,59
720728,4024,12,2,pbppbpppppb,b,pbppbpppppbb,2026-03-03 13:37:17,bppbppbpppppbbbppbpppbbbbpbpbbbbbpbbpbpppbpppbpbbbppbbbppppbbbp,63
732320,4089,12,25,pbppbpppppb,b,pbppbpppppbb,2026-03-04 09:20:42,ppbpbbbbpbpbpbpbbbbpppbpppbppbpppppbbbbbpbpppbbppbp,51
755538,4226,12,24,pbppbpppppb,p,pbppbpppppbp,2026-03-05 18:12:23,ppbppbbppbpbpbpppbpppppbpbppbpppppbpbp,38
758927,4247,12,36,pbppbpppppb,p,pbppbpppppbp,2026-03-05 22:14:40,pppbbbbbppbbbppbbbbpbppbpbppppppbbbppbppbpppppbpbpbpbbp,55
764190,4278,12,0,pbppbpppppb,b,pbppbpppppbb,2026-03-06 17:51:34,pbppbpppppbbpbpbppbpppbbppbbpbppbb,34
778776,4363,12,23,pbppbpppppb,b,pbppbpppppbb,2026-03-11 19:15:00,pbpppbpbpbbpbpbppppbpbbpbppbpppppbbppbpbbppbppbpppbpbbpp,56
779220,4365,12,50,pbppbpppppb,p,pbppbpppppbp,2026-03-11 19:15:47,bbpbbppppbbbpbpppbbbbbpbbbpbbbppbbbpppbbppppbppppppbppbpppppbp,62
787742,4415,12,25,pbppbpppppb,b,pbppbpppppbb,2026-03-15 13:45:43,bpbpbpbbppbbpbpppppbbppbbpbppbpppppbbbppbbbpppppbpppppbp,56
791530,4438,12,23,pbppbpppppb,b,pbppbpppppbb,2026-03-16 19:07:01,pbpbpbpbbbpbppbppbbbbbbpbppbpppppbbbbb,38
801452,4492,12,16,pbppbpppppb,b,pbppbpppppbb,2026-03-17 20:20:01,bbbbppbbbbpbbbbbpbppbpppppbbbbbpppppbbppbpbpppbbbbbbpbpbbpb,59
804039,4506,12,32,pbppbpppppb,b,pbppbpppppbb,2026-03-17 20:52:02,pppppppbppbbppppppppbbpbbbbpbbbppbppbpppppbbbbppbbpbppbppppbppbpbp,66
807228,4531,12,31,pbppbpppppb,p,pbppbpppppbp,2026-03-18 09:12:41,pppbpppbbpbpbbppbppbbbpbbpbbbpppbppbpppppbpbbbbbbbbbpppbbpbbp,61
808835,4540,12,35,pbppbpppppb,b,pbppbpppppbb,2026-03-18 13:41:29,pbpbpbbbbbpbppbbbbbppbpbbbppbpppbpbpbppbpppppbbbpbpbppbpp,57
811872,4558,12,11,pbppbpppppb,b,pbppbpppppbb,2026-03-18 14:19:22,ppbpppppbpbpbppbpppppbbppbpppbbbpbpppbppp,41
814039,4572,12,25,pbppbpppppb,p,pbppbpppppbp,2026-03-18 14:48:08,bbpppbbpbpppbbpppppbbbpbbpbppbpppppbpbp,39
817105,4591,12,10,pbppbpppppb,b,pbppbpppppbb,2026-03-18 16:15:58,bbbbpppbbbpbppbpppppbbppppbpbbpppbpbpbbbpbpbppbpp,49
839523,4728,12,20,pbppbpppppb,p,pbppbpppppbp,2026-04-21 06:32:16,pbppbbbbpbbbpbppppbbpbppbpppppbpbbpbbpbbppbppppbp,49
857342,4832,12,1,pbppbpppppb,p,pbppbpppppbp,2026-04-23 19:33:01,ppbppbpppppbpbbbppbbppbppbbbpbpppbpbbbpbppppbbbbpbpbpp,54
858339,4838,12,9,pbppbpppppb,b,pbppbpppppbb,2026-04-23 20:08:05,pbbppbpbppbppbpppppbbbbbpbbbpbbbbpbbbbpbbbbpppbpbpbbbp,54
860936,4854,12,44,pbppbpppppb,b,pbppbpppppbb,2026-04-26 08:45:15,ppbpbpppbbppbbbbpbpppppbbbbbpbbbppbpppbbppbppbppbpppppbbbpbp,60
873232,4930,12,8,pbppbpppppb,p,pbppbpppppbp,2026-05-04 09:04:51,bppbpbbppbppbpppppbpbpppbbppbbppbp,34
877295,4955,12,20,pbppbpppppb,p,pbppbpppppbp,2026-05-04 11:22:10,pbpbbbbbbpbbpbpbbbpbpbppbpppppbppbbbbpppbbbbbppbbbbpbpbbbbbbp,61
881853,4979,12,44,pbppbpppppb,b,pbppbpppppbb,2026-05-04 16:14:08,ppppppbpbppppbpbbbppppbbbppbpbpbbpbbpbbpbbpppbppbpppppbbpb,58
902606,5097,12,12,pbppbpppppb,p,pbppbpppppbp,2026-05-23 06:45:59,pppbppppbbpppbppbpppppbpbbbbpppppbbppbbbpppp,44
915182,5171,12,8,pbppbpppppb,b,pbppbpppppbb,2026-05-27 11:13:17,ppbbbppbpbppbpppppbbpppbppbbpbppbbpbbbbppbbbbpbpbppppbppbb,58
918487,5192,12,9,pbppbpppppb,b,pbppbpppppbb,2026-05-28 10:44:00,pppppbppbpbppbpppppbbbbpbbpppbpppbbbpbbbbppbp,45
921147,5208,12,7,pbppbpppppb,b,pbppbpppppbb,2026-05-28 12:41:40,bbpbppppbppbpppppbbppppbpppppbppbpppb,37
921539,5210,12,22,pbppbpppppb,b,pbppbpppppbb,2026-05-28 12:44:31,ppbbpbbbbbbbbpbbbpbpbbpbppbpppppbbbpppppbbppbpbbpppbbppbbbb,59
927449,5245,12,21,pbppbpppppb,p,pbppbpppppbp,2026-05-28 16:02:50,bpbpbbpbppbpbpbpppbbppbppbpppppbpppbbbbpbppbpb,46
931696,5271,12,49,pbppbpppppb,p,pbppbpppppbp,2026-06-05 06:48:30,ppbppppbpbppppbpbpbbpbppbbpbbbpbbpbbpbbbbbbpbbbpppbppbpppppbpbppppp,67
943803,5344,12,38,pbppbpppppb,p,pbppbpppppbp,2026-06-07 21:19:49,bbppbppbpbbbbbpbppbpbpbbbppbpbbppbbppppbppbpppppbpb,51
972442,5510,12,7,pbppbpppppb,p,pbppbpppppbp,2026-06-21 11:07:16,bppppbppbppbpppppbpbbbpbpbbppbbpbpbbbpbbpbpbbpppbppbbpb,55
979753,5553,12,9,pbppbpppppb,p,pbppbpppppbp,2026-06-23 07:04:11,pbbpppbpppbppbpppppbppbbpbpbppbbbbp,35
188539,150,12,0,pbppbpppppp,p,pbppbppppppp,2026-01-26 10:57:31,pbppbpppppppppbpbbbbpbbpbbppbbpb,32
191363,239,12,8,pbppbpppppp,b,pbppbppppppb,2026-01-26 10:57:31,pppppppppbppbppppppbpbpbpppbppppbbppbbb,39
195104,308,12,15,pbppbpppppp,p,pbppbppppppp,2026-01-26 10:57:31,bbppppbpppbpbbbpbppbppppppp,27
202410,437,12,43,pbppbpppppp,p,pbppbppppppp,2026-01-26 10:57:31,bpppppbbpbpbpppppbbpbpbpppppbbppppppbbbbpbppbppbpppppppb,56
205044,485,12,5,pbppbpppppp,b,pbppbppppppb,2026-01-26 10:57:32,pbpbppbppbppppppbbbbbbbpbbbbpbbpb,33
211389,602,12,4,pbppbpppppp,p,pbppbppppppp,2026-01-26 10:57:32,bpbppbppbpppppppbpppppbbbbbbpbpbppppbpppppbpppbbppbbbpbpbp,58
211763,609,12,10,pbppbpppppp,b,pbppbppppppb,2026-01-26 10:57:32,pbbbbpbbbppbppbppppppbbbpbppbpbpppbpbpppbbpbbpppbbbbp,53
212056,614,12,10,pbppbpppppp,b,pbppbppppppb,2026-01-26 10:57:32,pbbbbpbbbppbppbppppppbbbpbppbpbpppbpbpppbbpbbpppbbbbpbbppppbb,61
215968,690,12,13,pbppbpppppp,p,pbppbppppppp,2026-01-26 10:57:32,bpbbbpbpbbbbbpbppbppppppppbbppbpbpbbbbpbpbpbbppbpppb,52
220733,783,12,1,pbppbpppppp,p,pbppbppppppp,2026-01-26 10:57:32,ppbppbppppppppbbppbpbpbbbpbbpbpbpbb,35
226743,891,12,0,pbppbpppppp,p,pbppbppppppp,2026-01-26 10:57:32,pbppbppppppppppbbpppbbppbpppbpbbppbbpbpbbppbbpbpppp,51
227660,906,12,3,pbppbpppppp,p,pbppbppppppp,2026-01-26 10:57:32,ppbpbppbppppppppbbppbbbbbpbbbppbbppbbbpbbbpbb,45
229933,945,12,21,pbppbpppppp,b,pbppbppppppb,2026-01-26 10:57:32,bbbbppbbppbbbppbppbpbpbppbppppppbpbpbpppbppbbppbpppppppbpppppbbbbbpbppp,71
235244,1035,12,32,pbppbpppppp,b,pbppbppppppb,2026-01-26 10:57:32,ppppbbpbbppbbpbbbpbbpbpbpbpbbppbpbppbppppppbp,45
245671,1218,12,7,pbppbpppppp,b,pbppbppppppb,2026-01-26 10:57:33,bbbbppppbppbppppppbbpbbpbbpbbbbpppbpbppppbbbbbpbbppppbpbbppbbpbppbb,67
255205,1382,12,35,pbppbpppppp,b,pbppbppppppb,2026-01-26 10:57:33,bbbpbbppbppppbbppppbppbbbbpppbppbbppbppbppppppbpbpppppbbppbpbbbb,64
258446,1435,12,9,pbppbpppppp,p,pbppbppppppp,2026-01-26 10:57:33,ppbbbbppbpbppbpppppppbbbppbbbpppbpbbbbbpbppbpppbpbbbbppbbbpp,60
258707,1439,12,2,pbppbpppppp,b,pbppbppppppb,2026-01-26 10:57:33,pppbppbppppppbbbpbbbbbbbbbbbpbppbbbpppbpbpbppbbpbbbb,52
266488,1565,12,31,pbppbpppppp,p,pbppbppppppp,2026-01-26 10:57:33,bpbpbbpbpppppbpppppbbbbbpbpbbpppbppbpppppppppbbppbbp,52
274311,1694,12,29,pbppbpppppp,p,pbppbppppppp,2026-01-26 10:57:33,pbbpppbppbpbpppbbpppbbppppbbbpbppbpppppppp,42
276781,1738,12,16,pbppbpppppp,b,pbppbppppppb,2026-01-26 10:57:33,ppppbbbppbppbbpbpbppbppppppbpppbbbbbppppbpbpbbbpp,49
277071,1743,12,34,pbppbpppppp,b,pbppbppppppb,2026-01-26 10:57:33,ppbpbbbbbbpbbbbppbpbbbbppppbbpppbbpbppbppppppbpppb,50
278091,1759,12,10,pbppbpppppp,p,pbppbppppppp,2026-01-26 10:57:33,bpbbppbbbppbppbpppppppbpbbbpppbpppbpbpbpppbbppbbpbpbbbpb,56
371407,2000,12,3,pbppbpppppp,b,pbppbppppppb,2026-01-28 10:56:57,ppppbppbppppppbpppbppppppppbpbpbpbpbppppbpbbbbpbbbpbbpbppbbbpb,62
376702,2029,12,16,pbppbpppppp,b,pbppbppppppb,2026-01-29 12:04:13,bpbpbbpbpbbppbpppbppbppppppbbbbpbbpbpbbpbppbbbp,47
386196,2087,12,31,pbppbpppppp,b,pbppbppppppb,2026-01-30 10:48:03,pbbpbppbpppppbbppbbbpbbbpbppbpbpbppbppppppbp,44
387532,2094,12,7,pbppbpppppp,p,pbppbppppppp,2026-01-30 10:51:06,ppbppbbpbppbpppppppbppbpppbbbpppppppbbpppbpppbpbpbbbppp,55
389544,2106,12,40,pbppbpppppp,b,pbppbppppppb,2026-01-31 06:07:46,pbbppbbbbbppbpbpbbppbbppbbbbbppbppbbpbpbpbppbppppppbbppbppbpbppb,64
391105,2114,12,1,pbppbpppppp,b,pbppbppppppb,2026-01-31 06:30:46,ppbppbppppppbpbbbppbpbpbbpppppbpbpbbpbppbppppbbppppbppbp,56
404593,2190,12,4,pbppbpppppp,b,pbppbppppppb,2026-01-31 19:59:52,bbpppbppbppppppbbbbppbpbpppbppbpbbpbbbpbbbpppbbpbpbb,52
408292,2210,12,28,pbppbpppppp,p,pbppbppppppp,2026-02-02 13:30:13,ppbbppbbppbpbpbbpppbpbbbbppbpbppbppppppppbbpbppppbppppbbbbppbbbpbbp,67
424631,2299,12,27,pbppbpppppp,b,pbppbppppppb,2026-02-04 15:40:09,bpbpppbpbppbppbbbbbbpbbbppbpbppbppppppbbppbpb,45
434661,2355,12,24,pbppbpppppp,b,pbppbppppppb,2026-02-04 18:23:54,bbpbpppppbppbpbpbbbpbbpbpbppbppppppbbb,38
435486,2359,12,8,pbppbpppppp,b,pbppbppppppb,2026-02-04 18:25:07,ppbppbpppbppbppppppbpppbbppbbbpppbppppbbpbpbbppbppppbpbpppbpppb,63
439986,2384,12,3,pbppbpppppp,p,pbppbppppppp,2026-02-05 14:02:31,ppppbppbppppppppppbbpppbbbpppbpbpppppppbbpbbbpppbbbbbpbbbbb,59
543392,2966,12,33,pbppbpppppp,b,pbppbppppppb,2026-02-14 11:04:04,bppbpbpbppbppbbbbbppbpppbppbbbbpbpbppbppppppbpbppppbbpppbbbpp,61
555451,3036,12,22,pbppbpppppp,p,pbppbppppppp,2026-02-15 20:21:39,pppbppbpppbpppbppppbbbpbppbpppppppbpbpbpbbpp,44
565381,3089,12,23,pbppbpppppp,b,pbppbppppppb,2026-02-17 16:16:43,bbppbpbbbpbpbbppbpbbppbpbppbppppppbbppp,39
567382,3100,12,4,pbppbpppppp,p,pbppbppppppp,2026-02-17 16:47:58,bpbbpbppbppppppppbbbbbbbbbbbppbbpppbppbbbbbppp,46
568548,3106,12,2,pbppbpppppp,p,pbppbppppppp,2026-02-17 16:50:46,bbpbppbppppppppbpbbbbpppbppbbpbpbpppbpbppbpbbppbppbbbbpbpbbbbpbb,64
579687,3170,12,45,pbppbpppppp,b,pbppbppppppb,2026-02-19 11:05:41,bpbppbbbbppppppbbbpbbppbbbbbbbbppbpbbpbbbpbbppbppbppppppb,57
588668,3220,12,27,pbppbpppppp,p,pbppbppppppp,2026-02-20 12:54:33,bbpbpbbbppbpbbbppbpbpbpppbbpbppbpppppppppbpbbp,46
592089,3241,12,5,pbppbpppppp,p,pbppbppppppp,2026-02-20 14:15:48,ppbpppbppbpppppppbbbbpbpbppbbbbbbpbbbpbbbbbbpppbppbbbb,54
598937,3287,12,15,pbppbpppppp,p,pbppbppppppp,2026-02-21 10:12:41,bbpbbbbpppbpppbpbppbpppppppppbbpbppbpbpbbbbppbppbbbbbbb,55
602288,3309,12,11,pbppbpppppp,p,pbppbppppppp,2026-02-21 11:20:43,bbpbppppppbpbppbpppppppppbbbpbpbbbbbbpbppbpppbbpbbb,51
612256,3380,12,13,pbppbpppppp,b,pbppbppppppb,2026-02-21 15:10:39,ppbbpbbppbppbpbppbppppppbpppbppbbppbbbbbpbp,43
616412,3411,12,10,pbppbpppppp,b,pbppbppppppb,2026-02-22 10:06:15,pbbpbbbbpbpbppbppppppbppbbbppbbppbbbbpppbpp,43
637755,3538,12,36,pbppbpppppp,b,pbppbppppppb,2026-02-23 11:21:39,pppbbpbpbbpppbbpbbpbbppbppbppbbbppbbpbppbppppppbpbpbbpppbbp,59
638400,3542,12,16,pbppbpppppp,p,pbppbppppppp,2026-02-23 11:23:46,bpbpbppbbpbbbppbpbppbpppppppbbppbpbbpbpbbbbbbbpbb,49
661107,3673,12,6,pbppbpppppp,b,pbppbppppppb,2026-02-24 15:36:14,pbpbpbpbppbppppppbbbbbpppppppppbppppbbpbpbbbpbpbpppbbbpbpbppbbb,63
663487,3686,12,23,pbppbpppppp,p,pbppbppppppp,2026-02-24 18:30:07,bppbpbbbpbbbbbbpbbbbpbbpbppbppppppppbpbpbpppbbpbppbpbppppbbbbp,62
670340,3727,12,18,pbppbpppppp,p,pbppbppppppp,2026-02-25 09:49:55,bppppppbbppppppbpbpbppbpppppppppppbpbbbpbbb,43
688090,3835,12,29,pbppbpppppp,p,pbppbppppppp,2026-02-25 21:45:46,pbpbbbbbbpbpbppbppbpppbbppbpbpbppbppppppppbbpbpbppbbbppb,56
696916,3884,12,32,pbppbpppppp,b,pbppbppppppb,2026-02-28 13:42:31,bbppbbppbbpbbpbpbbppbpbbbppppppppbppbppppppbbbbppbbpppbb,56
707183,3943,12,1,pbppbpppppp,b,pbppbppppppb,2026-03-01 18:48:52,bpbppbppppppbbbbbbbbbpbbbppbbbbbpbpppppbpbpppbbbbppbpbpbppbp,60
720917,4026,12,7,pbppbpppppp,p,pbppbppppppp,2026-03-03 13:38:35,ppppppppbppbpppppppbppppbppbbbbpbppppppbpbppbpbbpbbbpbbbbppppbb,63
740088,4137,12,44,pbppbpppppp,p,pbppbppppppp,2026-03-04 12:01:36,bbbbbpbpbbbpbbbppbbbbpppbbppbbppppppbpppppbbpbppbpppppppppbpbbb,63
766544,4292,12,22,pbppbpppppp,b,pbppbppppppb,2026-03-09 15:21:05,bppppbbppbpbppbppbbpbppbppbppppppbpbbbb,39
789342,4425,12,4,pbppbpppppp,b,pbppbppppppb,2026-03-15 14:33:10,bppbpbppbppppppbbbbpbppppbbppbpbbpbpppbpbpbbppbpbpbbppbbbbpbbb,62
789506,4426,12,21,pbppbpppppp,b,pbppbppppppb,2026-03-15 14:33:32,ppppbpppbpbbbbbbpbppppbppbppppppbbbbpbbpppbppbpbppb,51
800971,4489,12,35,pbppbpppppp,b,pbppbppppppb,2026-03-17 20:18:31,pbbbpppppppbbbpbbbpbbpbbppbbpbpbbbppbppbppppppbbbpbbbppppbbpp,61
802702,4499,12,23,pbppbpppppp,p,pbppbppppppp,2026-03-17 20:48:27,bbppbpbbpbbbbppbbppbbpbpbppbpppppppbbbppbpp,43
809441,4543,12,21,pbppbpppppp,p,pbppbppppppp,2026-03-18 13:42:50,bpppppbpbbbbpbbbpppbbpbppbpppppppbbbbbppbpppppppbbbpbbbpp,57
816499,4587,12,4,pbppbpppppp,b,pbppbppppppb,2026-03-18 16:13:20,bbpppbppbppppppbpbppbpbbpbbbpbbbpppbppbpbpbbbppbpbbbpb,54
818313,4599,12,24,pbppbpppppp,p,pbppbppppppp,2026-03-19 19:17:40,bpbpbbpbbpbppppbpbbppppbpbppbppppppp,36
818760,4601,12,1,pbppbpppppp,b,pbppbppppppb,2026-03-19 19:18:29,bpbppbppppppbpbpbpppbbbppppbbppbbbbppbbppbppbppppbbppbbppppbbppbbbbp,68
821603,4617,12,9,pbppbpppppp,p,pbppbppppppp,2026-03-19 20:10:08,pppppppbbpbppbppppppppbbbpppbpbbpbppbpbppbpbpbpppbbpbbpbppbbb,61
830186,4667,12,22,pbppbpppppp,p,pbppbppppppp,2026-04-12 12:41:59,bpppbbpbpbppbpbbppbpbbpbppbppppppppbbpbbppbpbbbbbpppbbbb,56
838467,4723,12,20,pbppbpppppp,b,pbppbppppppb,2026-04-20 06:43:18,pbbbpbbpbbbbpppbbpbppbppbppppppbpbbbbbpppbbpppppbbbbpp,54
855161,4820,12,12,pbppbpppppp,b,pbppbppppppb,2026-04-23 18:58:22,pppbppbpbppppbppbppppppbbbpppbbpbppbbpbbppp,43
875820,4945,12,37,pbppbpppppp,p,pbppbppppppp,2026-05-04 09:17:47,bpbbpppbpbpbbpbpbbpbppbbppppbpbpppbbbpbppbppppppppbbbbpppppp,60
877914,4958,12,11,pbppbpppppp,p,pbppbppppppp,2026-05-04 11:30:13,ppbbbpbbppppbppbppppppppbbbbpbpbppbpbbpbpbbpbpbbppppbbbbbbbbp,61
880701,4973,12,29,pbppbpppppp,p,pbppbppppppp,2026-05-04 15:43:11,bpbpbpbpppppbbbbbppbpbppbbbbppbppbpppppppppbbppppbbpbpbbppbbp,61
886288,5005,12,10,pbppbpppppp,b,pbppbppppppb,2026-05-06 18:03:40,bbppppbpbppbppbppppppbppppbbbpbbbppbbpbbbbbbbppbpbppbbppppbb,60
899764,5079,12,34,pbppbpppppp,p,pbppbppppppp,2026-05-22 05:43:28,bbbbbbbppbppbpbppbbbpbpppbpbpppbbbpbppbpppppppbb,48
907880,5128,12,17,pbppbpppppp,p,pbppbppppppp,2026-05-26 11:38:20,bpbpbbppbppbpbbpppbppbpppppppbb,31
910308,5141,12,5,pbppbpppppp,b,pbppbppppppb,2026-05-27 07:13:54,ppbpppbppbppppppbbbpbpbppbppbppbppbppbbpbpbbpbbbbbpbbbbbppbpppppb,65
916156,5177,12,13,pbppbpppppp,b,pbppbppppppb,2026-05-27 11:16:59,pbppbbpbpbpbbpbppbppppppbpppbpbpppbbbpbbbpbpbbbpp,49
937793,5308,12,13,pbppbpppppp,p,pbppbppppppp,2026-06-06 13:55:08,bpbbpbbbbpbpbpbppbpppppppbppbpbpbpbbbpbbp,41
944653,5350,12,18,pbppbpppppp,b,pbppbppppppb,2026-06-07 21:26:27,bbppbbppppbppbbpbbpbppbppppppbpbbppbpb,38
956500,5421,12,21,pbppbpppppp,p,pbppbppppppp,2026-06-18 09:06:22,bbpbbbbpbbbbpbppppbpppbppbppppppppbpbbbpbbb,43
972771,5512,12,10,pbppbpppppp,b,pbppbppppppb,2026-06-21 11:10:49,bpbpbbbbbppbppbppppppbbbpbbbpbpbbpppbppbbbppbpbbbpbbbppbbppbbbb,63
977147,5538,12,20,pbppbpppppp,b,pbppbppppppb,2026-06-22 09:56:41,pbbbbbbbppbbpbpppbpbpbppbppppppbbbbpbpppppbppbpp,48
