ngram_id,grid_string_id,window_size,chunk_index,prefix,suffix,full_chunk,created_at,grid_string,string_length
301293,280,13,10,bpbbbpbbbbbb,b,bpbbbpbbbbbbb,2026-01-27 10:49:09,pbpbpbpbpbbpbbbpbbbbbbbpbbbpbpbppbbbbpbpbbbbbbbbbbpbbppp,56
305370,396,13,28,bpbbbpbbbbbb,p,bpbbbpbbbbbbp,2026-01-27 10:49:09,ppbbbbbbbpbbppbbbpbppppbbbpbbpbbbpbbbbbbpp,42
305951,416,13,24,bpbbbpbbbbbb,p,bpbbbpbbbbbbp,2026-01-27 10:49:09,bpbpbppppbbppbbpppbbppbbbpbbbpbbbbbbppbpp,41
307093,448,13,8,bpbbbpbbbbbb,p,bpbbbpbbbbbbp,2026-01-27 10:49:09,pbbbbpbpbpbbbpbbbbbbpbbpbppppbbppppbbppbbbbppbb,47
310381,550,13,1,bpbbbpbbbbbb,b,bpbbbpbbbbbbb,2026-01-27 10:49:09,bbpbbbpbbbbbbbppbppbbppppbpppbppbbbbpbbpbbbbbbpppppppbbb,56
311703,587,13,34,bpbbbpbbbbbb,p,bpbbbpbbbbbbp,2026-01-27 10:49:09,pbpbpbppbpbbppbppbppbppbbpbpbpppbbbpbbbpbbbbbbpbbbbbpbbb,56
321219,873,13,13,bpbbbpbbbbbb,p,bpbbbpbbbbbbp,2026-01-27 10:49:10,ppbbppbppbbpbbpbbbpbbbbbbpppbpbpbppbbbpbbp,42
329765,1111,13,27,bpbbbpbbbbbb,p,bpbbbpbbbbbbp,2026-01-27 10:49:10,pbpbpbbbbppbbbppbpppbpbbbpbbpbbbpbbbbbbpbbpbbpb,47
329806,1112,13,29,bpbbbpbbbbbb,b,bpbbbpbbbbbbb,2026-01-27 10:49:10,bbbpbpbpbbbbbbpbpbpbpbbppbbpbbpbbbpbbbbbbbbb,44
332849,1198,13,6,bpbbbpbbbbbb,b,bpbbbpbbbbbbb,2026-01-27 10:49:10,ppbpppbpbbbpbbbbbbbbpbpbppbpppbbpbbbpbbppbppbpbbbbppbbpbpppbppppp,65
336188,1289,13,6,bpbbbpbbbbbb,p,bpbbbpbbbbbbp,2026-01-27 10:49:10,pbbbbbbpbbbpbbbbbbppppbbbbbppppbppbppbbpbpbbpbpbpbbpppbbpppbbbpbbbbb,68
341808,1441,13,8,bpbbbpbbbbbb,p,bpbbbpbbbbbbp,2026-01-27 10:49:10,ppbbbpppbpbbbpbbbbbbpbppppbbbbbpppbbbpppppbppb,46
351715,1700,13,29,bpbbbpbbbbbb,b,bpbbbpbbbbbbb,2026-01-27 10:49:11,pbppbbpbpbpppppbpppbbbbpbbbppbpbbbpbbbbbbbpbbppbbbbbpbppppb,59
355155,1791,13,41,bpbbbpbbbbbb,b,bpbbbpbbbbbbb,2026-01-27 10:49:11,bbbbbpbppbbbbpbbbbppppbpppppppbpppbbbbppbbpbbbpbbbbbbbpppbppbb,62
355429,1798,13,41,bpbbbpbbbbbb,p,bpbbbpbbbbbbp,2026-01-27 10:49:11,pbbpbppppppbppppbbppbbbbbbpbppbbpbppbbpbbbpbbbpbbbbbbppbbppbbbbpb,65
297881,130,13,4,bpbbbpbbbbbp,p,bpbbbpbbbbbpp,2026-01-27 10:49:09,ppbpbpbbbpbbbbbppbppbbbppbp,27
300305,253,13,40,bpbbbpbbbbbp,p,bpbbbpbbbbbpp,2026-01-27 10:49:09,bpppppbbpbpbbbbbbbpppbbbpppbbppbpppbpbbbbpbbbpbbbbbpppbbb,57
302888,330,13,1,bpbbbpbbbbbp,p,bpbbbpbbbbbpp,2026-01-27 10:49:09,bbpbbbpbbbbbpppbpbpbppbpbpbbbbppbbpbbbbpbbbbbpbppppbb,53
303994,360,13,44,bpbbbpbbbbbp,b,bpbbbpbbbbbpb,2026-01-27 10:49:09,pbbppbpppbbbbbpbbpbppbpbbppbppbpbbbpbbpbbbpbbpbbbpbbbbbpbbbb,60
305835,413,13,20,bpbbbpbbbbbp,b,bpbbbpbbbbbpb,2026-01-27 10:49:09,pbppbppbpbbbbppppbppbpbbbpbbbbbpbp,34
312856,618,13,7,bpbbbpbbbbbp,b,bpbbbpbbbbbpb,2026-01-27 10:49:09,bppppppbpbbbpbbbbbpbbbpbppbppbp,31
314711,677,13,9,bpbbbpbbbbbp,b,bpbbbpbbbbbpb,2026-01-27 10:49:09,pppbppbbbbpbbbpbbbbbpbppppbpppbbpbbppb,38
319888,834,13,52,bpbbbpbbbbbp,b,bpbbbpbbbbbpb,2026-01-27 10:49:10,pppbbppbbbbppppbbpbppbbpbbpppbbpbbbpppppppppbpppbpbpbpbbbpbbbbbpbbpbpp,70
320523,852,13,40,bpbbbpbbbbbp,p,bpbbbpbbbbbpp,2026-01-27 10:49:10,bppppbbppbbbbbbbbpbbppbbpbbpbbbpbpbpbpbpbpbbbpbbbbbpppbbbbbpbp,62
322756,916,13,15,bpbbbpbbbbbp,p,bpbbbpbbbbbpp,2026-01-27 10:49:10,bppbpbbpbppppbpbpbbbpbbbbbpppbbpppbpbpbbpbbbppbpbpbbpbbbbpbbbb,62
324772,970,13,24,bpbbbpbbbbbp,p,bpbbbpbbbbbpp,2026-01-27 10:49:10,bbpbbpbpbpppbbppbbpbpbppbpbbbpbbbbbppppbpbpbbbbbppbbpbbbbbpppppbb,65
324817,971,13,2,bpbbbpbbbbbp,b,bpbbbpbbbbbpb,2026-01-27 10:49:10,bpbpbbbpbbbbbpbbbbpbbbbbpppppbpppppppbppbbpbppbpbbbbpbbbpbppp,61
326980,1031,13,14,bpbbbpbbbbbp,p,bpbbbpbbbbbpp,2026-01-27 10:49:10,ppppbpbbppbbppbpbbbpbbbbbpppppb,31
330962,1147,13,10,bpbbbpbbbbbp,p,bpbbbpbbbbbpp,2026-01-27 10:49:10,pbpppbpbpbbpbbbpbbbbbpppbbpbbbppbppbbbppbppbbb,46
331348,1158,13,21,bpbbbpbbbbbp,b,bpbbbpbbbbbpb,2026-01-27 10:49:10,pbpbbpppbbbbbbbpbpbppbpbbbpbbbbbpbbpbbpbpbbbpbbpbbbpp,53
332219,1180,13,20,bpbbbpbbbbbp,b,bpbbbpbbbbbpb,2026-01-27 10:49:10,pppppbbpppbppbppbppbbpbbbpbbbbbpbbbbpbbbbpb,43
333778,1223,13,47,bpbbbpbbbbbp,b,bpbbbpbbbbbpb,2026-01-27 10:49:10,pbbpbbbpbpbbbbbppbbpppbbbbbppbbppbbpbbppbpppbppbpbbbpbbbbbpbbb,62
336246,1290,13,18,bpbbbpbbbbbp,p,bpbbbpbbbbbpp,2026-01-27 10:49:10,bpppppbppbbbbpbpbbbpbbbpbbbbbppbbpppbbpbpbbpbbpbp,49
340777,1415,13,31,bpbbbpbbbbbp,p,bpbbbpbbbbbpp,2026-01-27 10:49:10,pbbpbbbbbppbbpppbbpbbpbpbbppbbbbpbbbpbbbbbppbbppbppbpbp,55
345343,1537,13,16,bpbbbpbbbbbp,b,bpbbbpbbbbbpb,2026-01-27 10:49:10,bbpppbbbpbpbbpbpbpbbbpbbbbbpbbpbpbbppbpbpbpppbbpbpbppbpbpbpbppppbbb,67
352313,1718,13,2,bpbbbpbbbbbp,p,bpbbbpbbbbbpp,2026-01-27 10:49:11,bbbpbbbpbbbbbpppbbbpbbppbbppbpbbbpbppppbbbppbppbppppbbppbbbp,60
354132,1765,13,11,bpbbbpbbbbbp,p,bpbbbpbbbbbpp,2026-01-27 10:49:11,pbbbbbbpbbpbpbbbpbbbbbpppbbbpbbbbppppbbbppppbbppbb,50
298524,175,13,7,bpbbbpbbbbpb,b,bpbbbpbbbbpbb,2026-01-27 10:49:09,bbbbbpbbpbbbpbbbbpbbpbppbppbbp,30
306772,440,13,8,bpbbbpbbbbpb,p,bpbbbpbbbbpbp,2026-01-27 10:49:09,bbpbbbpbbpbbbpbbbbpbpbbbppbpbppbpbbp,36
307502,460,13,10,bpbbbpbbbbpb,p,bpbbbpbbbbpbp,2026-01-27 10:49:09,bbbpppbpbpbpbbbpbbbbpbpppbbbppp,31
321058,869,13,26,bpbbbpbbbbpb,p,bpbbbpbbbbpbp,2026-01-27 10:49:10,bbpbpbbpbbpbpppppbpbbbbbbpbpbbbpbbbbpbpbbbpbbppbpppppbppp,57
321381,878,13,8,bpbbbpbbbbpb,b,bpbbbpbbbbpbb,2026-01-27 10:49:10,pbpbppppbpbbbpbbbbpbbbppbbpbpbppbpppbpbppppbbpppbbbp,52
321486,881,13,36,bpbbbpbbbbpb,b,bpbbbpbbbbpbb,2026-01-27 10:49:10,bbpbbpbbbpbbbpbpbppbbbpbpbppbppbbpbbbpbbbpbbbbpbbppbppbpbbb,59
323049,924,13,1,bpbbbpbbbbpb,b,bpbbbpbbbbpbb,2026-01-27 10:49:10,pbpbbbpbbbbpbbbpbpppbbbbppppbbbpppbbpbb,39
330633,1137,13,24,bpbbbpbbbbpb,b,bpbbbpbbbbpbb,2026-01-27 10:49:10,bppbbbbppbbbbbpbpppppbbpbpbbbpbbbbpbbpbppbbbpbpbbbbpppbpp,57
333222,1208,13,14,bpbbbpbbbbpb,b,bpbbbpbbbbpbb,2026-01-27 10:49:10,pbpbpbbbpbbpbbbpbbbpbbbbpbbpppbbpbpbbbbb,40
333921,1227,13,30,bpbbbpbbbbpb,p,bpbbbpbbbbpbp,2026-01-27 10:49:10,pbbpbpbbppbppbbppbbbbbbbbpbppbbpbbbpbbbbpbpp,44
337449,1325,13,0,bpbbbpbbbbpb,p,bpbbbpbbbbpbp,2026-01-27 10:49:10,bpbbbpbbbbpbpppbppbbpbpppbbbpppbbppppbbbpbbbpbbpbb,50
344311,1512,13,4,bpbbbpbbbbpb,p,bpbbbpbbbbpbp,2026-01-27 10:49:10,pbpbbpbbbpbbbbpbppbpbppbbbpppbbbppbbpppbpbpppppbbbppbb,54
345849,1548,13,20,bpbbbpbbbbpb,p,bpbbbpbbbbpbp,2026-01-27 10:49:10,bbbbpbpbbbppbpbpbbpbbpbbbpbbbbpbpbppppbbpbpbbbpbbbppppppbpppppbpbb,66
351114,1683,13,9,bpbbbpbbbbpb,b,bpbbbpbbbbpbb,2026-01-27 10:49:11,bpbppbpbbbpbbbpbbbbpbbbbpbbbppppppbpbppbppbpbbbbbp,50
352121,1712,13,17,bpbbbpbbbbpb,p,bpbbbpbbbbpbp,2026-01-27 10:49:11,bbpppbpbpbbbbbbbbbpbbbpbbbbpbppbpbppppppppppbbppppbpppp,55
354423,1772,13,15,bpbbbpbbbbpb,b,bpbbbpbbbbpbb,2026-01-27 10:49:11,bpppppbbbbbbppbbpbbbpbbbbpbbpbpbpppbbbbpbp,42
299406,227,13,20,bpbbbpbbbbpp,b,bpbbbpbbbbppb,2026-01-27 10:49:09,ppbbbbbpbbpbbbbpbpppbpbbbpbbbbppbpbbbpbbpbppbbbpbbpb,52
299466,229,13,1,bpbbbpbbbbpp,p,bpbbbpbbbbppp,2026-01-27 10:49:09,pbpbbbpbbbbpppbbpppppppppbbbppbppbpbppbbbbbbbp,46
300137,248,13,26,bpbbbpbbbbpp,b,bpbbbpbbbbppb,2026-01-27 10:49:09,bbpbppbbppbbbbpbbpbpppbpppbpbbbpbbbbppbbppbbpbp,47
305781,411,13,8,bpbbbpbbbbpp,p,bpbbbpbbbbppp,2026-01-27 10:49:09,bpppppppbpbbbpbbbbpppbppbpppbbbbbbp,35
316487,732,13,39,bpbbbpbbbbpp,b,bpbbbpbbbbppb,2026-01-27 10:49:09,pbpppbbbpppppbbppbbppbbbppbppppppppppbbbpbbbpbbbbppbbbbpb,57
317759,771,13,29,bpbbbpbbbbpp,b,bpbbbpbbbbppb,2026-01-27 10:49:09,bbppbpbbbpbpbbbppbpbpppbpbbppbpbbbpbbbbppbpbpppppbbbpbbbbbpbpb,62
317844,773,13,14,bpbbbpbbbbpp,p,bpbbbpbbbbppp,2026-01-27 10:49:09,bbppppppbbbppbbpbbbpbbbbpppppbpppppppbbppbppp,45
322325,904,13,13,bpbbbpbbbbpp,b,bpbbbpbbbbppb,2026-01-27 10:49:10,ppppbpbbbbpbbbpbbbpbbbbppbpbbpbbppbppbbbbbbbb,45
323865,946,13,33,bpbbbpbbbbpp,p,bpbbbpbbbbppp,2026-01-27 10:49:10,bbpbpbbpppppbbpbbbbbbpbpbpppbbppbbpbbbpbbbbppp,46
329868,1114,13,8,bpbbbpbbbbpp,b,bpbbbpbbbbppb,2026-01-27 10:49:10,bppbbbpbbpbbbpbbbbppbbppppbpbpppbbbbp,37
329890,1115,13,8,bpbbbpbbbbpp,b,bpbbbpbbbbppb,2026-01-27 10:49:10,bppbbbpbbpbbbpbbbbppbbppppbpbpppbbbbpp,38
331185,1153,13,25,bpbbbpbbbbpp,p,bpbbbpbbbbppp,2026-01-27 10:49:10,ppbpbpbbpppppppppbppbppbbbpbbbpbbbbppppbpbpbbbbpbpppp,53
337548,1328,13,5,bpbbbpbbbbpp,p,bpbbbpbbbbppp,2026-01-27 10:49:10,ppbpbbpbbbpbbbbpppbbbpbpppbpbpbpppbppbbppppppppbpbbpbb,54
343828,1497,13,24,bpbbbpbbbbpp,b,bpbbbpbbbbppb,2026-01-27 10:49:10,ppbbpbbpbppbbbppbbpbbbpbbpbbbpbbbbppbpb,39
348329,1607,13,15,bpbbbpbbbbpp,p,bpbbbpbbbbppp,2026-01-27 10:49:10,bpbbpbbpbbbbbbpbpbbbpbbbbpppbppppbppppbpbbbppbpppbbpppppppbbbbb,63
360591,1934,13,15,bpbbbpbbbbpp,p,bpbbbpbbbbppp,2026-01-27 10:49:11,bpbpppbbppbpbbpbpbbbpbbbbppppbpbpbppbbbbppbppbpbbbbbbbpbppppb,61
300849,269,13,13,bpbbbpbbpbbp,b,bpbbbpbbpbbpb,2026-01-27 10:49:09,pbbbppbpbbbpbbpbbbpbbpbbpbpbbpbpbbppbppbpbppbpbpppbppp,54
302005,302,13,10,bpbbbpbbpbbp,b,bpbbbpbbpbbpb,2026-01-27 10:49:09,bbpbpbpbbpbpbbbpbbpbbpbbpbbb,28
309886,534,13,16,bpbbbpbbpbbp,b,bpbbbpbbpbbpb,2026-01-27 10:49:09,bbbpbpppbbppppbbbpbbbpbbpbbpbppbppbbppbbpbbpppbbpbbbppbpbbbbpbppb,65
311141,571,13,32,bpbbbpbbpbbp,p,bpbbbpbbpbbpp,2026-01-27 10:49:09,bbbbbpbpppbbppbbbbbppppbbpppppbbbpbbbpbbpbbppbbbpbbbpbbb,56
311976,594,13,19,bpbbbpbbpbbp,p,bpbbbpbbpbbpp,2026-01-27 10:49:09,pbppbbppbpppppbbpppbpbbbpbbpbbppppppbbbppbpbbpbbbbppbbbpbpbbb,61
312839,617,13,16,bpbbbpbbpbbp,b,bpbbbpbbpbbpb,2026-01-27 10:49:09,pbbbbbpbbbbbpbbpbpbbbpbbpbbpbbpbbpb,35
313046,623,13,2,bpbbbpbbpbbp,p,bpbbbpbbpbbpp,2026-01-27 10:49:09,bpbpbbbpbbpbbpppbbbbbpbpbppbpbbbpbbp,36
315898,712,13,37,bpbbbpbbpbbp,b,bpbbbpbbpbbpb,2026-01-27 10:49:09,pbbbbpppbppppppbbbbppbpbpbppbbbppbpbbbpbbbpbbpbbpbbp,52
319363,821,13,5,bpbbbpbbpbbp,b,bpbbbpbbpbbpb,2026-01-27 10:49:09,pbbppbpbbbpbbpbbpbpbbbbbpbpbpppbpbpbpbpbbpbpppb,47
320376,848,13,22,bpbbbpbbpbbp,p,bpbbbpbbpbbpp,2026-01-27 10:49:10,bbpbbpppbpppbbbpbpppppbpbbbpbbpbbppbbppbpbbpbpbbppbpbpbbb,57
321425,879,13,5,bpbbbpbbpbbp,p,bpbbbpbbpbbpp,2026-01-27 10:49:10,pppbbbpbbbpbbpbbppbbppbbppbpbbpbp,33
325171,981,13,7,bpbbbpbbpbbp,b,bpbbbpbbpbbpb,2026-01-27 10:49:10,bbppbpbbpbbbpbbpbbpbbpppbbbppbppbbbpbpbp,40
335474,1268,13,12,bpbbbpbbpbbp,p,bpbbbpbbpbbpp,2026-01-27 10:49:10,pbpppbppbpppbpbbbpbbpbbppppbpbpbpppppbpbbbbbbpbbbpbpbbbppp,58
336692,1303,13,19,bpbbbpbbpbbp,b,bpbbbpbbpbbpb,2026-01-27 10:49:10,bbbpbppbpppbpbbppppbpbbbpbbpbbpbpbpppbpppbppbbbbpbbbpbppppp,59
340586,1410,13,4,bpbbbpbbpbbp,p,bpbbbpbbpbbpp,2026-01-27 10:49:10,ppppbpbbbpbbpbbpppppbpbbbbppbbbbppbpbppbpbbbpb,46
341541,1434,13,20,bpbbbpbbpbbp,b,bpbbbpbbpbbpb,2026-01-27 10:49:10,pbbppbpbbbppppbpbppbbpbbbpbbpbbpbbbpbbppppbbpp,46
343912,1500,13,11,bpbbbpbbpbbp,b,bpbbbpbbpbbpb,2026-01-27 10:49:10,bppbppbbbbbbpbbbpbbpbbpbp,25
344196,1508,13,11,bpbbbpbbpbbp,b,bpbbbpbbpbbpb,2026-01-27 10:49:10,bppbppbbbbbbpbbbpbbpbbpbpbpbppppbbbbbpbb,40
358238,1871,13,37,bpbbbpbbpbbp,p,bpbbbpbbpbbpp,2026-01-27 10:49:11,pbbbbppbbppbbpbbpppbpbpppppbbpbppppbpbpbbbpbbpbbppbbpppbp,57
359344,1901,13,31,bpbbbpbbpbbp,b,bpbbbpbbpbbpb,2026-01-27 10:49:11,pppbbbpppbbbpbbbppbpppbpbbbbbbbbpbbbpbbpbbpbbpbpbbbb,52
302171,309,13,8,bpbbbpbbpbpb,b,bpbbbpbbpbpbb,2026-01-27 10:49:09,bbpbbbpbbpbbbpbbpbpbbpbbpbppppbbbpppb,37
304848,383,13,3,bpbbbpbbpbpb,p,bpbbbpbbpbpbp,2026-01-27 10:49:09,pbpbpbbbpbbpbpbpbpbbbppbbpppbpbpbbppppppbbbbpbbbbbbbbp,54
306280,427,13,28,bpbbbpbbpbpb,p,bpbbbpbbpbpbp,2026-01-27 10:49:09,pbbbpbpppppppbpbpbbpbppbpbpbbpbbbpbbpbpbpppbbbbpbpbpbppppbpbp,61
313753,646,13,47,bpbbbpbbpbpb,b,bpbbbpbbpbpbb,2026-01-27 10:49:09,bppppbppppbppbbbpbbbbppbpbpbbppbbbbpbbbpbbppppbbpbbbpbbpbpbbpbbpp,65
318112,783,13,20,bpbbbpbbpbpb,p,bpbbbpbbpbpbp,2026-01-27 10:49:09,ppbppbppppppppbbppbpbpbbbpbbpbpbpbb,35
327106,1035,13,12,bpbbbpbbpbpb,p,bpbbbpbbpbpbp,2026-01-27 10:49:10,ppppbbpbbppbbpbbbpbbpbpbpbpbbppbpbppbppppppbp,45
330323,1129,13,4,bpbbbpbbpbpb,p,bpbbbpbbpbpbp,2026-01-27 10:49:10,bpppbpbbbpbbpbpbppbbbbbppppppbpbpbbpbbpbbbbpppbpppppp,53
343854,1498,13,26,bpbbbpbbpbpb,p,bpbbbpbbpbpbp,2026-01-27 10:49:10,ppppppbbpppppbbbbpppbpbpbbbpbbbpbbpbpbpbbppbbp,46
348032,1599,13,7,bpbbbpbbpbpb,b,bpbbbpbbpbpbb,2026-01-27 10:49:10,ppbbpbbbpbbbpbbpbpbbpppbpppbppbbpbbpbbppbpbbbpbp,48
350329,1659,13,17,bpbbbpbbpbpb,p,bpbbbpbbpbpbp,2026-01-27 10:49:11,pbpbbbpppbbppbbpbbpbbbpbbpbpbpbppbpppppbpbpbpbbppbbppbppb,57
351164,1684,13,50,bpbbbpbbpbpb,b,bpbbbpbbpbpbb,2026-01-27 10:49:11,bpppppbpppppppbbbbppbbbppppbbbpppbbppbbbpppbbpbbbpbpbbbpbbpbpbbb,64
351919,1706,13,36,bpbbbpbbpbpb,b,bpbbbpbbpbpbb,2026-01-27 10:49:11,bbbpbbpbbbbbbbbbbbbbpppbpbbpbpbbbbbpbpbbbpbbpbpbb,49
352448,1721,13,44,bpbbbpbbpbpb,b,bpbbbpbbpbpbb,2026-01-27 10:49:11,bbbbbbppbpbbbbpppbpbpbbbbbbbpbpbbbpbpppbbpbpbpbbbpbbpbpbbbbp,60
354957,1786,13,28,bpbbbpbbpbpb,p,bpbbbpbbpbpbp,2026-01-27 10:49:11,bpbbbbbbbppbpbbbpbpbpppbpppbbpbbbpbbpbpbppbbpbpbbpbpbpb,55
360817,1940,13,7,bpbbbpbbpbpb,p,bpbbbpbbpbpbp,2026-01-27 10:49:11,pbbbbbbbpbbbpbbpbpbppbpbppppbpbbbbpppbb,39
299412,227,13,32,bpbbbpbbpbpp,b,bpbbbpbbpbppb,2026-01-27 10:49:09,ppbbbbbpbbpbbbbpbpppbpbbbpbbbbppbpbbbpbbpbppbbbpbbpb,52
304580,376,13,35,bpbbbpbbpbpp,b,bpbbbpbbpbppb,2026-01-27 10:49:09,ppbbbppppppbpbbppbbbbpbpbbbbbbbpbpbbpbbbpbbpbppbppp,51
304707,379,13,35,bpbbbpbbpbpp,b,bpbbbpbbpbppb,2026-01-27 10:49:09,ppbbbppppppbpbbppbbbbpbpbbbbbbbpbpbbpbbbpbbpbppbppppbpbpb,57
307701,466,13,21,bpbbbpbbpbpp,p,bpbbbpbbpbppp,2026-01-27 10:49:09,ppbbbbpbpbpppbbpbbppbbpbbbpbbpbpppbbbbbbbpp,43
321273,875,13,16,bpbbbpbbpbpp,p,bpbbbpbbpbppp,2026-01-27 10:49:10,ppbpbbpbbpbpbpbpbpbbbpbbpbpppbbppbppppbbb,41
323304,932,13,22,bpbbbpbbpbpp,p,bpbbbpbbpbppp,2026-01-27 10:49:10,bbpppbpbbbbpbpbpbppbbbbpbbbpbbpbpppbbbb,39
323534,938,13,11,bpbbbpbbpbpp,p,bpbbbpbbpbppp,2026-01-27 10:49:10,pbpbpbbbpppbpbbbpbbpbppppbbbbbbppppbp,37
325962,1005,13,9,bpbbbpbbpbpp,b,bpbbbpbbpbppb,2026-01-27 10:49:10,bppbbbpppbpbbbpbbpbppbpppbpbbppbpbpppbpbppbbpbpbbbppbbpppbb,59
327165,1037,13,5,bpbbbpbbpbpp,p,bpbbbpbbpbppp,2026-01-27 10:49:10,pbpppbpbbbpbbpbpppbbpbppbbpppbppppbbpppbpbpbppbbpppb,52
327208,1038,13,5,bpbbbpbbpbpp,p,bpbbbpbbpbppp,2026-01-27 10:49:10,pbpppbpbbbpbbpbpppbbpbppbbpppbppppbbpppbpbpbppbbpppbbb,54
328979,1088,13,5,bpbbbpbbpbpp,b,bpbbbpbbpbppb,2026-01-27 10:49:10,pbppbbpbbbpbbpbppbbpbbbppbpbbbbpbpbbbpbbbpppbbpppbbpbb,54
333644,1219,13,22,bpbbbpbbpbpp,p,bpbbbpbbpbppp,2026-01-27 10:49:10,bbppppppbbbppbpbppbpbpbpbbbpbbpbppppbbpbppbp,44
333962,1228,13,42,bpbbbpbbpbpp,p,bpbbbpbbpbppp,2026-01-27 10:49:10,pbppbpbpbppbbbbpbbpppbbpbbpppbbppppbpbbpppbpbbbpbbpbppp,55
337624,1330,13,23,bpbbbpbbpbpp,b,bpbbbpbbpbppb,2026-01-27 10:49:10,bpbbppbbppbpbbbbpbbppppbpbbbpbbpbppbbpppp,41
337852,1336,13,10,bpbbbpbbpbpp,b,bpbbbpbbpbppb,2026-01-27 10:49:10,pppbbbpbbbbpbbbpbbpbppbpbppbbbpbpbppbppbbbpbpbbppbbbpbbpppbb,60
340964,1420,13,6,bpbbbpbbpbpp,p,bpbbbpbbpbppp,2026-01-27 10:49:10,bppbbpbpbbbpbbpbpppbpbbbbbppbppppbppbbppbpbbppbbppppbbppbppbppbbp,65
353003,1737,13,33,bpbbbpbbpbpp,p,bpbbbpbbpbppp,2026-01-27 10:49:11,bbbbppppbbpbbbppppbbpppppppbpbpppbpbbbpbbpbpppppbpb,51
353115,1740,13,17,bpbbbpbbpbpp,b,bpbbbpbbpbppb,2026-01-27 10:49:11,pppbbbbbbpbbbpbpbbpbbbpbbpbppbppbbpbppppbppbp,45
355290,1794,13,23,bpbbbpbbpbpp,p,bpbbbpbbpbppp,2026-01-27 10:49:11,ppbbbppppppbbpbbpbppppbbpbbbpbbpbppppbbpppbbpppb,48
358189,1870,13,17,bpbbbpbbpbpp,b,bpbbbpbbpbppb,2026-01-27 10:49:11,pppbpbbbpbpbbppppbpbbbpbbpbppbpbpbbpppbpbppp,44
359234,1898,13,17,bpbbbpbbpbpp,p,bpbbbpbbpbppp,2026-01-27 10:49:11,ppbbpppbpbpbbpppbbpbbbpbbpbpppbpbpppbb,38
299736,236,13,10,bpbbbpbbppbb,b,bpbbbpbbppbbb,2026-01-27 10:49:09,bbbbbbbbppbpbbbpbbppbbbpbppbpbppb,33
303021,333,13,9,bpbbbpbbppbb,b,bpbbbpbbppbbb,2026-01-27 10:49:09,pppbpbpbbbpbbbpbbppbbbpbppbbbbbbpbpb,36
305165,391,13,42,bpbbbpbbppbb,b,bpbbbpbbppbbb,2026-01-27 10:49:09,pbbpbppbbppbbppbppbpbpppbpbbpbpppbppbbbbpbbpbbbpbbppbbbpbbpbpbbb,64
306412,431,13,1,bpbbbpbbppbb,b,bpbbbpbbppbbb,2026-01-27 10:49:09,pbpbbbpbbppbbbbbppbppbbbbpbppbbpbppbbppbpbbbpbpbbpbpbbbpppbpbp,62
307550,462,13,11,bpbbbpbbppbb,b,bpbbbpbbppbbb,2026-01-27 10:49:09,pppbbbpppbpbpbbbpbbppbbbbpppppbbbbpbbbbpbppbbpppbbbppbpppppbb,61
309351,516,13,15,bpbbbpbbppbb,p,bpbbbpbbppbbp,2026-01-27 10:49:09,bbbbpbpbpbbpbbbbpbbbpbbppbbppbbbb,33
310890,564,13,5,bpbbbpbbppbb,b,bpbbbpbbppbbb,2026-01-27 10:49:09,pbppbbpbbbpbbppbbbpppppppbppbpppbbbbbbbpbbpb,44
311745,588,13,27,bpbbbpbbppbb,b,bpbbbpbbppbbb,2026-01-27 10:49:09,ppbbbbbbbppbpbbpbbbbpbppbbbbpbbbpbbppbbbpppbpbbbbpb,51
318714,802,13,30,bpbbbpbbppbb,p,bpbbbpbbppbbp,2026-01-27 10:49:09,pbppbpppppbbbpbbpppppbppbbbbbpbpbbbpbbppbbpppppbbbbpbbppppppbbb,63
319234,818,13,19,bpbbbpbbppbb,b,bpbbbpbbppbbb,2026-01-27 10:49:09,bbpbbppbpppbpbbbppbbpbbbpbbppbbbbpbbpbbpbpbppbpbbbppbpbpbbp,59
326199,1011,13,0,bpbbbpbbppbb,p,bpbbbpbbppbbp,2026-01-27 10:49:10,bpbbbpbbppbbpbbpbpbpbbbppbbbpp,30
326666,1024,13,43,bpbbbpbbppbb,p,bpbbbpbbppbbp,2026-01-27 10:49:10,bpbbppbpbbppbpbpppbpppbppbbpbpbbbbbppppbppbbpbbbpbbppbbpp,57
327952,1059,13,15,bpbbbpbbppbb,p,bpbbbpbbppbbp,2026-01-27 10:49:10,ppbbpppbbpbpbbbbpbbbpbbppbbpppppbbppbbpp,40
334186,1234,13,49,bpbbbpbbppbb,p,bpbbbpbbppbbp,2026-01-27 10:49:10,bpbpbbpppbpbpbbbpbpbpbbpbbbbpppbbppbbbpbbpbpbppbpbpbbbpbbppbbpppbb,66
342697,1466,13,20,bpbbbpbbppbb,b,bpbbbpbbppbbb,2026-01-27 10:49:10,bbpbbpbbbbbbpppppbbpbpbbbpbbppbbbpbpbbbpbppppb,46
344789,1523,13,5,bpbbbpbbppbb,p,bpbbbpbbppbbp,2026-01-27 10:49:10,pbppbbpbbbpbbppbbppbbpbppppppbbppbppbpbpbpp,43
346355,1560,13,9,bpbbbpbbppbb,b,bpbbbpbbppbbb,2026-01-27 10:49:10,bppbbbpbpbpbbbpbbppbbbpbpbpppbppppbbpbbbpbppbbpbpppbpbbpbpppppbp,64
347786,1593,13,17,bpbbbpbbppbb,p,bpbbbpbbppbbp,2026-01-27 10:49:10,ppbppbbbpbppbbpppbpbbbpbbppbbpbpbpppppbbpp,42
351965,1708,13,17,bpbbbpbbppbb,b,bpbbbpbbppbbb,2026-01-27 10:49:11,bbpbppbbppbbbpbpbbpbbbpbbppbbbpbppbbpbppbbpp,44
353649,1755,13,3,bpbbbpbbppbb,p,bpbbbpbbppbbp,2026-01-27 10:49:11,bppbpbbbpbbppbbpbpbbppbbppppbpbbbppppbbpbppppbbbbpbbbbpbpbb,59
355105,1790,13,1,bpbbbpbbppbb,p,bpbbbpbbppbbp,2026-01-27 10:49:11,pbpbbbpbbppbbpbbpbbpbpbpbbbbppppbbbpbbpbppbb,44
357097,1843,13,21,bpbbbpbbppbb,p,bpbbbpbbppbbp,2026-01-27 10:49:11,pbpbbbbpbbbppbbbpbbbbbpbbbpbbppbbppppbbbbppbbbb,47
358400,1875,13,4,bpbbbpbbppbb,p,bpbbbpbbppbbp,2026-01-27 10:49:11,bpppbpbbbpbbppbbppppbpbpbppbbpbpppppppbbbpppp,45
360237,1925,13,41,bpbbbpbbppbb,p,bpbbbpbbppbbp,2026-01-27 10:49:11,pbpppbbpppbpbbbpbpbbppbbpbppbpppbbbbpppbpbpbbbpbbppbbpppbp,58
310328,548,13,13,bpbbbpbbppbp,b,bpbbbpbbppbpb,2026-01-27 10:49:09,bpbbpppbbpbbpbpbbbpbbppbpbpbbpbppbpbbbbbbp,42
318159,785,13,7,bpbbbpbbppbp,b,bpbbbpbbppbpb,2026-01-27 10:49:09,bpbbbbpbpbbbpbbppbpbppppbpppbbbpbpppppbbpppbppb,47
321064,869,13,37,bpbbbpbbppbp,p,bpbbbpbbppbpp,2026-01-27 10:49:10,bbpbpbbpbbpbpppppbpbbbbbbpbpbbbpbbbbpbpbbbpbbppbpppppbppp,57
321185,872,13,37,bpbbbpbbppbp,p,bpbbbpbbppbpp,2026-01-27 10:49:10,pbpbpbbbbbppbpppbbbpppbppbbpbpppbbbbpbpbbbpbbppbppbpbpbp,56
323918,948,13,1,bpbbbpbbppbp,p,bpbbbpbbppbpp,2026-01-27 10:49:10,pbpbbbpbbppbppppppbbbppbpbppbppbbbbbpbbpbbb,43
332861,1198,13,31,bpbbbpbbppbp,p,bpbbbpbbppbpp,2026-01-27 10:49:10,ppbpppbpbbbpbbbbbbbbpbpbppbpppbbpbbbpbbppbppbpbbbbppbbpbpppbppppp,65
334471,1241,13,21,bpbbbpbbppbp,p,bpbbbpbbppbpp,2026-01-27 10:49:10,bbppbbbpbpppppbbbbppbbpbbbpbbppbppbbpbbpbppbpppbpppbbpbp,56
334583,1244,13,28,bpbbbpbbppbp,b,bpbbbpbbppbpb,2026-01-27 10:49:10,bppppbbppppbpbbbbbbppbbpbbbbbpbbbpbbppbpbbbppbbppb,50
338733,1361,13,13,bpbbbpbbppbp,b,bpbbbpbbppbpb,2026-01-27 10:49:10,pbpbpbppbbpppbpbbbpbbppbpbppbbpbbpbppbbpppbpbbppbbpbbpp,55
341056,1422,13,18,bpbbbpbbppbp,p,bpbbbpbbppbpp,2026-01-27 10:49:10,ppbbpbpbpbbbpbbpppbpbbbpbbppbpppbpbpbbbbbppbbbbpbb,50
346881,1573,13,22,bpbbbpbbppbp,b,bpbbbpbbppbpb,2026-01-27 10:49:10,bpbpbbbppbbbppppbbbpbpbpbbbpbbppbpbpbpbbpppbbpbpbpbbpbppp,57
347339,1583,13,4,bpbbbpbbppbp,b,bpbbbpbbppbpb,2026-01-27 10:49:10,pbpbbpbbbpbbppbpbpbbppbpbbpbpbb,31
348533,1612,13,21,bpbbbpbbppbp,b,bpbbbpbbppbpb,2026-01-27 10:49:10,bbbpbbbbbbbpbbbpbppbbbpbbbpbbppbpbpbpbbbpppbbbppbbppbbppbpbp,60
350068,1652,13,19,bpbbbpbbppbp,p,bpbbbpbbppbpp,2026-01-27 10:49:11,ppbpbpppbppbbbpppbpbpbbbpbbppbppbbpbbpbpppbbbbbpbb,50
357174,1845,13,4,bpbbbpbbppbp,b,bpbbbpbbppbpb,2026-01-27 10:49:11,pbbbbpbbbpbbppbpbbbpbppbbppbppbbbbbpbpppbbbpbp,46
297228,63,13,0,bpbbbpbbpppp,b,bpbbbpbbppppb,2026-01-27 10:49:09,bpbbbpbbppppbpbpbpbp,20
301852,298,13,11,bpbbbpbbpppp,b,bpbbbpbbppppb,2026-01-27 10:49:09,ppbbbbpbbbpbpbbbpbbppppbbbpbpbppbpbbpppbpbpbpbppbbbbpbppppppb,61
313638,643,13,15,bpbbbpbbpppp,b,bpbbbpbbppppb,2026-01-27 10:49:09,pppbppbbbpbbbppbpbbbpbbppppbbbpbpbppbbpbpbbpbp,46
313705,645,13,5,bpbbbpbbpppp,p,bpbbbpbbppppp,2026-01-27 10:49:09,pbppbbpbbbpbbppppppbppbpbpbbpppppppppp,38
313747,646,13,34,bpbbbpbbpppp,b,bpbbbpbbppppb,2026-01-27 10:49:09,bppppbppppbppbbbpbbbbppbpbpbbppbbbbpbbbpbbppppbbpbbbpbbpbpbbpbbpp,65
314605,673,13,18,bpbbbpbbpppp,b,bpbbbpbbppppb,2026-01-27 10:49:09,bppppbppbbpppppbpbbpbbbpbbppppb,31
320826,862,13,15,bpbbbpbbpppp,b,bpbbbpbbppppb,2026-01-27 10:49:10,bpbpbpppbbpppbpbpbbbpbbppppbbbbbppbpbppbbp,42
321319,876,13,29,bpbbbpbbpppp,p,bpbbbpbbppppp,2026-01-27 10:49:10,bppbbbpbbpbbpbppbpbbbbppbppbpbpbbbpbbpppppppbbbbbppbpbbpbbpbp,61
331892,1172,13,9,bpbbbpbbpppp,p,bpbbbpbbppppp,2026-01-27 10:49:10,pbbpbbppbbpbbbpbbpppppbppbpbpbpbpbppppbpb,41
341547,1434,13,30,bpbbbpbbpppp,b,bpbbbpbbppppb,2026-01-27 10:49:10,pbbppbpbbbppppbpbppbbpbbbpbbpbbpbbbpbbppppbbpp,46
342936,1473,13,1,bpbbbpbbpppp,b,bpbbbpbbppppb,2026-01-27 10:49:10,pbpbbbpbbppppbppbbpppbbbpbbbbbpppbppbbpppbpb,44
344012,1503,13,34,bpbbbpbbpppp,p,bpbbbpbbppppp,2026-01-27 10:49:10,bbbbpbbpppbbpbpbpbbpppppppppbbpbbpbpbbbpbbpppppbbpbbpbbbbpbbp,61
346322,1559,13,27,bpbbbpbbpppp,p,bpbbbpbbppppp,2026-01-27 10:49:10,pbpbbpbpbppppbpppbpppbppbbpbpbbbpbbpppppppbppppbp,49
347841,1594,13,42,bpbbbpbbpppp,b,bpbbbpbbppppb,2026-01-27 10:49:10,pbpbpbpbpbbbpbbpppbpbbpbpppbpbpppbpbpbbpbpbpbbbpbbppppbpbbpppbbbbb,66
349226,1631,13,7,bpbbbpbbpppp,p,bpbbbpbbppppp,2026-01-27 10:49:11,pppbpppbpbbbpbbppppppppbbbbbpbbbppppbppppppbppppbbbpbbbpbpp,59
350829,1673,13,21,bpbbbpbbpppp,p,bpbbbpbbppppp,2026-01-27 10:49:11,pbbpppbpbpbpbbbbpbpppbpbbbpbbpppppbppbbbppbbbbb,47
296760,22,13,0,bpbbbpbpbbbb,p,bpbbbpbpbbbbp,2026-01-27 10:49:09,bpbbbpbpbbbbppbbbbbpp,21
297598,104,13,8,bpbbbpbpbbbb,p,bpbbbpbpbbbbp,2026-01-27 10:49:09,bbpbpppbbpbbbpbpbbbbppbbpbppbppbbbp,35
315128,690,13,0,bpbbbpbpbbbb,b,bpbbbpbpbbbbb,2026-01-27 10:49:09,bpbbbpbpbbbbbpbppbppppppppbbppbpbpbbbbpbpbpbbppbpppb,52
316896,744,13,8,bpbbbpbpbbbb,b,bpbbbpbpbbbbb,2026-01-27 10:49:09,pbbbbpbpbpbbbpbpbbbbbpbpbbbpb,29
318043,780,13,6,bpbbbpbpbbbb,b,bpbbbpbpbbbbb,2026-01-27 10:49:09,ppppbpbpbbbpbpbbbbbbbpppppppp,29
322836,918,13,21,bpbbbpbpbbbb,b,bpbbbpbpbbbbb,2026-01-27 10:49:10,bbbppppbbpppbbppppbbpbpbbbpbpbbbbbppppbbbpppbbbbppb,51
324148,954,13,14,bpbbbpbpbbbb,p,bpbbbpbpbbbbp,2026-01-27 10:49:10,bpbpppbpbbbbppbpbbbpbpbbbbpbpbppbppb,36
333756,1223,13,2,bpbbbpbpbbbb,b,bpbbbpbpbbbbb,2026-01-27 10:49:10,pbbpbbbpbpbbbbbppbbpppbbbbbppbbppbbpbbppbpppbppbpbbbpbbbbbpbbb,62
334905,1254,13,54,bpbbbpbpbbbb,b,bpbbbpbpbbbbb,2026-01-27 10:49:10,bbbpppbpppbbbbbpppppbpbppppbbpbbppbpbbbpbbpbbbppppbpppbpbbbpbpbbbbbb,68
339902,1391,13,52,bpbbbpbpbbbb,p,bpbbbpbpbbbbp,2026-01-27 10:49:10,pppbbbbbbbbpbbpbbpbpppppbbbppbbpbbpppbpbpbpbbbbbppbbbpbbbpbpbbbbpppb,68
348134,1602,13,10,bpbbbpbpbbbb,p,bpbbbpbpbbbbp,2026-01-27 10:49:10,pppbppbppbbpbbbpbpbbbbpppbpbpbpppbpbpbbppppbpppbbbbbpbppb,57
349408,1636,13,26,bpbbbpbpbbbb,p,bpbbbpbpbbbbp,2026-01-27 10:49:11,pbbppbbbpbpbbbpbpbbpbpbbppbpbbbpbpbbbbpppbbbbpbpppbb,52
349577,1640,13,42,bpbbbpbpbbbb,b,bpbbbpbpbbbbb,2026-01-27 10:49:11,ppbbbpbppppbbbpppppbbbbppbpbppbbbbpbbpbpppbpbbbpbpbbbbbbbbbbb,61
351405,1691,13,36,bpbbbpbpbbbb,b,bpbbbpbpbbbbb,2026-01-27 10:49:11,bbpbpppbbbbpppppbbppbbpbbpbpbbpbpbppbpbbbpbpbbbbbbbppbpbbbbb,60
351997,1709,13,11,bpbbbpbpbbbb,b,bpbbbpbpbbbbb,2026-01-27 10:49:11,pppbbbpbbpbbpbbbpbpbbbbbbbbbppbppbpbbppppbbbb,45
354664,1778,13,3,bpbbbpbpbbbb,p,bpbbbpbpbbbbp,2026-01-27 10:49:11,bppbpbbbpbpbbbbpppbbbppbbbpppbpbpbpbbb,38
357929,1864,13,6,bpbbbpbpbbbb,b,bpbbbpbpbbbbb,2026-01-27 10:49:11,ppbbppbpbbbpbpbbbbbbpbbppppbppbpbpbbpbpbbpbbpbpbbbp,51
359267,1899,13,22,bpbbbpbpbbbb,b,bpbbbpbpbbbbb,2026-01-27 10:49:11,ppbpbbbpbppbppppbbpbpbbpbbbpbpbbbbbbbbbpbbpp,44
302616,322,13,43,bpbbbpbpbbpb,p,bpbbbpbpbbpbp,2026-01-27 10:49:09,bbbbbpppbppbppppbpbpbbbbbpppbbbpppppppbpbbpbpbbbpbpbbpbp,56
302640,323,13,10,bpbbbpbpbbpb,p,bpbbbpbpbbpbp,2026-01-27 10:49:09,pbbppbpbbbbpbbbpbpbbpbppbbppbpppbpbppppppbbbbpbbppbppppbbbpbpb,62
306432,431,13,39,bpbbbpbpbbpb,p,bpbbbpbpbbpbp,2026-01-27 10:49:09,pbpbbbpbbppbbbbbppbppbbbbpbppbbpbppbbppbpbbbpbpbbpbpbbbpppbpbp,62
309010,505,13,9,bpbbbpbpbbpb,p,bpbbbpbpbbpbp,2026-01-27 10:49:09,pppbpbpbbbpbbbpbpbbpbpbbbpbppbbpppbpbbbbbppbbpppbbpbbp,54
310026,538,13,5,bpbbbpbpbbpb,p,bpbbbpbpbbpbp,2026-01-27 10:49:09,bpppbbpbbbpbpbbpbpbbpbbppp,26
312352,603,13,34,bpbbbpbpbbpb,p,bpbbbpbpbbpbp,2026-01-27 10:49:09,ppbbpbbbpbpbbppppbbpbbpbpppbbpbbppbpbbbpbpbbpbppppbbp,53
314953,685,13,11,bpbbbpbpbbpb,p,bpbbbpbpbbpbp,2026-01-27 10:49:09,pbbbbpppbbpbpbbbpbpbbpbppbbppbbbpbpbp,37
316053,717,13,34,bpbbbpbpbbpb,b,bpbbbpbpbbpbb,2026-01-27 10:49:09,pppbbbbpppbpbbbbbbbbbbbpbbbbbpppbbbpbbbpbpbbpbbbbbbbbpb,55
330000,1118,13,3,bpbbbpbpbbpb,b,bpbbbpbpbbpbb,2026-01-27 10:49:10,pbpbpbbbpbpbbpbbppbpbpbpppppbbpppppbbbppppbpbpbpbpppbbbpppbppp,62
332078,1177,13,6,bpbbbpbpbbpb,p,bpbbbpbpbbpbp,2026-01-27 10:49:10,pbpbpbbpbbbpbpbbpbpbbppbppppbpbpbpbpppbpppbpbpppppppppppbbppbpbbbp,66
334799,1251,13,19,bpbbbpbpbbpb,b,bpbbbpbpbbpbb,2026-01-27 10:49:10,bbbpbpbpbbpppbbppbbbpbbbpbpbbpbbpppbpbpbpp,42
338876,1365,13,0,bpbbbpbpbbpb,p,bpbbbpbpbbpbp,2026-01-27 10:49:10,bpbbbpbpbbpbpbpbpbppbbbbpbbbbbpppbpbpbbbbpppb,45
339388,1377,13,33,bpbbbpbpbbpb,p,bpbbbpbpbbpbp,2026-01-27 10:49:10,bbbppbpppppppbpbpbpppbbpbpbpppppbbpbbbpbpbbpbppbbp,50
349396,1636,13,9,bpbbbpbpbbpb,p,bpbbbpbpbbpbp,2026-01-27 10:49:11,pbbppbbbpbpbbbpbpbbpbpbbppbpbbbpbpbbbbpppbbbbpbpppbb,52
353109,1740,13,8,bpbbbpbpbbpb,b,bpbbbpbpbbpbb,2026-01-27 10:49:11,pppbbbbbbpbbbpbpbbpbbbpbbpbppbppbbpbppppbppbp,45
354066,1764,13,8,bpbbbpbpbbpb,p,bpbbbpbpbbpbp,2026-01-27 10:49:11,bppbpppbbpbbbpbpbbpbpbbbpbbbpbpppbpbbbpbpppbppbpbppbppbbbbpbbbbp,64
360172,1924,13,3,bpbbbpbpbbpb,b,bpbbbpbpbbpbb,2026-01-27 10:49:11,ppbbpbbbpbpbbpbbpbbbppbpbbpbpbbbbppppbbbbpbpbpppppppb,53
360397,1929,13,8,bpbbbpbpbbpb,b,bpbbbpbpbbpbb,2026-01-27 10:49:11,bbpppbpbbpbbbpbpbbpbbpbppbpbbbppbpppbbbpbbbpbpbbp,49
303407,345,13,11,bpbbbpbpbbpp,p,bpbbbpbpbbppp,2026-01-27 10:49:09,bbppppbbpppbpbbbpbpbbppppbbpbppbbbbbbbbbpbpbbbbpbppppbpp,56
303823,356,13,21,bpbbbpbpbbpp,p,bpbbbpbpbbppp,2026-01-27 10:49:09,ppppbbpbbbbppbpppppppbpbbbpbpbbppppbbpbpbbbp,44
312334,603,13,3,bpbbbpbpbbpp,p,bpbbbpbpbbppp,2026-01-27 10:49:09,ppbbpbbbpbpbbppppbbpbbpbpppbbpbbppbpbbbpbpbbpbppppbbp,53
313210,628,13,17,bpbbbpbpbbpp,p,bpbbbpbpbbppp,2026-01-27 10:49:09,pbbbbbbpbbpppbppbbpbbbpbpbbppppbppbbppbpbp,42
322290,903,13,16,bpbbbpbpbbpp,b,bpbbbpbpbbppb,2026-01-27 10:49:10,ppppppbpbpbpbbppbpbbbpbpbbppbbpbpbpbppbbbbpp,44
326518,1020,13,31,bpbbbpbpbbpp,p,bpbbbpbpbbppp,2026-01-27 10:49:10,bbbpbbpppppbpbbpbbpbbppbppppbppbpbbbpbpbbppppbpbbbbbpppppbpbb,61
327731,1052,13,8,bpbbbpbpbbpp,p,bpbbbpbpbbppp,2026-01-27 10:49:10,bbbbppbpbpbbbpbpbbpppbbpppbbppbppppbbp,38
331066,1150,13,13,bpbbbpbpbbpp,b,bpbbbpbpbbppb,2026-01-27 10:49:10,bbbpbpbbbbpppbpbbbpbpbbppbbppbppb,33
334687,1248,13,21,bpbbbpbpbbpp,b,bpbbbpbpbbppb,2026-01-27 10:49:10,ppbppppbpbbbpbpbpppbbbpbbbpbpbbppbppppbbbbbbpbbb,48
344055,1504,13,26,bpbbbpbpbbpp,p,bpbbbpbpbbppp,2026-01-27 10:49:10,bbpbbpbpppbbbbbpbpbppppbppbpbbbpbpbbppppbbpbp,45
345968,1551,13,14,bpbbbpbpbbpp,p,bpbbbpbpbbppp,2026-01-27 10:49:10,bbbbppbppbpbbpbpbbbpbpbbpppbbbppbbbpbpbpbbbpbbpbb,49
350254,1657,13,26,bpbbbpbpbbpp,p,bpbbbpbpbbppp,2026-01-27 10:49:11,bbbbppppppbbbbppbbbbbppbppbpbbbpbpbbpppbbppbppppppbpbbpp,56
350454,1662,13,24,bpbbbpbpbbpp,p,bpbbbpbpbbppp,2026-01-27 10:49:11,bpbbpbbbbppbbpbpbpbppppbbpbbbpbpbbpppbb,39
350646,1668,13,34,bpbbbpbpbbpp,p,bpbbbpbpbbppp,2026-01-27 10:49:11,bppbbpppbbbbbpbbppbppbpbppbbbbbbbpbpbbbpbpbbppppbppppbbb,56
356392,1824,13,6,bpbbbpbpbbpp,p,bpbbbpbpbbppp,2026-01-27 10:49:11,bbbppbbpbbbpbpbbppppppbbbpbbpbppbbbbbpbpb,41
357585,1856,13,44,bpbbbpbpbbpp,p,bpbbbpbpbbppp,2026-01-27 10:49:11,bbppbppbbbbpbpbbbppbpbppbbpbpbppppbppppppbpbbpbbbpbpbbppppp,59
358181,1870,13,3,bpbbbpbpbbpp,p,bpbbbpbpbbppp,2026-01-27 10:49:11,pppbpbbbpbpbbppppbpbbbpbbpbppbpbpbbpppbpbppp,44
360219,1925,13,10,bpbbbpbpbbpp,b,bpbbbpbpbbppb,2026-01-27 10:49:11,pbpppbbpppbpbbbpbpbbppbbpbppbpppbbbbpppbpbpbbbpbbppbbpppbp,58
301429,284,13,44,bpbbbpbpbpbb,b,bpbbbpbpbpbbb,2026-01-27 10:49:09,bppbbpbbbbbbbpppbpbpbbpbbpppbbpppbppbbbppbbpbpbbbpbpbpbbbppbb,61
306851,442,13,18,bpbbbpbpbpbb,b,bpbbbpbpbpbbb,2026-01-27 10:49:09,ppppbppbpbppppbbbbbpbbbpbpbpbbbbppbpppbbbbpbbbb,47
314476,669,13,15,bpbbbpbpbpbb,b,bpbbbpbpbpbbb,2026-01-27 10:49:09,bpbbppbpppppbpbbpbbbpbpbpbbbppbbbpbbbbbbppbbppbbbbbpbp,54
319787,832,13,26,bpbbbpbpbpbb,p,bpbbbpbpbpbbp,2026-01-27 10:49:10,pbbbpbbppbpbpbpppbpbpbbppbbpbbbpbpbpbbpbbpbpbbpbpbpbbbbpb,57
329220,1094,13,22,bpbbbpbpbpbb,b,bpbbbpbpbpbbb,2026-01-27 10:49:10,ppbpbbbpbpppbbbbbbbbpbbpbbbpbpbpbbbpbpbpbbbppbbb,48
329226,1094,13,30,bpbbbpbpbpbb,b,bpbbbpbpbpbbb,2026-01-27 10:49:10,ppbpbbbpbpppbbbbbbbbpbbpbbbpbpbpbbbpbpbpbbbppbbb,48
334162,1234,13,11,bpbbbpbpbpbb,p,bpbbbpbpbpbbp,2026-01-27 10:49:10,bpbpbbpppbpbpbbbpbpbpbbpbbbbpppbbppbbbpbbpbpbppbpbpbbbpbbppbbpppbb,66
336989,1311,13,31,bpbbbpbpbpbb,p,bpbbbpbpbpbbp,2026-01-27 10:49:10,bppbpbbpbppbbbbbbbbbpbbbbbpppbbbpbbbpbpbpbbpbbbbpppppbp,55
341021,1421,13,14,bpbbbpbpbpbb,b,bpbbbpbpbpbbb,2026-01-27 10:49:10,ppbbppbbpppbbbbpbbbpbpbpbbbbbbpbbbbbpbbbppp,43
344865,1525,13,40,bpbbbpbpbpbb,b,bpbbbpbpbpbbb,2026-01-27 10:49:10,bpbpbbbpbbpppbbpbbbbbbbpppbbbbbbbbbpbpppbpbbbpbpbpbbbb,54
345218,1534,13,24,bpbbbpbpbpbb,p,bpbbbpbpbpbbp,2026-01-27 10:49:10,pbpbpppbpppbpbbpbbpbpbbpbpbbbpbpbpbbpbbbbbppbbppbppppbbbppp,59
345418,1538,13,27,bpbbbpbpbpbb,p,bpbbbpbpbpbbp,2026-01-27 10:49:10,bppbbppppbbbpbbpbppbbbpbbpbbpbbbpbpbpbbpbbpbbppppppbppbbp,57
348625,1614,13,34,bpbbbpbpbpbb,p,bpbbbpbpbpbbp,2026-01-27 10:49:10,pbbppbbbbpbppbppppbbbbbbppbppbbpppbpbbbpbpbpbbppppbpbp,54
301620,291,13,36,bpbbbpbpbpbp,p,bpbbbpbpbpbpp,2026-01-27 10:49:09,bpbbpbbppbbbppbbpbbpbbpbbbbbbppbbbbbbpbbbpbpbpbpppbppp,54
304908,384,13,29,bpbbbpbpbpbp,p,bpbbbpbpbpbpp,2026-01-27 10:49:09,pppbbbpppbbbpbbpbppbbppbbpppbbpbbbpbpbpbppbpbpbp,48
311780,589,13,18,bpbbbpbpbpbp,p,bpbbbpbpbpbpp,2026-01-27 10:49:09,bbpbpbbpbpbpbbpbbbbpbbbpbpbpbppbbpppbpbppbbppb,46
317807,772,13,21,bpbbbpbpbpbp,b,bpbbbpbpbpbpb,2026-01-27 10:49:09,bbppbpbbpbppppppbpppbbpbbbpbpbpbpbpbbbppppbpbpb,47
320511,852,13,26,bpbbbpbpbpbp,b,bpbbbpbpbpbpb,2026-01-27 10:49:10,bppppbbppbbbbbbbbpbbppbbpbbpbbbpbpbpbpbpbpbbbpbbbbbpppbbbbbpbp,62
323076,925,13,12,bpbbbpbpbpbp,p,bpbbbpbpbpbpp,2026-01-27 10:49:10,bpbbbbppppbbbpbbbpbpbpbppbpbbbpbpbbb,36
324402,961,13,7,bpbbbpbpbpbp,p,bpbbbpbpbpbpp,2026-01-27 10:49:10,ppbppppbpbbbpbpbpbppbbppbbbbpbbpbbbbpppppbbpppppbpbppb,54
332346,1184,13,25,bpbbbpbpbpbp,p,bpbbbpbpbpbpp,2026-01-27 10:49:10,pppppppbpbpbppppppbpbppbbbpbbbpbpbpbppbpbbppbbpbpppbbpbbp,57
333032,1202,13,29,bpbbbpbpbpbp,p,bpbbbpbpbpbpp,2026-01-27 10:49:10,pbppbpbppppbpppppbbbpbpbbbbbbbpbbbpbpbpbppbbbpbbbbbbpp,54
348763,1618,13,20,bpbbbpbpbpbp,b,bpbbbpbpbpbpb,2026-01-27 10:49:11,ppbbpbbbpbpppppbpbppbpbbbpbpbpbpbb,34
348996,1625,13,27,bpbbbpbpbpbp,p,bpbbbpbpbpbpp,2026-01-27 10:49:11,bbbpbbbbbpbppppbpppbpppbpbpbpbbbpbpbpbppbbbpppbbbbbbpbpb,56
349479,1638,13,13,bpbbbpbpbpbp,b,bpbbbpbpbpbpb,2026-01-27 10:49:11,ppbppbbpbppbbbpbbbpbpbpbpbbbppbbpbbppbppppbbpbbpbppppp,54
349608,1641,13,7,bpbbbpbpbpbp,b,bpbbbpbpbpbpb,2026-01-27 10:49:11,pbppppbbpbbbpbpbpbpbbbbbpbppppbpbpbb,36
301297,280,13,22,bpbbbpbpbppb,b,bpbbbpbpbppbb,2026-01-27 10:49:09,pbpbpbpbpbbpbbbpbbbbbbbpbbbpbpbppbbbbpbpbbbbbbbbbbpbbppp,56
304417,372,13,35,bpbbbpbpbppb,b,bpbbbpbpbppbb,2026-01-27 10:49:09,pbbbppbbppbbbpbpbbbppbppppbbbpppppbbpbbbpbpbppbbbp,50
304669,378,13,33,bpbbbpbpbppb,p,bpbbbpbpbppbp,2026-01-27 10:49:09,ppbbppbppbbbpppbppppbpbbpbpbpbpbbbpbbbpbpbppbppb,48
308846,500,13,20,bpbbbpbpbppb,b,bpbbbpbpbppbb,2026-01-27 10:49:09,bbbbbbbpppbppbpbbpbpbpbbbpbpbppbbpbbpppbbbpppbpbppbbpppbppb,59
317380,761,13,6,bpbbbpbpbppb,b,bpbbbpbpbppbb,2026-01-27 10:49:09,bbppppbpbbbpbpbppbbpbbpbppbbpppbpbbpbbbbpbbbppbbbpbb,52
321468,881,13,8,bpbbbpbpbppb,b,bpbbbpbpbppbb,2026-01-27 10:49:10,bbpbbpbbbpbbbpbpbppbbbpbpbppbppbbpbbbpbbbpbbbbpbbppbppbpbbb,59
322102,899,13,31,bpbbbpbpbppb,p,bpbbbpbpbppbp,2026-01-27 10:49:10,ppppppbppbbpbbpbpbpppppbbbbbbbpbpbbbpbpbppbppbbpbbpbbbp,55
324979,976,13,6,bpbbbpbpbppb,b,bpbbbpbpbppbb,2026-01-27 10:49:10,bpbppbbpbbbpbpbppbbpbpbbpbppbbbbpb,34
325598,994,13,6,bpbbbpbpbppb,p,bpbbbpbpbppbp,2026-01-27 10:49:10,bbbpbbbpbbbpbpbppbppbppbpbbpbb,30
340186,1399,13,4,bpbbbpbpbppb,b,bpbbbpbpbppbb,2026-01-27 10:49:10,pbbpbpbbbpbpbppbbppbppbppbbbppppppb,35
341192,1426,13,9,bpbbbpbpbppb,b,bpbbbpbpbppbb,2026-01-27 10:49:10,bbpbbbbbpbpbbbpbpbppbbpbbpbppbbbppbppbbppbppbpbbppbpbppbp,57
341472,1432,13,16,bpbbbpbpbppb,p,bpbbbpbpbppbp,2026-01-27 10:49:10,ppbppbpbbbbpppbbbpbbbpbpbppbpbpbppbbpb,38
350024,1651,13,17,bpbbbpbpbppb,b,bpbbbpbpbppbb,2026-01-27 10:49:11,pbbppppbpbpppbbppbpbbbpbpbppbbbppppbbpbbpbbpppbbpbb,51
350284,1658,13,1,bpbbbpbpbppb,p,bpbbbpbpbppbp,2026-01-27 10:49:11,pbpbbbpbpbppbpbbpbppbbbpbpbppppppppppp,38
356074,1815,13,16,bpbbbpbpbppb,b,bpbbbpbpbppbb,2026-01-27 10:49:11,bbpppppbppppbbbpbpbbbpbpbppbbppbpb,34
356131,1817,13,23,bpbbbpbpbppb,b,bpbbbpbpbppbb,2026-01-27 10:49:11,pbbbbpbppbbpbbppbppbbpbbpbbbpbpbppbbppbbppbbpbbppbbbppbpbp,58
298260,158,13,19,bpbbbpbppbbp,b,bpbbbpbppbbpb,2026-01-27 10:49:09,bbbbbppbbbbbpbbbbbbbpbbbpbppbbpb,32
303725,354,13,18,bpbbbpbppbbp,p,bpbbbpbppbbpp,2026-01-27 10:49:09,bpbpbbpppbbpbpbppbbpbbbpbppbbppppbpbbpbppppppbpbpbbpbbpbpbpbpp,62
304983,386,13,24,bpbbbpbppbbp,b,bpbbbpbppbbpb,2026-01-27 10:49:09,bbpbpbbbbbpbpbppbpbpppppbpbbbpbppbbpbppbppbpppbppbbpppbb,56
309018,505,13,20,bpbbbpbppbbp,p,bpbbbpbppbbpp,2026-01-27 10:49:09,pppbpbpbbbpbbbpbpbbpbpbbbpbppbbpppbpbbbbbppbbpppbbpbbp,54
316615,737,13,8,bpbbbpbppbbp,b,bpbbbpbppbbpb,2026-01-27 10:49:09,ppppbbbbbpbbbpbppbbpbpbbbpbbbpbbbpppbppbbbpbpbpppbbbbbppbbpbp,61
320456,850,13,18,bpbbbpbppbbp,b,bpbbbpbppbbpb,2026-01-27 10:49:10,bppbbppbbppbbpppbbbpbbbpbppbbpbpbbbpppb,39
337025,1312,13,15,bpbbbpbppbbp,p,bpbbbpbppbbpp,2026-01-27 10:49:10,pbbbpbbbbbpbbbpbpbbbpbppbbpppbbbpbbbbpbbppbppbppbbbbbbpbpppbbp,62
340892,1418,13,40,bpbbbpbppbbp,b,bpbbbpbppbbpb,2026-01-27 10:49:10,bbppbbpbpbpppbpppbbbbbpppbppbbpbbbpbbpbbbpbbbpbppbbpbppppbbpppbp,64
345608,1542,13,4,bpbbbpbppbbp,b,bpbbbpbppbbpb,2026-01-27 10:49:10,bpbpbpbbbpbppbbpbpbbbpbppbbbpbbbbppbbbpbbpbbbppbppbpppbbppbb,60
346369,1560,13,35,bpbbbpbppbbp,b,bpbbbpbppbbpb,2026-01-27 10:49:10,bppbbbpbpbpbbbpbbppbbbpbpbpppbppppbbpbbbpbppbbpbpppbpbbpbpppppbp,64
353780,1758,13,1,bpbbbpbppbbp,b,bpbbbpbppbbpb,2026-01-27 10:49:11,bbpbbbpbppbbpbpbbppbbppppbpbpppppppbbbppbpbpbpbbbbpbbpppbpbbbbb,63
356578,1828,13,2,bpbbbpbppbbp,b,bpbbbpbppbbpb,2026-01-27 10:49:11,ppbpbbbpbppbbpbpbbppbppbbpbpbpppppbpppppbb,42
357180,1845,13,14,bpbbbpbppbbp,p,bpbbbpbppbbpp,2026-01-27 10:49:11,pbbbbpbbbpbbppbpbbbpbppbbppbppbbbbbpbpppbbbpbp,46
358811,1888,13,17,bpbbbpbppbbp,p,bpbbbpbppbbpp,2026-01-27 10:49:11,bbpbbbbbbppbppbpbbpbbbpbppbbppbppbppbppbpbpbpppbpbbppbbbbpb,59
310519,555,13,3,bpbbbpbppbpb,p,bpbbbpbppbpbp,2026-01-27 10:49:09,ppbbpbbbpbppbpbppppbbppbppbpbbpbppbbbpbpbppppppppbpppbb,55
314055,655,13,45,bpbbbpbppbpb,b,bpbbbpbppbpbb,2026-01-27 10:49:09,pbpbpbbpbppbbbbpbbbbbbbppbbbbpbbbbpppbbppbpbpbpbbbpbppbpbbb,59
315768,708,13,31,bpbbbpbppbpb,b,bpbbbpbppbpbb,2026-01-27 10:49:09,ppbbbbbbbbbbbpbpbbbbpppbpbpppppbpbbbpbppbpbbbbpppb,50
323101,926,13,4,bpbbbpbppbpb,b,bpbbbpbppbpbb,2026-01-27 10:49:10,pbbpbpbbbpbppbpbbppbpbbbpppbpppbbbpbbpppbbppbp,46
323413,935,13,14,bpbbbpbppbpb,p,bpbbbpbppbpbp,2026-01-27 10:49:10,pppbbpbbbpppppbpbbbpbppbpbpppbbbbppbbpbbbpppbbpppbppppppb,57
328698,1079,13,16,bpbbbpbppbpb,p,bpbbbpbppbpbp,2026-01-27 10:49:10,pbbpbbpbbbppbpbpbpbbbpbppbpbpbppbbpbpp,38
333549,1217,13,10,bpbbbpbppbpb,p,bpbbbpbppbpbp,2026-01-27 10:49:10,ppbppbbppbbpbbbpbppbpbppppppppbpbbppbpbpbbppbbbpbp,50
338059,1341,13,9,bpbbbpbppbpb,p,bpbbbpbppbpbp,2026-01-27 10:49:10,bpppbpppbbpbbbpbppbpbppbpbbppbpbbbbbppppbppbpbbbbbpp,52
339935,1392,13,7,bpbbbpbppbpb,b,bpbbbpbppbpbb,2026-01-27 10:49:10,bpbpbppbpbbbpbppbpbbpbpbbbppppbpbbpppbppbppbbpbpbpbppbbpbpbbb,61
343738,1494,13,17,bpbbbpbppbpb,b,bpbbbpbppbpbb,2026-01-27 10:49:10,bpbpbbbbppppbpppbbpbbbpbppbpbbppppppbbbpbbbp,44
347416,1585,13,14,bpbbbpbppbpb,p,bpbbbpbppbpbp,2026-01-27 10:49:10,ppbbppbppppbpbbpbbbpbppbpbpbbpppbbpbppbbpbbbpppbbbpbpbpbpbb,59
358507,1877,13,33,bpbbbpbppbpb,p,bpbbbpbppbpbp,2026-01-27 10:49:11,bpbbpbpbppbbppppbppbppbbbbppbppbpbpbbbpbppbpbpbbpppb,52
302158,308,13,10,bpbbbpbppbpp,p,bpbbbpbppbppp,2026-01-27 10:49:09,bbppppbpppbpbbbpbppbppppppp,27
302723,325,13,36,bpbbbpbppbpp,b,bpbbbpbppbppb,2026-01-27 10:49:09,bbbbbpbbbbpbbpbpbbpbppbpbbpbppbbpbpbbpbbbpbppbppbpppbpppppbpbpppbbbpp,69
305115,390,13,42,bpbbbpbppbpp,p,bpbbbpbppbppp,2026-01-27 10:49:09,ppbbpbpbbppbbbbbpbbbppbppbbppbppbbbbpppbbpbpbbbpbppbppppb,57
312860,618,13,17,bpbbbpbppbpp,b,bpbbbpbppbppb,2026-01-27 10:49:09,bppppppbpbbbpbbbbbpbbbpbppbppbp,31
318665,801,13,7,bpbbbpbppbpp,b,bpbbbpbppbppb,2026-01-27 10:49:09,bpbppppbpbbbpbppbppbppbbbbbpbppbbbbpbbbbbbpbpppppp,50
319529,825,13,4,bpbbbpbppbpp,b,bpbbbpbppbppb,2026-01-27 10:49:10,pbppbpbbbpbppbppbppbbppbbpbbbppbbppbpbpbbbpppppbppppppbbpbpbbb,62
322231,902,13,14,bpbbbpbppbpp,b,bpbbbpbppbppb,2026-01-27 10:49:10,bpbpbpppbbbpbbbpbbbpbppbppbpbpbbbpppbpbbppbpppbppppbpbbbpbpp,60
323218,929,13,4,bpbbbpbppbpp,p,bpbbbpbppbppp,2026-01-27 10:49:10,pbpbbpbbbpbppbppppbppbbbpbpbbbbpbbp,35
324016,951,13,26,bpbbbpbppbpp,p,bpbbbpbppbppp,2026-01-27 10:49:10,bbppppppbbpppbpppbpbbbbbppbpbbbpbppbppppbbbppbbpppbpp,53
324499,963,13,23,bpbbbpbppbpp,p,bpbbbpbppbppp,2026-01-27 10:49:10,bppbbpbpbppbpbbpppbppbpbpbbbpbppbpppbbpbpbpbbbb,47
332264,1182,13,2,bpbbbpbppbpp,b,bpbbbpbppbppb,2026-01-27 10:49:10,pbbpbbbpbppbppbpppbpppppbpbbbbpbbpppppbbbbppbpbbbbbpbb,54
332976,1201,13,22,bpbbbpbppbpp,p,bpbbbpbppbppp,2026-01-27 10:49:10,ppbppbbpbbbbppbbpbpbbbbpbbbpbppbpppbbbppbbbpbpbppbbbbbpppbbbppbbb,65
341835,1442,13,9,bpbbbpbppbpp,b,bpbbbpbppbppb,2026-01-27 10:49:10,pbbpbbbpbbpbbbpbppbppbpbpppppbppppppbppb,40
348462,1610,13,6,bpbbbpbppbpp,b,bpbbbpbppbppb,2026-01-27 10:49:10,ppppbpbpbbbpbppbppbbppbpbppppbbbppppppbpbppbbbpbbppp,52
349634,1642,13,6,bpbbbpbppbpp,b,bpbbbpbppbppb,2026-01-27 10:49:11,bbpppbbpbbbpbppbppbppppbpbbpbbbppbbpbppbbbpbpppbpbpbppbbppbbbpp,63
350206,1656,13,20,bpbbbpbppbpp,b,bpbbbpbppbppb,2026-01-27 10:49:11,bpppbppbbpbbpbbpbpppbpbbbpbppbppbpbbbbpbbpbbbbppbppbbbbpp,57
350474,1663,13,6,bpbbbpbppbpp,p,bpbbbpbppbppp,2026-01-27 10:49:11,bbppbbbpbbbpbppbpppbpbpbbbbppppbpbbbpppppppbppbpppbbbpbppbp,59
359255,1899,13,2,bpbbbpbppbpp,p,bpbbbpbppbppp,2026-01-27 10:49:11,ppbpbbbpbppbppppbbpbpbbpbbbpbpbbbbbbbbbpbbpp,44
359946,1917,13,24,bpbbbpbppbpp,b,bpbbbpbppbppb,2026-01-27 10:49:11,bbpbbbbbbbbbpbbppbpbpbppbpbbbpbppbppbbpbbb,42
299288,224,13,17,bpbbbpbppppb,p,bpbbbpbppppbp,2026-01-27 10:49:09,pbppbppbbppppppppbpbbbpbppppbpbpppbbpbbbbbppbpbbppbppbppbp,58
309705,528,13,9,bpbbbpbppppb,b,bpbbbpbppppbb,2026-01-27 10:49:09,pbppbppbpbpbbbpbppppbbpbbbbbppbbbpbp,36
314557,672,13,13,bpbbbpbppppb,p,bpbbbpbppppbp,2026-01-27 10:49:09,bpbpppbbbbbpbbpbbbpbppppbpppbbppbppbbppbbpbbbppppbbpbpbppp,58
331444,1160,13,15,bpbbbpbppppb,b,bpbbbpbppppbb,2026-01-27 10:49:10,pbbbbppbbppbbbpbpbbbpbppppbbbppppbpppppbpbp,43
334347,1238,13,4,bpbbbpbppppb,b,bpbbbpbppppbb,2026-01-27 10:49:10,bbppbpbbbpbppppbbppbbppbpbpbppbbbpbbppppbppbppp,47
334839,1252,13,31,bpbbbpbppppb,b,bpbbbpbppppbb,2026-01-27 10:49:10,pbbbbpbbpbbbbpbbbpppbpppbpbbpbbbpbbbpbppppbb,44
337528,1327,13,38,bpbbbpbppppb,p,bpbbbpbppppbp,2026-01-27 10:49:10,bppbbpppppppbbppbbbbbbbbbpbbbbbbpbppbbbpbbbpbppppbppppp,55
350102,1653,13,1,bpbbbpbppppb,b,bpbbbpbppppbb,2026-01-27 10:49:11,bbpbbbpbppppbbppbpbppbbbbpbbbpppbppbppppbbpbppbpppbbpppbb,57
351018,1680,13,27,bpbbbpbppppb,p,bpbbbpbppppbp,2026-01-27 10:49:11,bbbbbppbbbbbbbbpbpbppbbbppbbpbbbpbppppbppbbppbppbb,50
352325,1718,13,28,bpbbbpbppppb,b,bpbbbpbppppbb,2026-01-27 10:49:11,bbbpbbbpbbbbbpppbbbpbbppbbppbpbbbpbppppbbbppbppbppppbbppbbbp,60
357423,1852,13,14,bpbbbpbppppb,b,bpbbbpbppppbb,2026-01-27 10:49:11,pbpbpbbppbpbbpbpbbbpbppppbbbbppppbbpbbpbpbbppbpbppppbbbpppbb,60
359893,1916,13,3,bpbbbpbppppb,p,bpbbbpbppppbp,2026-01-27 10:49:11,ppbbpbbbpbppppbppbpppbbbpbpbpbbpppppppbbbpbbbbppbpbbbbp,55
308704,495,13,36,bpbbbpbppppp,p,bpbbbpbpppppp,2026-01-27 10:49:09,bbppbbbbbpbbpbbppbpbbbppbpbppbpbbpbbbpbbbpbppppppppbpppbppppbbp,63
323558,939,13,3,bpbbbpbppppp,b,bpbbbpbpppppb,2026-01-27 10:49:10,bppbpbbbpbpppppbbppbbppbbpbbbbppbbbbbppbbbbppp,46
325400,988,13,18,bpbbbpbppppp,p,bpbbbpbpppppp,2026-01-27 10:49:10,pbppppbbbppppbbpppbpbbbpbppppppppbpbppppppbpbppppbpbppbbp,57
327613,1049,13,11,bpbbbpbppppp,b,bpbbbpbpppppb,2026-01-27 10:49:10,bbpbpppbbbpbpbbbpbpppppbpbbppbbbbbppbbppppbppbpbbbb,51
331315,1157,13,1,bpbbbpbppppp,p,bpbbbpbpppppp,2026-01-27 10:49:10,pbpbbbpbpppppppbbbpbbppbbbpbbpbbbbbpbb,38
338813,1363,13,3,bpbbbpbppppp,b,bpbbbpbpppppb,2026-01-27 10:49:10,pbbbpbbbpbpppppbpbppbbpbpbbpbbbp,32
339064,1369,13,8,bpbbbpbppppp,b,bpbbbpbpppppb,2026-01-27 10:49:10,ppbpppppbpbbbpbpppppbbbppbbbbpbbpppbpbbpppbpbbbbpbpbpbpbbp,58
340483,1407,13,22,bpbbbpbppppp,p,bpbbbpbpppppp,2026-01-27 10:49:10,pbbppppbbpppbbbbppbppbbpbbbpbppppppbbbpppb,42
343408,1485,13,3,bpbbbpbppppp,p,bpbbbpbpppppp,2026-01-27 10:49:10,ppbbpbbbpbppppppbbppbbpbbbbpbbpbpbpbpb,38
348753,1618,13,3,bpbbbpbppppp,b,bpbbbpbpppppb,2026-01-27 10:49:11,ppbbpbbbpbpppppbpbppbpbbbpbpbpbpbb,34
351525,1695,13,14,bpbbbpbppppp,b,bpbbbpbpppppb,2026-01-27 10:49:11,bpbpbbbbpbbpppbpbbbpbpppppbbpbppppbppbppbbpbpbbbbbbppbbb,56
353243,1744,13,21,bpbbbpbppppp,b,bpbbbpbpppppb,2026-01-27 10:49:11,bpbbpbbpbbpbbppppbbpbbpbbbpbpppppbbbppbbbbpbbpppbbpppb,54
353894,1760,13,21,bpbbbpbppppp,b,bpbbbpbpppppb,2026-01-27 10:49:11,bpbppbppbbpbppbpbbbbpbpbbbpbpppppbbbpbpbbbbbppbbpbppbpppbb,58
357128,1844,13,13,bpbbbpbppppp,b,bpbbbpbpppppb,2026-01-27 10:49:11,bbpbbbpbpbpppbpbbbpbpppppbbbpbbbpbpppbppbpbpppbbbbppbbpppbppbb,62
359027,1893,13,15,bpbbbpbppppp,p,bpbbbpbpppppp,2026-01-27 10:49:11,ppppbbpbpbpbbppbpbbbpbppppppppppbbppbbbppbbbbppb,48
306060,420,13,19,bpbbbppbbbbb,b,bpbbbppbbbbbb,2026-01-27 10:49:09,bpbppbppbbppbpppbbbbpbbbppbbbbbbpbbbbppbpppbpbbbbbbpbbbpbpp,59
308216,481,13,9,bpbbbppbbbbb,p,bpbbbppbbbbbp,2026-01-27 10:49:09,pbppbpbbbbpbbbppbbbbbppbpppppbp,31
312081,596,13,18,bpbbbppbbbbb,b,bpbbbppbbbbbb,2026-01-27 10:49:09,ppbbbbppbpbbpppbbpbpbbbppbbbbbbbppbbppbbpppppbpbpbbppppppbbbp,61
313795,647,13,32,bpbbbppbbbbb,p,bpbbbppbbbbbp,2026-01-27 10:49:09,pbbppbbbbppbppbbbbbbpbpbbbpppppbbpbbbppbbbbbpbbppppp,52
315069,688,13,27,bpbbbppbbbbb,p,bpbbbppbbbbbp,2026-01-27 10:49:09,bbbbbbpppbbbbbppbpbbppbbppbbpbbbppbbbbbpbppbbbbpbbpbbppp,56
316277,724,13,30,bpbbbppbbbbb,b,bpbbbppbbbbbb,2026-01-27 10:49:09,bbbppbppbpbpbpppppppbpppbpppbpbpbbbppbbbbbbpbppppppbpbbbpbpbbb,62
316353,726,13,8,bpbbbppbbbbb,p,bpbbbppbbbbbp,2026-01-27 10:49:09,ppbpbbppbpbbbppbbbbbpbbbbpbppbbb,32
318933,808,13,16,bpbbbppbbbbb,b,bpbbbppbbbbbb,2026-01-27 10:49:09,pbbppbpbbpbpbbbbbpbbbppbbbbbbbppbbbbp,37
322561,910,13,9,bpbbbppbbbbb,p,bpbbbppbbbbbp,2026-01-27 10:49:10,ppbbpbpppbpbbbppbbbbbpbppbpbpppbbpppbpbbb,41
324071,952,13,48,bpbbbppbbbbb,b,bpbbbppbbbbbb,2026-01-27 10:49:10,pbpbpbppbbbpbbpppbbpbpbpbpppppbpbbbbpbpppppbpbpbbpbbbppbbbbbbbpbbpp,67
330668,1138,13,5,bpbbbppbbbbb,b,bpbbbppbbbbbb,2026-01-27 10:49:10,bbbbpbpbbbppbbbbbbppppbbbppppbppbppbbbbpbpb,43
333188,1207,13,21,bpbbbppbbbbb,b,bpbbbppbbbbbb,2026-01-27 10:49:10,bpppbpppbbpppbbbbpppbbpbbbppbbbbbbpppppbbppbbbbbppppbpppbpbb,60
333673,1220,13,7,bpbbbppbbbbb,p,bpbbbppbbbbbp,2026-01-27 10:49:10,bbpbppbbpbbbppbbbbbpbbpbpbbbppbpbppbbbbbpppbpbbppbbbpbbpbbpbbpbp,64
333992,1229,13,19,bpbbbppbbbbb,b,bpbbbppbbbbbb,2026-01-27 10:49:10,bbbbpbbpbppbbbbbbbbbpbbbppbbbbbbbbbppbpbppbpb,45
344124,1506,13,44,bpbbbppbbbbb,b,bpbbbppbbbbbb,2026-01-27 10:49:10,ppbbbbppbbpppppppppbpppbbbpbbpbppbppbpbppbppbpbbbppbbbbbbpbb,60
346672,1567,13,10,bpbbbppbbbbb,b,bpbbbppbbbbbb,2026-01-27 10:49:10,ppppbbpbbpbpbbbppbbbbbbpbbbbppbbpbppbbbbpbbppbbb,48
348419,1609,13,26,bpbbbppbbbbb,p,bpbbbppbbbbbp,2026-01-27 10:49:10,bppppbppbpbpbbbbpbbpbbbbpbbpbbbppbbbbbpbpppbbppbbpbbppppbpbbbbbbppp,67
358958,1891,13,18,bpbbbppbbbbb,p,bpbbbppbbbbbp,2026-01-27 10:49:11,pbbbbppppppppppppbbpbbbppbbbbbpbbbpppbbbbppbbpppbpbppppb,56
299032,215,13,27,bpbbbppbbbbp,p,bpbbbppbbbbpp,2026-01-27 10:49:09,bbpbbbbpppbbpbpbppbbbbpbpbpbpbbbppbbbbpppbpppb,46
301667,292,13,42,bpbbbppbbbbp,p,bpbbbppbbbbpp,2026-01-27 10:49:09,bpbpbbbppppbbpppppbpbpbpbppbbpbbbpppbbpbbpbpbbbppbbbbppbppppb,61
305458,400,13,4,bpbbbppbbbbp,b,bpbbbppbbbbpb,2026-01-27 10:49:09,pbbpbpbbbppbbbbpbbbpbbbppbpbbbbppbpbpbpppppppbbpbbbb,52
305525,402,13,16,bpbbbppbbbbp,b,bpbbbppbbbbpb,2026-01-27 10:49:09,bpbbbbbppbbbppbpbpbbbppbbbbpbppppppbbbbbbbpbp,45
308889,501,13,3,bpbbbppbbbbp,b,bpbbbppbbbbpb,2026-01-27 10:49:09,bbpbpbbbppbbbbpbpbbppbbbbpbppppppbbbbpppbbb,43
310359,549,13,0,bpbbbppbbbbp,b,bpbbbppbbbbpb,2026-01-27 10:49:09,bpbbbppbbbbpbpppbpppbppppbpbppbbppp,35
311655,586,13,31,bpbbbppbbbbp,b,bpbbbppbbbbpb,2026-01-27 10:49:09,ppbpppbpbpbppppbbbbpbpbbppbbppbbpbbbppbbbbpbbbpbpbp,51
312037,595,13,42,bpbbbppbbbbp,b,bpbbbppbbbbpb,2026-01-27 10:49:09,bppbppbpbbpbpbpbbppbbpbbbppbbbpbppbbbbbppbbpbbbppbbbbpbbbbpbbbbbbp,66
312419,605,13,28,bpbbbppbbbbp,b,bpbbbppbbbbpb,2026-01-27 10:49:09,pbbbbbbpppppbpbbpbppbpbppbbpbpbbbppbbbbpbbbpbp,46
313386,634,13,8,bpbbbppbbbbp,b,bpbbbppbbbbpb,2026-01-27 10:49:09,pbpppbpbbpbbbppbbbbpbpbbppbbpppbpbpppbpbbbbp,44
315289,694,13,10,bpbbbppbbbbp,p,bpbbbppbbbbpp,2026-01-27 10:49:09,pppbbbbpbbbpbbbppbbbbpppbpppppppbbppbpbbpppbpbpbbpppppbpbp,58
323138,927,13,7,bpbbbppbbbbp,p,bpbbbppbbbbpp,2026-01-27 10:49:10,ppppbbbbpbbbppbbbbppbbbbbbbppbbpppbbppbbbpbbppbbbpbbpbbbbppppp,62
326236,1012,13,18,bpbbbppbbbbp,p,bpbbbppbbbbpp,2026-01-27 10:49:10,bpbpbbpbppbpbppbppbpbbbppbbbbpppbpbbbppbbpbbbbbpb,49
329828,1113,13,0,bpbbbppbbbbp,b,bpbbbppbbbbpb,2026-01-27 10:49:10,bpbbbppbbbbpbbppbbbbpppbpppbbpbpbpbbbbbbbbbbbpbbbp,50
335010,1256,13,33,bpbbbppbbbbp,p,bpbbbppbbbbpp,2026-01-27 10:49:10,bpbpbpbbpppbppppbpbbpbppppbpbbppbbpbbbppbbbbpppb,48
336373,1293,13,20,bpbbbppbbbbp,b,bpbbbppbbbbpb,2026-01-27 10:49:10,ppbpbppppbbpbpbbppbpbpbbbppbbbbpbpbbpppbpbpb,44
346977,1575,13,23,bpbbbppbbbbp,b,bpbbbppbbbbpb,2026-01-27 10:49:10,pbpbbppbbbppbppbpbppppbbpbbbppbbbbpbpbpp,40
353273,1745,13,3,bpbbbppbbbbp,p,bpbbbppbbbbpp,2026-01-27 10:49:11,pppbpbbbppbbbbppbbpppbpbpbpppbpbppbbbbbbbpbppp,46
356034,1814,13,31,bpbbbppbbbbp,p,bpbbbppbbbbpp,2026-01-27 10:49:11,ppbbbpbbpppbbbppbbppbbpppbbbbbpbpbbbppbbbbppbpbpbpbbbppbppbpb,61
358766,1887,13,0,bpbbbppbbbbp,p,bpbbbppbbbbpp,2026-01-27 10:49:11,bpbbbppbbbbpppbpppppbpppppbbppbpppppbppppbpppppbbbppbbbbpppbbp,62
360706,1937,13,27,bpbbbppbbbbp,p,bpbbbppbbbbpp,2026-01-27 10:49:11,bpbbbpppbbbpbbpppbppbbbbpppbpbbbppbbbbppbpbpppppbbbbpbb,55
303580,350,13,27,bpbbbppbbpbb,p,bpbbbppbbpbbp,2026-01-27 10:49:09,ppbpbppbbbbbbppbbpbppbbpbbbbpbbbppbbpbbpbbpbppbpbppbpppbpbppbp,62
304787,382,13,0,bpbbbppbbpbb,b,bpbbbppbbpbbb,2026-01-27 10:49:09,bpbbbppbbpbbbppbpbbpbbpbppbbppbpppbpbbppbpbbbbbppbpppbbpbbppbbbp,64
306653,436,13,30,bpbbbppbbpbb,b,bpbbbppbbpbbb,2026-01-27 10:49:09,pbbbbpbpbpbbbbpbppppbppbpppppbbpbbbppbbpbbbppbbbpbpppbbbbpbbppppbp,66
310449,552,13,28,bpbbbppbbpbb,p,bpbbbppbbpbbp,2026-01-27 10:49:09,bpbbpbpppbbppppppppppbppbppbbpbbbppbbpbbpbpbbp,46
314168,659,13,7,bpbbbppbbpbb,b,bpbbbppbbpbbb,2026-01-27 10:49:09,pbbbbbbbpbbbppbbpbbbppbppbbppbbpbbbppppppbppbbppbbbb,52
318553,797,13,1,bpbbbppbbpbb,b,bpbbbppbbpbbb,2026-01-27 10:49:09,bbpbbbppbbpbbbppppbbbbpbbpppbbpbbbpb,36
319019,811,13,7,bpbbbppbbpbb,b,bpbbbppbbpbbb,2026-01-27 10:49:09,bbbbbpbbpbbbppbbpbbbppbbppbbpppp,32
319230,818,13,11,bpbbbppbbpbb,b,bpbbbppbbpbbb,2026-01-27 10:49:09,bbpbbppbpppbpbbbppbbpbbbpbbppbbbbpbbpbbpbpbppbpbbbppbpbpbbp,59
319325,820,13,53,bpbbbppbbpbb,p,bpbbbppbbpbbp,2026-01-27 10:49:09,pppbppbbpbbpbpppbpbbppbppbbpbpbbppppbpbbpppbbbpbbpbbpbpbbbppbbpbbppb,68
319631,827,13,22,bpbbbppbbpbb,p,bpbbbppbbpbbp,2026-01-27 10:49:10,pbbbpppbbpbppbbbbbbpppbpbbbppbbpbbpbbbbpbpbbb,45
319989,837,13,7,bpbbbppbbpbb,p,bpbbbppbbpbbp,2026-01-27 10:49:10,bpbpbppbpbbbppbbpbbpbbpbbppppppppbbbpbpbbbpbppbbbpppbp,54
326242,1012,13,32,bpbbbppbbpbb,b,bpbbbppbbpbbb,2026-01-27 10:49:10,bpbpbbpbppbpbppbppbpbbbppbbbbpppbpbbbppbbpbbbbbpb,49
334019,1230,13,22,bpbbbppbbpbb,b,bpbbbppbbpbbb,2026-01-27 10:49:10,pbppbbpbppbbpbbbbpbppbbpbbbppbbpbbbppbppbbbbbpbbbbbbpppppp,58
339313,1375,13,23,bpbbbppbbpbb,p,bpbbbppbbpbbp,2026-01-27 10:49:10,pbppbbbpppbbpbppbpppppbbpbbbppbbpbbpppbpppbpbbp,47
339589,1383,13,13,bpbbbppbbpbb,b,bpbbbppbbpbbb,2026-01-27 10:49:10,ppbbbppbbbbppbpbbbppbbpbbbbpbbpbppbbppbbbpbpbpppbppbpbbb,56
349487,1638,13,23,bpbbbppbbpbb,p,bpbbbppbbpbbp,2026-01-27 10:49:11,ppbppbbpbppbbbpbbbpbpbpbpbbbppbbpbbppbppppbbpbbpbppppp,54
316172,722,13,9,bpbbbppbbpbp,p,bpbbbppbbpbpp,2026-01-27 10:49:09,pbpbbpppbbpbbbppbbpbppppbpbppbbbpbpbbppbpppbbbpbpbbpppbbbb,58
321385,878,13,17,bpbbbppbbpbp,b,bpbbbppbbpbpb,2026-01-27 10:49:10,pbpbppppbpbbbpbbbbpbbbppbbpbpbppbpppbpbppppbbpppbbbp,52
322441,907,13,8,bpbbbppbbpbp,b,bpbbbppbbpbpb,2026-01-27 10:49:10,ppbbpbbpbpbbbppbbpbpbppbpbbpppbbbpbb,36
325697,997,13,31,bpbbbppbbpbp,b,bpbbbppbbpbpb,2026-01-27 10:49:10,pbbbbbpppbpbbbbpbppbpbbbbbbppbbbpbbbppbbpbpbpppbbpbb,52
328048,1062,13,11,bpbbbppbbpbp,p,bpbbbppbbpbpp,2026-01-27 10:49:10,bbbbpbpppppbpbbbppbbpbppbbpbbbbbbpbpbpppbbppppbbbp,50
328142,1064,13,2,bpbbbppbbpbp,p,bpbbbppbbpbpp,2026-01-27 10:49:10,bbbpbbbppbbpbppbppbpbbbbpbpbpppbpbbbppbppbbpbbbbbbp,51
329609,1106,13,4,bpbbbppbbpbp,b,bpbbbppbbpbpb,2026-01-27 10:49:10,bppbbpbbbppbbpbpbbpbpbpbppppppbb,32
340668,1412,13,26,bpbbbppbbpbp,b,bpbbbppbbpbpb,2026-01-27 10:49:10,ppbbbpbbbbpbpbpbbbbpppppppbpbbbppbbpbpbbppbbppbbbbpbbppbbpbppbpb,64
345522,1540,13,36,bpbbbppbbpbp,b,bpbbbppbbpbpb,2026-01-27 10:49:10,pbbbbpbbbbpbpbbbbbbbbbbbpbppbbppbpbpbpbbbppbbpbpbbbppbpbbbppppp,63
349646,1642,13,26,bpbbbppbbpbp,p,bpbbbppbbpbpp,2026-01-27 10:49:11,bbpppbbpbbbpbppbppbppppbpbbpbbbppbbpbppbbbpbpppbpbpbppbbppbbbpp,63
354035,1763,13,10,bpbbbppbbpbp,p,bpbbbppbbpbpp,2026-01-27 10:49:11,bbpbbpbpbpbpbbbppbbpbpppbbppbbbbbbbpbbbb,40
357320,1849,13,4,bpbbbppbbpbp,p,bpbbbppbbpbpp,2026-01-27 10:49:11,ppbpbpbbbppbbpbppbbbpppbbppbbbpbbbbbbbbpbpb,43
302411,316,13,45,bpbbbppbbppb,b,bpbbbppbbppbb,2026-01-27 10:49:09,pppbpbpbbbpbppbbbppbppbppbbbpbppppbppbpbppppbbpbbbppbbppbbpbbbb,63
308942,503,13,12,bpbbbppbbppb,p,bpbbbppbbppbp,2026-01-27 10:49:09,pbppbbpppppbbpbbbppbbppbppppbpbbbppbppbppppbpppppbbppp,54
312593,610,13,34,bpbbbppbbppb,b,bpbbbppbbppbb,2026-01-27 10:49:09,pbppbbpbbpbpppbbpbpbppbpppbbbpbpbpbpbbbppbbppbb,47
312797,616,13,34,bpbbbppbbppb,b,bpbbbppbbppbb,2026-01-27 10:49:09,pbppbbpbbpbpppbbpbpbppbpppbbbpbpbpbpbbbppbbppbbbbppbpbpbpb,58
319023,811,13,15,bpbbbppbbppb,b,bpbbbppbbppbb,2026-01-27 10:49:09,bbbbbpbbpbbbppbbpbbbppbbppbbpppp,32
319541,825,13,24,bpbbbppbbppb,p,bpbbbppbbppbp,2026-01-27 10:49:10,pbppbpbbbpbppbppbppbbppbbpbbbppbbppbpbpbbbpppppbppppppbbpbpbbb,62
322418,906,13,24,bpbbbppbbppb,b,bpbbbppbbppbb,2026-01-27 10:49:10,ppbpbppbppppppppbbppbbbbbpbbbppbbppbbbpbbbpbb,45
343703,1493,13,38,bpbbbppbbppb,b,bpbbbppbbppbb,2026-01-27 10:49:10,bpbppbbbppbpppbbbppbppppbpbpbbbbpbpbppbpbbbppbbppbbbpbb,55
356721,1832,13,17,bpbbbppbbppb,p,bpbbbppbbppbp,2026-01-27 10:49:11,ppbbbpbpbbbbbbpppbpbbbppbbppbpbbpbpbpppbpbpbbbbbppbpbbbb,56
304791,382,13,8,bpbbbppbpbbp,b,bpbbbppbpbbpb,2026-01-27 10:49:09,bpbbbppbbpbbbppbpbbpbbpbppbbppbpppbpbbppbpbbbbbppbpppbbpbbppbbbp,64
306236,426,13,6,bpbbbppbpbbp,p,bpbbbppbpbbpp,2026-01-27 10:49:09,bbbpppbpbbbppbpbbppppppppppppbbbbpbpbppbpbbpppppp,49
310106,541,13,2,bpbbbppbpbbp,b,bpbbbppbpbbpb,2026-01-27 10:49:09,ppbpbbbppbpbbpbppbbpbbpbppppbpppbpbppp,38
310193,544,13,2,bpbbbppbpbbp,b,bpbbbppbpbbpb,2026-01-27 10:49:09,ppbpbbbppbpbbpbppbbpbbpbppppbpppbpbppppppbp,43
318010,779,13,29,bpbbbppbpbbp,b,bpbbbppbpbbpb,2026-01-27 10:49:09,pppbpbppppppbbpbppbbbpbpppbpbbpbbbppbpbbpbbpppbbpppbb,53
320945,866,13,36,bpbbbppbpbbp,p,bpbbbppbpbbpp,2026-01-27 10:49:10,bbpppbbpbpppppppbpbbbpbbbppbppbpbpppbpbbbppbpbbpppbb,52
322809,917,13,12,bpbbbppbpbbp,b,bpbbbppbpbbpb,2026-01-27 10:49:10,bbbbbpbbppppbpbbbppbpbbpbpbbppppppbb,36
325245,983,13,0,bpbbbppbpbbp,p,bpbbbppbpbbpp,2026-01-27 10:49:10,bpbbbppbpbbppppbppbbppbppppbbbbbpppbbppppppbpbppbpppp,53
333335,1211,13,21,bpbbbppbpbbp,p,bpbbbppbpbbpp,2026-01-27 10:49:10,bpbbbbbppbbbbbpbppbbpbpbbbppbpbbppppbpbbppbbppb,47
340035,1394,13,22,bpbbbppbpbbp,b,bpbbbppbpbbpb,2026-01-27 10:49:10,pbbppppppppppbppbpppbbbpbbbppbpbbpbbpbpbbbbbbbb,47
341097,1423,13,13,bpbbbppbpbbp,p,bpbbbppbpbbpp,2026-01-27 10:49:10,bbbppbpppbpppbpbbbppbpbbppppppbpbpbbbppbppppbpbb,48
343800,1496,13,24,bpbbbppbpbbp,b,bpbbbppbpbbpb,2026-01-27 10:49:10,bbpbbppppbbppbbpppbbbppbbpbbbppbpbbpbppbp,41
349781,1645,13,25,bpbbbppbpbbp,b,bpbbbppbpbbpb,2026-01-27 10:49:11,pbpbppbppbbpbbpbpbpppbbbpbpbbbppbpbbpbppbbbbbppbpppbppbbpbpbbpp,63
354305,1769,13,26,bpbbbppbpbbp,b,bpbbbppbpbbpb,2026-01-27 10:49:11,pbpbbppbppbbpppbpbpbpbppbpbpbbbppbpbbpbbbbbbbpbp,48
360180,1924,13,15,bpbbbppbpbbp,b,bpbbbppbpbbpb,2026-01-27 10:49:11,ppbbpbbbpbpbbpbbpbbbppbpbbpbpbbbbppppbbbbpbpbpppppppb,53
301478,286,13,22,bpbbbppbpbpb,b,bpbbbppbpbpbb,2026-01-27 10:49:09,pppbbbppbpbbbppppbppppbpbbbppbpbpbbbppppppbbbb,46
302041,304,13,13,bpbbbppbpbpb,p,bpbbbppbpbpbp,2026-01-27 10:49:09,bbpbpppbpppbbbpbbbppbpbpbpbp,28
306565,434,13,14,bpbbbppbpbpb,p,bpbbbppbpbpbp,2026-01-27 10:49:09,bppbppbbpbbbppbpbbbppbpbpbpbbbbbbbbppbbpbpppppppppbbpbbbbbpbpb,62
312966,621,13,21,bpbbbppbpbpb,p,bpbbbppbpbpbp,2026-01-27 10:49:09,pbpbbppbpbbbppbpppbbpbpbbbppbpbpbpbbpbbbbppbbpppbbpbbpppbpbpbppbb,65
314435,668,13,23,bpbbbppbpbpb,p,bpbbbppbpbpbp,2026-01-27 10:49:09,bbpbpbpbpbpppbbppbpppppbpbbbppbpbpbppppppbpbpbpbbbbpp,53
317294,758,13,12,bpbbbppbpbpb,b,bpbbbppbpbpbb,2026-01-27 10:49:09,bpbbpbbpbpbbbpbbbppbpbpbbbppppbbbbbpbb,38
319250,818,13,45,bpbbbppbpbpb,b,bpbbbppbpbpbb,2026-01-27 10:49:09,bbpbbppbpppbpbbbppbbpbbbpbbppbbbbpbbpbbpbpbppbpbbbppbpbpbbp,59
322517,909,13,1,bpbbbppbpbpb,b,bpbbbppbpbpbb,2026-01-27 10:49:10,pbpbbbppbpbpbbbpbpppbpbbppbpppbbppppppbppbpbp,45
322768,916,13,39,bpbbbppbpbpb,b,bpbbbppbpbpbb,2026-01-27 10:49:10,bppbpbbpbppppbpbpbbbpbbbbbpppbbpppbpbpbbpbbbppbpbpbbpbbbbpbbbb,62
328601,1077,13,17,bpbbbppbpbpb,p,bpbbbppbpbpbp,2026-01-27 10:49:10,pppbppbbppbpbbbpbbpbbbppbpbpbpbpbpbbbbbpppbpbbbppbb,51
328690,1079,13,5,bpbbbppbpbpb,p,bpbbbppbpbpbp,2026-01-27 10:49:10,pbbpbbpbbbppbpbpbpbbbpbppbpbpbppbbpbpp,38
334768,1250,13,10,bpbbbppbpbpb,p,bpbbbppbpbpbp,2026-01-27 10:49:10,bpbpbpbbpbbpbbbppbpbpbpppbbppbpp,32
337656,1331,13,21,bpbbbppbpbpb,b,bpbbbppbpbpbb,2026-01-27 10:49:10,ppbpbppbpbpbbbpbpppbbbpbbbppbpbpbbppbbbpbppbpb,46
338037,1340,13,21,bpbbbppbpbpb,b,bpbbbppbpbpbb,2026-01-27 10:49:10,pbpbpbpbppppppbpbpbpbbpbbbppbpbpbbb,35
345839,1548,13,5,bpbbbppbpbpb,b,bpbbbppbpbpbb,2026-01-27 10:49:10,bbbbpbpbbbppbpbpbbpbbpbbbpbbbbpbpbppppbbpbpbbbpbbbppppppbpppppbpbb,66
352621,1726,13,7,bpbbbppbpbpb,p,bpbbbppbpbpbp,2026-01-27 10:49:11,pbbpbbbbpbbbppbpbpbpbpbbpppbbpbbppbpbppp,40
352658,1727,13,13,bpbbbppbpbpb,p,bpbbbppbpbpbp,2026-01-27 10:49:11,bbbpbpbbbbppbbpbbbppbpbpbpppbpppbpbbbbppbbbbbppppbppppbp,56
300644,263,13,18,bpbbbppbpbpp,b,bpbbbppbpbppb,2026-01-27 10:49:09,bbpbbpbpbppbpbbbbbbpbbbppbpbppbbbpbpppppbbpppbbbbpbppppbb,57
306778,440,13,19,bpbbbppbpbpp,b,bpbbbppbpbppb,2026-01-27 10:49:09,bbpbbbpbbpbbbpbbbbpbpbbbppbpbppbpbbp,36
308692,495,13,17,bpbbbppbpbpp,b,bpbbbppbpbppb,2026-01-27 10:49:09,bbppbbbbbpbbpbbppbpbbbppbpbppbpbbpbbbpbbbpbppppppppbpppbppppbbp,63
309194,511,13,19,bpbbbppbpbpp,p,bpbbbppbpbppp,2026-01-27 10:49:09,bbppppbppppppbpbbpbbpbbbppbpbpppbpbpppppppbbbbbbpbpppbbbpb,58
313145,626,13,39,bpbbbppbpbpp,b,bpbbbppbpbppb,2026-01-27 10:49:09,pbpbpbbbppppppbbpppppbpbbbppbbbppbbbpbpbpbbbppbpbppbbbbpppp,59
313508,638,13,40,bpbbbppbpbpp,p,bpbbbppbpbppp,2026-01-27 10:49:09,ppppppbpbbppbpbpppbbbpbpppppbbppppbpbbbpbpbbbppbpbpppbpbppp,59
317747,771,13,10,bpbbbppbpbpp,p,bpbbbppbpbppp,2026-01-27 10:49:09,bbppbpbbbpbpbbbppbpbpppbpbbppbpbbbpbbbbppbpbpppppbbbpbbbbbpbpb,62
321680,886,13,11,bpbbbppbpbpp,b,bpbbbppbpbppb,2026-01-27 10:49:10,bpbbbppbppbbpbbbppbpbppbpbbpbpppbbbpbpppbbbbbpbbbpbpp,53
322677,914,13,23,bpbbbppbpbpp,b,bpbbbppbpbppb,2026-01-27 10:49:10,bpbpbbbbbppbppppppbpbppbpbbbppbpbppbpbpbppbbbpbppbbbpbbbp,57
326395,1018,13,3,bpbbbppbpbpp,p,bpbbbppbpbppp,2026-01-27 10:49:10,bpbbpbbbppbpbpppbbbbpbbpbppbppbppbbpbbpbbppppbppppbbbpbbpbpb,60
326582,1022,13,25,bpbbbppbpbpp,p,bpbbbppbpbppp,2026-01-27 10:49:10,ppbbbppbbppppbbbppbpbpbpbbpbbbppbpbppp,38
332905,1199,13,8,bpbbbppbpbpp,b,bpbbbppbpbppb,2026-01-27 10:49:10,pppbbpbpbpbbbppbpbppbpbbppbpbpbbbbb,35
333681,1220,13,23,bpbbbppbpbpp,b,bpbbbppbpbppb,2026-01-27 10:49:10,bbpbppbbpbbbppbbbbbpbbpbpbbbppbpbppbbbbbpppbpbbppbbbpbbpbbpbbpbp,64
340633,1411,13,34,bpbbbppbpbpp,p,bpbbbppbpbppp,2026-01-27 10:49:10,pbbpbpbppbppbbbbpbppbbbbbbbpbpbbpbbpbbbppbpbpppbbbb,51
351781,1702,13,23,bpbbbppbpbpp,b,bpbbbppbpbppb,2026-01-27 10:49:11,bpbppppppppbbbpbpbbpbpbbpbbbppbpbppbbbbpbpbppppbppbbb,53
357567,1856,13,12,bpbbbppbpbpp,b,bpbbbppbpbppb,2026-01-27 10:49:11,bbppbppbbbbpbpbbbppbpbppbbpbpbppppbppppppbpbbpbbbpbpbbppppp,59
301709,293,13,21,bpbbbppbppbb,p,bpbbbppbppbbp,2026-01-27 10:49:09,ppbbpbbbbppbpbpbbpppbbpbbbppbppbbppbbppbbbpbbpbppbbbpbpbpb,58
305101,390,13,15,bpbbbppbppbb,p,bpbbbppbppbbp,2026-01-27 10:49:09,ppbbpbpbbppbbbbbpbbbppbppbbppbppbbbbpppbbpbpbbbpbppbppppb,57
305278,394,13,10,bpbbbppbppbb,b,bpbbbppbppbbb,2026-01-27 10:49:09,pbbpbbbbpbbpbbbppbppbbbpbbbbbbbbbbbbppppbpbppbbbbbbpbbpppppp,60
305901,415,13,18,bpbbbppbppbb,b,bpbbbppbppbbb,2026-01-27 10:49:09,bpbppbbpbbbbpbbbbpbpbbbppbppbbbpbpbbbbbbpppbpbbppbpbbppppp,58
314172,659,13,15,bpbbbppbppbb,p,bpbbbppbppbbp,2026-01-27 10:49:09,pbbbbbbbpbbbppbbpbbbppbppbbppbbpbbbppppppbppbbppbbbb,52
315336,695,13,17,bpbbbppbppbb,b,bpbbbppbppbbb,2026-01-27 10:49:09,ppppbpbbpbbpbbpbpbpbbbppbppbbbpp,32
321674,886,13,0,bpbbbppbppbb,p,bpbbbppbppbbp,2026-01-27 10:49:10,bpbbbppbppbbpbbbppbpbppbpbbpbpppbbbpbpppbbbbbpbbbpbpp,53
321780,890,13,17,bpbbbppbppbb,p,bpbbbppbppbbp,2026-01-27 10:49:10,bbbbbpppbbpppppbpbpbbbppbppbbpbpbbpbpbbpbpppppbpbbpppbbbbbbbbbpppbp,67
322899,920,13,0,bpbbbppbppbb,p,bpbbbppbppbbp,2026-01-27 10:49:10,bpbbbppbppbbpppbbbbppbppbbbppbbpbbbbbbbbbbpbbbppbbbbp,53
325917,1004,13,9,bpbbbppbppbb,p,bpbbbppbppbbp,2026-01-27 10:49:10,bbbpbbbbbbpbbbppbppbbpppppbpppbbppbppbbpbbpbbbbpbppbbbpppbpb,60
328160,1064,13,31,bpbbbppbppbb,p,bpbbbppbppbbp,2026-01-27 10:49:10,bbbpbbbppbbpbppbppbpbbbbpbpbpppbpbbbppbppbbpbbbbbbp,51
328788,1082,13,35,bpbbbppbppbb,p,bpbbbppbppbbp,2026-01-27 10:49:10,bpppbpppbppppbpbbbbbbpppbppbbbpbppbbpbbbppbppbbpbppbbppbbp,58
330968,1147,13,25,bpbbbppbppbb,b,bpbbbppbppbbb,2026-01-27 10:49:10,pbpppbpbpbbpbbbpbbbbbpppbbpbbbppbppbbbppbppbbb,46
330998,1148,13,11,bpbbbppbppbb,p,bpbbbppbppbbp,2026-01-27 10:49:10,ppbpbppbpppbpbbbppbppbbppbbppbpppbbbbbpppppbp,45
334023,1230,13,30,bpbbbppbppbb,b,bpbbbppbppbbb,2026-01-27 10:49:10,pbppbbpbppbbpbbbbpbppbbpbbbppbbpbbbppbppbbbbbpbbbbbbpppppp,58
336850,1307,13,16,bpbbbppbppbb,p,bpbbbppbppbbp,2026-01-27 10:49:10,pbppbppbpbppbbpbbpbbbppbppbbpbppbpppppbbbbbbpbbpppbbp,53
338556,1356,13,22,bpbbbppbppbb,b,bpbbbppbppbbb,2026-01-27 10:49:10,bpppbpppbpppbbbbpbbppbbpbbbppbppbbbpbpbppbbbb,45
339226,1373,13,38,bpbbbppbppbb,b,bpbbbppbppbbb,2026-01-27 10:49:10,bbpbpbppbbpppbpbpbbpbppbppbbppbbbpbbbpbpbbbppbppbbbbpbbpb,57
344285,1511,13,10,bpbbbppbppbb,p,bpbbbppbppbbp,2026-01-27 10:49:10,bpppbbbpbpbpbbbppbppbbppbpbbpbpppppbp,37
347659,1590,13,43,bpbbbppbppbb,b,bpbbbppbppbbb,2026-01-27 10:49:10,bpbpbbpppbbbppbpbppbpbbpppbbbppbbbpppbbbbbbbpbbbppbppbbbppppbbpb,64
298244,157,13,1,bpbbbppbppbp,b,bpbbbppbppbpb,2026-01-27 10:49:09,pbpbbbppbppbpbppbbbbppp,23
301339,281,13,9,bpbbbppbppbp,b,bpbbbppbppbpb,2026-01-27 10:49:09,ppbbpppbpbpbbbppbppbpbb,23
302321,313,13,17,bpbbbppbppbp,b,bpbbbppbppbpb,2026-01-27 10:49:09,bpbpbbbbbbbpbbpbpbpbbbppbppbpbppbbppbbbbbbpbbpbbbppbbbbb,56
307530,461,13,31,bpbbbppbppbp,p,bpbbbppbppbpp,2026-01-27 10:49:09,bppbppppppbppbppbbbbpbpppbbbbbpbpbbbppbppbpp,44
308950,503,13,28,bpbbbppbppbp,p,bpbbbppbppbpp,2026-01-27 10:49:09,pbppbbpppppbbpbbbppbbppbppppbpbbbppbppbppppbpppppbbppp,54
311851,591,13,1,bpbbbppbppbp,p,bpbbbppbppbpp,2026-01-27 10:49:09,pbpbbbppbppbppbpppppbppbbpbbppbppbppbpbpppppp,45
312529,609,13,4,bpbbbppbppbp,p,bpbbbppbppbpp,2026-01-27 10:49:09,pbbbbpbbbppbppbppppppbbbpbppbpbpppbpbpppbbpbbpppbbbbp,53
312707,614,13,4,bpbbbppbppbp,p,bpbbbppbppbpp,2026-01-27 10:49:09,pbbbbpbbbppbppbppppppbbbpbppbpbpppbpbpppbbpbbpppbbbbpbbppppbb,61
315638,704,13,7,bpbbbppbppbp,p,bpbbbppbppbpp,2026-01-27 10:49:09,bpbpbbpbpbbbppbppbppbbppbbpbpppppbbbpppppbpppbbpbbpppbppbb,58
320935,866,13,20,bpbbbppbppbp,b,bpbbbppbppbpb,2026-01-27 10:49:10,bbpppbbpbpppppppbpbbbpbbbppbppbpbpppbpbbbppbpbbpppbb,52
322195,901,13,20,bpbbbppbppbp,p,bpbbbppbppbpp,2026-01-27 10:49:10,ppbpbppbbpbppppbpbpbbpbbbppbppbpppbbbpbbbppbbb,46
326360,1017,13,3,bpbbbppbppbp,p,bpbbbppbppbpp,2026-01-27 10:49:10,pbpbpbbbppbppbppbbbbppbbpbpbppbbppbpppbbp,41
327252,1039,13,4,bpbbbppbppbp,b,bpbbbppbppbpb,2026-01-27 10:49:10,bbbbbpbbbppbppbpbbpbbpppbppbbbbppppbbbb,39
345628,1542,13,40,bpbbbppbppbp,p,bpbbbppbppbpp,2026-01-27 10:49:10,bpbpbpbbbpbppbbpbpbbbpbppbbbpbbbbppbbbpbbpbbbppbppbpppbbppbb,60
348791,1619,13,19,bpbbbppbppbp,b,bpbbbppbppbpb,2026-01-27 10:49:11,bpbpbpbbpppbbpbpbbpbpbbbppbppbpbpppbbbppbppbbppbbpbpbbp,55
349376,1635,13,28,bpbbbppbppbp,b,bpbbbppbppbpb,2026-01-27 10:49:11,bbpbppbppbbbbppbbppbbbpppbpbbpbbbppbppbpb,41
350004,1650,13,24,bpbbbppbppbp,p,bpbbbppbppbpp,2026-01-27 10:49:11,bbpbbbbbbbbppppbbppbpbbpbpbbbppbppbpp,37
356044,1814,13,48,bpbbbppbppbp,b,bpbbbppbppbpb,2026-01-27 10:49:11,ppbbbpbbpppbbbppbbppbbpppbbbbbpbpbbbppbbbbppbpbpbpbbbppbppbpb,61
357721,1859,13,45,bpbbbppbppbp,p,bpbbbppbppbpp,2026-01-27 10:49:11,pbbppbpbpbbbbpbbpbbppbpppbbbpbpbppppbpbpbbbppbpbbbppbppbppbppb,62
359559,1907,13,33,bpbbbppbppbp,b,bpbbbppbppbpb,2026-01-27 10:49:11,pbbppbbbpbppbbbbbpbbppppppppbbbppbpbbbppbppbpbpbbpppb,53
300531,260,13,22,bpbbbppbpppp,b,bpbbbppbppppb,2026-01-27 10:49:09,bbbpbbbppbbbppbpbppbpbbpbbbppbppppbbpppbppbbbbbppbbpb,53
302087,306,13,11,bpbbbppbpppp,b,bpbbbppbppppb,2026-01-27 10:49:09,ppbbppbpbbpbpbbbppbppppbbpbppbpbpppbpbbpbbpbb,45
304409,372,13,14,bpbbbppbpppp,b,bpbbbppbppppb,2026-01-27 10:49:09,pbbbppbbppbbbpbpbbbppbppppbbbpppppbbpbbbpbpbppbbbp,50
305856,414,13,17,bpbbbppbpppp,p,bpbbbppbppppp,2026-01-27 10:49:09,pppbpbbpppbppppppbpbbbppbppppppbpbpppbbbpbbpbbbbbppbpppbpbp,59
311281,575,13,33,bpbbbppbpppp,p,bpbbbppbppppp,2026-01-27 10:49:09,bbbpppbbbpbpppbpbpbpppbbbppbbpbppbpbbbppbppppppb,48
318329,791,13,20,bpbbbppbpppp,b,bpbbbppbppppb,2026-01-27 10:49:09,pbppbppbpbppbbpbbpbbbpbbbppbppppbpbppbppppbpbb,46
326053,1007,13,33,bpbbbppbpppp,b,bpbbbppbppppb,2026-01-27 10:49:10,ppbpbbpbbpbpbpbbbppppbbppppbppbbpbpbbbppbppppbbpbppbpbbpb,57
335074,1258,13,34,bpbbbppbpppp,p,bpbbbppbppppp,2026-01-27 10:49:10,pppppbpbbbppppbpbpppppbbpppppbppppbpbbbppbppppppp,49
337735,1333,13,34,bpbbbppbpppp,b,bpbbbppbppppb,2026-01-27 10:49:10,pppbbbbbppbbppbbppbbbpbbppppbppbpbbpbbbppbppppbbbpbbpbpbpp,58
340833,1417,13,5,bpbbbppbpppp,p,bpbbbppbppppp,2026-01-27 10:49:10,bppbbbpbbbppbpppppppbpbpbpppbbpbpbppppbbbbppbpbbbbbbbb,54
341107,1423,13,32,bpbbbppbpppp,b,bpbbbppbppppb,2026-01-27 10:49:10,bbbppbpppbpppbpbbbppbpbbppppppbpbpbbbppbppppbpbb,48
296804,26,13,11,bpbbbppppbbp,p,bpbbbppppbbpp,2026-01-27 10:49:09,pbbbpbpbbpbbpbbbppppbbpppp,26
298354,166,13,8,bpbbbppppbbp,b,bpbbbppppbbpb,2026-01-27 10:49:09,bppbppbpbpbbbppppbbpbbbbbb,26
301645,292,13,2,bpbbbppppbbp,p,bpbbbppppbbpp,2026-01-27 10:49:09,bpbpbbbppppbbpppppbpbpbpbppbbpbbbpppbbpbbpbpbbbppbbbbppbppppb,61
304335,370,13,35,bpbbbppppbbp,b,bpbbbppppbbpb,2026-01-27 10:49:09,bbbbppbppbbpbbpbbbbpbpbbbbbbppppbbbbpbbbppppbbpbbbbbbppppbp,59
309812,532,13,11,bpbbbppppbbp,b,bpbbbppppbbpb,2026-01-27 10:49:09,pppppbbpbppbpbbbppppbbpbbpppbbb,31
314224,661,13,3,bpbbbppppbbp,b,bpbbbppppbbpb,2026-01-27 10:49:09,bpbbpbbbppppbbpbpbbppbpbbbbpbpbbbbpppbp,39
314571,672,13,40,bpbbbppppbbp,b,bpbbbppppbbpb,2026-01-27 10:49:09,bpbpppbbbbbpbbpbbbpbppppbpppbbppbppbbppbbpbbbppppbbpbpbppp,58
317883,774,13,36,bpbbbppppbbp,p,bpbbbppppbbpp,2026-01-27 10:49:09,pppppbbbppbbpbppppbpbpbpppbpbbpbbpbpbpbbbppppbbppbbppbp,55
318971,809,13,42,bpbbbppppbbp,b,bpbbbppppbbpb,2026-01-27 10:49:09,pppbbppbppppppbbppbbppbpbppbpppbpbppbbppppbpbbbppppbbpbbp,57
319161,816,13,39,bpbbbppppbbp,p,bpbbbppppbbpp,2026-01-27 10:49:09,bbbpbppbbbppbbpppbpbbpbbbbpbbpbbpbppbbbbpbbbppppbbppbbbbp,57
321648,885,13,48,bpbbbppppbbp,b,bpbbbppppbbpb,2026-01-27 10:49:10,pbbbbbbppbbbppbbpppppbpbppbpbppbpppbpbpbbbbbppppbpbbbppppbbpbb,62
322643,913,13,7,bpbbbppppbbp,p,bpbbbppppbbpp,2026-01-27 10:49:10,pbbbpbpbpbbbppppbbppppppbbppppppbbbppbbpbbbpbpb,47
323273,931,13,29,bpbbbppppbbp,p,bpbbbppppbbpp,2026-01-27 10:49:10,bbpppbbpppppbpppbpbbppbbpbbbbbpbbbppppbbppbpbbbpbp,50
325793,1001,13,4,bpbbbppppbbp,p,bpbbbppppbbpp,2026-01-27 10:49:10,ppbpbpbbbppppbbpppppbppbpbbbppppppbpbppbbbpbpbpbbpbbb,53
326043,1007,13,12,bpbbbppppbbp,p,bpbbbppppbbpp,2026-01-27 10:49:10,ppbpbbpbbpbpbpbbbppppbbppppbppbbpbpbbbppbppppbbpbppbpbbpb,57
327989,1060,13,41,bpbbbppppbbp,p,bpbbbppppbbpp,2026-01-27 10:49:10,bbbbbbbpbppppbbpbppbbbbpppbbbbbpbbbbbpbppbpbbbppppbbppbpbp,58
330699,1139,13,27,bpbbbppppbbp,p,bpbbbppppbbpp,2026-01-27 10:49:10,pbppbbbbppbbbbbbbpppbpbbbppbpbbbppppbbppbbpbbbp,47
331474,1161,13,29,bpbbbppppbbp,b,bpbbbppppbbpb,2026-01-27 10:49:10,ppppbpbppppppbppppbbppppppbbbbpbbbppppbbpbb,43
334138,1233,13,24,bpbbbppppbbp,b,bpbbbppppbbpb,2026-01-27 10:49:10,bbbbbpppbbppbbbpbbpbbbppbpbbbppppbbpbbbbpbp,43
335330,1265,13,4,bpbbbppppbbp,p,bpbbbppppbbpp,2026-01-27 10:49:10,pbpbbpbbbppppbbpppppbbppbbppbbpppbpbpbpbbpbpppbbbbbpbbbbbb,58
340291,1402,13,28,bpbbbppppbbp,b,bpbbbppppbbpb,2026-01-27 10:49:10,ppppbpppbbbbppbbbbbbbppbbbbpbpbbbppppbbpbbppppbpppppbbppbpp,59
352993,1737,13,9,bpbbbppppbbp,p,bpbbbppppbbpp,2026-01-27 10:49:11,bbbbppppbbpbbbppppbbpppppppbpbpppbpbbbpbbpbpppppbpb,51
353663,1755,13,28,bpbbbppppbbp,b,bpbbbppppbbpb,2026-01-27 10:49:11,bppbpbbbpbbppbbpbpbbppbbppppbpbbbppppbbpbppppbbbbpbbbbpbpbb,59
355555,1801,13,37,bpbbbppppbbp,p,bpbbbppppbbpp,2026-01-27 10:49:11,pbppppbbbpbpppbbpbpbppbpbbpbppbbpbpbbbpbbbppppbbppbbppbpppbbbb,62
358147,1869,13,4,bpbbbppppbbp,p,bpbbbppppbbpp,2026-01-27 10:49:11,pbppbpbbbppppbbppbpbpppppbbpbpppbpppbppbpbbpbp,46
299605,232,13,33,bpbbbppppbpb,b,bpbbbppppbpbb,2026-01-27 10:49:09,pbppbbpbpbbbpppbbpbbppbppbbpbbbbpbpbbbppppbpbbbpbbpbbbbpppbpb,61
299649,233,13,22,bpbbbppppbpb,p,bpbbbppppbpbp,2026-01-27 10:49:09,ppppppbbbbbpbppbppbbppbpbbbppppbpbpppppppbbpbpbbpppbbbbbpbpb,60
304087,363,13,17,bpbbbppppbpb,b,bpbbbppppbpbb,2026-01-27 10:49:09,pbbppbpbbpbpbbppbbpbbbppppbpbbbbbppbppbppp,42
307395,456,13,9,bpbbbppppbpb,b,bpbbbppppbpbb,2026-01-27 10:49:09,bppbbppbbbpbbbppppbpbbppbbpbbbbbbbpbbbbpbpbbbpp,47
309245,512,13,38,bpbbbppppbpb,b,bpbbbppppbpbb,2026-01-27 10:49:09,ppbbpbbppbppppbpbpppbbppppbpbbpppbbpbbbpbbbppppbpbbb,52
313356,633,13,12,bpbbbppppbpb,p,bpbbbppppbpbp,2026-01-27 10:49:09,pbppppppbbppbpbbbppppbpbppbpbbpbbppbbpbbp,41
316751,740,13,38,bpbbbppppbpb,p,bpbbbppppbpbp,2026-01-27 10:49:09,bppbpbbpbppbbpbbbbpppbbbbppbpppbbpppbpbpbbbppppbpbppbpbbbbppbbbbb,65
317817,772,13,33,bpbbbppppbpb,p,bpbbbppppbpbp,2026-01-27 10:49:09,bbppbpbbpbppppppbpppbbpbbbpbpbpbpbpbbbppppbpbpb,47
325091,979,13,2,bpbbbppppbpb,b,bpbbbppppbpbb,2026-01-27 10:49:10,pbbpbbbppppbpbbppppbpbpbppbppbpbppbpbppbbbbppppppb,50
335062,1258,13,5,bpbbbppppbpb,p,bpbbbppppbpbp,2026-01-27 10:49:10,pppppbpbbbppppbpbpppppbbpppppbppppbpbbbppbppppppp,49
336018,1284,13,17,bpbbbppppbpb,b,bpbbbppppbpbb,2026-01-27 10:49:10,ppppbpbbpbbbbppppbpbbbppppbpbbppppbbpppbpppbbbbbbbpbppbbbbpppp,62
336272,1291,13,6,bpbbbppppbpb,b,bpbbbppppbpbb,2026-01-27 10:49:10,bppbbbbpbbbppppbpbbbbpbpbbpppbpbppbpbbpbbpbpbbbbbppbbbbpbppb,60
338671,1359,13,6,bpbbbppppbpb,b,bpbbbppppbpbb,2026-01-27 10:49:10,bpbbbpbpbbbppppbpbbbbbpppbppbbbbpbpbbbbbbbppbpp,47
339945,1392,13,21,bpbbbppppbpb,b,bpbbbppppbpbb,2026-01-27 10:49:10,bpbpbppbpbbbpbppbpbbpbpbbbppppbpbbpppbppbppbbpbpbpbppbbpbpbbb,61
341533,1434,13,5,bpbbbppppbpb,p,bpbbbppppbpbp,2026-01-27 10:49:10,pbbppbpbbbppppbpbppbbpbbbpbbpbbpbbbpbbppppbbpp,46
352162,1713,13,26,bpbbbppppbpb,p,bpbbbppppbpbp,2026-01-27 10:49:11,pbpbbbbpbppppbbppbbbbbpbppbpbbbppppbpbpbbbbppp,46
356007,1813,13,24,bpbbbppppbpb,b,bpbbbppppbpbb,2026-01-27 10:49:11,bpbpbpppppbbpbbbbppppppbbpbbbppppbpbbbp,39
359491,1905,13,27,bpbbbppppbpb,p,bpbbbppppbpbp,2026-01-27 10:49:11,pbpbpbbppppbpppbpbpbbbbppppbpbbbppppbpbpbpbpbpbbp,49
298308,163,13,8,bpbbbppppbpp,p,bpbbbppppbppp,2026-01-27 10:49:09,pbppbbbbbpbbbppppbppppbbppbppppbbppb,36
301456,285,13,0,bpbbbppppbpp,p,bpbbbppppbppp,2026-01-27 10:49:09,bpbbbppppbpppbppppbppppppb,26
301472,286,13,8,bpbbbppppbpp,p,bpbbbppppbppp,2026-01-27 10:49:09,pppbbbppbpbbbppppbppppbpbbbppbpbpbbbppppppbbbb,46
307815,469,13,18,bpbbbppppbpp,b,bpbbbppppbppb,2026-01-27 10:49:09,bpppbbpppppbbpbbppbpbbbppppbppbbpppbbbbbpbppbpbpbbpp,52
310310,547,13,11,bpbbbppppbpp,b,bpbbbppppbppb,2026-01-27 10:49:09,pppbbbbpppbbpbbbppppbppbbpbppbpp,32
310587,556,13,30,bpbbbppppbpp,b,bpbbbppppbppb,2026-01-27 10:49:09,pbppppppbbppbpbpbppbpbppbbppbbbpbbbppppbppbpbpb,47
311052,568,13,50,bpbbbppppbpp,p,bpbbbppppbppp,2026-01-27 10:49:09,bpppbbpbbpbbpbbbbbbpppbbbpbbpppbppbpbppppbbppbbbppbpbbbppppbppp,63
318622,800,13,2,bpbbbppppbpp,b,bpbbbppppbppb,2026-01-27 10:49:09,bpbpbbbppppbppbpbpbbbbbpppbppbpbbbppbbbppbbbbbbpbpb,51
320416,849,13,3,bpbbbppppbpp,b,bpbbbppppbppb,2026-01-27 10:49:10,ppbbpbbbppppbppbpbbppbpbpbpbbbbbbbpbpbb,39
331614,1165,13,42,bpbbbppppbpp,b,bpbbbppppbppb,2026-01-27 10:49:10,bbbppppbbppbbpppbbbppbbpbpbbppbppbbbbbbppbbpbbbppppbppbb,56
334899,1254,13,41,bpbbbppppbpp,p,bpbbbppppbppp,2026-01-27 10:49:10,bbbpppbpppbbbbbpppppbpbppppbbpbbppbpbbbpbbpbbbppppbpppbpbbbpbpbbbbbb,68
342432,1459,13,5,bpbbbppppbpp,p,bpbbbppppbppp,2026-01-27 10:49:10,pppbbbpbbbppppbppppbbbpppppppbbppbbbppbpppbpbp,46
347737,1592,13,15,bpbbbppppbpp,b,bpbbbppppbppb,2026-01-27 10:49:10,bpbpbbbbpbppbpbbpbbbppppbppbbppbpppbpbppbpppbpppbbppbbb,55
349232,1631,13,27,bpbbbppppbpp,p,bpbbbppppbppp,2026-01-27 10:49:11,pppbpppbpbbbpbbppppppppbbbbbpbbbppppbppppppbppppbbbpbbbpbpp,59
350520,1664,13,9,bpbbbppppbpp,p,bpbbbppppbppp,2026-01-27 10:49:11,pbbbbbpppbpbbbppppbppppbpppbbbbpbbpbpbpbppppbp,46
351665,1699,13,19,bpbbbppppbpp,p,bpbbbppppbppp,2026-01-27 10:49:11,pbbbbbppbbpppbpppppbpbbbppppbppppppppppbpppbbpbbpbbbbppbbppbppbpppbp,68
353477,1751,13,0,bpbbbppppbpp,p,bpbbbppppbppp,2026-01-27 10:49:11,bpbbbppppbpppppbpppbppppppbpppbppppbbpbpbbbbbppbbpb,51
355829,1808,13,33,bpbbbppppbpp,p,bpbbbppppbppp,2026-01-27 10:49:11,bppbbppbpbbppppbbpbppppbpbbppppbpbpbbbppppbpppbppppp,52
357067,1842,13,25,bpbbbppppbpp,p,bpbbbppppbppp,2026-01-27 10:49:11,bppppbbpbpbbppppbppbbbbbpbpbbbppppbppppbpbbbpbb,47
357987,1865,13,35,bpbbbppppbpp,b,bpbbbppppbppb,2026-01-27 10:49:11,bbpbbpbbpppppbppbppppbppppppbpbbpbbbpbbbppppbppbbppbbpppppbbpbpbp,65
305402,398,13,13,bpbbbpppppbb,p,bpbbbpppppbbp,2026-01-27 10:49:09,bpppbbbbbpbbbbpbbbpppppbbpbpbbbppbbppb,38
305505,401,13,17,bpbbbpppppbb,p,bpbbbpppppbbp,2026-01-27 10:49:09,bppbppppppbbbppppbpbbbpppppbbpppbbp,35
313791,647,13,21,bpbbbpppppbb,p,bpbbbpppppbbp,2026-01-27 10:49:09,pbbppbbbbppbppbbbbbbpbpbbbpppppbbpbbbppbbbbbpbbppppp,52
314832,681,13,41,bpbbbpppppbb,b,bpbbbpppppbbb,2026-01-27 10:49:09,bbbbbppbppbbpbpppbppbbppbbpbbbbbpbbppbbbpbpbbbpppppbbbppppbb,60
321730,887,13,20,bpbbbpppppbb,b,bpbbbpppppbbb,2026-01-27 10:49:10,bppbbbppbbbbpbbppppbbpbbbpppppbbbbbppbbbb,41
324119,953,13,28,bpbbbpppppbb,p,bpbbbpppppbbp,2026-01-27 10:49:10,bppbpbbbbpbbpppbpppppppbpppbbpbbbpppppbbppppbbbbbbbp,52
336538,1298,13,1,bpbbbpppppbb,p,bpbbbpppppbbp,2026-01-27 10:49:10,bbpbbbpppppbbppbbppppbbbpppbppppbpppppppbbpbpbbppbbbbbbbp,57
351193,1685,13,19,bpbbbpppppbb,p,bpbbbpppppbbp,2026-01-27 10:49:11,bbbbbbbbpbbppbpbbppbpbbbpppppbbpbpbbppppbbpppppbbpbbpbpbbbpb,60
307191,451,13,28,bpbbbpppppbp,b,bpbbbpppppbpb,2026-01-27 10:49:09,bbppppppbpppbbpbpbbpbbpbppppbpbbbpppppbpbbppbbppppppppbbppbpppb,63
316583,736,13,12,bpbbbpppppbp,p,bpbbbpppppbpp,2026-01-27 10:49:09,pppppbpppbbbbpbbbpppppbppppbpbbpppbbbbpbbbbbbppppbbbbpbpbppbppbb,64
319549,825,13,37,bpbbbpppppbp,p,bpbbbpppppbpp,2026-01-27 10:49:10,pbppbpbbbpbppbppbppbbppbbpbbbppbbppbpbpbbbpppppbppppppbbpbpbbb,62
323000,923,13,24,bpbbbpppppbp,b,bpbbbpppppbpb,2026-01-27 10:49:10,ppbpbppbpbpbbbpppbbbpbpbbpbbbpppppbpbpbpbppbpbbppppbbpbbbpbpbpppb,65
323409,935,13,4,bpbbbpppppbp,b,bpbbbpppppbpb,2026-01-27 10:49:10,pppbbpbbbpppppbpbbbpbppbpbpppbbbbppbbpbbbpppbbpppbppppppb,57
324233,957,13,12,bpbbbpppppbp,p,bpbbbpppppbpp,2026-01-27 10:49:10,ppbpbpbbppbbbpbbbpppppbppppbbbpppbbppbppbbbpbpbbppbbpbpbbbpbp,61
325544,992,13,20,bpbbbpppppbp,p,bpbbbpppppbpp,2026-01-27 10:49:10,bbppbbbpppbpbbppppbbbpbbbpppppbppbbbpppbbbbbbbpbpp,50
325779,1000,13,23,bpbbbpppppbp,b,bpbbbpppppbpb,2026-01-27 10:49:10,bbbbpbbbbbpbbbbbpbpppppbpbbbpppppbpbp,37
329187,1093,13,5,bpbbbpppppbp,p,bpbbbpppppbpp,2026-01-27 10:49:10,bpppbbpbbbpppppbppbbbbppbbpbpppppbbbbbbppppb,44
356669,1831,13,6,bpbbbpppppbp,p,bpbbbpppppbpp,2026-01-27 10:49:11,ppbppbbpbbbpppppbpppbbbppbbpbbppbbpbpppbppbbbbpbppbpbpbbbbppb,61
356800,1834,13,2,bpbbbpppppbp,b,bpbbbpppppbpb,2026-01-27 10:49:11,bbbpbbbpppppbpbbbbbbpbppbbppbppbbbpp,36
359587,1908,13,10,bpbbbpppppbp,b,bpbbbpppppbpb,2026-01-27 10:49:11,bbppbpbpbbbpbbbpppppbpbpppbbpppp,32
298027,140,13,9,bpbbbppppppb,b,bpbbbppppppbb,2026-01-27 10:49:09,ppppbppbbbpbbbppppppbbpbp,25
301484,286,13,31,bpbbbppppppb,b,bpbbbppppppbb,2026-01-27 10:49:09,pppbbbppbpbbbppppbppppbpbbbppbpbpbbbppppppbbbb,46
302776,326,13,29,bpbbbppppppb,b,bpbbbppppppbb,2026-01-27 10:49:09,pbbbbbpppbbbbbppppbbbbpbppbbbbpbbbppppppbbbpbb,46
313129,626,13,3,bpbbbppppppb,b,bpbbbppppppbb,2026-01-27 10:49:09,pbpbpbbbppppppbbpppppbpbbbppbbbppbbbpbpbpbbbppbpbppbbbbpppp,59
314180,659,13,30,bpbbbppppppb,p,bpbbbppppppbp,2026-01-27 10:49:09,pbbbbbbbpbbbppbbpbbbppbppbbppbbpbbbppppppbppbbppbbbb,52
320202,842,13,36,bpbbbppppppb,p,bpbbbppppppbp,2026-01-27 10:49:10,ppbpbbpppbppbppppbbbpbpbpppbpbpbbbppbpbbbppppppbppbbbpbppb,58
323248,930,13,25,bpbbbppppppb,p,bpbbbppppppbp,2026-01-27 10:49:10,ppppppbbppbbbpppppbbbpbbbbpbbbppppppbpbppbbbppb,47
325438,989,13,16,bpbbbppppppb,p,bpbbbppppppbp,2026-01-27 10:49:10,bpppbbpbbbbppbbbbpbbbppppppbpbpbpbpbbpbpb,41
325801,1001,13,23,bpbbbppppppb,p,bpbbbppppppbp,2026-01-27 10:49:10,ppbpbpbbbppppbbpppppbppbpbbbppppppbpbppbbbpbpbpbbpbbb,53
326993,1032,13,4,bpbbbppppppb,p,bpbbbppppppbp,2026-01-27 10:49:10,ppbbbpbbbppppppbppbbpppbbpbppbbpbppbbpbbbpbbbppppbbbbbbbbpb,59
332558,1190,13,18,bpbbbppppppb,p,bpbbbppppppbp,2026-01-27 10:49:10,bppbppppppppbpbbppbpbbbppppppbppppbbbbbpbppbbbpppppbbbppbbb,59
335236,1262,13,28,bpbbbppppppb,b,bpbbbppppppbb,2026-01-27 10:49:10,bppbpppbppbpppbppbpbpppppppbbpbbbppppppbbpppbpb,47
341143,1424,13,29,bpbbbppppppb,b,bpbbbppppppbb,2026-01-27 10:49:10,bbbppbbbpbbpbbpbbpbpppppbbpbpbpbbbppppppbbbbb,45
345863,1548,13,45,bpbbbppppppb,p,bpbbbppppppbp,2026-01-27 10:49:10,bbbbpbpbbbppbpbpbbpbbpbbbpbbbbpbpbppppbbpbpbbbpbbbppppppbpppppbpbb,66
348689,1616,13,30,bpbbbppppppb,p,bpbbbppppppbp,2026-01-27 10:49:11,ppbbppbbbbbbpbppbpbbbbbbbpbpbbbpbbbppppppbpbpbbpppbbppbpbpbppbbppb,66
351120,1683,13,23,bpbbbppppppb,p,bpbbbppppppbp,2026-01-27 10:49:11,bpbppbpbbbpbbbpbbbbpbbbbpbbbppppppbpbppbppbpbbbbbp,50
356527,1827,13,11,bpbbbppppppb,p,bpbbbppppppbp,2026-01-27 10:49:11,pbpbbppbpbpbpbbbppppppbppppppbpppbppppbbpbpbpbpppbbpbpbbbbppppbpb,65
360054,1921,13,10,bpbbbppppppb,p,bpbbbppppppbp,2026-01-27 10:49:11,bbpbppbppbbpbbbppppppbpppbbpppbbbbbbbbppbbbbbpbbbbpppppp,56
296690,16,13,9,bpbbbppppppp,p,bpbbbpppppppp,2026-01-27 10:49:09,bbbpbpbppbpbbbppppppppbbbppbbppb,32
309425,519,13,2,bpbbbppppppp,p,bpbbbpppppppp,2026-01-27 10:49:09,ppbpbbbpppppppppbpppbbppppbppppbbbbbbbbbbbbbppppbbbbbpbpppbb,60
319878,834,13,30,bpbbbppppppp,p,bpbbbpppppppp,2026-01-27 10:49:10,pppbbppbbbbppppbbpbppbbpbbpppbbpbbbpppppppppbpppbpbpbpbbbpbbbbbpbbpbpp,70
331155,1152,13,37,bpbbbppppppp,p,bpbbbpppppppp,2026-01-27 10:49:10,pppbbbbpbppbbbpbbppppppppbppppbbpbppbbpbbbppppppppbbb,53
333167,1206,13,9,bpbbbppppppp,b,bpbbbpppppppb,2026-01-27 10:49:10,pppbbbbbpbpbbbpppppppbpppbppbbppppbb,36
350488,1663,13,31,bpbbbppppppp,b,bpbbbpppppppb,2026-01-27 10:49:11,bbppbbbpbbbpbppbpppbpbpbbbbppppbpbbbpppppppbppbpppbbbpbppbp,59
301082,274,13,35,pbpppbbbbbbb,b,pbpppbbbbbbbb,2026-01-27 10:49:09,pbpbpbppbbbpbppbbbbpppbbbbbbbpbbbbppbpppbbbbbbbbbppbbppppbpppbpp,64
307706,466,13,29,pbpppbbbbbbb,p,pbpppbbbbbbbp,2026-01-27 10:49:09,ppbbbbpbpbpppbbpbbppbbpbbbpbbpbpppbbbbbbbpp,43
310899,564,13,27,pbpppbbbbbbb,p,pbpppbbbbbbbp,2026-01-27 10:49:09,pbppbbpbbbpbbppbbbpppppppbppbpppbbbbbbbpbbpb,44
311505,581,13,32,pbpppbbbbbbb,b,pbpppbbbbbbbb,2026-01-27 10:49:09,pppbpppppbbppbbpbbbpppbpbpbbbbpppbpppbbbbbbbbbbbppbbbbppbbbbbp,62
312389,604,13,16,pbpppbbbbbbb,p,pbpppbbbbbbbp,2026-01-27 10:49:09,bbpbbbbpbpbppppbpbpppbbbbbbbpbpbpp,34
314985,686,13,21,pbpppbbbbbbb,b,pbpppbbbbbbbb,2026-01-27 10:49:09,pppbbbppppbbpbbpbbbbppbpppbbbbbbbbpppbbppbbbbppbbpbbpppppbbpbbp,63
323598,940,13,20,pbpppbbbbbbb,p,pbpppbbbbbbbp,2026-01-27 10:49:10,pppbpbbbbppbbbppbbpbpbpppbbbbbbbpbbppbbpbbpbbpbbpbppbppbpbb,59
325466,990,13,18,pbpppbbbbbbb,p,pbpppbbbbbbbp,2026-01-27 10:49:10,bbbbbpbpbbpbpppbpbpbpppbbbbbbbppbbbppppbpppb,44
327574,1048,13,22,pbpppbbbbbbb,p,pbpppbbbbbbbp,2026-01-27 10:49:10,bpbppbppbpppbpppppbbbppbpppbbbbbbbpbppbbbbpbppbbpbbbppbppbb,59
328660,1078,13,43,pbpppbbbbbbb,b,pbpppbbbbbbbb,2026-01-27 10:49:10,bbpbpppppbbppppbppbbppppbbppbpppbpbpppbbpbppbpppbbbbbbbbpppbppbp,64
329215,1094,13,7,pbpppbbbbbbb,b,pbpppbbbbbbbb,2026-01-27 10:49:10,ppbpbbbpbpppbbbbbbbbpbbpbbbpbpbpbbbpbpbpbbbppbbb,48
332142,1178,13,9,pbpppbbbbbbb,p,pbpppbbbbbbbp,2026-01-27 10:49:10,bpppbpbbbpbpppbbbbbbbpppbbpbppbbbbpbppppbbpbbbbpbbppbbpbbbbpb,61
336027,1284,13,38,pbpppbbbbbbb,p,pbpppbbbbbbbp,2026-01-27 10:49:10,ppppbpbbpbbbbppppbpbbbppppbpbbppppbbpppbpppbbbbbbbpbppbbbbpppp,62
337391,1323,13,38,pbpppbbbbbbb,p,pbpppbbbbbbbp,2026-01-27 10:49:10,ppbbbppppbpppbbbpbpppbppbbbppbbbppbbbppbpppbbbbbbbppbpbp,56
337926,1337,13,35,pbpppbbbbbbb,p,pbpppbbbbbbbp,2026-01-27 10:49:10,bbbpbbppbpppbbbpbbpbpbppbppbpbpppbbpbpppbbbbbbbpbppbpppp,56
351939,1707,13,12,pbpppbbbbbbb,b,pbpppbbbbbbbb,2026-01-27 10:49:11,bppppppbppbbpbpppbbbbbbbbbpbbbbpppppppbppbb,43
300000,244,13,11,pbpppbbbbbbp,b,pbpppbbbbbbpb,2026-01-27 10:49:09,bbbpbppppbppbpppbbbbbbpbbppbpbbbpbpbpppppbpbpppppppbpbbb,56
300984,272,13,30,pbpppbbbbbbp,b,pbpppbbbbbbpb,2026-01-27 10:49:09,pbbpbppbbbbbbbpbppbbpbpbbpbppbpbpppbbbbbbpbpbbbbpbbppbbbpb,58
308484,489,13,11,pbpppbbbbbbp,b,pbpppbbbbbbpb,2026-01-27 10:49:09,bbbpbbbpbpppbpppbbbbbbpbbpbpbbpbppppbppbbppppbbbbbppppbppbb,59
308534,490,13,19,pbpppbbbbbbp,p,pbpppbbbbbbpp,2026-01-27 10:49:09,bbpbbpppbppbppbbpbppbpppbbbbbbpppppbbp,38
313307,631,13,12,pbpppbbbbbbp,p,pbpppbbbbbbpp,2026-01-27 10:49:09,bppbbppbpbbppbpppbbbbbbppbpbpppbb,33
314201,660,13,2,pbpppbbbbbbp,p,pbpppbbbbbbpp,2026-01-27 10:49:09,pbpbpppbbbbbbpppbppppbppppbbpppppbbpbbpp,40
319093,814,13,37,pbpppbbbbbbp,b,pbpppbbbbbbpb,2026-01-27 10:49:09,bbbppbbpbpbpbpppppbbbbbbpppppppbbpppbpbpppbbbbbbpbppbppbpbpbbbpb,64
320037,838,13,26,pbpppbbbbbbp,b,pbpppbbbbbbpb,2026-01-27 10:49:10,bbbbbbpppbbpbpbbbbbpbbpppppbpppbbbbbbpbbpbbpbpbppbbpb,53
327430,1044,13,8,pbpppbbbbbbp,p,pbpppbbbbbbpp,2026-01-27 10:49:10,pbpbbpbppbpppbbbbbbpppppbbbbppbpbbbbppbbpbpppb,46
331403,1159,13,34,pbpppbbbbbbp,b,pbpppbbbbbbpb,2026-01-27 10:49:10,bbpbbbbpbppbppbpbppbpbbbbpbbpbbppbpbpppbbbbbbpbbpbpbbbbpbbpbp,61
338365,1350,13,29,pbpppbbbbbbp,p,pbpppbbbbbbpp,2026-01-27 10:49:10,pbbbbbbpbpbpppbppbbbbppbppbpppbpppbbbbbbppp,43
338453,1353,13,29,pbpppbbbbbbp,p,pbpppbbbbbbpp,2026-01-27 10:49:10,pbbbbbbpbpbpppbppbbbbppbppbpppbpppbbbbbbpppbb,45
339033,1368,13,37,pbpppbbbbbbp,p,pbpppbbbbbbpp,2026-01-27 10:49:10,bpbppbbbpppppbbbbbbbppbppbbbpbbbbpbpppbpppbbbbbbppbpbppbppbbbbbb,64
346628,1566,13,12,pbpppbbbbbbp,p,pbpppbbbbbbpp,2026-01-27 10:49:10,bbpbppbpbbpbpbpppbbbbbbppbbbpbbppppbppbbppbppppbbpbbpbbpbppp,60
351888,1705,13,31,pbpppbbbbbbp,b,pbpppbbbbbbpb,2026-01-27 10:49:11,bbbppppbbbbpbbbbbbbbpbpbbppbbbppbpppbbbbbbpbpbbpp,49
353621,1754,13,38,pbpppbbbbbbp,b,pbpppbbbbbbpb,2026-01-27 10:49:11,pbpbbpbbbbbpbbppppbpbbbpbbbpppbbbbbppppbpppbbbbbbpbbbpppbbppbbbb,64
355235,1793,13,1,pbpppbbbbbbp,p,pbpppbbbbbbpp,2026-01-27 10:49:11,bpbpppbbbbbbppppbbbbpbbbbbpbbpppbbbppbppbpbbbpppbbpbbppbbbbppbppbpp,67
355795,1807,13,24,pbpppbbbbbbp,b,pbpppbbbbbbpb,2026-01-27 10:49:11,bbpbbpbpppppbpbpppbppbpbpbpppbbbbbbpb,37
358909,1890,13,11,pbpppbbbbbbp,p,pbpppbbbbbbpp,2026-01-27 10:49:11,bbppppbpbpbpbpppbbbbbbppbppbpbppbppppbbpbpppppppbppbbpbpbbpppbppb,65
297123,52,13,9,pbpppbbbbbpb,p,pbpppbbbbbpbp,2026-01-27 10:49:09,ppbbbbpbppbpppbbbbbpbpbpbbpbbpbbppp,35
303971,360,13,4,pbpppbbbbbpb,b,pbpppbbbbbpbb,2026-01-27 10:49:09,pbbppbpppbbbbbpbbpbppbpbbppbppbpbbbpbbpbbbpbbpbbbpbbbbbpbbbb,60
307525,461,13,20,pbpppbbbbbpb,p,pbpppbbbbbpbp,2026-01-27 10:49:09,bppbppppppbppbppbbbbpbpppbbbbbpbpbbbppbppbpp,44
314552,672,13,1,pbpppbbbbbpb,b,pbpppbbbbbpbb,2026-01-27 10:49:09,bpbpppbbbbbpbbpbbbpbppppbpppbbppbppbbppbbpbbbppppbbpbpbppp,58
315361,696,13,22,pbpppbbbbbpb,b,pbpppbbbbbpbb,2026-01-27 10:49:09,pbbbbbbbppbppbbbpbpppbpbpppbbbbbpbbpbbbpbpbpp,45
321695,886,13,35,pbpppbbbbbpb,b,pbpppbbbbbpbb,2026-01-27 10:49:10,bpbbbppbppbbpbbbppbpbppbpbbpbpppbbbpbpppbbbbbpbbbpbpp,53
323761,944,13,24,pbpppbbbbbpb,p,pbpppbbbbbpbp,2026-01-27 10:49:10,bbbpbbpbppbpbbbbbbbbbppppbpppbbbbbpbppbbpbbbbbppppppbbppbpbbbpbb,64
330728,1140,13,27,pbpppbbbbbpb,p,pbpppbbbbbpbp,2026-01-27 10:49:10,pbpbpppppbbppppppppbbbppbpbpbpppbbbbbpbp,40
335349,1265,13,41,pbpppbbbbbpb,b,pbpppbbbbbpbb,2026-01-27 10:49:10,pbpbbpbbbppppbbpppppbbppbbppbbpppbpbpbpbbpbpppbbbbbpbbbbbb,58
341401,1430,13,45,pbpppbbbbbpb,b,pbpppbbbbbpbb,2026-01-27 10:49:10,pbbbpbpbbpbppbppppbbpbbppbbpbbpbppbpbppppbpbppbpppbbbbbpbbpppp,62
343082,1477,13,27,pbpppbbbbbpb,b,pbpppbbbbbpbb,2026-01-27 10:49:10,ppppbbppppbbbbbbpbbbpbpbbbppbpppbbbbbpbbppppbbbppbbbbb,54
344044,1504,13,5,pbpppbbbbbpb,p,pbpppbbbbbpbp,2026-01-27 10:49:10,bbpbbpbpppbbbbbpbpbppppbppbpbbbpbpbbppppbbpbp,45
348153,1602,13,42,pbpppbbbbbpb,p,pbpppbbbbbpbp,2026-01-27 10:49:10,pppbppbppbbpbbbpbpbbbbpppbpbpbpppbpbpbbppppbpppbbbbbpbppb,57
348581,1613,13,23,pbpppbbbbbpb,p,pbpppbbbbbpbp,2026-01-27 10:49:10,bbbppbbbbbbpbbbpbbpbbbbpbpppbbbbbpbpbpbbppbppbpbbbpbb,53
350079,1652,13,37,pbpppbbbbbpb,b,pbpppbbbbbpbb,2026-01-27 10:49:11,ppbpbpppbppbbbpppbpbpbbbpbbppbppbbpbbpbpppbbbbbpbb,50
302275,312,13,19,pbpppbbbbbpp,p,pbpppbbbbbppp,2026-01-27 10:49:09,pbpbbppbbbppbppbpbbpbpppbbbbbpppbbbpbppbpppbppbpbpbppbppp,57
305433,399,13,42,pbpppbbbbbpp,p,pbpppbbbbbppp,2026-01-27 10:49:09,pppppbbbbbbpbbbbbpppbppbppbbpbbbbpbpbppppppbpppbbbbbpppppbpp,60
307139,449,13,45,pbpppbbbbbpp,b,pbpppbbbbbppb,2026-01-27 10:49:09,ppbbppbbppppbbbppppppbppbbpbbbbpbbpppbbppppbppbpppbbbbbppb,58
316636,737,13,44,pbpppbbbbbpp,b,pbpppbbbbbppb,2026-01-27 10:49:09,ppppbbbbbpbbbpbppbbpbpbbbpbbbpbbbpppbppbbbpbpbpppbbbbbppbbpbp,61
317198,754,13,20,pbpppbbbbbpp,p,pbpppbbbbbppp,2026-01-27 10:49:09,bbppppbbbbpbbbbbpbbbpbpppbbbbbpppbbppbbpbpbbbbbbpbpbb,53
317255,756,13,7,pbpppbbbbbpp,b,pbpppbbbbbppb,2026-01-27 10:49:09,pbbppbppbpppbbbbbppbpbppppbpbbpbbbppbbp,39
321600,884,13,25,pbpppbbbbbpp,p,pbpppbbbbbppp,2026-01-27 10:49:10,ppppbppppbpbpbbpppppppppbpbpppbbbbbpppbbpbpbpppbpbbbbb,54
328266,1067,13,28,pbpppbbbbbpp,p,pbpppbbbbbppp,2026-01-27 10:49:10,ppbpbppbppbbbppbbpppppppbbbbpbpppbbbbbpppbp,43
329129,1091,13,40,pbpppbbbbbpp,p,pbpppbbbbbppp,2026-01-27 10:49:10,pbbppbpppbpbpbpbppbpppbbpbpbbpbpbpppbbbbpbpppbbbbbpppbpbpp,58
329321,1097,13,3,pbpppbbbbbpp,b,pbpppbbbbbppb,2026-01-27 10:49:10,pbbpbpppbbbbbppbbpppbbpbbpbppppbbpbpppbbbpbp,44
329376,1099,13,3,pbpppbbbbbpp,b,pbpppbbbbbppb,2026-01-27 10:49:10,pbbpbpppbbbbbppbbpppbbpbbpbppppbbpbpppbbbpbppb,46
331007,1148,13,28,pbpppbbbbbpp,p,pbpppbbbbbppp,2026-01-27 10:49:10,ppbpbppbpppbpbbbppbppbbppbbppbpppbbbbbpppppbp,45
334882,1254,13,5,pbpppbbbbbpp,p,pbpppbbbbbppp,2026-01-27 10:49:10,bbbpppbpppbbbbbpppppbpbppppbbpbbppbpbbbpbbpbbbppppbpppbpbbbpbpbbbbbb,68
339845,1390,13,14,pbpppbbbbbpp,b,pbpppbbbbbppb,2026-01-27 10:49:10,bbbpbppbpbbppbpbpppbbbbbppbpppppbppbbpbbbbpbbpbpbpbpbpp,55
340879,1418,13,12,pbpppbbbbbpp,p,pbpppbbbbbppp,2026-01-27 10:49:10,bbppbbpbpbpppbpppbbbbbpppbppbbpbbbpbbpbbbpbbbpbppbbpbppppbbpppbp,64
346092,1554,13,2,pbpppbbbbbpp,b,pbpppbbbbbppb,2026-01-27 10:49:10,pbpbpppbbbbbppbpbbpbbpbbbbppbpbpbpbbpbbpbbpbpb,46
351601,1697,13,5,pbpppbbbbbpp,p,pbpppbbbbbppp,2026-01-27 10:49:11,bpbbppbpppbbbbbppppbbpbbppbpbbpbpbpbb,37
352269,1716,13,13,pbpppbbbbbpp,p,pbpppbbbbbppp,2026-01-27 10:49:11,pbpbpbppbbppppbpppbbbbbpppbpppbbpbp,35
352563,1725,13,1,pbpppbbbbbpp,p,pbpppbbbbbppp,2026-01-27 10:49:11,bpbpppbbbbbpppppbbbpppbppbpbbpbpbppbbpbppbpppbppbpbbbbbbpbbbpbbbbb,66
353034,1738,13,26,pbpppbbbbbpp,p,pbpppbbbbbppp,2026-01-27 10:49:11,ppppbbbppbppbbpbpbppbppppppbpppbbbbbppppbpbpbbbpp,49
353510,1752,13,1,pbpppbbbbbpp,p,pbpppbbbbbppp,2026-01-27 10:49:11,ppbpppbbbbbpppbbbbbpbbpbpbpbpbbbbpbppbbbbpbpbbpppbppbpppbpbbppbbbp,66
356319,1822,13,8,pbpppbbbbbpp,p,pbpppbbbbbppp,2026-01-27 10:49:11,bbpppppbpbpppbbbbbpppppbpbbpppbbbbpbbbbbbpppbbbpbbppbbpbp,57
357366,1850,13,31,pbpppbbbbbpp,b,pbpppbbbbbppb,2026-01-27 10:49:11,pbbppbbbpbpppppbpbppbppppbpbbbbpbpppbbbbbppbp,45
360082,1922,13,3,pbpppbbbbbpp,b,pbpppbbbbbppb,2026-01-27 10:49:11,pbbpbpppbbbbbppbbpbpbbpppppbbpppbpbpppbpppbbbppppbbpbpppppbbbppbppppp,69
299755,237,13,8,pbpppbbbbpbb,p,pbpppbbbbpbbp,2026-01-27 10:49:09,bppbbpbbpbpppbbbbpbbpbppbppbbpbppbppbbpbpbpbpbpbpbbp,52
305742,409,13,4,pbpppbbbbpbb,p,pbpppbbbbpbbp,2026-01-27 10:49:09,pbpppbpppbbbbpbbppppbppb,24
306057,420,13,11,pbpppbbbbpbb,b,pbpppbbbbpbbb,2026-01-27 10:49:09,bpbppbppbbppbpppbbbbpbbbppbbbbbbpbbbbppbpppbpbbbbbbpbbbpbpp,59
306662,436,13,48,pbpppbbbbpbb,p,pbpppbbbbpbbp,2026-01-27 10:49:09,pbbbbpbpbpbbbbpbppppbppbpppppbbpbbbppbbpbbbppbbbpbpppbbbbpbbppppbp,66
306860,442,13,33,pbpppbbbbpbb,b,pbpppbbbbpbbb,2026-01-27 10:49:09,ppppbppbpbppppbbbbbpbbbpbpbpbbbbppbpppbbbbpbbbb,47
307160,450,13,3,pbpppbbbbpbb,b,pbpppbbbbpbbb,2026-01-27 10:49:09,ppbpbpppbbbbpbbbbbbbbpbbppppppbbbpbp,36
315996,715,13,3,pbpppbbbbpbb,p,pbpppbbbbpbbp,2026-01-27 10:49:09,bpbpbpppbbbbpbbppbbbbpbbpbbbbbpbbbbpbpp,39
316580,736,13,4,pbpppbbbbpbb,b,pbpppbbbbpbbb,2026-01-27 10:49:09,pppppbpppbbbbpbbbpppppbppppbpbbpppbbbbpbbbbbbppppbbbbpbpbppbppbb,64
316962,747,13,11,pbpppbbbbpbb,b,pbpppbbbbpbbb,2026-01-27 10:49:09,ppppbppbppbpbpppbbbbpbbbpbbbpbpppbbpbbb,39
326400,1018,13,11,pbpppbbbbpbb,p,pbpppbbbbpbbp,2026-01-27 10:49:10,bpbbpbbbppbpbpppbbbbpbbpbppbppbppbbpbbpbbppppbppppbbbpbbpbpb,60
338549,1356,13,7,pbpppbbbbpbb,p,pbpppbbbbpbbp,2026-01-27 10:49:10,bpppbpppbpppbbbbpbbppbbpbbbppbppbbbpbpbppbbbb,45
350525,1664,13,22,pbpppbbbbpbb,p,pbpppbbbbpbbp,2026-01-27 10:49:11,pbbbbbpppbpbbbppppbppppbpppbbbbpbbpbpbpbppppbp,46
351708,1700,13,14,pbpppbbbbpbb,b,pbpppbbbbpbbb,2026-01-27 10:49:11,pbppbbpbpbpppppbpppbbbbpbbbppbpbbbpbbbbbbbpbbppbbbbbpbppppb,59
352482,1722,13,19,pbpppbbbbpbb,p,pbpppbbbbpbbp,2026-01-27 10:49:11,pppbbpppbbpbppppbpppbpppbbbbpbbppbbbppbbpb,42
354339,1770,13,8,pbpppbbbbpbb,b,pbpppbbbbpbbb,2026-01-27 10:49:11,bppbbbbbpbpppbbbbpbbbbbbppbbpbppppbpbbpbpbbppbbbpppbbbbbbb,58
360441,1930,13,13,pbpppbbbbpbb,b,pbpppbbbbpbbb,2026-01-27 10:49:11,ppppbppbbbbpppbpppbbbbpbbbbbpbppbbbppbpb,40
302548,320,13,40,pbpppbbbbpbp,b,pbpppbbbbpbpb,2026-01-27 10:49:09,bbpbbbppppbbbbpppbppbbpbppbbbpbbpbbpbbpbpbpppbbbbpbpb,53
306287,427,13,38,pbpppbbbbpbp,b,pbpppbbbbpbpb,2026-01-27 10:49:09,pbbbpbpppppppbpbpbbpbppbpbpbbpbbbpbbpbpbpppbbbbpbpbpbppppbpbp,61
306736,438,13,14,pbpppbbbbpbp,p,pbpppbbbbpbpp,2026-01-27 10:49:09,bbbpbbpbbbbbbppbpppbbbbpbppbpbbpbppbppp,39
307424,457,13,6,pbpppbbbbpbp,b,pbpppbbbbpbpb,2026-01-27 10:49:09,pbbbbbpbpppbbbbpbpbpppppbpbbppbbpppbpbbbbpbb,44
309934,535,13,0,pbpppbbbbpbp,p,pbpppbbbbpbpp,2026-01-27 10:49:09,pbpppbbbbpbppbpbpbppppppbbbbpbpbbpppppb,39
311926,593,13,8,pbpppbbbbpbp,b,pbpppbbbbpbpb,2026-01-27 10:49:09,bbpbpbpbpbpppbbbbpbpbpbpppppbpbbbbpbpbbbbbbbppppbbbppb,54
316422,728,13,12,pbpppbbbbpbp,p,pbpppbbbbpbpp,2026-01-27 10:49:09,bppbbbppppbbpbpppbbbbpbppbbbppppppbpbb,38
321180,872,13,27,pbpppbbbbpbp,b,pbpppbbbbpbpb,2026-01-27 10:49:10,pbpbpbbbbbppbpppbbbpppbppbbpbpppbbbbpbpbbbpbbppbppbpbpbp,56
329125,1091,13,31,pbpppbbbbpbp,p,pbpppbbbbpbpp,2026-01-27 10:49:10,pbbppbpppbpbpbpbppbpppbbpbpbbpbpbpppbbbbpbpppbbbbbpppbpbpp,58
329252,1095,13,5,pbpppbbbbpbp,p,pbpppbbbbpbpp,2026-01-27 10:49:10,pbbpbpbpppbbbbpbppbpppbpppppppppbp,34
330073,1119,13,25,pbpppbbbbpbp,p,pbpppbbbbpbpp,2026-01-27 10:49:10,pbbpppppbpppbpbpbppbbpbpbpbpppbbbbpbppbppbbbbb,46
330104,1120,13,17,pbpppbbbbpbp,p,pbpppbbbbpbpp,2026-01-27 10:49:10,pbpbppbbpppbbpppppbpppbbbbpbppbppbbpbbpbb,41
341693,1438,13,1,pbpppbbbbpbp,p,pbpppbbbbpbpp,2026-01-27 10:49:10,bpbpppbbbbpbpppppbbbpbbbpbppbbbpbpbppbppbbbbppppbppbppbbbpbb,60
347305,1582,13,33,pbpppbbbbpbp,p,pbpppbbbbpbpp,2026-01-27 10:49:10,bbppbpbbpbbbppbbbpbbbbpppbpbpbbbbpbpppbbbbpbppppppbbbpbpbbbppppb,64
347504,1587,13,10,pbpppbbbbpbp,b,pbpppbbbbpbpb,2026-01-27 10:49:10,ppbbbbbpbppbpppbbbbpbpbppbpbbppppbpppbpppbbpbbbbbpppbpppppbpbpbppbp,67
351863,1704,13,17,pbpppbbbbpbp,p,pbpppbbbbpbpp,2026-01-27 10:49:11,bbpbpppppppbbpbpbpbpppbbbbpbppbppb,34
354187,1767,13,3,pbpppbbbbpbp,b,pbpppbbbbpbpb,2026-01-27 10:49:11,bpppbpppbbbbpbpbbpbpppbpbpbppbbppbbbppbppbbpbpppppbbpb,54
301375,283,13,32,pbpppbbbbppb,b,pbpppbbbbppbb,2026-01-27 10:49:09,ppbppbbppbbppbpbppppbpbbpbpppbbbpbpppbbbbppbbbpbbppppbbppbbb,60
305632,405,13,1,pbpppbbbbppb,b,pbpppbbbbppbb,2026-01-27 10:49:09,bpbpppbbbbppbbppbbpbpbbpbbpppbbbpbppbbpppbpbppbppbbppbpppp,58
314924,684,13,33,pbpppbbbbppb,p,pbpppbbbbppbp,2026-01-27 10:49:09,bpppbbpbbbbppppppbbpbbbbbpbpppppbpbpppbbbbppbpbbbbbppppbp,57
323420,935,13,24,pbpppbbbbppb,b,pbpppbbbbppbb,2026-01-27 10:49:10,pppbbpbbbpppppbpbbbpbppbpbpppbbbbppbbpbbbpppbbpppbppppppb,57
340282,1402,13,3,pbpppbbbbppb,b,pbpppbbbbppbb,2026-01-27 10:49:10,ppppbpppbbbbppbbbbbbbppbbbbpbpbbbppppbbpbbppppbpppppbbppbpp,59
342141,1450,13,1,pbpppbbbbppb,p,pbpppbbbbppbp,2026-01-27 10:49:10,ppbpppbbbbppbpbbppbppbpbbbbbpbbbbbbppbbpbbppppbbbbppbbpbbpbppbbbpp,66
346561,1564,13,36,pbpppbbbbppb,b,pbpppbbbbppbb,2026-01-27 10:49:10,bbppbpppppbbbpbpbppbbbbbbbbppbpbbpbppbpppbbbbppbbp,50
355150,1791,13,29,pbpppbbbbppb,b,pbpppbbbbppbb,2026-01-27 10:49:11,bbbbbpbppbbbbpbbbbppppbpppppppbpppbbbbppbbpbbbpbbbbbbbpppbppbb,62
357143,1844,13,41,pbpppbbbbppb,b,pbpppbbbbppbb,2026-01-27 10:49:11,bbpbbbpbpbpppbpbbbpbpppppbbbpbbbpbpppbppbpbpppbbbbppbbpppbppbb,62
358596,1880,13,35,pbpppbbbbppb,p,pbpppbbbbppbp,2026-01-27 10:49:11,bbpbbppbbbpbpbbpppbbppppbbbpppppbpppbpppbbbbppbpbppbbpbbpppbb,61
359450,1904,13,28,pbpppbbbbppb,b,pbpppbbbbppbb,2026-01-27 10:49:11,ppbpbppbbppppbppbpbpbbbbbbbbpbpppbbbbppbbpppppbbbpbppb,54
296479,2,13,2,pbpppbbpbbbb,b,pbpppbbpbbbbb,2026-01-27 10:49:09,pppbpppbbpbbbbbpbpbbbpbbbp,26
297638,108,13,0,pbpppbbpbbbb,p,pbpppbbpbbbbp,2026-01-27 10:49:09,pbpppbbpbbbbpppbbbbb,20
299295,224,13,29,pbpppbbpbbbb,b,pbpppbbpbbbbb,2026-01-27 10:49:09,pbppbppbbppppppppbpbbbpbppppbpbpppbbpbbbbbppbpbbppbppbppbp,58
299331,225,13,15,pbpppbbpbbbb,p,pbpppbbpbbbbp,2026-01-27 10:49:09,bpppppppbbpbbbbpbpppbbpbbbbpbbppbppbpbpbppbpbpppppbbbpbbbpppbppp,64
309373,517,13,17,pbpppbbpbbbb,p,pbpppbbpbbbbp,2026-01-27 10:49:09,bpbbbbbbbbbpbbpbbpbpppbbpbbbbpppbbbbbpbpppbppppbpppbbbpp,56
310005,537,13,18,pbpppbbpbbbb,b,pbpppbbpbbbbb,2026-01-27 10:49:09,pbbpppppbbpbpbpppbpbpppbbpbbbbbpbpbbbp,38
324678,968,13,3,pbpppbbpbbbb,b,pbpppbbpbbbbb,2026-01-27 10:49:10,ppppbpppbbpbbbbbppppbbbppbpbbppbpbppbbbbbppbpbp,47
331221,1154,13,20,pbpppbbpbbbb,p,pbpppbbpbbbbp,2026-01-27 10:49:10,ppbpppppbpppbpbpbppppbpppbbpbbbbppbpbpbppbbbbb,46
338218,1346,13,16,pbpppbbpbbbb,p,pbpppbbpbbbbp,2026-01-27 10:49:10,bppppbbpbbppbbpppbpppbbpbbbbpppbppbbppbpbpbpbbbppb,50
347518,1587,13,36,pbpppbbpbbbb,b,pbpppbbpbbbbb,2026-01-27 10:49:10,ppbbbbbpbppbpppbbbbpbpbppbpbbppppbpppbpppbbpbbbbbpppbpppppbpbpbppbp,67
349973,1649,13,48,pbpppbbpbbbb,p,pbpppbbpbbbbp,2026-01-27 10:49:11,pppbbbpbppbbbpbpbbbbpppbpppbbbbpppppppbbbbbpbppppbpppbbpbbbbpb,62
359684,1911,13,34,pbpppbbpbbbb,p,pbpppbbpbbbbp,2026-01-27 10:49:11,pbpbbbbbpbppppppbbpbppbbpppbpbbpbppbpppbbpbbbbpppbppbbbbbbbppbb,63
360901,1942,13,18,pbpppbbpbbbb,b,pbpppbbpbbbbb,2026-01-27 10:49:11,bpbbpbbpbpppbbpbbbpbpppbbpbbbbbpbbppbpb,39
299869,241,13,15,pbpppbbpbbpb,b,pbpppbbpbbpbb,2026-01-27 10:49:09,ppbpbbbbbbpbbbbpbpppbbpbbpbbpbpbppbbbbpbbbbpb,45
301209,278,13,8,pbpppbbpbbpb,p,pbpppbbpbbpbp,2026-01-27 10:49:09,bbppbbbbpbpppbbpbbpbpppbbbppppbbpbppppbppppbpbppppbbbbbppbppbbppp,65
303530,349,13,5,pbpppbbpbbpb,b,pbpppbbpbbpbb,2026-01-27 10:49:09,pbbbbpbpppbbpbbpbbpbppppbbbpbbppbpbbbppbpbbbbbbpp,49
307615,464,13,31,pbpppbbpbbpb,b,pbpppbbpbbpbb,2026-01-27 10:49:09,pbbppppbpppbbpbpbbbbppppppbpbbppbpppbbpbbpbbbbbbppbpppbbbpbbb,61
342539,1462,13,29,pbpppbbpbbpb,p,pbpppbbpbbpbp,2026-01-27 10:49:10,ppbppbppbbbbbbppbbppbpbpppppbpbpppbbpbbpbppbpbppppbpbpb,55
344169,1507,13,45,pbpppbbpbbpb,p,pbpppbbpbbpbp,2026-01-27 10:49:10,pbbpbppppbbppppbppbpppbbpbbbpppbbbpppbpbbpppppbpppbbpbbpbpb,59
346425,1561,13,26,pbpppbbpbbpb,b,pbpppbbpbbpbb,2026-01-27 10:49:10,bbbbpbpbpbbppbpbbbbppbbpbbpbpppbbpbbpbbppbpbbpppbb,50
351670,1699,13,38,pbpppbbpbbpb,b,pbpppbbpbbpbb,2026-01-27 10:49:11,pbbbbbppbbpppbpppppbpbbbppppbppppppppppbpppbbpbbpbbbbppbbppbppbpppbp,68
356177,1818,13,11,pbpppbbpbbpb,p,pbpppbbpbbpbp,2026-01-27 10:49:11,bbbppbbpbbppbpppbbpbbpbpppbbbbppppbpppbpbbpbbbpp,48
297981,137,13,8,pbpppbbpbbpp,b,pbpppbbpbbppb,2026-01-27 10:49:09,bpbpbpbbpbpppbbpbbppbpbbpbpbpbbb,32
303624,351,13,6,pbpppbbpbbpp,b,pbpppbbpbbppb,2026-01-27 10:49:09,bbbbbbpbpppbbpbbppbbpbppbbppppbpbppbbpppbbbppbpbbbppbbb,55
304814,382,13,48,pbpppbbpbbpp,b,pbpppbbpbbppb,2026-01-27 10:49:09,bpbbbppbbpbbbppbpbbpbbpbppbbppbpppbpbbppbpbbbbbppbpppbbpbbppbbbp,64
306392,430,13,14,pbpppbbpbbpp,p,pbpppbbpbbppp,2026-01-27 10:49:09,ppppbbpbbpppbbpbpppbbpbbpppbbppbppbpppb,39
307694,466,13,8,pbpppbbpbbpp,b,pbpppbbpbbppb,2026-01-27 10:49:09,ppbbbbpbpbpppbbpbbppbbpbbbpbbpbpppbbbbbbbpp,43
308450,488,13,11,pbpppbbpbbpp,b,pbpppbbpbbppb,2026-01-27 10:49:09,bpbpbppbbpbpbpppbbpbbppbbbpbbbbbbbbppppbbpbpbbpbp,49
312345,603,13,22,pbpppbbpbbpp,b,pbpppbbpbbppb,2026-01-27 10:49:09,ppbbpbbbpbpbbppppbbpbbpbpppbbpbbppbpbbbpbpbbpbppppbbp,53
312546,609,13,35,pbpppbbpbbpp,p,pbpppbbpbbppp,2026-01-27 10:49:09,pbbbbpbbbppbppbppppppbbbpbppbpbpppbpbpppbbpbbpppbbbbp,53
312724,614,13,35,pbpppbbpbbpp,p,pbpppbbpbbppp,2026-01-27 10:49:09,pbbbbpbbbppbppbppppppbbbpbppbpbpppbpbpppbbpbbpppbbbbpbbppppbb,61
314718,677,13,25,pbpppbbpbbpp,b,pbpppbbpbbppb,2026-01-27 10:49:09,pppbppbbbbpbbbpbbbbbpbppppbpppbbpbbppb,38
315653,704,13,40,pbpppbbpbbpp,p,pbpppbbpbbppp,2026-01-27 10:49:09,bpbpbbpbpbbbppbppbppbbppbbpbpppppbbbpppppbpppbbpbbpppbppbb,58
322134,900,13,11,pbpppbbpbbpp,p,pbpppbbpbbppp,2026-01-27 10:49:10,ppppbbbpppppbpppbbpbbpppbbbbbbppbpbbpppbpbpbpbbpbpbbpbbbpbbbbpb,63
323970,950,13,8,pbpppbbpbbpp,b,pbpppbbpbbppb,2026-01-27 10:49:10,ppbpbbbppbpppbbpbbppbbbbbbbpbpbpbbbbbbpbppppbbpbpbppbp,54
324455,962,13,30,pbpppbbpbbpp,b,pbpppbbpbbppb,2026-01-27 10:49:10,pppbbppbppbbpppbpbppbbppbbbbpppbpppbbpbbppbbbbbbppbpbppbpp,58
340095,1396,13,16,pbpppbbpbbpp,p,pbpppbbpbbppp,2026-01-27 10:49:10,pppbpbppbbbpppbbpbpppbbpbbpppppbbpppbbpbbbbppppbbppbpbbbppbbp,61
341259,1427,13,41,pbpppbbpbbpp,b,pbpppbbpbbppb,2026-01-27 10:49:10,ppbbbbpbpbbbbppbbbbbbbbpbbpbppppbppbpbppppbpppbbpbbppbpppbbbpbp,63
342044,1448,13,27,pbpppbbpbbpp,p,pbpppbbpbbppp,2026-01-27 10:49:10,bbpbpbppbbppbpbppbppbbppbpbpbpppbbpbbpppbppppbbpbbbpbbbpb,57
347908,1595,13,43,pbpppbbpbbpp,b,pbpppbbpbbppb,2026-01-27 10:49:10,bpbppbbpppppbppppbbbpbpbpppbbbpbpbpbppbbbpbpbpppbbpbbppb,56
350772,1671,13,34,pbpppbbpbbpp,b,pbpppbbpbbppb,2026-01-27 10:49:11,ppppbpbpppppppbppbppbpbbppbpbpbbbbpbpppbbpbbppbpb,49
352405,1720,13,33,pbpppbbpbbpp,p,pbpppbbpbbppp,2026-01-27 10:49:11,bbbbbpbpbbbbpbpppppppbppbbpbpppbbpbpppbbpbbpppbppbb,51
352869,1733,13,12,pbpppbbpbbpp,p,pbpppbbpbbppp,2026-01-27 10:49:11,bbpbppbppbbppbpppbbpbbppppppppbbbbbpp,37
298923,211,13,27,pbpppbbpbpbb,b,pbpppbbpbpbbb,2026-01-27 10:49:09,bppppbppbbbppppbpppbbpbppbbpbpppbbpbpbbbbpbbbbbbbbpbpbppp,57
307178,451,13,7,pbpppbbpbpbb,p,pbpppbbpbpbbp,2026-01-27 10:49:09,bbppppppbpppbbpbpbbpbbpbppppbpbbbpppppbpbbppbbppppppppbbppbpppb,63
307603,464,13,6,pbpppbbpbpbb,b,pbpppbbpbpbbb,2026-01-27 10:49:09,pbbppppbpppbbpbpbbbbppppppbpbbppbpppbbpbbpbbbbbbppbpppbbbpbbb,61
311173,572,13,32,pbpppbbpbpbb,p,pbpppbbpbpbbp,2026-01-27 10:49:09,pppbpbppbbbbbbpppppppppppppppppbpbpppbbpbpbbppppbpbbpp,54
312961,621,13,13,pbpppbbpbpbb,b,pbpppbbpbpbbb,2026-01-27 10:49:09,pbpbbppbpbbbppbpppbbpbpbbbppbpbpbpbbpbbbbppbbpppbbpbbpppbpbpbppbb,65
314092,656,13,18,pbpppbbpbpbb,p,pbpppbbpbpbbp,2026-01-27 10:49:09,bpbbppbpppbpbpppbbpbpppbbpbpbbpbpbppbbppb,41
329115,1091,13,17,pbpppbbpbpbb,p,pbpppbbpbpbbp,2026-01-27 10:49:10,pbbppbpppbpbpbpbppbpppbbpbpbbpbpbpppbbbbpbpppbbbbbpppbpbpp,58
331539,1163,13,11,pbpppbbpbpbb,b,pbpppbbpbpbbb,2026-01-27 10:49:10,bpppbpbpbpbpbpppbbpbpbbbpbbpppbppppppppbbbpbbpbp,48
335423,1267,13,8,pbpppbbpbpbb,b,pbpppbbpbpbbb,2026-01-27 10:49:10,bppbbppppbpppbbpbpbbbpppbpppppbbpbppbppbpbbbbbpbbbbbbbbbppp,59
335755,1275,13,32,pbpppbbpbpbb,b,pbpppbbpbpbbb,2026-01-27 10:49:10,bppbpbpbbpbpppbbbppbbbbpppbppppbpbpppbbpbpbbbpbpbp,50
342189,1451,13,3,pbpppbbpbpbb,b,pbpppbbpbpbbb,2026-01-27 10:49:10,bbppbpppbbpbpbbbbbbbpbppbbbppbbbpbppppbbpppbppb,47
342609,1464,13,3,pbpppbbpbpbb,p,pbpppbbpbpbbp,2026-01-27 10:49:10,bpppbpppbbpbpbbpbbppppbbppbbpbbppbpbb,37
343378,1484,13,7,pbpppbbpbpbb,b,pbpppbbpbpbbb,2026-01-27 10:49:10,bbpbppppbpppbbpbpbbbbbbpbbbbpppbbbbbbpppbbbbpbbbpppbbb,54
345103,1531,13,7,pbpppbbpbpbb,b,pbpppbbpbpbbb,2026-01-27 10:49:10,bbpbpbbpbpppbbpbpbbbbpbbpppbbpbbbbpbbpppbppppppppppbbppbb,57
350609,1667,13,13,pbpppbbpbpbb,p,pbpppbbpbpbbp,2026-01-27 10:49:11,bbbpppppbppbppbpppbbpbpbbppbbbbpppbpbb,38
350937,1677,13,13,pbpppbbpbpbb,p,pbpppbbpbpbbp,2026-01-27 10:49:11,bbbpppppbppbppbpppbbpbpbbppbbbbpppbpbbpbpppb,44
354250,1768,13,22,pbpppbbpbpbb,b,pbpppbbpbpbbb,2026-01-27 10:49:11,pbpbpbbpbpbbbppbbbpbpbpbpppbbpbpbbbbpbpppbppppbpbpb,51
355902,1810,13,35,pbpppbbpbpbb,b,pbpppbbpbpbbb,2026-01-27 10:49:11,bpbbpbpbppppppbpppppbbpbbppbbpbbppbpbpppbbpbpbbbbpbbbppbbbpp,60
356542,1827,13,44,pbpppbbpbpbb,b,pbpppbbpbpbbb,2026-01-27 10:49:11,pbpbbppbpbpbpbbbppppppbppppppbpppbppppbbpbpbpbpppbbpbpbbbbppppbpb,65
357814,1861,13,20,pbpppbbpbpbb,p,pbpppbbpbpbbp,2026-01-27 10:49:11,bbpbppppbbpbbppbbpbbpbpppbbpbpbbpbppppppbbbbb,45
297442,85,13,13,pbpppbbpbpbp,p,pbpppbbpbpbpp,2026-01-27 10:49:09,bbbpppbbpppbbpbpppbbpbpbpp,26
298230,156,13,2,pbpppbbpbpbp,p,pbpppbbpbpbpp,2026-01-27 10:49:09,pbpbpppbbpbpbppppbppbbp,23
300040,245,13,0,pbpppbbpbpbp,b,pbpppbbpbpbpb,2026-01-27 10:49:09,pbpppbbpbpbpbpbpbpbpbbbppbb,27
307781,468,13,42,pbpppbbpbpbp,p,pbpppbbpbpbpp,2026-01-27 10:49:09,pbbpbpbbbbpbbppbbpbbppbbbpbbbbpppppbbbppbbpbpppbbpbpbppbppbb,60
308014,477,13,18,pbpppbbpbpbp,b,pbpppbbpbpbpb,2026-01-27 10:49:09,bbbpbbbpbpppbpbbbbpbpppbbpbpbpbbpbppppppbbpbpppbbpbpbppbbppbbbbppbp,67
308028,477,13,42,pbpppbbpbpbp,p,pbpppbbpbpbpp,2026-01-27 10:49:09,bbbpbbbpbpppbpbbbbpbpppbbpbpbpbbpbppppppbbpbpppbbpbpbppbbppbbbbppbp,67
311467,580,13,2,pbpppbbpbpbp,p,pbpppbbpbpbpp,2026-01-27 10:49:09,bppbpppbbpbpbpppppbpbbpbpbbbbppbbb,34
312576,610,13,9,pbpppbbpbpbp,p,pbpppbbpbpbpp,2026-01-27 10:49:09,pbppbbpbbpbpppbbpbpbppbpppbbbpbpbpbpbbbppbbppbb,47
312780,616,13,9,pbpppbbpbpbp,p,pbpppbbpbpbpp,2026-01-27 10:49:09,pbppbbpbbpbpppbbpbpbppbpppbbbpbpbpbpbbbppbbppbbbbppbpbpbpb,58
312874,619,13,11,pbpppbbpbpbp,p,pbpppbbpbpbpp,2026-01-27 10:49:09,bbppbpppbbbpbpppbbpbpbppbbbpbbpbpbbbbpb,39
322488,908,13,45,pbpppbbpbpbp,b,pbpppbbpbpbpb,2026-01-27 10:49:10,bbppbpbppppbbbpbbpppbbbppbpppbbbpppbpbppbbppppbpppbbpbpbpbbbpppp,64
324370,960,13,18,pbpppbbpbpbp,b,pbpppbbpbpbpb,2026-01-27 10:49:10,bpbbbbpbppppbpbppppbpppbbpbpbpbppbbbbppbpbpp,44
324504,963,13,31,pbpppbbpbpbp,b,pbpppbbpbpbpb,2026-01-27 10:49:10,bppbbpbpbppbpbbpppbppbpbpbbbpbppbpppbbpbpbpbbbb,47
325051,978,13,17,pbpppbbpbpbp,p,pbpppbbpbpbpp,2026-01-27 10:49:10,bbppppppbpbpbpbbbpbpppbbpbpbppbpppbbpppppbbbbbbbbbpppbbpppppbbbpbb,66
326871,1028,13,11,pbpppbbpbpbp,p,pbpppbbpbpbpp,2026-01-27 10:49:10,bbppppppbpbpbpppbbpbpbppbbppbppppppbpbpbbpbbpbpppbbpb,53
329837,1113,13,22,pbpppbbpbpbp,b,pbpppbbpbpbpb,2026-01-27 10:49:10,bpbbbppbbbbpbbppbbbbpppbpppbbpbpbpbbbbbbbbbbbpbbbp,50
338986,1367,13,46,pbpppbbpbpbp,b,pbpppbbpbpbpb,2026-01-27 10:49:10,bppbbpbpbpbbbbbbbpbbpbbbbpbpbpbbppppbbbbpbpbpbpbpppbbpbpbpbbbpp,63
339379,1377,13,16,pbpppbbpbpbp,p,pbpppbbpbpbpp,2026-01-27 10:49:10,bbbppbpppppppbpbpbpppbbpbpbpppppbbpbbbpbpbbpbppbbp,50
340842,1417,13,23,pbpppbbpbpbp,p,pbpppbbpbpbpp,2026-01-27 10:49:10,bppbbbpbbbppbpppppppbpbpbpppbbpbpbppppbbbbppbpbbbbbbbb,54
341304,1428,13,27,pbpppbbpbpbp,b,pbpppbbpbpbpb,2026-01-27 10:49:10,pbppbbpbpppbppbbbbpbbpppbpbpbpppbbpbpbpbbbp,43
345358,1537,13,40,pbpppbbpbpbp,p,pbpppbbpbpbpp,2026-01-27 10:49:10,bbpppbbbpbpbbpbpbpbbbpbbbbbpbbpbpbbppbpbpbpppbbpbpbppbpbpbpbppppbbb,67
352441,1721,13,34,pbpppbbpbpbp,b,pbpppbbpbpbpb,2026-01-27 10:49:11,bbbbbbppbpbbbbpppbpbpbbbbbbbpbpbbbpbpppbbpbpbpbbbpbbpbpbbbbp,60
355536,1801,13,9,pbpppbbpbpbp,p,pbpppbbpbpbpp,2026-01-27 10:49:11,pbppppbbbpbpppbbpbpbppbpbbpbppbbpbpbbbpbbbppppbbppbbppbpppbbbb,62
358636,1881,13,23,pbpppbbpbpbp,p,pbpppbbpbpbpp,2026-01-27 10:49:11,pbbbbpppppbppbpbbpppbbppbpppbbpbpbpppbpbbpb,43
359089,1895,13,18,pbpppbbpbpbp,p,pbpppbbpbpbpp,2026-01-27 10:49:11,bbpbbbbpppbppppbbppbpppbbpbpbppbbpbpppppbpppbbppbbbpppppbbbppbbpppbp,68
296886,34,13,2,pbpppbbpbppb,p,pbpppbbpbppbp,2026-01-27 10:49:09,bbpbpppbbpbppbpbpppbbbbpb,25
296903,35,13,11,pbpppbbpbppb,p,pbpppbbpbppbp,2026-01-27 10:49:09,bpppppppbbbpbpppbbpbppbpbpppbbbbpb,34
297462,87,13,6,pbpppbbpbppb,b,pbpppbbpbppbb,2026-01-27 10:49:09,pppppppbpppbbpbppbbp,20
298915,211,13,14,pbpppbbpbppb,b,pbpppbbpbppbb,2026-01-27 10:49:09,bppppbppbbbppppbpppbbpbppbbpbpppbbpbpbbbbpbbbbbbbbpbpbppp,57
299902,242,13,9,pbpppbbpbppb,p,pbpppbbpbppbp,2026-01-27 10:49:09,bbbbpbbbbpbpppbbpbppbpppbpbppppbbppbpbppbpbppbppbbpbpbp,55
310614,557,13,13,pbpppbbpbppb,b,pbpppbbpbppbb,2026-01-27 10:49:09,bbbbpppppbpbppbpppbbpbppbbbpbpppbpbbpbp,39
315971,714,13,35,pbpppbbpbppb,b,pbpppbbpbppbb,2026-01-27 10:49:09,bbpbpbbbppbpppbpbbbbbbppbppbbpbbpbppbpppbbpbppbbb,49
318478,795,13,4,pbpppbbpbppb,p,pbpppbbpbppbp,2026-01-27 10:49:09,bppbpbpppbbpbppbpbbppbpbpbpbpppbbppbbbbbpppbbpbpppb,51
321135,871,13,24,pbpppbbpbppb,p,pbpppbbpbppbp,2026-01-27 10:49:10,pppbppbbbbbbbpbpppbbppbbpbpppbbpbppbppbppbppbbbbpppbb,53
325880,1003,13,7,pbpppbbpbppb,p,pbpppbbpbppbp,2026-01-27 10:49:10,bpbpbbbpbpppbbpbppbpbbbbpbpbbbbbbbbpppppbbpppbbppbbbb,53
327170,1037,13,13,pbpppbbpbppb,b,pbpppbbpbppbb,2026-01-27 10:49:10,pbpppbpbbbpbbpbpppbbpbppbbpppbppppbbpppbpbpbppbbpppb,52
327213,1038,13,13,pbpppbbpbppb,b,pbpppbbpbppbb,2026-01-27 10:49:10,pbpppbpbbbpbbpbpppbbpbppbbpppbppppbbpppbpbpbppbbpppbbb,54
328654,1078,13,33,pbpppbbpbppb,p,pbpppbbpbppbp,2026-01-27 10:49:10,bbpbpppppbbppppbppbbppppbbppbpppbpbpppbbpbppbpppbbbbbbbbpppbppbp,64
335687,1273,13,28,pbpppbbpbppb,p,pbpppbbpbppbp,2026-01-27 10:49:10,bbbbbbppbbbbpbbbbbbbbbpppbbbpbpppbbpbppbppbpbpbpppbpbpbp,56
337989,1339,13,7,pbpppbbpbppb,b,pbpppbbpbppbb,2026-01-27 10:49:10,bpppppppbpppbbpbppbbppbpppbpbbppbbbbbbpppbbpbbpppbpp,52
342725,1467,13,8,pbpppbbpbppb,p,pbpppbbpbppbp,2026-01-27 10:49:10,bbpbppbppbpppbbpbppbppbbbbbbbbpbbbppbbbppppbb,45
310985,567,13,4,pbpppbbppbbp,p,pbpppbbppbbpp,2026-01-27 10:49:09,pppbpbpppbbppbbppbpppbbpppbbpbpppppbpbbpbbpbbbbbbbppbbb,55
316376,727,13,15,pbpppbbppbbp,b,pbpppbbppbbpb,2026-01-27 10:49:09,bppbbppbbppbppbpbpppbbppbbpbppbpbpbpbppbbbpppppbbb,50
321129,871,13,13,pbpppbbppbbp,b,pbpppbbppbbpb,2026-01-27 10:49:10,pppbppbbbbbbbpbpppbbppbbpbpppbbpbppbppbppbppbbbbpppbb,53
323860,946,13,23,pbpppbbppbbp,b,pbpppbbppbbpb,2026-01-27 10:49:10,bbpbpbbpppppbbpbbbbbbpbpbpppbbppbbpbbbpbbbbppp,46
324761,970,13,7,pbpppbbppbbp,b,pbpppbbppbbpb,2026-01-27 10:49:10,bbpbbpbpbpppbbppbbpbpbppbpbbbpbbbbbppppbpbpbbbbbppbbpbbbbbpppppbb,65
325363,987,13,3,pbpppbbppbbp,p,pbpppbbppbbpp,2026-01-27 10:49:10,bbbpbpppbbppbbppppbbpbbpppbpbpbbbppppbbbbp,42
345903,1549,13,16,pbpppbbppbbp,b,pbpppbbppbbpb,2026-01-27 10:49:10,pppppbbpbpbppbpppbpppbbppbbpbpbpppbppbpbppbp,44
348424,1609,13,38,pbpppbbppbbp,b,pbpppbbppbbpb,2026-01-27 10:49:10,bppppbppbpbpbbbbpbbpbbbbpbbpbbbppbbbbbpbpppbbppbbpbbppppbpbbbbbbppp,67
353854,1759,13,37,pbpppbbppbbp,b,pbpppbbppbbpb,2026-01-27 10:49:11,bpbbppbbbppbppbpppppppbpbbbpppbpppbpbpbpppbbppbbpbpbbbpb,56
356927,1838,13,29,pbpppbbppbbp,b,pbpppbbppbbpb,2026-01-27 10:49:11,pppbppppbpppbppbbpppppbppbbpbpbpppbbppbbpbpbbbbpp,49
357666,1858,13,34,pbpppbbppbbp,b,pbpppbbppbbpb,2026-01-27 10:49:11,bbppbbppbbppbpbpbpbbpbbppbppbpppbppbpppbbppbbpbbbbpbp,53
357774,1860,13,34,pbpppbbppbbp,b,pbpppbbppbbpb,2026-01-27 10:49:11,bbppbbppbbppbpbpbpbbpbbppbppbpppbppbpppbbppbbpbbbbpbpb,54
298826,201,13,5,pbpppbbppbpb,p,pbpppbbppbpbp,2026-01-27 10:49:09,ppbpppbpppbbppbpbpbppppbbp,26
307223,452,13,1,pbpppbbppbpb,p,pbpppbbppbpbp,2026-01-27 10:49:09,ppbpppbbppbpbpbppbppbbpbbbpppbppbbpbppbbbbpbpppppppppbppppbppbbbb,65
309829,533,13,13,pbpppbbppbpb,b,pbpppbbppbpbb,2026-01-27 10:49:09,ppppbbbbpbpbbpbpppbbppbpbbpppbpbppbppbppbbpbbpbbbbppppbppppbbbbbpp,66
320605,854,13,29,pbpppbbppbpb,b,pbpppbbppbpbb,2026-01-27 10:49:10,bpbbbbbbpbpbppbbbbppbpppbpbbbpbpppbbppbpbbpb,44
327283,1040,13,7,pbpppbbppbpb,p,pbpppbbppbpbp,2026-01-27 10:49:10,ppbbbpbpbpppbbppbpbpbpbbbpppbpppbbbppbpbppbbbbbbpbbbbppppbbpbbp,63
328328,1069,13,5,pbpppbbppbpb,p,pbpppbbppbpbp,2026-01-27 10:49:10,bppbbpbpppbbppbpbppbbbbbppbpbbbbpppbbbbppppbpbppb,49
330459,1133,13,29,pbpppbbppbpb,b,pbpppbbppbpbb,2026-01-27 10:49:10,bpbbppbppppbbppbpppppbbpbbpbppbpppbbppbpbbbbppppppbbpbpbppbbpbbbbbb,67
344659,1520,13,23,pbpppbbppbpb,p,pbpppbbppbpbp,2026-01-27 10:49:10,pbbbbpppbpbbpbbbbbbpbpbpbpppbbppbpbpppbbbbpppbppbpbppbbpbpppbp,62
344742,1522,13,23,pbpppbbppbpb,p,pbpppbbppbpbp,2026-01-27 10:49:10,pbbbbpppbpbbpbbbbbbpbpbpbpppbbppbpbpppbbbbpppbppbpbppbbpbpppbpbb,64
349896,1647,13,25,pbpppbbppbpb,p,pbpppbbppbpbp,2026-01-27 10:49:11,bppbbppbbbppbbbbpbpbpbbpbpbpppbbppbpbppbbppbppbpp,49
350019,1651,13,8,pbpppbbppbpb,b,pbpppbbppbpbb,2026-01-27 10:49:11,pbbppppbpbpppbbppbpbbbpbpbppbbbppppbbpbbpbbpppbbpbb,51
360582,1934,13,1,pbpppbbppbpb,b,pbpppbbppbpbb,2026-01-27 10:49:11,bpbpppbbppbpbbpbpbbbpbbbbppppbpbpbppbbbbppbppbpbbbbbbbpbppppb,61
304444,373,13,20,pbpppbbppbpp,p,pbpppbbppbppp,2026-01-27 10:49:09,pbbbpppbppbbbbbpbbbppbpppbbppbpppbpbbbbpbpbppbpbbppppbbbpp,58
312925,620,13,54,pbpppbbppbpp,p,pbpppbbppbppp,2026-01-27 10:49:09,bpbppbbppbbbbbpbbpppppbppbpbbpbbbbppbpbpbpppbbbpppbbbbpbpppbbppbppp,67
314428,668,13,8,pbpppbbppbpp,p,pbpppbbppbppp,2026-01-27 10:49:09,bbpbpbpbpbpppbbppbpppppbpbbbppbpbpbppppppbpbpbpbbbbpp,53
314562,672,13,23,pbpppbbppbpp,b,pbpppbbppbppb,2026-01-27 10:49:09,bpbpppbbbbbpbbpbbbpbppppbpppbbppbppbbppbbpbbbppppbbpbpbppp,58
317073,751,13,11,pbpppbbppbpp,p,pbpppbbppbppp,2026-01-27 10:49:09,bbbpbbbpbpppbpppbbppbpppppppbbpbpb,34
321278,875,13,24,pbpppbbppbpp,p,pbpppbbppbppp,2026-01-27 10:49:10,ppbpbbpbbpbpbpbpbpbbbpbbpbpppbbppbppppbbb,41
325924,1004,13,25,pbpppbbppbpp,b,pbpppbbppbppb,2026-01-27 10:49:10,bbbpbbbbbbpbbbppbppbbpppppbpppbbppbppbbpbbpbbbbpbppbbbpppbpb,60
343254,1481,13,18,pbpppbbppbpp,p,pbpppbbppbppp,2026-01-27 10:49:10,ppbppppppbpbppbbpbpbpppbbppbppppbpbpbppbpbppbbpppp,50
343619,1491,13,9,pbpppbbppbpp,p,pbpppbbppbppp,2026-01-27 10:49:10,bbpbpbppppbpppbbppbpppppppbbbppbbpppbpbbbbpbpbbb,48
344448,1515,13,10,pbpppbbppbpp,b,pbpppbbppbppb,2026-01-27 10:49:10,pppbbbbbpbpbpppbbppbppbpbbbbbpbppbbpbbbbpbpbpppbpbpbbbpbbbpppbbbbp,66
359805,1914,13,2,pbpppbbppbpp,b,pbpppbbppbppb,2026-01-27 10:49:11,pppbpppbbppbppbbbpbpbbpbppbpbpbbppbppbpbpbbpbbbbpbpp,52
302803,327,13,28,pbpppbbppppb,p,pbpppbbppppbp,2026-01-27 10:49:09,bpbbbpbbbpppbbbbpppbbpbpbbbbpbpppbbppppbppbbppbpbpbppppppbbbbppbppb,67
309234,512,13,15,pbpppbbppppb,p,pbpppbbppppbp,2026-01-27 10:49:09,ppbbpbbppbppppbpbpppbbppppbpbbpppbbpbbbpbbbppppbpbbb,52
309428,519,13,15,pbpppbbppppb,p,pbpppbbppppbp,2026-01-27 10:49:09,ppbpbbbpppppppppbpppbbppppbppppbbbbbbbbbbbbbppppbbbbbpbpppbb,60
309881,534,13,3,pbpppbbppppb,b,pbpppbbppppbb,2026-01-27 10:49:09,bbbpbpppbbppppbbbpbbbpbbpbbpbppbppbbppbbpbbpppbbpbbbppbpbbbbpbppb,65
318580,798,13,12,pbpppbbppppb,b,pbpppbbppppbb,2026-01-27 10:49:09,bbpbppbppppbpbpppbbppppbbppbbpbb,32
324535,964,13,12,pbpppbbppppb,b,pbpppbbppppbb,2026-01-27 10:49:10,pbbppbbbbpbbpbpppbbppppbbbpbpbpbpbbbbbpbbpppbbp,47
326928,1029,13,37,pbpppbbppppb,p,pbpppbbppppbp,2026-01-27 10:49:10,bpppbbpbbppbbpppbppppppbbbpppbpppbppbpbpppbbppppbppbbp,54
328061,1062,13,35,pbpppbbppppb,b,pbpppbbppppbb,2026-01-27 10:49:10,bbbbpbpppppbpbbbppbbpbppbbpbbbbbbpbpbpppbbppppbbbp,50
329669,1108,13,14,pbpppbbppppb,p,pbpppbbppppbp,2026-01-27 10:49:10,bbbppppbppppbbpbpppbbppppbpbbbbbpppbppbpbp,42
337596,1329,13,24,pbpppbbppppb,b,pbpppbbppppbb,2026-01-27 10:49:10,bbbppppbbpppppbppppbbbpppbpppbbppppbbppbpbppbpb,47
344505,1516,13,8,pbpppbbppppb,p,pbpppbbppppbp,2026-01-27 10:49:10,ppbbbbbppbpppbbppppbpbbbbppbppbbbpbp,36
344896,1526,13,31,pbpppbbppppb,b,pbpppbbppppbb,2026-01-27 10:49:10,pbbbbpppbbbppbbbpbpppbpbbbbbbpppbpppbbppppbbbpbbppppppbbb,57
355185,1792,13,15,pbpppbbppppb,p,pbpppbbppppbp,2026-01-27 10:49:11,ppbpbpbppbbbppppbpppbbppppbpppppppbpbpbbpbpppbppppbbppbpppbppbpppbpbbp,70
304360,371,13,0,pbpppbbppppp,b,pbpppbbpppppb,2026-01-27 10:49:09,pbpppbbpppppbppppbpppbbpppbppbbbppppbpbbpbbpbbpbpbpbbpbpp,57
310440,552,13,4,pbpppbbppppp,p,pbpppbbpppppp,2026-01-27 10:49:09,bpbbpbpppbbppppppppppbppbppbbpbbbppbbpbbpbpbbp,46
310782,561,13,47,pbpppbbppppp,p,pbpppbbpppppp,2026-01-27 10:49:09,bppppbppbppbbppbppbbbbbbppppbbpppbppbpbpbbpbbpppbpppbbppppppp,61
315514,701,13,3,pbpppbbppppp,p,pbpppbbpppppp,2026-01-27 10:49:09,bbppbpppbbppppppppbbppbbppbpppppppbbb,37
316802,741,13,26,pbpppbbppppp,b,pbpppbbpppppb,2026-01-27 10:49:09,pbbbpbppppppbpbpbpbbpbpppppbpppbbpppppbppbpbbpppbppbp,53
318534,796,13,29,pbpppbbppppp,b,pbpppbbpppppb,2026-01-27 10:49:09,bbbbbbbpbpbbpbbppbppppbbbbbbbpbpppbbpppppbpbbpbpbbb,51
322532,909,13,25,pbpppbbppppp,p,pbpppbbpppppp,2026-01-27 10:49:10,pbpbbbppbpbpbbbpbpppbpbbppbpppbbppppppbppbpbp,45
325059,978,13,29,pbpppbbppppp,b,pbpppbbpppppb,2026-01-27 10:49:10,bbppppppbpbpbpbbbpbpppbbpbpbppbpppbbpppppbbbbbbbbbpppbbpppppbbbpbb,66
343661,1492,13,41,pbpppbbppppp,b,pbpppbbpppppb,2026-01-27 10:49:10,pbbpbbbbbbpbbbbbbbppppppppbbbpppbpbpbpbbbpbpppbbpppppbpbb,57
345722,1544,13,41,pbpppbbppppp,p,pbpppbbpppppp,2026-01-27 10:49:10,bbpppbppbppbppbbbbbpbppbppppbbppppppbbppppbpppbbpppppppppb,58
348342,1607,13,44,pbpppbbppppp,p,pbpppbbpppppp,2026-01-27 10:49:10,bpbbpbbpbbbbbbpbpbbbpbbbbpppbppppbppppbpbbbppbpppbbpppppppbbbbb,63
348503,1611,13,3,pbpppbbppppp,b,pbpppbbpppppb,2026-01-27 10:49:10,bpbpbpppbbpppppbbpbppppppbppbppbbbpbbb,38
354997,1787,13,10,pbpppbbppppp,p,pbpppbbpppppp,2026-01-27 10:49:11,pbpbbbbpbppbpppbbpppppppppbppppppbpbbbpbb,41
358074,1867,13,38,pbpppbbppppp,p,pbpppbbpppppp,2026-01-27 10:49:11,bppbbbpbbpbbpppbbbbbbppppppbpbbbbppppbpbpppbbppppppbpbbbbbbbpbppp,65
302952,331,13,36,pbpppbpbbbbb,p,pbpppbpbbbbbp,2026-01-27 10:49:09,ppbppbpbbppppbppbbbbbbpbpbpbppbppbpppbpppbpbbbbbpbbbpbbb,56
306067,420,13,38,pbpppbpbbbbb,b,pbpppbpbbbbbb,2026-01-27 10:49:09,bpbppbppbbppbpppbbbbpbbbppbbbbbbpbbbbppbpppbpbbbbbbpbbbpbpp,59
315957,714,13,9,pbpppbpbbbbb,b,pbpppbpbbbbbb,2026-01-27 10:49:09,bbpbpbbbppbpppbpbbbbbbppbppbbpbbpbppbpppbbpbppbbb,49
321003,868,13,18,pbpppbpbbbbb,b,pbpppbpbbbbbb,2026-01-27 10:49:10,bbbbppbpbpbbpppbpppbpppbpbbbbbbbppbbpbbpbpbbbpbppbbbbbpbbbpb,60
324009,951,13,12,pbpppbpbbbbb,p,pbpppbpbbbbbp,2026-01-27 10:49:10,bbppppppbbpppbpppbpbbbbbppbpbbbpbppbppppbbbppbbpppbpp,53
326131,1009,13,36,pbpppbpbbbbb,p,pbpppbpbbbbbp,2026-01-27 10:49:10,pbppbbbbpbpbpbpppppbppbbbbbpbpppbpbbpbpppbpbbbbbpbpbppbpbppb,60
340969,1420,13,14,pbpppbpbbbbb,p,pbpppbpbbbbbp,2026-01-27 10:49:10,bppbbpbpbbbpbbpbpppbpbbbbbppbppppbppbbppbpbbppbbppppbbppbppbppbbp,65
344085,1505,13,12,pbpppbpbbbbb,b,pbpppbpbbbbbb,2026-01-27 10:49:10,bbpbbpbbppbppbpppbpbbbbbbbppbbbpppbpbp,38
344890,1526,13,16,pbpppbpbbbbb,b,pbpppbpbbbbbb,2026-01-27 10:49:10,pbbbbpppbbbppbbbpbpppbpbbbbbbpppbpppbbppppbbbpbbppppppbbb,57
345808,1547,13,37,pbpppbpbbbbb,p,pbpppbpbbbbbp,2026-01-27 10:49:10,pbbbbbpbppppbppbbbpbpbppbpbppbbppbpbppbpppbpbbbbbpbpbpp,55
359339,1901,13,17,pbpppbpbbbbb,b,pbpppbpbbbbbb,2026-01-27 10:49:11,pppbbbpppbbbpbbbppbpppbpbbbbbbbbpbbbpbbpbbpbbpbpbbbb,52
298019,139,13,12,pbpppbpbbbbp,p,pbpppbpbbbbpp,2026-01-27 10:49:09,pbbbppppppbbpbpppbpbbbbpp,25
300300,253,13,30,pbpppbpbbbbp,b,pbpppbpbbbbpb,2026-01-27 10:49:09,bpppppbbpbpbbbbbbbpppbbbpppbbppbpppbpbbbbpbbbpbbbbbpppbbb,57
304448,373,13,28,pbpppbpbbbbp,b,pbpppbpbbbbpb,2026-01-27 10:49:09,pbbbpppbppbbbbbpbbbppbpppbbppbpppbpbbbbpbpbppbpbbppppbbbpp,58
308008,477,13,7,pbpppbpbbbbp,b,pbpppbpbbbbpb,2026-01-27 10:49:09,bbbpbbbpbpppbpbbbbpbpppbbpbpbpbbpbppppppbbpbpppbbpbpbppbbppbbbbppbp,67
310834,563,13,0,pbpppbpbbbbp,p,pbpppbpbbbbpp,2026-01-27 10:49:09,pbpppbpbbbbpppbppbbbbpppbbbpbbpbpbppppbbpbpppppbppbbbpbbpppbbpbpbb,66
318230,788,13,4,pbpppbpbbbbp,b,pbpppbpbbbbpb,2026-01-27 10:49:09,bbpppbpppbpbbbbpbbbbpbbbbpbpbbbbpppppbbppbbbb,45
320262,844,13,36,pbpppbpbbbbp,b,pbpppbpbbbbpb,2026-01-27 10:49:10,bbbpbppppppppbpppbbbpbppbpbpbpbpbbbbpbpppbpbbbbpbbp,51
320562,853,13,14,pbpppbpbbbbp,b,pbpppbpbbbbpb,2026-01-27 10:49:10,bpbpbppbbppppbpbpppbpbbbbpbpbppbbbbpppppp,41
324141,954,13,1,pbpppbpbbbbp,p,pbpppbpbbbbpp,2026-01-27 10:49:10,bpbpppbpbbbbppbpbbbpbpbbbbpbpbppbppb,36
332816,1197,13,16,pbpppbpbbbbp,b,pbpppbpbbbbpb,2026-01-27 10:49:10,ppbppbpbpppbpbbppbpppbpbbbbpbbbppbbbpppbbppbbbbpp,49
335585,1270,13,18,pbpppbpbbbbp,b,pbpppbpbbbbpb,2026-01-27 10:49:10,pbpbppbpbpbbpbbpbppbpppbpbbbbpbpppp,35
341586,1435,13,42,pbpppbpbbbbp,p,pbpppbpbbbbpp,2026-01-27 10:49:10,ppbbbbppbpbppbpppppppbbbppbbbpppbpbbbbbpbppbpppbpbbbbppbbbpp,60
352667,1727,13,27,pbpppbpbbbbp,p,pbpppbpbbbbpp,2026-01-27 10:49:11,bbbpbpbbbbppbbpbbbppbpbpbpppbpppbpbbbbppbbbbbppppbppppbp,56
302098,306,13,30,pbpppbpbbpbb,p,pbpppbpbbpbbp,2026-01-27 10:49:09,ppbbppbpbbpbpbbbppbppppbbpbppbpbpppbpbbpbbpbb,45
308661,494,13,14,pbpppbpbbpbb,b,pbpppbpbbpbbb,2026-01-27 10:49:09,bpppppbpbbpbpbpbpppbpbbpbbbbpbbbpbbbbp,38
311120,570,13,17,pbpppbpbbpbb,b,pbpppbpbbpbbb,2026-01-27 10:49:09,pbpbbbbbppbbbpppbpbpppbpbbpbbbb,31
313381,634,13,0,pbpppbpbbpbb,b,pbpppbpbbpbbb,2026-01-27 10:49:09,pbpppbpbbpbbbppbbbbpbpbbppbbpppbpbpppbpbbbbp,44
313611,642,13,2,pbpppbpbbpbb,p,pbpppbpbbpbbp,2026-01-27 10:49:09,pbpbpppbpbbpbbppbbbpppppbbbpp,29
317872,774,13,21,pbpppbpbbpbb,p,pbpppbpbbpbbp,2026-01-27 10:49:09,pppppbbbppbbpbppppbpbpbpppbpbbpbbpbpbpbbbppppbbppbbppbp,55
318005,779,13,21,pbpppbpbbpbb,b,pbpppbpbbpbbb,2026-01-27 10:49:09,pppbpbppppppbbpbppbbbpbpppbpbbpbbbppbpbbpbbpppbbpppbb,53
323956,949,13,13,pbpppbpbbpbb,p,pbpppbpbbpbbp,2026-01-27 10:49:10,pbbpppbbbbppbpbpppbpbbpbbpbpb,29
327335,1041,13,4,pbpppbpbbpbb,b,pbpppbpbbpbbb,2026-01-27 10:49:10,pbbbpbpppbpbbpbbbppbpppbpppbppbbbbb,35
328855,1084,13,7,pbpppbpbbpbb,p,pbpppbpbbpbbp,2026-01-27 10:49:10,pbbpppppbpppbpbbpbbppbbbbbppppppppbbbbbb,40
334832,1252,13,19,pbpppbpbbpbb,b,pbpppbpbbpbbb,2026-01-27 10:49:10,pbbbbpbbpbbbbpbbbpppbpppbpbbpbbbpbbbpbppppbb,44
335182,1261,13,37,pbpppbpbbpbb,b,pbpppbpbbpbbb,2026-01-27 10:49:10,bbbbpbbpbbbbbbpbpbpbbppbbpbpbpbbppbbppbpppbpbbpbbbbbbpbpppppppbpppb,67
345205,1534,13,6,pbpppbpbbpbb,p,pbpppbpbbpbbp,2026-01-27 10:49:10,pbpbpppbpppbpbbpbbpbpbbpbpbbbpbpbpbbpbbbbbppbbppbppppbbbppp,59
355650,1804,13,4,pbpppbpbbpbb,p,pbpppbpbbpbbp,2026-01-27 10:49:11,bbbppbpppbpbbpbbppbpbbpbbpbbbbppppbpbbbbpbpbppbpbppbp,53
356187,1818,13,33,pbpppbpbbpbb,b,pbpppbpbbpbbb,2026-01-27 10:49:11,bbbppbbpbbppbpppbbpbbpbpppbbbbppppbpppbpbbpbbbpp,48
356830,1835,13,32,pbpppbpbbpbb,b,pbpppbpbbpbbb,2026-01-27 10:49:11,bpppbpppbbbbpppbbpppbbbbpppppbpppbpppbpbbpbbbpbbbppp,52
359299,1900,13,12,pbpppbpbbpbb,b,pbpppbpbbpbbb,2026-01-27 10:49:11,bppbpbbpppbppbpppbpbbpbbbbpbbpppbpbbbbbbbbbpppbpbpppbbp,55
302506,319,13,3,pbpppbpbbpbp,p,pbpppbpbbpbpp,2026-01-27 10:49:09,ppppbpppbpbbpbpppbppbbbpbppbbpbp,32
304232,367,13,25,pbpppbpbbpbp,p,pbpppbpbbpbpp,2026-01-27 10:49:09,bbpbbpbbpbbpbpbpbbppppbbppbpppbpbbpbpp,38
305152,391,13,19,pbpppbpbbpbp,p,pbpppbpbbpbpp,2026-01-27 10:49:09,pbbpbppbbppbbppbppbpbpppbpbbpbpppbppbbbbpbbpbbbpbbppbbbpbbpbpbbb,64
309735,529,13,16,pbpppbpbbpbp,p,pbpppbpbbpbpp,2026-01-27 10:49:09,bpbbbbpbbbbbbpbppbpppbpbbpbpppbpb,33
313448,636,13,0,pbpppbpbbpbp,b,pbpppbpbbpbpb,2026-01-27 10:49:09,pbpppbpbbpbpbpbbbbppppppbbpppp,30
317147,753,13,10,pbpppbpbbpbp,b,pbpppbpbbpbpb,2026-01-27 10:49:09,bbpbppbbbbpbpppbpbbpbpbbbbbpbppbppbpbbbbbbpbpbbpppbbpppp,56
318358,792,13,2,pbpppbpbbpbp,p,pbpppbpbbpbpp,2026-01-27 10:49:09,bbpbpppbpbbpbppbbbbbpbbbbpppbbbbppbbppbbbbpbbbbppbbbpbb,55
322863,919,13,7,pbpppbpbbpbp,p,pbpppbpbbpbpp,2026-01-27 10:49:10,bpppbbbpbpppbpbbpbpppbppbbpbpppbpbppbbpppbppb,45
326125,1009,13,27,pbpppbpbbpbp,p,pbpppbpbbpbpp,2026-01-27 10:49:10,pbppbbbbpbpbpbpppppbppbbbbbpbpppbpbbpbpppbpbbbbbpbpbppbpbppb,60
329078,1090,13,24,pbpppbpbbpbp,p,pbpppbpbbpbpp,2026-01-27 10:49:10,bpbpbppppbppbpbpbbbbppbbpbpppbpbbpbppbbppbbp,44
335607,1271,13,5,pbpppbpbbpbp,b,pbpppbpbbpbpb,2026-01-27 10:49:10,bppbbpbpppbpbbpbpbppbbpbbpbbbbpppppppbbpbbbpbbpbbbpb,52
340248,1401,13,18,pbpppbpbbpbp,p,pbpppbpbbpbpp,2026-01-27 10:49:10,pbbpppbbppppbpbbbbpbpppbpbbpbpppbpbppbbbpbpppbpbbb,50
340519,1408,13,29,pbpppbpbbpbp,p,pbpppbpbbpbpp,2026-01-27 10:49:10,bpbppbbbbppbbpbpbbpbbbppbbbpbpbpppbpbbpbppbpbb,46
344366,1513,13,15,pbpppbpbbpbp,p,pbpppbpbbpbpp,2026-01-27 10:49:10,bbbbpbpbpbppbpbpbpppbpbbpbppbbpppppppbbbbppbppbbbp,50
344933,1527,13,25,pbpppbpbbpbp,b,pbpppbpbbpbpb,2026-01-27 10:49:10,ppbppbpbppbpbbbbpbpppbbbppbpppbpbbpbpbpbpbbpbbbbbbbbbbbbbbpbpbpbp,65
346376,1560,13,46,pbpppbpbbpbp,p,pbpppbpbbpbpp,2026-01-27 10:49:10,bppbbbpbpbpbbbpbbppbbbpbpbpppbppppbbpbbbpbppbbpbpppbpbbpbpppppbp,64
304804,382,13,29,pbpppbpbbppb,p,pbpppbpbbppbp,2026-01-27 10:49:09,bpbbbppbbpbbbppbpbbpbbpbppbbppbpppbpbbppbpbbbbbppbpppbbpbbppbbbp,64
317752,771,13,18,pbpppbpbbppb,p,pbpppbpbbppbp,2026-01-27 10:49:09,bbppbpbbbpbpbbbppbpbpppbpbbppbpbbbpbbbbppbpbpppppbbbpbbbbbpbpb,62
318764,803,13,48,pbpppbpbbppb,p,pbpppbpbbppbp,2026-01-27 10:49:09,ppbbbppbppbppbbbpppppbpbbbbbbbbbppppppbppbbpbpbbpbpppbpbbppbp,61
319300,820,13,11,pbpppbpbbppb,p,pbpppbpbbppbp,2026-01-27 10:49:09,pppbppbbpbbpbpppbpbbppbppbbpbpbbppppbpbbpppbbbpbbpbbpbpbbbppbbpbbppb,68
321838,891,13,23,pbpppbpbbppb,b,pbpppbpbbppbb,2026-01-27 10:49:10,pbppbppppppppppbbpppbbppbpppbpbbppbbpbpbbppbbpbpppp,51
322526,909,13,15,pbpppbpbbppb,p,pbpppbpbbppbp,2026-01-27 10:49:10,pbpbbbppbpbpbbbpbpppbpbbppbpppbbppppppbppbpbp,45
323264,931,13,11,pbpppbpbbppb,b,pbpppbpbbppbb,2026-01-27 10:49:10,bbpppbbpppppbpppbpbbppbbpbbbbbpbbbppppbbppbpbbbpbp,50
325969,1005,13,20,pbpppbpbbppb,p,pbpppbpbbppbp,2026-01-27 10:49:10,bppbbbpppbpbbbpbbpbppbpppbpbbppbpbpppbpbppbbpbpbbbppbbpppbb,59
332810,1197,13,6,pbpppbpbbppb,p,pbpppbpbbppbp,2026-01-27 10:49:10,ppbppbpbpppbpbbppbpppbpbbbbpbbbppbbbpppbbppbbbbpp,49
337997,1339,13,21,pbpppbpbbppb,b,pbpppbpbbppbb,2026-01-27 10:49:10,bpppppppbpppbbpbppbbppbpppbpbbppbbbbbbpppbbpbbpppbpp,52
338640,1358,13,30,pbpppbpbbppb,p,pbpppbpbbppbp,2026-01-27 10:49:10,bbppbbbbppbbpbpppbppbpppbbbpbppbpppbpbbppbpbbppbpppb,52
352528,1724,13,9,pbpppbpbbppb,b,pbpppbpbbppbb,2026-01-27 10:49:11,bpppppbbppbpppbpbbppbbppbbppbppppppbpbpbppbbbbpbpp,50
353536,1752,13,51,pbpppbpbbppb,b,pbpppbpbbppbb,2026-01-27 10:49:11,ppbpppbbbbbpppbbbbbpbbpbpbpbpbbbbpbppbbbbpbpbbpppbppbpppbpbbppbbbp,66
357031,1841,13,28,pbpppbpbbppb,b,pbpppbpbbppbb,2026-01-27 10:49:11,ppppbpbpppppbbbbbpbbpbbpbpbbpbpppbpbbppbbbpbpppb,48
358828,1888,13,42,pbpppbpbbppb,b,pbpppbpbbppbb,2026-01-27 10:49:11,bbpbbbbbbppbppbpbbpbbbpbppbbppbppbppbppbpbpbpppbpbbppbbbbpb,59
301919,300,13,2,pbpppbpbpbbp,p,pbpppbpbpbbpp,2026-01-27 10:49:09,pppbpppbpbpbbpppbbpbbbpbpppbbp,30
305558,403,13,22,pbpppbpbpbbp,b,pbpppbpbpbbpb,2026-01-27 10:49:09,bpbbppbbpbpbbbbbpppbbppbpppbpbpbbpbbbppbbbppbbppbppppbpbppppbpbpppbbbp,70
319778,832,13,12,pbpppbpbpbbp,p,pbpppbpbpbbpp,2026-01-27 10:49:10,pbbbpbbppbpbpbpppbpbpbbppbbpbbbpbpbpbbpbbpbpbbpbpbpbbbbpb,57
327849,1056,13,25,pbpppbpbpbbp,b,pbpppbpbpbbpb,2026-01-27 10:49:10,bpbpbppbbpbpbbpppppbppppppbpppbpbpbbpbbbbppbb,45
330955,1147,13,0,pbpppbpbpbbp,b,pbpppbpbpbbpb,2026-01-27 10:49:10,pbpppbpbpbbpbbbpbbbbbpppbbpbbbppbppbbbppbppbbb,46
334936,1255,13,10,pbpppbpbpbbp,p,pbpppbpbpbbpp,2026-01-27 10:49:10,ppbbbpbbbbpbpppbpbpbbppbbbbpbpppbpbppbpbbpppbbppppbpbbpbppbpppppp,65
341615,1436,13,11,pbpppbpbpbbp,p,pbpppbpbpbbpp,2026-01-27 10:49:10,ppppppbbppbpbpppbpbpbbppbpbpppppbppbbppbpppbpbbp,48
344607,1519,13,17,pbpppbpbpbbp,b,pbpppbpbpbbpb,2026-01-27 10:49:10,bpbbbbpbbpppppppbpbpppbpbpbbpbbbbbpbbpppppbppbbbppbpppppppbbpb,62
347000,1576,13,14,pbpppbpbpbbp,b,pbpppbpbpbbpb,2026-01-27 10:49:10,bpppppbpbbbbbbpbpppbpbpbbpbppppbbbpbbbbppbbbbpbbpp,50
347036,1577,13,11,pbpppbpbpbbp,b,pbpppbpbpbbpb,2026-01-27 10:49:10,bbpbbbbbpbppbpppbpbpbbpbppbbbppbbppppbbbbpbbpppbpbpbpbpbppbpppbbpp,66
347830,1594,13,28,pbpppbpbpbbp,b,pbpppbpbpbbpb,2026-01-27 10:49:10,pbpbpbpbpbbbpbbpppbpbbpbpppbpbpppbpbpbbpbpbpbbbpbbppppbpbbpppbbbbb,66
348145,1602,13,28,pbpppbpbpbbp,p,pbpppbpbpbbpp,2026-01-27 10:49:10,pppbppbppbbpbbbpbpbbbbpppbpbpbpppbpbpbbppppbpppbbbbbpbppb,57
353447,1750,13,9,pbpppbpbpbbp,b,pbpppbpbpbbpb,2026-01-27 10:49:11,ppbbbbppppbpppbpbpbbpbpbbbbbbbbpbppppbpbppbpbb,46
356475,1826,13,1,pbpppbpbpbbp,p,pbpppbpbpbbpp,2026-01-27 10:49:11,bpbpppbpbpbbppbbppbbbbbpbbpppbpbbpbbbpppbbbpbbbbbbpbpb,54
359182,1897,13,5,pbpppbpbpbbp,p,pbpppbpbpbbpp,2026-01-27 10:49:11,bbbbppbpppbpbpbbpppbpbbppbppbpbbpbpbbppbbbpppbpp,48
300718,265,13,22,pbpppbpbpbpb,b,pbpppbpbpbpbb,2026-01-27 10:49:09,bbbbbpbbppbbpbbpppbppppbpppbpbpbpbbbbpbbppppbpppbpppp,53
301832,297,13,18,pbpppbpbpbpb,b,pbpppbpbpbpbb,2026-01-27 10:49:09,bbbpbbpbbpbpbpbbpppbpppbpbpbpbbbbp,34
305054,388,13,39,pbpppbpbpbpb,b,pbpppbpbpbpbb,2026-01-27 10:49:09,pbpbpbpbpbbbbbppbbbppbbpppppbppppbppbpppbpppbpbpbpbbbppb,56
310263,546,13,3,pbpppbpbpbpb,b,pbpppbpbpbpbb,2026-01-27 10:49:09,bbppbpppbpbpbpbbpbbbbbpppbpbpppbppbbpbbpbpbppbpbpbb,51
310721,560,13,26,pbpppbpbpbpb,b,pbpppbpbpbpbb,2026-01-27 10:49:09,bpbpbpbppbpbbbbppbbbppppbppbpppbpbpbpbbbbbppbbpbpbpbpppppp,58
319376,821,13,26,pbpppbpbpbpb,p,pbpppbpbpbpbp,2026-01-27 10:49:09,pbbppbpbbbpbbpbbpbpbbbbbpbpbpppbpbpbpbpbbpbpppb,47
319881,834,13,43,pbpppbpbpbpb,b,pbpppbpbpbpbb,2026-01-27 10:49:10,pppbbppbbbbppppbbpbppbbpbbpppbbpbbbpppppppppbpppbpbpbpbbbpbbbbbpbbpbpp,70
329105,1091,13,4,pbpppbpbpbpb,p,pbpppbpbpbpbp,2026-01-27 10:49:10,pbbppbpppbpbpbpbppbpppbbpbpbbpbpbpppbbbbpbpppbbbbbpppbpbpp,58
337417,1324,13,19,pbpppbpbpbpb,b,pbpppbpbpbpbb,2026-01-27 10:49:10,pppbbbppbbbbbbppppppbpppbpbpbpbbbbpppbbpbpppppbbbbbpbp,54
341891,1444,13,27,pbpppbpbpbpb,b,pbpppbpbpbpbb,2026-01-27 10:49:10,pbbpppppbbbppbbpbbbbppppbpppbpppbpbpbpbbppppppbb,48
348989,1625,13,18,pbpppbpbpbpb,b,pbpppbpbpbpbb,2026-01-27 10:49:11,bbbpbbbbbpbppppbpppbpppbpbpbpbbbpbpbpbppbbbpppbbbbbbpbpb,56
352372,1719,13,22,pbpppbpbpbpb,p,pbpppbpbpbpbp,2026-01-27 10:49:11,pbpbbpbpbpbbppbbbbpbpppbpppbpbpbpbppb,37
356892,1837,13,37,pbpppbpbpbpb,b,pbpppbpbpbpbb,2026-01-27 10:49:11,ppbppbbpppbbbbppbbpbbpbpppppbpppppbpppbpppbpbpbpbbbbpp,54
359518,1906,13,5,pbpppbpbpbpb,b,pbpppbpbpbpbb,2026-01-27 10:49:11,bbpbppbpppbpbpbpbbpbbbpbpbbbppbbbpb,35
297258,65,13,6,pbpppbpbpbpp,b,pbpppbpbpbppb,2026-01-27 10:49:09,bppppppbpppbpbpbppbbbpb,23
311266,575,13,9,pbpppbpbpbpp,p,pbpppbpbpbppp,2026-01-27 10:49:09,bbbpppbbbpbpppbpbpbpppbbbppbbpbppbpbbbppbppppppb,48
311638,586,13,1,pbpppbpbpbpp,p,pbpppbpbpbppp,2026-01-27 10:49:09,ppbpppbpbpbppppbbbbpbpbbppbbppbbpbbbppbbbbpbbbpbpbp,51
318597,799,13,4,pbpppbpbpbpp,b,pbpppbpbpbppb,2026-01-27 10:49:09,pbbppbpppbpbpbppbppppbbpppbpbbppb,33
325460,990,13,10,pbpppbpbpbpp,p,pbpppbpbpbppp,2026-01-27 10:49:10,bbbbbpbpbbpbpppbpbpbpppbbbbbbbppbbbppppbpppb,44
328204,1066,13,11,pbpppbpbpbpp,p,pbpppbpbpbppp,2026-01-27 10:49:10,bbpppbbbpbppbpppbpbpbpppbpppbpppbpppbpbpppbpbbpppbbpppppppppp,61
330059,1119,13,7,pbpppbpbpbpp,b,pbpppbpbpbppb,2026-01-27 10:49:10,pbbpppppbpppbpbpbppbbpbpbpbpppbbbbpbppbppbbbbb,46
331213,1154,13,7,pbpppbpbpbpp,p,pbpppbpbpbppp,2026-01-27 10:49:10,ppbpppppbpppbpbpbppppbpppbbpbbbbppbpbpbppbbbbb,46
335901,1280,13,21,pbpppbpbpbpp,b,pbpppbpbpbppb,2026-01-27 10:49:10,bpppbpbbbbbbpbpbpbbpppbpppbpbpbppbbbpbpbbbppbbbppbpppbbbpp,58
337555,1328,13,21,pbpppbpbpbpp,p,pbpppbpbpbppp,2026-01-27 10:49:10,ppbpbbpbbbpbbbbpppbbbpbpppbpbpbpppbppbbppppppppbpbbpbb,54
346239,1557,13,19,pbpppbpbpbpp,b,pbpppbpbpbppb,2026-01-27 10:49:10,pbbpbppbppbbppppppbpbpppbpbpbppbpbpppbbpppbbbbb,47
349655,1642,13,42,pbpppbpbpbpp,b,pbpppbpbpbppb,2026-01-27 10:49:11,bbpppbbpbbbpbppbppbppppbpbbpbbbppbbpbppbbbpbpppbpbpbppbbppbbbpp,63
353848,1759,13,29,pbpppbpbpbpp,p,pbpppbpbpbppp,2026-01-27 10:49:11,bpbbppbbbppbppbpppppppbpbbbpppbpppbpbpbpppbbppbbpbpbbbpb,56
354195,1767,13,17,pbpppbpbpbpp,b,pbpppbpbpbppb,2026-01-27 10:49:11,bpppbpppbbbbpbpbbpbpppbpbpbppbbppbbbppbppbbpbpppppbbpb,54
296472,1,13,7,pbpppbpbppbb,p,pbpppbpbppbbp,2026-01-27 10:49:09,bbbbppbpbpppbpbppbbpbpb,23
316669,738,13,15,pbpppbpbppbb,p,pbpppbpbppbbp,2026-01-27 10:49:09,ppbbppbbbpbbbpppbpppbpbppbbpbppppbpbppbb,40
317715,770,13,42,pbpppbpbppbb,b,pbpppbpbppbbb,2026-01-27 10:49:09,bpbpppbbpbppppppbbbbpbpbbpbbppbppppbppbpbbpbpppbpbppbbbp,56
318962,809,13,26,pbpppbpbppbb,p,pbpppbpbppbbp,2026-01-27 10:49:09,pppbbppbppppppbbppbbppbpbppbpppbpbppbbppppbpbbbppppbbpbbp,57
322875,919,13,26,pbpppbpbppbb,p,pbpppbpbppbbp,2026-01-27 10:49:10,bpppbbbpbpppbpbbpbpppbppbbpbpppbpbppbbpppbppb,45
324626,966,13,26,pbpppbpbppbb,b,pbpppbpbppbbb,2026-01-27 10:49:10,ppbpbbppbbpbpbbpbbpppppbpbpbpppbpbppbbbppbbbpppbbbpb,52
325977,1005,13,32,pbpppbpbppbb,p,pbpppbpbppbbp,2026-01-27 10:49:10,bppbbbpppbpbbbpbbpbppbpppbpbbppbpbpppbpbppbbpbpbbbppbbpppbb,59
336335,1292,13,36,pbpppbpbppbb,b,pbpppbpbppbbb,2026-01-27 10:49:10,bpbbpbbpppppppbpbpbbbbbbbpppppbbbppppbpppbpbppbbbpbbpppbp,57
340254,1401,13,27,pbpppbpbppbb,b,pbpppbpbppbbb,2026-01-27 10:49:10,pbbpppbbppppbpbbbbpbpppbpbbpbpppbpbppbbbpbpppbpbbb,50
340556,1409,13,27,pbpppbpbppbb,b,pbpppbpbppbbb,2026-01-27 10:49:10,bbpbppppbpppbppppbpbpbpppbbpbpppbpbppbbbpbpppppbbpb,51
345462,1539,13,6,pbpppbpbppbb,p,pbpppbpbppbbp,2026-01-27 10:49:10,bpbpbbpbpppbpbppbbpbpbbbbbbbpbbpbpbppbbpbpbbppbpbb,50
349701,1643,13,24,pbpppbpbppbb,b,pbpppbpbppbbb,2026-01-27 10:49:11,pbbbbbbbpbbppbbbbpbbpbpppbpppbpbppbbbpbpbpb,43
353284,1745,13,24,pbpppbpbppbb,b,pbpppbpbppbbb,2026-01-27 10:49:11,pppbpbbbppbbbbppbbpppbpbpbpppbpbppbbbbbbbpbppp,46
354745,1780,13,45,pbpppbpbppbb,b,pbpppbpbppbbb,2026-01-27 10:49:11,bbppbbppbpbbbbbbpppbbbbbbbbpppbpbbpbppbppbbbppbpppbpbppbbbbbp,61
304144,365,13,28,pbpppbpbppbp,b,pbpppbpbppbpb,2026-01-27 10:49:09,ppppbbppppbpbpppppbpbbbbpppbpbpppbpbppbpbbppbppbbpppbbb,55
313948,652,13,14,pbpppbpbppbp,b,pbpppbpbppbpb,2026-01-27 10:49:09,bbpppppbbbppbppbpppbpbppbpbpbppbbbpppbbpbbbbpp,46
334946,1255,13,27,pbpppbpbppbp,b,pbpppbpbppbpb,2026-01-27 10:49:10,ppbbbpbbbbpbpppbpbpbbppbbbbpbpppbpbppbpbbpppbbppppbpbbpbppbpppppp,65
340381,1405,13,1,pbpppbpbppbp,b,pbpppbpbppbpb,2026-01-27 10:49:10,ppbpppbpbppbpbppbpbbbbpbbpppppbpbbpbbbbbbpbpbbpppbppppbbppppbpppbbp,67
347744,1592,13,30,pbpppbpbppbp,p,pbpppbpbppbpp,2026-01-27 10:49:10,bpbpbbbbpbppbpbbpbbbppppbppbbppbpppbpbppbpppbpppbbppbbb,55
356240,1820,13,9,pbpppbpbppbp,b,pbpppbpbppbpb,2026-01-27 10:49:11,pbbbbbppppbpppbpbppbpbpbbpbbpbbpbppbbbppbpppbbppbbbbbbbbpppbbp,62
297691,112,13,1,pbpppbpbpppp,p,pbpppbpbppppp,2026-01-27 10:49:09,bpbpppbpbppppppbbbpp,20
299908,242,13,19,pbpppbpbpppp,b,pbpppbpbppppb,2026-01-27 10:49:09,bbbbpbbbbpbpppbbpbppbpppbpbppppbbppbpbppbpbppbppbbpbpbp,55
301139,276,13,24,pbpppbpbpppp,b,pbpppbpbppppb,2026-01-27 10:49:09,pbppppbpppbppbbppbbbpbbppbpppbpbppppbppbbppbpbbpbpbbpbbpbbbpp,61
302651,323,13,27,pbpppbpbpppp,p,pbpppbpbppppp,2026-01-27 10:49:09,pbbppbpbbbbpbbbpbpbbpbppbbppbpppbpbppppppbbbbpbbppbppppbbbpbpb,62
304949,385,13,26,pbpppbpbpppp,b,pbpppbpbppppb,2026-01-27 10:49:09,bpbpbbppbpbpbpbppbpbbppbpppbpppbpbppppb,39
309199,511,13,27,pbpppbpbpppp,p,pbpppbpbppppp,2026-01-27 10:49:09,bbppppbppppppbpbbpbbpbbbppbpbpppbpbpppppppbbbbbbpbpppbbbpb,58
310208,544,13,27,pbpppbpbpppp,p,pbpppbpbppppp,2026-01-27 10:49:09,ppbpbbbppbpbbpbppbbpbbpbppppbpppbpbppppppbp,43
311355,577,13,45,pbpppbpbpppp,b,pbpppbpbppppb,2026-01-27 10:49:09,bbbpppbpppbppppbbbpbpppbppppbbpbbpbbppbbpbbpbpbpppbpbppppbpbbpbbp,65
318436,794,13,26,pbpppbpbpppp,p,pbpppbpbppppp,2026-01-27 10:49:09,pbpppbpppbpbpppbppbpbpppbbpbpppbpbpppppbbbbpppbbbpbpbpbbbbbbppb,63
319408,822,13,7,pbpppbpbpppp,p,pbpppbpbppppp,2026-01-27 10:49:09,bbpbbpppbpppbpbppppppbpppbpppbppppbpbbbbpbpppbbbpbppppbppbbpb,61
319489,824,13,5,pbpppbpbpppp,b,pbpppbpbppppb,2026-01-27 10:49:09,bbbpbpbpppbpbppppbpbbppbbbbpbbppppbpbbbpbbpppbppb,49
321394,878,13,31,pbpppbpbpppp,b,pbpppbpbppppb,2026-01-27 10:49:10,pbpbppppbpbbbpbbbbpbbbppbbpbpbppbpppbpbppppbbpppbbbp,52
326780,1026,13,50,pbpppbpbpppp,p,pbpppbpbppppp,2026-01-27 10:49:10,pbpbpbpbbpbbbbbpbbpbpppbbbpbbbpppbpbppbbppbppbpbpbpbpppbpbpppppp,64
332099,1177,13,37,pbpppbpbpppp,p,pbpppbpbppppp,2026-01-27 10:49:10,pbpbpbbpbbbpbpbbpbpbbppbppppbpbpbpbpppbpppbpbpppppppppppbbppbpbbbp,66
355065,1789,13,10,pbpppbpbpppp,p,pbpppbpbppppp,2026-01-27 10:49:11,bpbbbbbbbbpbpppbpbppppppbbpppbbbbpbbpbbpbpbppbbpbbbppppb,56
355763,1806,13,17,pbpppbpbpppp,b,pbpppbpbppppb,2026-01-27 10:49:11,pbbbbpbpbpbpbpppbpbpppbpbppppbppbb,34
300412,256,13,14,pbpppbppbbbb,p,pbpppbppbbbbp,2026-01-27 10:49:09,pbbppbbbpbbbpppbpppbppbbbbppbpbbpppbppbpbpp,43
305158,391,13,28,pbpppbppbbbb,p,pbpppbppbbbbp,2026-01-27 10:49:09,pbbpbppbbppbbppbppbpbpppbpbbpbpppbppbbbbpbbpbbbpbbppbbbpbbpbpbbb,64
310390,550,13,24,pbpppbppbbbb,p,pbpppbppbbbbp,2026-01-27 10:49:09,bbpbbbpbbbbbbbppbppbbppppbpppbppbbbbpbbpbbbbbbpppppppbbb,56
315454,699,13,3,pbpppbppbbbb,b,pbpppbppbbbbb,2026-01-27 10:49:09,bpppbpppbppbbbbbpbbbbpbppppbpppppbbpbbppppppbpbbbppbpbbbpbbb,60
316326,725,13,37,pbpppbppbbbb,p,pbpppbppbbbbp,2026-01-27 10:49:09,bbbbbpbpbpppppbpbppbpbpppbbpbpppppppbpbpppbppbbbbpp,51
319124,815,13,11,pbpppbppbbbb,p,pbpppbppbbbbp,2026-01-27 10:49:09,bbppppbbbpppbpppbppbbbbpbbbbbpbpppppbpbp,40
327345,1041,13,22,pbpppbppbbbb,b,pbpppbppbbbbb,2026-01-27 10:49:10,pbbbpbpppbpbbpbbbppbpppbpppbppbbbbb,35
329573,1105,13,19,pbpppbppbbbb,p,pbpppbppbbbbp,2026-01-27 10:49:10,bppbbpbppbppbpbbbpppbpppbppbbbbppbpbbppbpppbbpbbbpbb,52
336703,1303,13,36,pbpppbppbbbb,p,pbpppbppbbbbp,2026-01-27 10:49:10,bbbpbppbpppbpbbppppbpbbbpbbpbbpbpbpppbpppbppbbbbpbbbpbppppp,59
337118,1314,13,24,pbpppbppbbbb,b,pbpppbppbbbbb,2026-01-27 10:49:10,pppbppbpbpbbppppbbbpbbpbpbpppbppbbbbbpbbpbp,43
338355,1350,13,9,pbpppbppbbbb,p,pbpppbppbbbbp,2026-01-27 10:49:10,pbbbbbbpbpbpppbppbbbbppbppbpppbpppbbbbbbppp,43
338443,1353,13,9,pbpppbppbbbb,p,pbpppbppbbbbp,2026-01-27 10:49:10,pbbbbbbpbpbpppbppbbbbppbppbpppbpppbbbbbbpppbb,45
341292,1428,13,6,pbpppbppbbbb,p,pbpppbppbbbbp,2026-01-27 10:49:10,pbppbbpbpppbppbbbbpbbpppbpbpbpppbbpbpbpbbbp,43
341770,1440,13,3,pbpppbppbbbb,p,pbpppbppbbbbp,2026-01-27 10:49:10,pbppbpppbppbbbbppbbpbppbbppbpbbbbpppbpbpppbpbbbp,48
342110,1449,13,54,pbpppbppbbbb,p,pbpppbppbbbbp,2026-01-27 10:49:10,pbbbbpbppbbbpbppppbbbbpbpbpbbpppppbppbpbpbbbbppppbpbpbpbpppbppbbbbp,67
343558,1489,13,44,pbpppbppbbbb,b,pbpppbppbbbbb,2026-01-27 10:49:10,pbbppbpbpppppbppbpppbppbbbpbppbpbpbpppbbbpbbpbpppbppbbbbb,57
349452,1637,13,29,pbpppbppbbbb,b,pbpppbppbbbbb,2026-01-27 10:49:11,bbpbbbpbppbbbbbpbbpppbbppbppppbpppbppbbbbbppppp,47
352047,1710,13,51,pbpppbppbbbb,p,pbpppbppbbbbp,2026-01-27 10:49:11,ppbpbpbppbpbpbbppbbpppbbpbbpppbbbppppppbpppbpppbbbppbpppbppbbbbpp,65
356682,1831,13,34,pbpppbppbbbb,p,pbpppbppbbbbp,2026-01-27 10:49:11,ppbppbbpbbbpppppbpppbbbppbbpbbppbbpbpppbppbbbbpbppbpbpbbbbppb,61
297334,73,13,8,pbpppbppbbpb,p,pbpppbppbbpbp,2026-01-27 10:49:09,bbbpbppbpbpppbppbbpbpb,22
298896,209,13,2,pbpppbppbbpb,p,pbpppbppbbpbp,2026-01-27 10:49:09,pbpbpppbppbbpbpbbbbbpb,22
310277,546,13,26,pbpppbppbbpb,b,pbpppbppbbpbb,2026-01-27 10:49:09,bbppbpppbpbpbpbbpbbbbbpppbpbpppbppbbpbbpbpbppbpbpbb,51
319453,823,13,3,pbpppbppbbpb,p,pbpppbppbbpbp,2026-01-27 10:49:09,bpppbpppbppbbpbppppbpbbppbpbppbbppbpbbbpb,41
322869,919,13,16,pbpppbppbbpb,p,pbpppbppbbpbp,2026-01-27 10:49:10,bpppbbbpbpppbpbbpbpppbppbbpbpppbpbppbbpppbppb,45
326653,1024,13,17,pbpppbppbbpb,p,pbpppbppbbpbp,2026-01-27 10:49:10,bpbbppbpbbppbpbpppbpppbppbbpbpbbbbbppppbppbbpbbbpbbppbbpp,57
337454,1325,13,10,pbpppbppbbpb,p,pbpppbppbbpbp,2026-01-27 10:49:10,bpbbbpbbbbpbpppbppbbpbpppbbbpppbbppppbbbpbbbpbbpbb,50
337494,1326,13,22,pbpppbppbbpb,b,pbpppbppbbpbb,2026-01-27 10:49:10,bpppbbbbpbpbbbbbbbppbbpbpppbppbbpbbpbbpppbpbb,45
344825,1524,13,8,pbpppbppbbpb,b,pbpppbppbbpbb,2026-01-27 10:49:10,pbpbpbpbpbpppbppbbpbbbbpppbbpbbbpbbpp,37
346315,1559,13,16,pbpppbppbbpb,p,pbpppbppbbpbp,2026-01-27 10:49:10,pbpbbpbpbppppbpppbpppbppbbpbpbbbpbbpppppppbppppbp,49
348041,1599,13,22,pbpppbppbbpb,b,pbpppbppbbpbb,2026-01-27 10:49:10,ppbbpbbbpbbbpbbpbpbbpppbpppbppbbpbbpbbppbpbbbpbp,48
349792,1645,13,46,pbpppbppbbpb,p,pbpppbppbbpbp,2026-01-27 10:49:11,pbpbppbppbbpbbpbpbpppbbbpbpbbbppbpbbpbppbbbbbppbpppbppbbpbpbbpp,63
349931,1648,13,9,pbpppbppbbpb,b,pbpppbppbbpbb,2026-01-27 10:49:11,bpppbbpbbpbpppbppbbpbbpppbbpbppbbpbppbp,39
301129,276,13,5,pbpppbppbbpp,b,pbpppbppbbppb,2026-01-27 10:49:09,pbppppbpppbppbbppbbbpbbppbpppbpbppppbppbbppbpbbpbpbbpbbpbbbpp,61
303239,340,13,4,pbpppbppbbpp,b,pbpppbppbbppb,2026-01-27 10:49:09,bbbppbpppbppbbppbbppbppbbbpppbppppbppbpbppppppppppbpbbbb,56
303448,346,13,6,pbpppbppbbpp,p,pbpppbppbbppp,2026-01-27 10:49:09,bpbppbpbpppbppbbpppbpbbbbpbbbbbbbppbpbpbbpbppb,46
304994,386,13,41,pbpppbppbbpp,p,pbpppbppbbppp,2026-01-27 10:49:09,bbpbpbbbbbpbpbppbpbpppppbpbbbpbppbbpbppbppbpppbppbbpppbb,56
314817,681,13,12,pbpppbppbbpp,b,pbpppbppbbppb,2026-01-27 10:49:09,bbbbbppbppbbpbpppbppbbppbbpbbbbbpbbppbbbpbpbbbpppppbbbppppbb,60
315556,702,13,40,pbpppbppbbpp,b,pbpppbppbbppb,2026-01-27 10:49:09,bppbppbpbbpbpbppbpppbpppppbbbpbpbbpbppbbpbpppbppbbppbbpbbbbpb,61
323810,945,13,35,pbpppbppbbpp,b,pbpppbppbbppb,2026-01-27 10:49:10,bbbbppbbppbbbppbppbpbpbppbppppppbpbpbpppbppbbppbpppppppbpppppbbbbbpbppp,71
333170,1206,13,20,pbpppbppbbpp,p,pbpppbppbbppp,2026-01-27 10:49:10,pppbbbbbpbpbbbpppppppbpppbppbbppppbb,36
333881,1226,13,9,pbpppbppbbpp,p,pbpppbppbbppp,2026-01-27 10:49:10,pbbpbbppppbpppbppbbppppbbbpppbppbbpbbbpbppbb,44
335267,1263,13,23,pbpppbppbbpp,b,pbpppbppbbppb,2026-01-27 10:49:10,bbbpbppbppbbbbppbbbpbbppbpppbppbbppbpbbbbbbbbpb,47
336603,1300,13,16,pbpppbppbbpp,b,pbpppbppbbppb,2026-01-27 10:49:10,ppbbppppbbppbpbbpbpppbppbbppbbpbbpppbbppppbbpppb,48
337195,1316,13,18,pbpppbppbbpp,b,pbpppbppbbppb,2026-01-27 10:49:10,bbppbpbpbpppppbbpbpbpppbppbbppbbbbbbbbpbbbbbpbpppbbbbppppppbp,61
337561,1328,13,29,pbpppbppbbpp,p,pbpppbppbbppp,2026-01-27 10:49:10,ppbpbbpbbbpbbbbpppbbbpbpppbpbpbpppbppbbppppppppbpbbpbb,54
343110,1478,13,13,pbpppbppbbpp,b,pbpppbppbbppb,2026-01-27 10:49:10,ppbppppbbpbbbpbpppbppbbppbbpbbpppbbppbpbbppbbbppppp,51
350696,1669,13,34,pbpppbppbbpp,p,pbpppbppbbppp,2026-01-27 10:49:11,bbbppbpbpbpbppbbbbpbpbbpbpbbbpppbppbpppbppbbppppppppbb,54
356915,1838,13,7,pbpppbppbbpp,p,pbpppbppbbppp,2026-01-27 10:49:11,pppbppppbpppbppbbpppppbppbbpbpbpppbbppbbpbpbbbbpp,49
296955,39,13,5,pbpppbppbpbb,p,pbpppbppbpbbp,2026-01-27 10:49:09,pbppppbpppbppbpbbpbbppppb,25
297185,59,13,0,pbpppbppbpbb,b,pbpppbppbpbbb,2026-01-27 10:49:09,pbpppbppbpbbbbpbbpbbbbbpbp,26
300214,250,13,12,pbpppbppbpbb,b,pbpppbppbpbbb,2026-01-27 10:49:09,bbbbbbpbbbpppbpppbppbpbbbbbpbp,30
311820,590,13,11,pbpppbppbpbb,p,pbpppbppbpbbp,2026-01-27 10:49:09,pbppbbpppbbpbpppbppbpbbpbpbbpppbpppppppppp,42
318896,807,13,45,pbpppbppbpbb,p,pbpppbppbpbbp,2026-01-27 10:49:09,bppbbbbpbpbpbppppbbpbpbbpbpbpbppbbbppbpbbpppppbpppbppbpbbp,58
328469,1073,13,21,pbpppbppbpbb,p,pbpppbppbpbbp,2026-01-27 10:49:10,bbpbpbbbbppbbpbbpbbbbpbpppbppbpbbpbbbbpp,40
333773,1223,13,39,pbpppbppbpbb,b,pbpppbppbpbbb,2026-01-27 10:49:10,pbbpbbbpbpbbbbbppbbpppbbbbbppbbppbbpbbppbpppbppbpbbbpbbbbbpbbb,62
335811,1277,13,17,pbpppbppbpbb,p,pbpppbppbpbbp,2026-01-27 10:49:10,bbbppbppbbbbbbbpbpbpppbppbpbbpppbbbbppbbpbpppppbpppbbp,54
339606,1383,13,43,pbpppbppbpbb,b,pbpppbppbpbbb,2026-01-27 10:49:10,ppbbbppbbbbppbpbbbppbbpbbbbpbbpbppbbppbbbpbpbpppbppbpbbb,56
352583,1725,13,40,pbpppbppbpbb,b,pbpppbppbpbbb,2026-01-27 10:49:11,bpbpppbbbbbpppppbbbpppbppbpbbpbpbppbbpbppbpppbppbpbbbbbbpbbbpbbbbb,66
358160,1869,13,31,pbpppbppbpbb,p,pbpppbppbpbbp,2026-01-27 10:49:11,pbppbpbbbppppbbppbpbpppppbbpbpppbpppbppbpbbpbp,46
360787,1939,13,44,pbpppbppbpbb,b,pbpppbppbpbbb,2026-01-27 10:49:11,ppbpbpbbppbpbpbppbbbbpbbpbbppppbpbpppppbbppppbpppbppbpbbbpbbb,61
296591,10,13,19,pbpppbppbpbp,p,pbpppbppbpbpp,2026-01-27 10:49:09,bbbbbbbpppbbpbbbbpppbpppbppbpbppppbbbpppp,41
298642,183,13,3,pbpppbppbpbp,b,pbpppbppbpbpb,2026-01-27 10:49:09,pbppbpppbppbpbpbpppppppbbbpppbbpbpbbbbpbbbpppb,46
299136,218,13,4,pbpppbppbpbp,b,pbpppbppbpbpb,2026-01-27 10:49:09,pbpbpbpppbppbpbpbppppbppbbpbp,29
302283,312,13,38,pbpppbppbpbp,b,pbpppbppbpbpb,2026-01-27 10:49:09,pbpbbppbbbppbppbpbbpbpppbbbbbpppbbbpbppbpppbppbpbpbppbppp,57
310638,558,13,9,pbpppbppbpbp,p,pbpppbppbpbpp,2026-01-27 10:49:09,ppbbpbbbbpbpppbppbpbppppbbbpbbppbppbpbbpppbbpbbbbppbpbbpb,57
317032,750,13,7,pbpppbppbpbp,p,pbpppbppbpbpp,2026-01-27 10:49:09,pppbpbppbpppbppbpbppbbbbpbbpppbpppbppppbpbbppbbb,48
318426,794,13,10,pbpppbppbpbp,p,pbpppbppbpbpp,2026-01-27 10:49:09,pbpppbpppbpbpppbppbpbpppbbpbpppbpbpppppbbbbpppbbbpbpbpbbbbbbppb,63
326922,1029,13,28,pbpppbppbpbp,p,pbpppbppbpbpp,2026-01-27 10:49:10,bpppbbpbbppbbpppbppppppbbbpppbpppbppbpbpppbbppppbppbbp,54
332522,1189,13,22,pbpppbppbpbp,p,pbpppbppbpbpp,2026-01-27 10:49:10,pbbpbbbpbpppbpppbbpppbpbpppbppbpbppppbbpppbppbpb,48
334315,1237,13,13,pbpppbppbpbp,p,pbpppbppbpbpp,2026-01-27 10:49:10,bpbpbpbbbbbbbpbpppbppbpbpppbpppppbpbpbbbbbbpbb,46
335227,1262,13,9,pbpppbppbpbp,p,pbpppbppbpbpp,2026-01-27 10:49:10,bppbpppbppbpppbppbpbpppppppbbpbbbppppppbbpppbpb,47
341659,1437,13,23,pbpppbppbpbp,p,pbpppbppbpbpp,2026-01-27 10:49:10,pppbppbppppbppbbbbbpbpppbpppbppbpbppppbbbbppppbpbbppbbbpbbp,59
345911,1549,13,29,pbpppbppbpbp,p,pbpppbppbpbpp,2026-01-27 10:49:10,pppppbbpbpbppbpppbpppbbppbbpbpbpppbppbpbppbp,44
354085,1764,13,38,pbpppbppbpbp,p,pbpppbppbpbpp,2026-01-27 10:49:11,bppbpppbbpbbbpbpbbpbpbbbpbbbpbpppbpbbbpbpppbppbpbppbppbbbbpbbbbp,64
355787,1807,13,13,pbpppbppbpbp,b,pbpppbppbpbpb,2026-01-27 10:49:11,bbpbbpbpppppbpbpppbppbpbpbpppbbbbbbpb,37
357137,1844,13,32,pbpppbppbpbp,p,pbpppbppbpbpp,2026-01-27 10:49:11,bbpbbbpbpbpppbpbbbpbpppppbbbpbbbpbpppbppbpbpppbbbbppbbpppbppbb,62
300487,258,13,34,pbpppbppbppb,b,pbpppbppbppbb,2026-01-27 10:49:09,ppppbbppbbbbbbpbbbppbbpppppbbbppbbpbpppbppbppbb,47
304623,377,13,49,pbpppbppbppb,b,pbpppbppbppbb,2026-01-27 10:49:09,ppbbbppbpbbbpppbbpbbpbppbppbppppbbbbppbbbpbbbpbpppbpppbppbppbbp,63
318796,804,13,24,pbpppbppbppb,p,pbpppbppbppbp,2026-01-27 10:49:09,bpbppppppbpbbppbppbbbbbbpbpppbppbppbppbpbppbbppbpbpbbppppppb,60
319963,836,13,3,pbpppbppbppb,b,pbpppbppbppbb,2026-01-27 10:49:10,bbppbpppbppbppbbbpbbpbbbbbpbbpbb,32
322047,897,13,20,pbpppbppbppb,b,pbpppbppbppbb,2026-01-27 10:49:10,bpbppppbpbbbpbpbpppppbpppbppbppbb,33
337816,1335,13,16,pbpppbppbppb,p,pbpppbppbppbp,2026-01-27 10:49:10,bppbbbbbpbppbbbbpbpppbppbppbpbbbbpppppbbbpbbppppppbpppp,55
343764,1495,13,5,pbpppbppbppb,b,pbpppbppbppbb,2026-01-27 10:49:10,ppppppbpppbppbppbbbpppbpbppbbppbpbppbbpp,40
346193,1556,13,31,pbpppbppbppb,p,pbpppbppbppbp,2026-01-27 10:49:10,ppbbbbbbbppbbpppppbppbbbbpbpbpppbpppbppbppbppbbpbbbbppbpbbpbppbbb,65
299824,239,13,22,pbpppbppppbb,p,pbpppbppppbbp,2026-01-27 10:49:09,pppppppppbppbppppppbpbpbpppbppppbbppbbb,39
306123,422,13,14,pbpppbppppbb,p,pbpppbppppbbp,2026-01-27 10:49:09,pbbbbbpppbbbpbpbpppbppppbbpbbpbbbbbbppppbpppbbbpbp,50
307735,467,13,26,pbpppbppppbb,b,pbpppbppppbbb,2026-01-27 10:49:09,pbbbbpppppbbpbbbppbbpppbbppbpppbppppbbbbppppbbbppbpbbppppbbp,60
308709,495,13,50,pbpppbppppbb,p,pbpppbppppbbp,2026-01-27 10:49:09,bbppbbbbbpbbpbbppbpbbbppbpbppbpbbpbbbpbbbpbppppppppbpppbppppbbp,63
311333,577,13,5,pbpppbppppbb,b,pbpppbppppbbb,2026-01-27 10:49:09,bbbpppbpppbppppbbbpbpppbppppbbpbbpbbppbbpbbpbpbpppbpbppppbpbbpbbp,65
311339,577,13,18,pbpppbppppbb,p,pbpppbppppbbp,2026-01-27 10:49:09,bbbpppbpppbppppbbbpbpppbppppbbpbbpbbppbbpbbpbpbpppbpbppppbpbbpbbp,65
315729,707,13,25,pbpppbppppbb,b,pbpppbppppbbb,2026-01-27 10:49:09,ppbbppbbbbbbpppbbpppbpbbppbpppbppppbbbbpbbppppbbpbbpbpppbbb,59
316832,742,13,4,pbpppbppppbb,b,pbpppbppppbbb,2026-01-27 10:49:09,bpbppbpppbppppbbbppppbbbbppp,28
319927,835,13,13,pbpppbppppbb,p,pbpppbppppbbp,2026-01-27 10:49:10,bpbppbbpbpbbppbpppbppppbbpbbpppbppbpbbbbbpppbbbpbbp,51
328888,1085,13,20,pbpppbppppbb,p,pbpppbppppbbp,2026-01-27 10:49:10,bbbpbpbbpbbppbbbbpbppbpppbppppbbppbbbbpbbpbpbbbbbbbbppppbpp,59
330431,1132,13,7,pbpppbppppbb,b,pbpppbppppbbb,2026-01-27 10:49:10,bbpppbppbpppbppppbbbbppbpbpppb,30
338334,1349,13,3,pbpppbppppbb,p,pbpppbppppbbp,2026-01-27 10:49:10,bbbpbpppbppppbbppbpppppbbppbppppbb,34
338419,1352,13,3,pbpppbppppbb,p,pbpppbppppbbp,2026-01-27 10:49:10,bbbpbpppbppppbbppbpppppbbppbppppbbbbp,37
340007,1393,13,33,pbpppbppppbb,p,pbpppbppppbbp,2026-01-27 10:49:10,bppbbbbbpppbbbbpbbpppppbppbpppbpppbpppbppppbbpbppppbp,53
343291,1482,13,7,pbpppbppppbb,b,pbpppbppppbbb,2026-01-27 10:49:10,bbbpppbpbpppbppppbbbpppppbppbpppbbbpbbbpppbpppbbppb,51
345271,1535,13,15,pbpppbppppbb,b,pbpppbppppbbb,2026-01-27 10:49:10,pbpbppbbbpbbbpbpbpppbppppbbbpbbbbpppbpbbbppbppp,47
346364,1560,13,24,pbpppbppppbb,p,pbpppbppppbbp,2026-01-27 10:49:10,bppbbbpbpbpbbbpbbppbbbpbpbpppbppppbbpbbbpbppbbpbpppbpbbpbpppppbp,64
347115,1578,13,52,pbpppbppppbb,p,pbpppbppppbbp,2026-01-27 10:49:10,bbppppbbbbpppbppppbbppbpbbbbbbpbbpbbbpppbpbbpbbpbbbppbpppbppppbbpb,66
351442,1693,13,0,pbpppbppppbb,b,pbpppbppppbbb,2026-01-27 10:49:11,pbpppbppppbbbbbbpppbbbppbpbpbppbbbbbpbpbbbppbbbpbbbbbppbbbppbp,62
352783,1730,13,34,pbpppbppppbb,b,pbpppbppppbbb,2026-01-27 10:49:11,pbpbpppppppbppbbpbpbbbpppbppppbbbppbpppbppppbbbbpbppbpbbbbpppp,62
353486,1751,13,25,pbpppbppppbb,p,pbpppbppppbbp,2026-01-27 10:49:11,bpbbbppppbpppppbpppbppppppbpppbppppbbpbpbbbbbppbbpb,51
355197,1792,13,40,pbpppbppppbb,p,pbpppbppppbbp,2026-01-27 10:49:11,ppbpbpbppbbbppppbpppbbppppbpppppppbpbpbbpbpppbppppbbppbpppbppbpppbpbbp,70
356532,1827,13,28,pbpppbppppbb,p,pbpppbppppbbp,2026-01-27 10:49:11,pbpbbppbpbpbpbbbppppppbppppppbpppbppppbbpbpbpbpppbbpbpbbbbppppbpb,65
357225,1846,13,36,pbpppbppppbb,p,pbpppbppppbbp,2026-01-27 10:49:11,pppbpbbpbppbpbbbbpbbbbpbbpppbbbpbbbppbpppbppppbbpbbppbpbpbpbpbpp,64
301459,285,13,8,pbpppbppppbp,p,pbpppbppppbpp,2026-01-27 10:49:09,bpbbbppppbpppbppppbppppppb,26
303793,355,13,40,pbpppbppppbp,b,pbpppbppppbpb,2026-01-27 10:49:09,pbbppbpbbpbbppppbbpbbbbpbbbbpppbbpppbpbbpbpppbppppbpbp,54
309381,517,13,37,pbpppbppppbp,p,pbpppbppppbpp,2026-01-27 10:49:09,bpbbbbbbbbbpbbpbbpbpppbbpbbbbpppbbbbbpbpppbppppbpppbbbpp,56
310366,549,13,15,pbpppbppppbp,b,pbpppbppppbpb,2026-01-27 10:49:09,bpbbbppbbbbpbpppbpppbppppbpbppbbppp,35
312661,612,13,36,pbpppbppppbp,b,pbpppbppppbpb,2026-01-27 10:49:09,pbbbbbpbbpbpbpbbppppbpbbbbppbbbpbbbbpbpppbppppbpbbbbppbb,56
317044,750,13,29,pbpppbppppbp,b,pbpppbppppbpb,2026-01-27 10:49:09,pppbpbppbpppbppbpbppbbbbpbbpppbpppbppppbpbbppbbb,48
319416,822,13,24,pbpppbppppbp,b,pbpppbppppbpb,2026-01-27 10:49:09,bbpbbpppbpppbpbppppppbpppbpppbppppbpbbbbpbpppbbbpbppppbppbbpb,61
322248,902,13,41,pbpppbppppbp,b,pbpppbppppbpb,2026-01-27 10:49:10,bpbpbpppbbbpbbbpbbbpbppbppbpbpbbbpppbpbbppbpppbppppbpbbbpbpp,60
328773,1082,13,3,pbpppbppppbp,b,pbpppbppppbpb,2026-01-27 10:49:10,bpppbpppbppppbpbbbbbbpppbppbbbpbppbbpbbbppbppbbpbppbbppbbp,58
340544,1409,13,7,pbpppbppppbp,b,pbpppbppppbpb,2026-01-27 10:49:10,bbpbppppbpppbppppbpbpbpppbbpbpppbpbppbbbpbpppppbbpb,51
354258,1768,13,36,pbpppbppppbp,b,pbpppbppppbpb,2026-01-27 10:49:11,pbpbpbbpbpbbbppbbbpbpbpbpppbbpbpbbbbpbpppbppppbpbpb,51
358873,1889,13,30,pbpppbppppbp,b,pbpppbppppbpb,2026-01-27 10:49:11,bbbpppbpbbpbpbbbppbpppbbbpppbppbpppbppppbpbbpbbppppbbpp,55
360146,1923,13,28,pbpppbppppbp,p,pbpppbppppbpp,2026-01-27 10:49:11,pbbbppbppbbppbppppppbpbppppbpbpppbppppbppbpbpbbbpbb,51
297024,44,13,7,pbpppbpppppb,b,pbpppbpppppbb,2026-01-27 10:49:09,bbbbbpbpbpppbpppppbbpbbbpppp,28
298207,154,13,4,pbpppbpppppb,b,pbpppbpppppbb,2026-01-27 10:49:09,bbbbpbpppbpppppbbpbbpbbbbb,26
302730,325,13,47,pbpppbpppppb,p,pbpppbpppppbp,2026-01-27 10:49:09,bbbbbpbbbbpbbpbpbbpbppbpbbpbppbbpbpbbpbbbpbppbppbpppbpppppbpbpppbbbpp,69
306333,428,13,18,pbpppbpppppb,p,pbpppbpppppbp,2026-01-27 10:49:09,bbppbbpbpbpbppbbbbpbpppbpppppbpbppbppbbbpbbpbpbppppp,52
306994,445,13,43,pbpppbpppppb,b,pbpppbpppppbb,2026-01-27 10:49:09,pbpbbppppbbppbbpbbpbbbpppbbbbppbpbbppbbbpbbpbpppbpppppbbbbpbbbbp,64
310949,566,13,2,pbpppbpppppb,b,pbpppbpppppbb,2026-01-27 10:49:09,pppbpppbpppppbbpbpbppbbpbbbbbpbbbbbbpbbbppbpbbbppp,50
315542,702,13,15,pbpppbpppppb,b,pbpppbpppppbb,2026-01-27 10:49:09,bppbppbpbbpbpbppbpppbpppppbbbpbpbbpbppbbpbpppbppbbppbbpbbbbpb,61
317915,775,13,6,pbpppbpppppb,p,pbpppbpppppbp,2026-01-27 10:49:09,bpbpbbpbpppbpppppbpbbbbpbppppbbbpbbbpb,38
327568,1048,13,7,pbpppbpppppb,b,pbpppbpppppbb,2026-01-27 10:49:10,bpbppbppbpppbpppppbbbppbpppbbbbbbbpbppbbbbpbppbbpbbbppbppbb,59
332271,1182,13,13,pbpppbpppppb,p,pbpppbpppppbp,2026-01-27 10:49:10,pbbpbbbpbppbppbpppbpppppbpbbbbpbbpppppbbbbppbpbbbbbpbb,54
334321,1237,13,22,pbpppbpppppb,p,pbpppbpppppbp,2026-01-27 10:49:10,bpbpbpbbbbbbbpbpppbppbpbpppbpppppbpbpbbbbbbpbb,46
357625,1857,13,25,pbpppbpppppb,p,pbpppbpppppbp,2026-01-27 10:49:11,pppbpbpbbpppbbbbbpbpppbpppbpppbpppppbppbppppb,45
303375,344,13,9,pbpppbpppppp,p,pbpppbppppppp,2026-01-27 10:49:09,ppbbbpppppbpppbpppppppbbbpbbbpppbppbpbbbbbbbbpbbbb,50
308623,493,13,3,pbpppbpppppp,b,pbpppbppppppb,2026-01-27 10:49:09,ppbpbpppbppppppbppppbbpppbppbbbppbpppppbbpbppb,46
313573,640,13,1,pbpppbpppppp,p,pbpppbppppppp,2026-01-27 10:49:09,ppbpppbpppppppbbppbbppbbppbppbppppb,35
327397,1043,13,11,pbpppbpppppp,b,pbpppbppppppb,2026-01-27 10:49:10,bbppbpbbbbppbpppbppppppbbpbppbbppbbpbbpbbpbbpp,46
329258,1095,13,17,pbpppbpppppp,p,pbpppbppppppp,2026-01-27 10:49:10,pbbpbpbpppbbbbpbppbpppbpppppppppbp,34
330306,1128,13,7,pbpppbpppppp,p,pbpppbppppppp,2026-01-27 10:49:10,ppppppbpbpppbppppppppbpbppbbbpbpbpb,35
330926,1146,13,23,pbpppbpppppp,b,pbpppbppppppb,2026-01-27 10:49:10,bbppbbbpbppbbpbpbbppbbbpbpppbppppppbpbbbbppppbpbbpbbpppp,56
353482,1751,13,14,pbpppbpppppp,b,pbpppbppppppb,2026-01-27 10:49:11,bpbbbppppbpppppbpppbppppppbpppbppppbbpbpbbbbbppbbpb,51
354568,1776,13,16,pbpppbpppppp,p,pbpppbppppppp,2026-01-27 10:49:11,bbbbpbbbbpppbbbppbpppbppppppppbppbppbppbpbbppppbbpbbppbb,56
