id,created_at,step,position,anchor,window_size,prefix,predicted,actual,is_correct,confidence,skipped,skip_reason
2,2026-06-26 16:28:48,1,8,0,9,bbbbbbbb,pass,p,,0.0,1,pass (예측값 NULL)
3,2026-06-26 16:30:02,1,9,1,9,pbbbbppp,p,b,0.0,52.38095238095239,0,
4,2026-06-26 16:34:06,1,9,1,9,pbpppppb,pass,p,,0.0,1,pass (예측값 NULL)
5,2026-06-26 16:36:47,1,9,1,9,bpbbbbbp,pass,b,,0.0,1,pass (예측값 NULL)
6,2026-06-26 16:38:00,1,9,1,9,pbpbbbpb,p,p,1.0,50.92592592592593,0,
7,2026-06-26 16:40:23,1,9,1,9,bpbpppbp,b,b,1.0,51.32743362831859,0,
8,2026-06-26 16:41:16,1,9,1,9,pbpbpppp,b,b,1.0,54.285714285714285,0,
9,2026-06-26 16:42:11,1,9,1,9,pbbbpbpp,pass,b,,0.0,1,pass (예측값 NULL)
10,2026-06-26 16:44:03,1,9,1,9,bpbpppbb,p,p,1.0,51.35135135135135,0,
11,2026-06-26 16:45:13,1,9,1,9,pbbbpbpb,pass,p,,0.0,1,pass (예측값 NULL)
12,2026-06-26 16:46:19,1,9,1,9,pbbbbbbb,pass,p,,0.0,1,pass (예측값 NULL)
13,2026-06-26 16:48:18,1,9,1,9,bpbbbpbb,b,p,0.0,50.0,0,
14,2026-06-26 16:50:01,1,9,1,9,pbpppppp,b,b,1.0,51.80722891566265,0,
15,2026-06-26 17:07:58,1,9,1,9,pbpbbbbp,b,p,0.0,52.52525252525253,0,
16,2026-06-26 17:13:35,1,9,1,9,bppppppb,p,p,1.0,50.54945054945055,0,
17,2026-06-26 17:14:24,1,9,1,9,pbpppbpb,p,p,1.0,56.00000000000001,0,
18,2026-06-26 17:18:22,1,9,1,9,bpppppbb,p,p,1.0,57.291666666666664,0,
19,2026-06-26 17:19:28,1,9,1,9,pbpbpppp,b,b,1.0,54.285714285714285,0,
20,2026-06-26 17:20:52,1,9,1,9,pbpppbpb,p,b,0.0,56.00000000000001,0,
21,2026-06-26 17:22:45,1,9,1,9,bpbpbpbb,b,p,0.0,56.86274509803921,0,
22,2026-06-26 17:24:36,1,9,1,9,bpbbbbpp,pass,p,,0.0,1,pass (예측값 NULL)
23,2026-06-26 17:26:37,1,9,1,9,bpbpbbbb,p,b,0.0,51.21951219512195,0,
24,2026-06-26 17:29:12,1,9,1,9,bpppbbbb,pass,b,,0.0,1,pass (예측값 NULL)
25,2026-06-26 17:30:24,1,9,1,9,bpppbpbb,p,b,0.0,58.77192982456141,0,
26,2026-06-26 17:31:51,1,9,1,9,pbpbbbpb,p,b,0.0,50.92592592592593,0,
27,2026-06-26 17:52:44,1,9,1,9,bpppbppp,b,b,1.0,51.041666666666664,0,
28,2026-06-26 17:55:06,1,9,1,9,pbbbpbpb,pass,b,,0.0,1,pass (예측값 NULL)
29,2026-06-26 18:47:07,1,9,1,9,bpppbpbp,pass,b,,0.0,1,pass (예측값 NULL)
30,2026-06-26 18:48:40,1,9,1,9,pbpppppp,b,b,1.0,51.80722891566265,0,
31,2026-06-26 18:50:09,1,9,1,9,bpbbbpbp,p,p,1.0,50.53763440860215,0,
32,2026-06-26 18:52:11,1,9,1,9,bpbpbppp,p,b,0.0,57.943925233644855,0,
33,2026-06-26 18:56:53,1,9,1,9,pbppppbb,p,b,0.0,51.61290322580645,0,
34,2026-06-26 18:58:10,1,9,1,9,bpbbbbpp,pass,b,,0.0,1,pass (예측값 NULL)
35,2026-06-26 19:02:17,1,9,1,9,bpbpbppp,p,p,1.0,57.943925233644855,0,
36,2026-06-26 19:03:44,1,9,1,9,bpbpppbp,b,b,1.0,51.32743362831859,0,
37,2026-06-26 19:04:27,1,9,1,9,pbpppbbb,p,b,0.0,50.48543689320388,0,
38,2026-06-26 19:05:55,1,9,1,9,bpppbppp,b,b,1.0,51.041666666666664,0,
39,2026-06-26 19:24:05,1,9,1,9,pbpbpppb,b,b,1.0,59.63302752293578,0,
40,2026-06-26 19:26:48,1,9,1,9,pbbbpppb,p,p,1.0,55.55555555555556,0,
41,2026-06-26 19:29:58,1,9,1,9,bpbbbppp,b,b,1.0,52.12765957446809,0,
42,2026-06-26 20:57:33,1,9,1,9,bpbpppbp,b,b,1.0,51.32743362831859,0,
43,2026-06-26 21:12:55,1,9,1,9,bpppppbb,p,p,1.0,57.291666666666664,0,
44,2026-06-26 21:14:08,1,9,1,9,pbbbbbpb,b,b,1.0,52.42718446601942,0,
45,2026-06-26 21:16:20,1,9,1,9,pbpbpbpp,b,p,0.0,59.0,0,
46,2026-06-26 21:18:23,1,9,1,9,pbpppppb,pass,p,,0.0,1,pass (예측값 NULL)
47,2026-06-26 21:19:28,1,9,1,9,pbpppbbb,p,p,1.0,50.48543689320388,0,
48,2026-06-26 21:23:00,1,9,1,9,bpppbbbb,pass,p,,0.0,1,pass (예측값 NULL)
49,2026-06-26 21:25:57,1,9,1,9,bppppbpb,b,p,0.0,52.10084033613446,0,
50,2026-06-26 21:27:14,1,9,1,9,pbbbbpbb,p,b,0.0,51.42857142857142,0,
51,2026-06-26 21:29:26,1,9,1,9,pbpbbbbb,p,b,0.0,50.467289719626166,0,
52,2026-06-26 21:30:26,1,9,1,9,bpbppppb,pass,b,,0.0,1,pass (예측값 NULL)
53,2026-06-27 08:59:31,1,9,1,9,bpbppppp,b,p,0.0,64.8936170212766,0,
54,2026-06-27 09:01:55,1,9,1,9,pbppppbp,p,b,0.0,51.21951219512195,0,
55,2026-06-27 09:05:57,1,9,1,9,bpbpbppp,p,b,0.0,57.943925233644855,0,
56,2026-06-27 09:09:54,1,9,1,9,bpbbbppp,b,b,1.0,52.12765957446809,0,
57,2026-06-27 09:12:32,1,9,1,9,pbbbpbpp,pass,b,,0.0,1,pass (예측값 NULL)
58,2026-06-27 09:14:32,1,9,1,9,pbppppbp,p,b,0.0,51.21951219512195,0,
59,2026-06-27 09:16:08,1,9,1,9,bpbbbpbp,p,p,1.0,50.53763440860215,0,
60,2026-06-27 09:17:59,1,9,1,9,pbpppbbb,p,b,0.0,50.48543689320388,0,
61,2026-06-27 09:21:02,1,9,1,9,bppppbpb,b,b,1.0,52.10084033613446,0,
62,2026-06-27 09:23:29,1,9,1,9,bppppbpp,pass,p,,0.0,1,pass (예측값 NULL)
63,2026-06-27 09:25:39,1,9,1,9,bpbbbpbb,b,p,0.0,50.0,0,
64,2026-06-27 09:29:10,1,9,1,9,bppppbpb,b,b,1.0,52.10084033613446,0,
65,2026-06-27 09:30:08,1,9,1,9,bpbbbbbp,pass,p,,0.0,1,pass (예측값 NULL)
66,2026-06-27 09:33:14,1,9,1,9,bpbppppp,b,p,0.0,64.8936170212766,0,
67,2026-06-27 09:36:37,1,9,1,9,pbpbpbbb,pass,b,,0.0,1,pass (예측값 NULL)
68,2026-06-27 09:38:10,1,9,1,9,pbpbbbpb,p,b,0.0,50.92592592592593,0,
69,2026-06-27 09:40:38,1,9,1,9,bpbpbppp,p,b,0.0,57.943925233644855,0,
70,2026-06-27 09:42:48,1,9,1,9,bpbpppbp,b,p,0.0,51.32743362831859,0,
71,2026-06-27 09:45:47,1,9,1,9,bpbpppbb,p,p,1.0,51.35135135135135,0,
72,2026-06-27 10:04:04,1,9,1,9,pbbbbbbp,pass,b,,0.0,1,pass (예측값 NULL)
73,2026-06-27 10:10:31,1,9,1,9,pbpppbbb,p,b,0.0,50.48543689320388,0,
74,2026-06-27 10:12:26,1,9,1,9,pbppppbb,p,p,1.0,51.61290322580645,0,
75,2026-06-27 10:14:42,1,9,1,9,pbpppbbb,p,p,1.0,50.48543689320388,0,
76,2026-06-27 10:15:51,1,9,1,9,pbbbpbbb,b,b,1.0,60.78431372549019,0,
77,2026-06-27 10:16:54,1,9,1,9,bppppbbb,pass,p,,0.0,1,pass (예측값 NULL)
78,2026-06-27 10:22:05,1,9,1,9,bpbpbpbp,p,b,0.0,61.261261261261254,0,
79,2026-06-27 10:27:26,1,9,1,9,bpppbpbb,p,b,0.0,58.77192982456141,0,
80,2026-06-27 10:28:46,1,9,1,9,pbpbbbbb,p,b,0.0,50.467289719626166,0,
81,2026-06-28 09:58:54,1,9,1,9,bpbppppb,pass,b,,0.0,1,pass (예측값 NULL)
82,2026-06-28 10:00:25,1,9,1,9,pbpppbpb,p,p,1.0,56.00000000000001,0,
83,2026-06-28 10:01:07,1,9,1,9,bpbpbbbb,p,b,0.0,51.21951219512195,0,
84,2026-06-28 10:03:08,1,9,1,9,bpppppbb,p,p,1.0,57.291666666666664,0,
85,2026-06-28 10:05:18,1,9,1,9,bpppbpbb,p,p,1.0,58.77192982456141,0,
86,2026-06-28 10:08:36,1,9,1,9,bpbpbbbp,p,p,1.0,50.476190476190474,0,
87,2026-06-28 10:53:43,1,9,1,9,pbpppbpp,pass,b,,0.0,1,pass (예측값 NULL)
88,2026-06-28 10:55:35,1,9,1,9,bppppppp,p,p,1.0,50.57471264367817,0,
89,2026-06-28 10:58:57,1,9,1,9,bpbbbpbb,b,p,0.0,50.0,0,
90,2026-06-28 11:00:14,1,9,1,9,pbbbbpbb,p,b,0.0,51.42857142857142,0,
91,2026-06-28 11:05:05,1,9,1,9,pbbbbbpb,b,p,0.0,52.42718446601942,0,
92,2026-06-28 11:07:50,1,9,1,9,bpbpbpbp,p,b,0.0,61.261261261261254,0,
93,2026-06-28 11:08:55,1,9,1,9,pbpbbbpp,b,b,1.0,57.57575757575758,0,
94,2026-06-28 11:09:43,1,9,1,9,bpppppbp,p,p,1.0,61.111111111111114,0,
95,2026-06-28 18:29:09,1,9,1,9,pbppppbp,p,p,1.0,51.21951219512195,0,
96,2026-06-28 18:33:37,1,9,1,9,bpbbbpbb,b,b,1.0,50.0,0,
97,2026-06-28 18:34:42,1,9,1,9,pbpbbbpp,b,p,0.0,57.57575757575758,0,
98,2026-06-28 18:36:45,1,9,1,9,bpppbpbp,pass,p,,0.0,1,pass (예측값 NULL)
99,2026-06-28 18:40:13,1,9,1,9,bpppbpbb,p,p,1.0,58.77192982456141,0,
100,2026-06-28 18:42:56,1,9,1,9,bppppppb,p,p,1.0,50.54945054945055,0,
101,2026-06-28 18:43:37,1,9,1,9,pbbbbpbb,p,b,0.0,51.42857142857142,0,
102,2026-06-28 18:48:11,1,9,1,9,pbbbpbbb,b,b,1.0,60.78431372549019,0,
103,2026-06-28 19:01:04,1,9,1,9,bpbbbbbb,p,p,1.0,51.30434782608696,0,
104,2026-06-28 19:04:09,1,9,1,9,bpppbppp,b,b,1.0,51.041666666666664,0,
105,2026-06-28 19:06:25,1,9,1,9,pbpbpbpp,b,b,1.0,59.0,0,
106,2026-06-28 19:07:36,1,9,1,9,pbbbpbpp,pass,p,,0.0,1,pass (예측값 NULL)
107,2026-06-28 19:21:25,1,9,1,9,pbpppbpb,p,b,0.0,56.00000000000001,0,
108,2026-06-28 19:26:41,1,9,1,9,bpppppbb,p,p,1.0,57.291666666666664,0,
109,2026-06-28 19:29:40,1,9,1,9,bppppbpb,b,b,1.0,52.10084033613446,0,
110,2026-06-28 19:31:56,1,9,1,9,pbpppbbb,p,b,0.0,50.48543689320388,0,
111,2026-06-28 20:51:23,1,9,1,9,pbpppbbb,p,b,0.0,50.48543689320388,0,
112,2026-06-28 20:56:08,1,9,1,9,bpbpbpbb,b,b,1.0,56.86274509803921,0,
113,2026-06-28 20:57:28,1,9,1,9,bppppbpp,pass,b,,0.0,1,pass (예측값 NULL)
114,2026-06-28 21:00:49,1,9,1,9,pbpbbbbp,b,b,1.0,52.52525252525253,0,
115,2026-06-28 21:04:45,1,9,1,9,pbbbpbbb,b,p,0.0,60.78431372549019,0,
116,2026-06-28 21:07:32,1,9,1,9,bpbpbppp,p,p,1.0,57.943925233644855,0,
117,2026-06-29 09:12:15,1,9,1,9,bppppbpb,b,p,0.0,52.10084033613446,0,
118,2026-06-29 09:14:48,1,9,1,9,bpbppppb,pass,b,,0.0,1,pass (예측값 NULL)
119,2026-06-29 09:17:09,1,9,1,9,pbbbbbpb,b,p,0.0,52.42718446601942,0,
120,2026-06-29 09:18:14,1,9,1,9,bpbbbppp,b,b,1.0,52.12765957446809,0,
121,2026-06-29 09:18:58,1,9,1,9,bpbpbpbp,p,p,1.0,61.261261261261254,0,
122,2026-06-29 09:20:25,1,9,1,9,bppppppp,p,p,1.0,50.57471264367817,0,
123,2026-06-29 09:21:31,1,9,1,9,bppppbpb,b,p,0.0,52.10084033613446,0,
124,2026-06-29 09:25:20,1,9,1,9,pbpppppp,b,b,1.0,51.80722891566265,0,
125,2026-06-29 09:27:05,1,9,1,9,bpppbppp,b,p,0.0,51.041666666666664,0,
126,2026-06-29 09:55:56,1,9,1,9,bpbbbbpb,pass,p,,0.0,1,pass (예측값 NULL)
127,2026-06-29 09:59:52,1,9,1,9,pbpbpppp,b,b,1.0,54.285714285714285,0,
128,2026-06-29 10:01:29,1,9,1,9,pbpbbbpb,p,b,0.0,50.92592592592593,0,
129,2026-06-29 10:02:44,1,9,1,9,pbpbpbbb,pass,b,,0.0,1,pass (예측값 NULL)
130,2026-06-29 10:04:09,1,9,1,9,bpbpppbp,b,b,1.0,51.32743362831859,0,
131,2026-06-29 10:07:06,1,9,1,9,pbbbbpbb,p,b,0.0,51.42857142857142,0,
132,2026-06-29 10:11:14,1,9,1,9,pbpbbbpb,p,b,0.0,50.92592592592593,0,
133,2026-06-29 10:13:18,1,9,1,9,pbbbbbpb,b,b,1.0,52.42718446601942,0,
134,2026-06-29 10:32:02,1,9,1,9,pbbbbbpb,b,b,1.0,52.42718446601942,0,
135,2026-06-29 10:39:08,1,9,1,9,pbpbpppb,b,p,0.0,59.63302752293578,0,
136,2026-06-29 10:41:15,1,9,1,9,pbpbbbbp,b,p,0.0,52.52525252525253,0,
137,2026-06-29 10:42:51,1,9,1,9,pbbbbpbb,p,b,0.0,51.42857142857142,0,
138,2026-06-29 10:44:49,1,9,1,9,bpbpppbb,p,p,1.0,51.35135135135135,0,
139,2026-06-29 10:45:57,1,9,1,9,bpbppppb,pass,b,,0.0,1,pass (예측값 NULL)
140,2026-06-29 10:49:32,1,9,1,9,pbbbpppb,p,b,0.0,55.55555555555556,0,
141,2026-06-29 10:53:36,1,9,1,9,bpppppbb,p,b,0.0,57.291666666666664,0,
142,2026-06-29 10:58:56,1,9,1,9,pbppppbp,p,b,0.0,51.21951219512195,0,
143,2026-06-29 11:01:27,1,9,1,9,bpbpppbb,p,b,0.0,51.35135135135135,0,
144,2026-06-29 11:03:51,1,9,1,9,pbpbpbpp,b,p,0.0,59.0,0,
145,2026-06-29 11:24:37,1,9,1,9,pbpbpppb,b,b,1.0,59.63302752293578,0,
146,2026-06-29 11:52:15,1,9,1,9,bpppppbb,p,b,0.0,57.291666666666664,0,
147,2026-06-29 11:54:47,1,9,1,9,bpbpbpbp,p,b,0.0,61.261261261261254,0,
148,2026-06-29 12:02:04,1,9,1,9,bpppbpbb,p,p,1.0,58.77192982456141,0,
149,2026-06-29 12:05:04,1,9,1,9,bppppbpp,pass,b,,0.0,1,pass (예측값 NULL)
150,2026-06-29 12:07:51,1,9,1,9,pbpppbpb,p,b,0.0,56.00000000000001,0,
151,2026-06-29 12:08:48,1,9,1,9,pbbbbppp,p,p,1.0,52.38095238095239,0,
152,2026-06-29 12:36:07,1,9,1,9,bpbbbppp,b,p,0.0,52.12765957446809,0,
153,2026-06-29 12:51:01,1,9,1,9,pbpppppp,b,p,0.0,51.80722891566265,0,
154,2026-06-29 12:57:24,1,9,1,9,bpbppppp,b,p,0.0,64.8936170212766,0,
155,2026-06-29 12:58:35,1,9,1,9,pbppppbb,p,b,0.0,51.61290322580645,0,
156,2026-06-29 13:00:10,1,9,1,9,pbpppppp,b,p,0.0,51.80722891566265,0,
157,2026-06-29 13:03:30,1,9,1,9,pbbbbppp,p,p,1.0,52.38095238095239,0,
158,2026-06-30 09:21:38,1,9,1,9,bpbpbpbb,b,p,0.0,56.86274509803921,0,
159,2026-06-30 09:23:35,1,9,1,9,pbpppbbb,p,b,0.0,50.48543689320388,0,
160,2026-06-30 09:25:06,1,9,1,9,pbbbbbpb,b,p,0.0,52.42718446601942,0,
161,2026-06-30 09:28:41,1,9,1,9,bpppppbb,p,p,1.0,57.291666666666664,0,
162,2026-06-30 09:31:14,1,9,1,9,bpbpbpbp,p,b,0.0,61.261261261261254,0,
163,2026-06-30 09:33:59,1,9,1,9,bpbpbppp,p,p,1.0,57.943925233644855,0,
164,2026-06-30 09:35:27,1,9,1,9,pbbbbppp,p,b,0.0,52.38095238095239,0,
165,2026-06-30 09:36:33,1,9,1,9,pbpppbpb,p,p,1.0,56.00000000000001,0,
166,2026-06-30 10:18:38,1,9,1,9,pbpbpppb,b,p,0.0,59.63302752293578,0,
167,2026-06-30 10:21:35,1,9,1,9,bpbbbbbp,pass,b,,0.0,1,pass (예측값 NULL)
168,2026-06-30 10:26:52,1,9,1,9,pbpbbbbb,p,p,1.0,50.467289719626166,0,
169,2026-06-30 10:28:36,1,9,1,9,pbppppbp,p,b,0.0,51.21951219512195,0,
170,2026-06-30 10:33:03,1,9,1,9,bpppbbbb,pass,b,,0.0,1,pass (예측값 NULL)
171,2026-06-30 10:35:36,1,9,1,9,bpppbppp,b,p,0.0,51.041666666666664,0,
172,2026-06-30 10:38:14,1,9,1,9,bppppppp,p,p,1.0,50.57471264367817,0,
173,2026-06-30 10:39:44,1,9,1,9,bpppbpbb,p,p,1.0,58.77192982456141,0,
174,2026-06-30 13:48:28,1,9,1,9,pbpppppp,b,b,1.0,51.80722891566265,0,
175,2026-06-30 13:49:13,1,9,1,9,pbbbbpbb,p,b,0.0,51.42857142857142,0,
176,2026-06-30 13:50:11,1,9,1,9,pbbbbppp,p,b,0.0,52.38095238095239,0,
177,2026-06-30 13:52:02,1,9,1,9,bpbbbpbb,b,b,1.0,50.0,0,
178,2026-06-30 13:53:59,1,9,1,9,pbpppppp,b,p,0.0,51.80722891566265,0,
179,2026-06-30 14:02:28,1,9,1,9,pbbbpppb,p,b,0.0,55.55555555555556,0,
180,2026-06-30 14:03:33,1,9,1,9,pbpppppp,b,p,0.0,51.80722891566265,0,
181,2026-06-30 14:06:37,1,9,1,9,pbppppbb,p,b,0.0,51.61290322580645,0,
182,2026-06-30 14:09:33,1,9,1,9,bpbpbppp,p,p,1.0,57.943925233644855,0,
183,2026-07-01 09:43:58,1,9,1,9,pbpppbbb,p,b,0.0,50.48543689320388,0,
184,2026-07-01 09:44:51,1,9,1,9,pbpppbpb,p,p,1.0,56.00000000000001,0,
185,2026-07-01 09:46:55,1,9,1,9,pbbbbpbp,p,b,0.0,54.63917525773196,0,
186,2026-07-01 09:50:10,1,9,1,9,bpppppbb,p,p,1.0,57.291666666666664,0,
187,2026-07-01 09:54:42,1,9,1,9,bpppppbb,p,b,0.0,57.291666666666664,0,
188,2026-07-01 09:57:43,1,9,1,9,bpbpbbbp,p,b,0.0,50.476190476190474,0,
189,2026-07-01 10:03:33,1,9,1,9,pbbbbbpb,b,p,0.0,52.42718446601942,0,
190,2026-07-01 10:06:19,1,9,1,9,bppppppb,p,p,1.0,50.54945054945055,0,
191,2026-07-01 10:11:43,1,9,1,9,bpbbbppp,b,b,1.0,52.12765957446809,0,
192,2026-07-01 14:04:05,1,9,1,9,bppppppb,p,b,0.0,50.54945054945055,0,
193,2026-07-01 14:05:20,1,9,1,9,pbpbbbpp,b,b,1.0,57.57575757575758,0,
194,2026-07-01 14:11:30,1,9,1,9,bpbpppbp,b,p,0.0,51.32743362831859,0,
195,2026-07-01 14:45:23,1,9,1,9,bpbpbpbb,b,p,0.0,56.86274509803921,0,
196,2026-07-01 14:47:19,1,9,1,9,pbpbpbpp,b,b,1.0,59.0,0,
197,2026-07-01 14:49:03,1,9,1,9,bppppppb,p,b,0.0,50.54945054945055,0,
198,2026-07-01 14:51:29,1,9,1,9,pbbbbppp,p,b,0.0,52.38095238095239,0,
199,2026-07-01 14:54:14,1,9,1,9,bpbbbbbb,p,b,0.0,51.30434782608696,0,
200,2026-07-01 14:55:38,1,9,1,9,pbbbbpbb,p,b,0.0,51.42857142857142,0,
201,2026-07-01 15:03:22,1,9,1,9,bpppbppp,b,b,1.0,51.041666666666664,0,
202,2026-07-01 15:05:14,1,9,1,9,pbpppbpb,p,b,0.0,56.00000000000001,0,
203,2026-07-01 15:07:23,1,9,1,9,pbpbbbbp,b,b,1.0,52.52525252525253,0,
204,2026-07-01 15:13:04,1,9,1,9,bpbpbppp,p,b,0.0,57.943925233644855,0,
205,2026-07-01 15:51:20,1,9,1,9,pbpbbbpb,p,b,0.0,50.92592592592593,0,
206,2026-07-01 15:52:47,1,9,1,9,pbbbbbpb,b,b,1.0,52.42718446601942,0,
207,2026-07-01 15:56:10,1,9,1,9,pbbbpppb,p,b,0.0,55.55555555555556,0,
208,2026-07-01 15:56:42,1,9,1,9,bpbpbpbp,p,b,0.0,61.261261261261254,0,
209,2026-07-01 15:59:52,1,9,1,9,pbpbbbpb,p,b,0.0,50.92592592592593,0,
210,2026-07-01 16:01:19,1,9,1,9,bppppppp,p,p,1.0,50.57471264367817,0,
211,2026-07-01 16:06:53,1,9,1,9,pbppppbb,p,b,0.0,51.61290322580645,0,
212,2026-07-01 16:10:19,1,9,1,9,bpbbbpbb,b,b,1.0,50.0,0,
213,2026-07-02 08:40:23,1,9,1,9,bpbpppbb,p,p,1.0,51.35135135135135,0,
214,2026-07-02 08:43:10,1,9,1,9,pbpppppb,pass,p,,0.0,1,pass (예측값 NULL)
215,2026-07-02 08:44:38,1,9,1,9,pbpbbbbp,b,b,1.0,52.52525252525253,0,
216,2026-07-02 08:53:11,1,9,1,9,pbpppbpb,p,p,1.0,56.00000000000001,0,
217,2026-07-02 08:57:19,1,9,1,9,pbppppbp,p,p,1.0,51.21951219512195,0,
218,2026-07-02 10:04:28,1,9,1,9,pbppppbp,p,b,0.0,51.21951219512195,0,
219,2026-07-02 10:05:38,1,9,1,9,pbpppbpb,p,p,1.0,56.00000000000001,0,
220,2026-07-02 10:07:30,1,9,1,9,pbpppbpb,p,b,0.0,56.00000000000001,0,
221,2026-07-04 10:04:08,1,9,1,9,pbbbbpbb,p,b,0.0,51.42857142857142,0,
222,2026-07-04 10:05:35,1,9,1,9,bppppppp,p,b,0.0,50.57471264367817,0,
223,2026-07-04 10:11:38,1,9,1,9,bpbppppp,b,b,1.0,64.8936170212766,0,
224,2026-07-04 10:13:34,1,9,1,9,bpbbbbbb,p,p,1.0,51.30434782608696,0,
225,2026-07-04 10:16:26,1,9,1,9,pbppppbp,p,p,1.0,51.21951219512195,0,
226,2026-07-04 10:17:40,1,9,1,9,pbpbpppp,b,b,1.0,54.285714285714285,0,
227,2026-07-04 11:41:36,1,9,1,9,bppppbpb,b,b,1.0,52.10084033613446,0,
228,2026-07-04 11:44:02,1,9,1,9,bpbbbbbb,p,b,0.0,51.30434782608696,0,
229,2026-07-04 11:46:04,1,9,1,9,pbpbbbpp,b,b,1.0,57.57575757575758,0,
230,2026-07-04 11:46:58,1,9,1,9,pbppppbp,p,p,1.0,51.21951219512195,0,
231,2026-07-04 11:49:37,1,9,1,9,bppppbpb,b,b,1.0,52.10084033613446,0,
232,2026-07-04 12:43:18,1,9,1,9,pbbbbppp,p,p,1.0,52.38095238095239,0,
233,2026-07-04 12:45:46,1,9,1,9,bpbpbpbp,p,b,0.0,61.261261261261254,0,
234,2026-07-04 12:47:09,1,9,1,9,pbppppbp,p,b,0.0,51.21951219512195,0,
235,2026-07-04 12:49:24,1,9,1,9,bppppbbb,pass,b,,0.0,1,pass (예측값 NULL)
236,2026-07-04 12:51:42,1,9,1,9,pbpbpppp,b,b,1.0,54.285714285714285,0,
237,2026-07-04 12:55:33,1,9,1,9,pbppppbp,p,b,0.0,51.21951219512195,0,
238,2026-07-04 12:57:42,1,9,1,9,pbppppbb,p,b,0.0,51.61290322580645,0,
239,2026-07-04 13:57:03,1,9,1,9,bppppbpb,b,b,1.0,52.10084033613446,0,
240,2026-07-04 14:00:26,1,9,1,9,pbbbbbpb,b,b,1.0,52.42718446601942,0,
241,2026-07-04 14:02:03,1,9,1,9,bpbbbppp,b,p,0.0,52.12765957446809,0,
242,2026-07-04 14:06:56,1,9,1,9,pbpbpbpb,pass,p,,0.0,1,pass (예측값 NULL)
243,2026-07-04 14:11:48,1,9,1,9,bpbbbbbb,p,b,0.0,51.30434782608696,0,
244,2026-07-04 14:14:07,1,9,1,9,bpppbpbb,p,b,0.0,58.77192982456141,0,
245,2026-07-04 14:18:48,1,9,1,9,pbpppbbb,p,b,0.0,50.48543689320388,0,
246,2026-07-04 14:26:42,1,9,1,9,pbpbbbbb,p,b,0.0,50.467289719626166,0,
247,2026-07-04 14:34:28,1,9,1,9,bpbpbbbb,p,p,1.0,51.21951219512195,0,
248,2026-07-06 10:54:11,1,9,1,9,bppppppb,p,p,1.0,50.54945054945055,0,
249,2026-07-06 10:55:18,1,9,1,9,bpbpbbbp,p,p,1.0,50.476190476190474,0,
250,2026-07-06 12:33:36,1,9,1,9,bpbbbpbb,b,p,0.0,50.0,0,
251,2026-07-06 12:43:35,1,9,1,9,bpbppppp,b,b,1.0,64.8936170212766,0,
252,2026-07-06 12:45:36,1,9,1,9,bpbbbpbp,p,p,1.0,50.53763440860215,0,
253,2026-07-06 12:49:54,1,9,1,9,bpbpbpbb,b,b,1.0,56.86274509803921,0,
254,2026-07-06 12:50:43,1,9,1,9,pbbbbbpb,b,p,0.0,52.42718446601942,0,
255,2026-07-06 12:53:18,1,9,1,9,pbpppppp,b,b,1.0,51.80722891566265,0,
256,2026-07-06 12:58:18,1,9,1,9,bpbbbpbp,p,p,1.0,50.53763440860215,0,
257,2026-07-07 10:00:55,1,9,1,9,bpbpbpbb,b,p,0.0,56.86274509803921,0,
258,2026-07-07 10:03:17,1,9,1,9,pbpbbbbp,b,p,0.0,52.52525252525253,0,
259,2026-07-07 10:04:58,1,9,1,9,bpbpppbb,p,b,0.0,51.35135135135135,0,
260,2026-07-07 10:09:11,1,9,1,9,bpbbbpbp,p,b,0.0,50.53763440860215,0,
261,2026-07-07 10:10:38,1,9,1,9,pbpbpbpp,b,b,1.0,59.0,0,
262,2026-07-07 10:11:24,1,9,1,9,pbbbbbpp,pass,p,,0.0,1,pass (예측값 NULL)
263,2026-07-07 10:13:25,1,9,1,9,pbpbbbpb,p,p,1.0,50.92592592592593,0,
264,2026-07-07 10:14:03,1,9,1,9,pbbbpppb,p,b,0.0,55.55555555555556,0,
265,2026-07-07 10:21:17,1,9,1,9,bpppppbb,p,b,0.0,57.291666666666664,0,
266,2026-07-07 10:24:37,1,9,1,9,bpbpppbb,p,p,1.0,51.35135135135135,0,
267,2026-07-07 10:27:47,1,9,1,9,pbpbpppp,b,p,0.0,54.285714285714285,0,
268,2026-07-07 10:29:26,1,9,1,9,pbpbbbbp,b,b,1.0,52.52525252525253,0,
269,2026-07-07 11:02:06,1,9,1,9,pbbbbppp,p,p,1.0,52.38095238095239,0,
270,2026-07-07 11:12:22,1,9,1,9,pbpbbbbp,b,p,0.0,52.52525252525253,0,
271,2026-07-07 11:14:20,1,9,1,9,bpbbbpbp,p,p,1.0,50.53763440860215,0,
272,2026-07-07 11:17:46,1,9,1,9,bpbpppbp,b,p,0.0,51.32743362831859,0,
273,2026-07-07 11:23:51,1,9,1,9,pbppppbp,p,b,0.0,51.21951219512195,0,
274,2026-07-07 11:26:24,1,9,1,9,bpbbbbbb,p,b,0.0,51.30434782608696,0,
275,2026-07-07 11:32:02,1,9,1,9,pbpbbbbb,p,p,1.0,50.467289719626166,0,
276,2026-07-07 14:41:17,1,9,1,9,pbppppbb,p,b,0.0,51.61290322580645,0,
277,2026-07-07 14:43:24,1,9,1,9,bppppppb,p,b,0.0,50.54945054945055,0,
278,2026-07-07 14:45:18,1,9,1,9,pbpppppp,b,b,1.0,51.80722891566265,0,
279,2026-07-07 14:46:01,1,9,1,9,pbppppbb,p,b,0.0,51.61290322580645,0,
280,2026-07-07 14:49:33,1,9,1,9,pbpppbpb,p,p,1.0,56.00000000000001,0,
281,2026-07-07 14:52:27,1,9,1,9,pbpbbbpp,b,p,0.0,57.57575757575758,0,
282,2026-07-07 15:01:33,1,9,1,9,pbbbbpbb,p,b,0.0,51.42857142857142,0,
283,2026-07-07 15:03:59,1,9,1,9,bpbbbppp,b,b,1.0,52.12765957446809,0,
284,2026-07-07 15:32:28,1,9,1,9,bpppppbb,p,p,1.0,57.291666666666664,0,
285,2026-07-07 15:33:12,1,9,1,9,pbpbbbbp,b,b,1.0,52.52525252525253,0,
286,2026-07-07 15:36:43,1,9,1,9,bpbppppp,b,b,1.0,64.8936170212766,0,
287,2026-07-07 15:38:41,1,9,1,9,bpbpbbbp,p,p,1.0,50.476190476190474,0,
288,2026-07-08 19:00:04,1,9,1,9,pbbbbpbb,p,p,1.0,51.42857142857142,0,
289,2026-07-08 19:01:31,1,9,1,9,pbbbpppb,p,b,0.0,55.55555555555556,0,
290,2026-07-08 19:11:39,1,9,1,9,pbbbbppp,p,b,0.0,52.38095238095239,0,
291,2026-07-08 19:13:04,1,9,1,9,pbpbpppp,b,b,1.0,54.285714285714285,0,
292,2026-07-08 19:14:22,1,9,1,9,pbppppbp,p,b,0.0,51.21951219512195,0,
293,2026-07-08 19:15:58,1,9,1,9,bpbpbbbp,p,p,1.0,50.476190476190474,0,
294,2026-07-08 20:04:05,1,9,1,9,bpbpppbp,b,p,0.0,51.32743362831859,0,
295,2026-07-08 20:04:45,1,9,1,9,pbbbbpbp,p,b,0.0,54.63917525773196,0,
296,2026-07-08 20:05:54,1,9,1,9,pbpppbpb,p,b,0.0,56.00000000000001,0,
297,2026-07-08 20:07:00,1,9,1,9,bpbbbpbb,b,p,0.0,50.0,0,
298,2026-07-08 20:08:48,1,9,1,9,bppppppb,p,b,0.0,50.54945054945055,0,
299,2026-07-08 20:11:05,1,9,1,9,bpppppbp,p,p,1.0,61.111111111111114,0,
300,2026-07-08 20:14:06,1,9,1,9,bpppppbb,p,p,1.0,57.291666666666664,0,
301,2026-07-08 20:34:03,1,9,1,9,pbpbbbpb,p,p,1.0,50.92592592592593,0,
302,2026-07-08 20:36:51,1,9,1,9,pbpbbbbp,b,b,1.0,52.52525252525253,0,
303,2026-07-08 20:40:55,1,9,1,9,bppppppp,p,p,1.0,50.57471264367817,0,
304,2026-07-08 20:42:22,1,9,1,9,pbbbpppb,p,p,1.0,55.55555555555556,0,
305,2026-07-08 20:43:05,1,9,1,9,pbbbpbbb,b,p,0.0,60.78431372549019,0,
306,2026-07-08 20:44:25,1,9,1,9,bpbbbbbb,p,b,0.0,51.30434782608696,0,
307,2026-07-08 21:08:54,1,9,1,9,pbppppbb,p,p,1.0,51.61290322580645,0,
308,2026-07-08 21:11:40,1,9,1,9,pbpbbbbp,b,b,1.0,52.52525252525253,0,
309,2026-07-08 21:15:10,1,9,1,9,pbpppbpb,p,p,1.0,56.00000000000001,0,
310,2026-07-08 21:21:46,1,9,1,9,pbbbbpbp,p,b,0.0,54.63917525773196,0,
311,2026-07-08 21:29:21,1,9,1,9,pbbbbpbp,p,p,1.0,54.63917525773196,0,
312,2026-07-08 21:31:04,1,9,1,9,bppppbpb,b,b,1.0,52.10084033613446,0,
313,2026-07-09 07:30:21,1,9,1,9,bpppppbp,p,b,0.0,61.111111111111114,0,
314,2026-07-09 08:03:27,1,9,1,9,pbpbbbpb,p,p,1.0,50.92592592592593,0,
315,2026-07-09 08:08:28,1,9,1,9,pbbbbpbb,p,b,0.0,51.42857142857142,0,
316,2026-07-10 08:26:51,1,9,1,9,pbbbpppb,p,p,1.0,55.55555555555556,0,
317,2026-07-10 08:33:03,1,9,1,9,bpbbbpbb,b,p,0.0,50.0,0,
318,2026-07-10 08:34:31,1,9,1,9,bpbpbpbp,p,b,0.0,61.261261261261254,0,
319,2026-07-10 08:35:48,1,9,1,9,bpbpppbp,b,b,1.0,51.32743362831859,0,
320,2026-07-10 08:37:01,1,9,1,9,bpbpbpbp,p,p,1.0,61.261261261261254,0,
321,2026-07-10 08:38:34,1,9,1,9,pbpbpppb,b,p,0.0,59.63302752293578,0,
322,2026-07-10 13:34:52,1,9,1,9,bpbppppp,b,p,0.0,64.8936170212766,0,
323,2026-07-10 13:38:17,1,9,1,9,bpppppbb,p,p,1.0,57.291666666666664,0,
324,2026-07-10 13:41:13,1,9,1,9,bppppbbb,b,b,1.0,51.13636363636363,0,
325,2026-07-10 13:47:09,1,9,1,9,bppppbbb,b,b,1.0,51.13636363636363,0,
326,2026-07-10 14:02:19,1,9,1,9,pbbbpppb,p,p,1.0,55.55555555555556,0,
327,2026-07-11 16:42:11,1,9,1,9,bppppppb,p,b,0.0,50.54945054945055,0,
328,2026-07-11 16:44:51,1,9,1,9,bpbpbpbb,b,p,0.0,56.86274509803921,0,
329,2026-07-11 16:48:36,1,9,1,9,bppppppb,p,b,0.0,50.54945054945055,0,
330,2026-07-11 16:50:23,1,9,1,9,pbpbpbpp,b,p,0.0,59.0,0,
331,2026-07-11 16:53:00,1,9,1,9,bpbpbpbp,p,b,0.0,61.261261261261254,0,
332,2026-07-11 16:54:13,1,9,1,9,bpbppppp,b,b,1.0,64.8936170212766,0,
333,2026-07-11 16:56:10,1,9,1,9,bpbpppbb,p,p,1.0,51.35135135135135,0,
334,2026-07-11 17:24:39,1,9,1,9,bpbpbpbb,b,b,1.0,56.86274509803921,0,
335,2026-07-11 17:26:30,1,9,1,9,bppppbpb,b,b,1.0,52.10084033613446,0,
336,2026-07-11 17:31:10,1,9,1,9,pbpbbbpp,b,b,1.0,57.57575757575758,0,
337,2026-07-11 17:32:52,1,9,1,9,bpbpbpbb,b,p,0.0,56.86274509803921,0,
338,2026-07-11 17:37:57,1,9,1,9,bppppppb,p,b,0.0,50.54945054945055,0,
339,2026-07-11 17:41:21,1,9,1,9,bpbbbbbb,p,b,0.0,51.30434782608696,0,
340,2026-07-11 18:16:24,1,9,1,9,bpbpbpbb,b,b,1.0,56.86274509803921,0,
341,2026-07-11 18:22:54,1,9,1,9,pbbbbpbp,p,p,1.0,54.63917525773196,0,
342,2026-07-11 18:29:52,1,9,1,9,bpppppbb,p,p,1.0,57.291666666666664,0,
343,2026-07-11 18:33:43,1,9,1,9,pbppppbb,p,b,0.0,51.61290322580645,0,
344,2026-07-11 18:43:26,1,9,1,9,bppppppb,p,p,1.0,50.54945054945055,0,
345,2026-07-11 18:49:24,1,9,1,9,bpbpbpbb,b,p,0.0,56.86274509803921,0,
346,2026-07-11 18:51:36,1,9,1,9,pbpbpppb,b,p,0.0,59.63302752293578,0,
347,2026-07-11 18:52:56,1,9,1,9,bpppppbp,p,p,1.0,61.111111111111114,0,
348,2026-07-11 18:55:32,1,9,1,9,bpbbbpbb,b,p,0.0,50.0,0,
349,2026-07-11 18:56:25,1,9,1,9,bpbbbbbb,p,p,1.0,51.30434782608696,0,
350,2026-07-11 19:18:54,1,9,1,9,bpppbppp,b,p,0.0,51.041666666666664,0,
351,2026-07-11 19:25:31,1,9,1,9,pbpbbbpp,b,p,0.0,57.57575757575758,0,
352,2026-07-11 19:27:40,1,9,1,9,bpbbbpbp,p,p,1.0,50.53763440860215,0,
353,2026-07-11 19:30:05,1,9,1,9,bpbpppbb,p,b,0.0,51.35135135135135,0,
354,2026-07-11 19:33:43,1,9,1,9,pbbbbpbb,p,p,1.0,51.42857142857142,0,
355,2026-07-11 19:41:39,1,9,1,9,bpbbbpbp,p,p,1.0,50.53763440860215,0,
356,2026-07-11 19:44:10,1,9,1,9,pbpbpppb,b,b,1.0,59.63302752293578,0,
357,2026-07-11 19:46:20,1,9,1,9,bppppppp,p,p,1.0,50.57471264367817,0,
358,2026-07-13 10:13:51,1,9,1,9,bpppbbbp,pass,b,,0.0,1,pass (예측값 NULL)
359,2026-07-13 10:17:20,1,9,1,9,bpbbbpbb,b,b,1.0,50.0,0,
360,2026-07-13 10:19:35,1,9,1,9,pbbbbpbp,p,b,0.0,54.63917525773196,0,
361,2026-07-13 10:22:39,1,9,1,9,bpbbbpbp,p,b,0.0,50.53763440860215,0,
362,2026-07-13 10:24:08,1,9,1,9,pbpbpbpp,b,p,0.0,59.0,0,
363,2026-07-13 10:26:21,1,9,1,9,pbpppbpb,p,p,1.0,56.00000000000001,0,
364,2026-07-13 10:42:44,1,9,1,9,pbppppbb,p,p,1.0,51.61290322580645,0,
365,2026-07-13 10:46:31,1,9,1,9,pbbbpppb,p,b,0.0,55.55555555555556,0,
366,2026-07-13 10:49:56,1,9,1,9,bpbppppp,b,p,0.0,64.8936170212766,0,
367,2026-07-13 10:57:59,1,9,1,9,bppppppb,p,p,1.0,50.54945054945055,0,
368,2026-07-13 15:41:19,1,9,1,9,pbbbbbpb,b,b,1.0,52.42718446601942,0,
369,2026-07-13 15:41:59,1,9,1,9,bpbbbbbb,p,b,0.0,51.30434782608696,0,
370,2026-07-13 15:45:46,1,9,1,9,pbpbbbpp,b,p,0.0,57.57575757575758,0,
371,2026-07-13 15:58:36,1,9,1,9,bpbppppp,b,b,1.0,64.8936170212766,0,
372,2026-07-13 16:01:59,1,9,1,9,pbpbpppb,b,p,0.0,59.63302752293578,0,
373,2026-07-13 16:03:53,1,9,1,9,bpbpppbp,b,p,0.0,51.32743362831859,0,
374,2026-07-13 16:05:33,1,9,1,9,bpbbbpbp,p,p,1.0,50.53763440860215,0,
375,2026-07-13 16:27:43,1,9,1,9,pbpbpppb,b,p,0.0,59.63302752293578,0,
376,2026-07-13 16:27:59,1,9,1,9,bpbpbbbp,p,p,1.0,50.476190476190474,0,
377,2026-07-13 16:30:01,1,9,1,9,pbpppbbb,p,p,1.0,50.48543689320388,0,
378,2026-07-13 16:33:41,1,9,1,9,pbppppbb,p,p,1.0,51.61290322580645,0,
379,2026-07-13 16:35:04,1,9,1,9,pbpppbbb,p,p,1.0,50.48543689320388,0,
380,2026-07-13 16:42:19,1,9,1,9,bpbbbpbp,p,b,0.0,50.53763440860215,0,
381,2026-07-13 16:50:34,1,9,1,9,bpbbbpbb,b,b,1.0,50.0,0,
382,2026-07-13 16:53:33,1,9,1,9,bpbbbpbb,b,p,0.0,50.0,0,
383,2026-07-13 16:55:59,1,9,1,9,pbbbbbpb,b,b,1.0,52.42718446601942,0,
384,2026-07-13 16:59:30,1,9,1,9,pbpppppp,b,p,0.0,51.80722891566265,0,
385,2026-07-13 17:00:18,1,9,1,9,bpbbbpbp,p,b,0.0,50.53763440860215,0,
386,2026-07-13 17:02:02,1,9,1,9,bpbbbpbb,b,b,1.0,50.0,0,
387,2026-07-13 17:09:00,1,9,1,9,pbpppppp,b,b,1.0,51.80722891566265,0,
388,2026-07-13 17:11:07,1,9,1,9,pbppppbb,p,p,1.0,51.61290322580645,0,
389,2026-07-13 17:13:58,1,9,1,9,bpbbbbbb,p,b,0.0,51.30434782608696,0,
390,2026-07-13 17:19:01,1,9,1,9,bpppppbp,p,b,0.0,61.111111111111114,0,
391,2026-07-13 17:22:43,1,9,1,9,pbpppbbb,p,b,0.0,50.48543689320388,0,
392,2026-07-13 17:27:11,1,9,1,9,pbbbbpbb,p,b,0.0,51.42857142857142,0,
393,2026-07-13 17:27:47,1,9,1,9,bppppbpb,b,p,0.0,52.10084033613446,0,
394,2026-07-13 17:29:57,1,9,1,9,pbpbpppp,b,b,1.0,54.285714285714285,0,
395,2026-07-14 07:57:52,1,9,1,9,bpbpbbbp,p,b,0.0,50.476190476190474,0,
396,2026-07-14 08:00:08,1,9,1,9,bpbpppbp,b,p,0.0,51.32743362831859,0,
397,2026-07-14 08:04:09,1,9,1,9,bpbpbbbb,p,p,1.0,51.21951219512195,0,
398,2026-07-14 08:05:48,1,9,1,9,pbpbbbbp,b,b,1.0,52.52525252525253,0,
399,2026-07-14 08:09:31,1,9,1,9,pbpppbbb,p,b,0.0,50.48543689320388,0,
400,2026-07-14 08:11:25,1,9,1,9,pbppppbp,p,p,1.0,51.21951219512195,0,
401,2026-07-14 08:14:40,1,9,1,9,bpbpbpbb,b,b,1.0,56.86274509803921,0,
402,2026-07-16 07:24:13,1,9,1,9,pbbbpbbb,b,p,0.0,60.18518518518518,0,
403,2026-07-16 07:26:37,1,9,1,9,bpbbbbpp,p,b,0.0,52.77777777777778,0,
404,2026-07-16 07:28:59,1,9,1,9,pbpbpbpp,b,b,1.0,59.25925925925925,0,
405,2026-07-16 07:37:41,1,9,1,9,pbbbbbpb,b,p,0.0,50.877192982456144,0,
406,2026-07-16 07:42:25,1,9,1,9,bpppbppp,b,p,0.0,50.476190476190474,0,
407,2026-07-16 07:44:24,1,9,1,9,bpbbbbbp,b,b,1.0,61.261261261261254,0,
408,2026-07-16 07:48:19,1,9,1,9,bppppppp,b,p,0.0,51.64835164835166,0,
409,2026-07-16 09:58:23,1,9,1,9,bpbbbpbp,p,b,0.0,53.06122448979592,0,
410,2026-07-16 10:05:18,1,9,1,9,bpbpppbb,p,b,0.0,51.724137931034484,0,
411,2026-07-16 10:06:27,1,9,1,9,bppppppp,b,b,1.0,51.64835164835166,0,
412,2026-07-16 10:08:17,1,9,1,9,pbbbpbbb,b,b,1.0,60.18518518518518,0,
413,2026-07-16 10:08:31,1,9,1,9,pbppppbb,p,p,1.0,50.505050505050505,0,
414,2026-07-16 10:12:35,1,9,1,9,pbbbpbpp,b,b,1.0,50.495049504950494,0,
415,2026-07-16 10:15:14,1,9,1,9,pbbbbbpb,b,p,0.0,50.877192982456144,0,
416,2026-07-16 10:17:34,1,9,1,9,bpbbbbbb,b,p,0.0,51.61290322580645,0,
417,2026-07-16 10:17:59,1,9,1,9,pbpbbbpp,b,b,1.0,58.490566037735846,0,
418,2026-07-16 10:20:55,1,9,1,9,bpbbbbbb,b,b,1.0,51.61290322580645,0,
419,2026-07-16 10:25:35,1,9,1,9,bppppbpb,b,p,0.0,53.90625,0,
420,2026-07-16 10:25:54,1,9,1,9,pbbbbppp,p,p,1.0,54.385964912280706,0,
421,2026-07-16 10:27:30,1,9,1,9,bpbpppbp,b,p,0.0,50.806451612903224,0,
422,2026-07-16 10:29:29,1,9,1,9,bppppbpb,b,p,0.0,53.90625,0,
423,2026-07-16 10:29:42,1,9,1,9,bpppppbb,p,b,0.0,56.60377358490566,0,
424,2026-07-16 10:31:46,1,9,1,9,bpbbbpbb,p,p,1.0,50.73529411764706,0,
425,2026-07-16 10:32:45,1,9,1,9,bpppppbp,p,p,1.0,61.458333333333336,0,
426,2026-07-16 10:33:47,1,9,1,9,pbppppbp,b,p,0.0,52.17391304347826,0,
427,2026-07-16 10:43:04,1,9,1,9,bpppbppp,b,p,0.0,50.476190476190474,0,
428,2026-07-16 10:44:27,1,9,1,9,bpppppbb,p,b,0.0,56.60377358490566,0,
429,2026-07-16 10:46:39,1,9,1,9,pbbbbbbp,p,b,0.0,50.0,0,
430,2026-07-16 10:52:51,1,9,1,9,bpbpbbbp,b,p,0.0,52.21238938053098,0,
431,2026-07-16 10:56:15,1,9,1,9,pbbbbpbb,p,p,1.0,50.413223140495866,0,
432,2026-07-16 10:57:06,1,9,1,9,bpppppbb,p,p,1.0,56.60377358490566,0,
433,2026-07-16 10:58:00,1,9,1,9,bpbpppbp,b,p,0.0,50.806451612903224,0,
434,2026-07-16 11:00:05,1,9,1,9,bpbppppp,b,p,0.0,65.0,0,
435,2026-07-16 11:00:27,1,9,1,9,pbbbbbpb,b,b,1.0,50.877192982456144,0,
436,2026-07-16 11:01:25,1,9,1,9,pbpbpppb,b,p,0.0,57.758620689655174,0,
437,2026-07-16 11:03:58,1,9,1,9,pbppppbp,b,b,1.0,52.17391304347826,0,
438,2026-07-16 11:04:45,1,9,1,9,pbbbbppp,p,b,0.0,54.385964912280706,0,
439,2026-07-16 11:05:38,1,9,1,9,pbbbbpbp,b,b,1.0,52.38095238095239,0,
440,2026-07-16 11:06:25,1,9,1,9,pbpbbbbp,b,p,0.0,53.21100917431193,0,
441,2026-07-16 11:08:00,1,9,1,9,bpbbbpbp,p,p,1.0,53.06122448979592,0,
442,2026-07-17 15:57:35,1,9,1,9,bpbpppbp,b,b,1.0,50.806451612903224,0,
443,2026-07-17 15:59:00,1,9,1,9,pbbbpbbb,b,p,0.0,60.18518518518518,0,
444,2026-07-17 16:03:35,1,9,1,9,bppppppp,b,b,1.0,51.64835164835166,0,
445,2026-07-17 16:05:51,1,9,1,9,bpbpbbbp,b,b,1.0,52.21238938053098,0,
446,2026-07-17 16:06:04,1,9,1,9,pbpppbbb,p,b,0.0,51.78571428571429,0,
447,2026-07-17 16:12:56,1,9,1,9,pbpbbbpp,b,p,0.0,58.490566037735846,0,
448,2026-07-17 16:13:33,1,9,1,9,pbpppbbb,p,p,1.0,51.78571428571429,0,
449,2026-07-17 16:15:01,1,9,1,9,bpbbbbbb,b,p,0.0,51.61290322580645,0,
450,2026-07-17 16:15:44,1,9,1,9,pbpbpppp,b,b,1.0,56.14035087719298,0,
451,2026-07-17 16:16:32,1,9,1,9,bpbbbbbb,b,b,1.0,51.61290322580645,0,
452,2026-07-17 16:18:31,1,9,1,9,bpppppbp,p,b,0.0,61.458333333333336,0,
453,2026-07-17 16:18:49,1,9,1,9,pbpbbbpp,b,p,0.0,58.490566037735846,0,
454,2026-07-17 16:20:57,1,9,1,9,pbbbpbbb,b,p,0.0,60.18518518518518,0,
455,2026-07-17 16:22:20,1,9,1,9,pbbbpbbb,b,p,0.0,60.18518518518518,0,
456,2026-07-17 16:29:52,1,9,1,9,bpbbbbbp,b,b,1.0,61.261261261261254,0,
457,2026-07-17 16:30:28,1,9,1,9,bpbbbbpp,p,p,1.0,52.77777777777778,0,
458,2026-07-17 16:31:03,1,9,1,9,pbbbpbbb,b,b,1.0,60.18518518518518,0,
459,2026-07-17 16:31:20,1,9,1,9,bpbbbbpb,pass,p,,0.0,1,pass (예측값 NULL)
460,2026-07-17 16:33:35,1,9,1,9,pbbbbpbp,b,b,1.0,52.38095238095239,0,
461,2026-07-17 16:34:37,1,9,1,9,pbpppbpb,b,b,1.0,55.140186915887845,0,
462,2026-07-17 16:36:45,1,9,1,9,pbbbbppp,p,b,0.0,54.385964912280706,0,
463,2026-07-17 16:38:21,1,9,1,9,bpbpppbb,p,b,0.0,51.724137931034484,0,
464,2026-07-17 16:38:56,1,9,1,9,pbbbbbbp,p,p,1.0,50.0,0,
465,2026-07-17 16:46:52,1,9,1,9,bppppbpb,b,p,0.0,53.90625,0,
466,2026-07-17 16:49:21,1,9,1,9,pbbbpbbb,b,b,1.0,60.18518518518518,0,
467,2026-07-17 16:50:22,1,9,1,9,bpbbbbbp,b,p,0.0,61.261261261261254,0,
468,2026-07-17 16:51:40,1,9,1,9,pbppppbb,p,b,0.0,50.505050505050505,0,
469,2026-07-17 16:53:16,1,9,1,9,bpppbppp,b,b,1.0,50.476190476190474,0,
470,2026-07-17 16:55:25,1,9,1,9,pbbbbbbp,p,b,0.0,50.0,0,
471,2026-07-17 16:57:21,1,9,1,9,bpbbbbbp,b,b,1.0,61.261261261261254,0,
472,2026-07-18 08:07:53,1,9,1,9,bpbppppp,b,b,1.0,65.0,0,
473,2026-07-18 08:08:09,1,9,1,9,bpbpbbbp,b,p,0.0,52.21238938053098,0,
474,2026-07-18 08:08:34,1,9,1,9,bppppbbb,p,p,1.0,52.04081632653062,0,
475,2026-07-18 08:08:53,1,9,1,9,pbpbbbpp,b,p,0.0,58.490566037735846,0,
476,2026-07-18 08:10:27,1,9,1,9,bpbbbbbp,b,b,1.0,61.261261261261254,0,
477,2026-07-18 08:13:10,1,9,1,9,pbpbpppp,b,p,0.0,56.14035087719298,0,
478,2026-07-18 08:13:31,1,9,1,9,bpbpbbbb,pass,b,,0.0,1,pass (예측값 NULL)
479,2026-07-18 08:14:14,1,9,1,9,bpbpbbbp,b,b,1.0,52.21238938053098,0,
480,2026-07-18 08:15:11,1,9,1,9,bpbbbbbp,b,p,0.0,61.261261261261254,0,
481,2026-07-18 08:15:56,1,9,1,9,bpbpppbp,b,b,1.0,50.806451612903224,0,
482,2026-07-18 08:16:49,1,9,1,9,pbbbpbbb,b,b,1.0,60.18518518518518,0,
483,2026-07-18 08:19:36,1,9,1,9,bpbbbbpp,p,p,1.0,52.77777777777778,0,
484,2026-07-18 08:20:02,1,9,1,9,bpbppppp,b,b,1.0,65.0,0,
485,2026-07-18 15:29:38,1,9,1,9,pbbbbppp,p,p,1.0,54.385964912280706,0,
486,2026-07-18 15:30:42,1,9,1,9,pbbbpbbb,b,p,0.0,60.18518518518518,0,
487,2026-07-18 15:33:01,1,9,1,9,pbbbpbbb,b,p,0.0,60.18518518518518,0,
488,2026-07-18 15:37:37,1,9,1,9,bpbppppp,b,p,0.0,65.0,0,
489,2026-07-18 15:38:16,1,9,1,9,bpbbbpbb,p,b,0.0,50.73529411764706,0,
490,2026-07-18 15:38:43,1,9,1,9,pbppppbp,b,b,1.0,52.17391304347826,0,
491,2026-07-18 15:45:42,1,9,1,9,bpbpppbp,b,p,0.0,50.806451612903224,0,
492,2026-07-18 15:50:40,1,9,1,9,pbpppbpb,b,p,0.0,55.140186915887845,0,
493,2026-07-18 15:51:54,1,9,1,9,bpbppppp,b,p,0.0,65.0,0,
494,2026-07-18 15:53:39,1,9,1,9,bpbbbpbb,p,b,0.0,50.73529411764706,0,
495,2026-07-18 15:55:55,1,9,1,9,bpppppbb,p,p,1.0,56.60377358490566,0,
496,2026-07-18 15:58:59,1,9,1,9,bpbbbpbb,p,b,0.0,50.73529411764706,0,
497,2026-07-18 16:01:31,1,9,1,9,pbpbpppb,b,b,1.0,57.758620689655174,0,
498,2026-07-18 16:02:49,1,9,1,9,pbpbbbbp,b,b,1.0,53.21100917431193,0,
499,2026-07-18 16:03:47,1,9,1,9,pbbbbpbp,b,p,0.0,52.38095238095239,0,
500,2026-07-18 16:04:58,1,9,1,9,bpbbbbbp,b,b,1.0,61.261261261261254,0,
501,2026-07-18 16:05:18,1,9,1,9,pbpbpbpp,b,p,0.0,59.25925925925925,0,
502,2026-07-18 16:10:45,1,9,1,9,pbbbbppp,p,p,1.0,54.385964912280706,0,
503,2026-07-18 16:12:58,1,9,1,9,pbbbbpbp,b,p,0.0,52.38095238095239,0,
504,2026-07-18 16:15:50,1,9,1,9,bpbbbbbb,b,b,1.0,51.61290322580645,0,
505,2026-07-18 16:17:44,1,9,1,9,pbpbpppb,b,p,0.0,57.758620689655174,0,
506,2026-07-18 16:21:26,1,9,1,9,pbpbbbpp,b,b,1.0,58.490566037735846,0,
507,2026-07-18 17:23:38,1,9,1,9,bpppppbp,p,b,0.0,61.458333333333336,0,
508,2026-07-18 17:24:32,1,9,1,9,pbpbpppb,b,b,1.0,57.758620689655174,0,
509,2026-07-18 17:26:26,1,9,1,9,bpbpppbp,b,b,1.0,50.806451612903224,0,
510,2026-07-18 17:27:16,1,9,1,9,bpbbbpbp,p,b,0.0,53.06122448979592,0,
511,2026-07-18 17:27:51,1,9,1,9,pbppppbb,p,b,0.0,50.505050505050505,0,
512,2026-07-18 17:34:34,1,9,1,9,bpbbbbbp,b,p,0.0,61.261261261261254,0,
513,2026-07-18 17:35:37,1,9,1,9,pbpbpppp,b,p,0.0,56.14035087719298,0,
514,2026-07-18 17:37:10,1,9,1,9,bpppbppp,b,p,0.0,50.476190476190474,0,
515,2026-07-18 17:39:37,1,9,1,9,pbpppbpb,b,b,1.0,55.140186915887845,0,
516,2026-07-18 17:45:13,1,9,1,9,pbbbpbbb,b,b,1.0,60.18518518518518,0,
517,2026-07-18 17:46:30,1,9,1,9,bpbpppbb,p,p,1.0,51.724137931034484,0,
518,2026-07-18 17:47:19,1,9,1,9,bpppppbb,p,b,0.0,56.60377358490566,0,
519,2026-07-18 17:51:32,1,9,1,9,bpppbppp,b,b,1.0,50.476190476190474,0,
520,2026-07-18 17:51:44,1,9,1,9,bpbbbpbb,p,p,1.0,50.73529411764706,0,
521,2026-07-18 17:52:03,1,9,1,9,bppppppp,b,p,0.0,51.64835164835166,0,
522,2026-07-18 17:52:57,1,9,1,9,pbpbpbpp,b,b,1.0,59.25925925925925,0,
523,2026-07-18 17:56:14,1,9,1,9,bpbpppbb,p,b,0.0,51.724137931034484,0,
524,2026-07-18 18:00:42,1,9,1,9,bpbpbppp,b,b,1.0,57.6271186440678,0,
525,2026-07-18 18:01:53,1,9,1,9,pbbbpppb,p,b,0.0,54.45544554455446,0,
526,2026-07-18 18:04:14,1,9,1,9,bpppbppp,b,p,0.0,50.476190476190474,0,
527,2026-07-18 18:07:08,1,9,1,9,pbpppbbb,p,b,0.0,51.78571428571429,0,
528,2026-07-18 18:08:15,1,9,1,9,pbpppppp,b,b,1.0,52.74725274725275,0,
529,2026-07-18 18:08:42,1,9,1,9,pbpbbbpp,b,b,1.0,58.490566037735846,0,
530,2026-07-18 18:11:08,1,9,1,9,pbpbpppp,b,p,0.0,56.14035087719298,0,
531,2026-07-18 18:13:51,1,9,1,9,pbbbpppb,p,b,0.0,54.45544554455446,0,
532,2026-07-18 18:16:23,1,9,1,9,bpbppppp,b,b,1.0,65.0,0,
533,2026-07-18 18:22:51,1,9,1,9,bpbbbpbp,p,p,1.0,53.06122448979592,0,
534,2026-07-18 19:03:52,1,9,1,9,pbppppbb,p,b,0.0,50.505050505050505,0,
535,2026-07-18 19:10:36,1,9,1,9,bpppppbb,p,b,0.0,56.60377358490566,0,
536,2026-07-18 19:13:01,1,9,1,9,pbbbpbpp,b,p,0.0,50.495049504950494,0,
537,2026-07-18 19:14:31,1,9,1,9,pbbbbbpb,b,p,0.0,50.877192982456144,0,
538,2026-07-18 19:15:03,1,9,1,9,bpbppppp,b,p,0.0,65.0,0,
539,2026-07-18 19:18:32,1,9,1,9,pbpppbbb,p,b,0.0,51.78571428571429,0,
540,2026-07-18 19:19:51,1,9,1,9,bppppbbb,p,b,0.0,52.04081632653062,0,
541,2026-07-18 19:26:33,1,9,1,9,pbbbbppp,p,p,1.0,54.385964912280706,0,
542,2026-07-19 09:48:12,1,9,1,9,pbbbpbbb,b,b,1.0,60.18518518518518,0,
543,2026-07-19 09:53:23,1,9,1,9,bpbpbppp,b,p,0.0,57.6271186440678,0,
544,2026-07-19 09:55:27,1,9,1,9,pbbbbbbp,p,b,0.0,50.0,0,
545,2026-07-19 09:56:10,1,9,1,9,bpbpbbbp,b,p,0.0,52.21238938053098,0,
546,2026-07-19 09:57:40,1,9,1,9,pbpppppp,b,p,0.0,52.74725274725275,0,
547,2026-07-19 09:59:57,1,9,1,9,bpbpppbb,p,b,0.0,51.724137931034484,0,
548,2026-07-19 10:00:48,1,9,1,9,bpppppbp,p,b,0.0,61.458333333333336,0,
549,2026-07-19 10:05:39,1,9,1,9,pbbbpbpp,b,p,0.0,50.495049504950494,0,
550,2026-07-19 10:05:57,1,9,1,9,pbpbbbpb,pass,p,,0.0,1,pass (예측값 NULL)
551,2026-07-19 10:07:17,1,9,1,9,pbpppbbb,p,p,1.0,51.78571428571429,0,
552,2026-07-19 10:09:15,1,9,1,9,bppppbpb,b,b,1.0,53.90625,0,
553,2026-07-19 10:10:20,1,9,1,9,pbbbpppb,p,p,1.0,54.45544554455446,0,
554,2026-07-19 10:13:14,1,9,1,9,bpbppppp,b,b,1.0,65.0,0,
555,2026-07-19 10:16:07,1,9,1,9,pbpbpbpp,b,p,0.0,59.25925925925925,0,
556,2026-07-19 10:16:46,1,9,1,9,pbpbbbbb,pass,p,,0.0,1,pass (예측값 NULL)
557,2026-07-19 10:18:10,1,9,1,9,pbbbbpbp,b,b,1.0,52.38095238095239,0,
558,2026-07-19 10:20:14,1,9,1,9,pbbbbpbb,p,b,0.0,50.413223140495866,0,
559,2026-07-19 10:30:17,1,9,1,9,pbbbbpbp,b,b,1.0,52.38095238095239,0,
560,2026-07-19 10:30:29,1,9,1,9,pbpbbbbb,pass,b,,0.0,1,pass (예측값 NULL)
561,2026-07-19 10:41:59,1,9,1,9,pbbbbbpb,b,p,0.0,50.877192982456144,0,
562,2026-07-19 10:42:23,1,9,1,9,pbpbbbpp,b,b,1.0,58.490566037735846,0,
563,2026-07-19 10:43:14,1,9,1,9,pbbbbbbp,p,p,1.0,50.0,0,
564,2026-07-19 10:46:07,1,9,1,9,bpbpppbb,p,p,1.0,51.724137931034484,0,
565,2026-07-19 12:40:58,1,9,1,9,pbbbbbpb,b,p,0.0,50.877192982456144,0,
566,2026-07-19 12:42:06,1,9,1,9,bppppppp,b,p,0.0,51.64835164835166,0,
567,2026-07-19 12:44:05,1,9,1,9,bpbpppbp,b,p,0.0,50.806451612903224,0,
568,2026-07-19 12:44:29,1,9,1,9,pbbbbpbb,p,b,0.0,50.413223140495866,0,
569,2026-07-19 12:44:58,1,9,1,9,pbpbbbbb,pass,b,,0.0,1,pass (예측값 NULL)
570,2026-07-19 12:48:46,1,9,1,9,bpbbbbbb,b,b,1.0,51.61290322580645,0,
571,2026-07-19 12:49:08,1,9,1,9,bpbpppbp,b,p,0.0,50.806451612903224,0,
572,2026-07-19 12:49:54,1,9,1,9,bpbbbpbp,p,b,0.0,53.06122448979592,0,
573,2026-07-19 12:51:10,1,9,1,9,pbbbbpbp,b,p,0.0,52.38095238095239,0,
574,2026-07-19 12:53:11,1,9,1,9,pbbbpbpp,b,p,0.0,50.495049504950494,0,
575,2026-07-19 12:57:03,1,9,1,9,bpbbbbpp,p,p,1.0,52.77777777777778,0,
576,2026-07-19 13:34:29,1,9,1,9,pbpbbbpb,b,p,0.0,50.86206896551724,0,
577,2026-07-19 13:39:20,1,9,1,9,pbbbbbbp,p,b,0.0,50.26014568158168,0,
578,2026-07-19 13:41:35,1,9,1,9,bpppbpbp,b,b,1.0,57.02479338842975,0,
579,2026-07-19 13:43:10,1,9,1,9,pbbbpbpb,p,b,0.0,59.29203539823009,0,
580,2026-07-19 13:44:27,1,9,1,9,pbpbpbpb,b,b,1.0,50.48543689320388,0,
581,2026-07-19 13:46:22,1,9,1,9,bpbpbbbb,b,b,1.0,50.0,0,
582,2026-07-19 13:48:03,1,9,1,9,pbpbpbpp,b,p,0.0,58.55855855855856,0,
583,2026-07-19 13:48:55,1,9,1,9,bpppbpbb,p,p,1.0,59.68992248062015,0,
584,2026-07-19 19:55:58,1,9,1,9,pbpppbbb,p,p,1.0,51.78571428571429,0,
585,2026-07-19 19:58:41,1,9,1,9,bpppbpbb,p,p,1.0,59.68992248062015,0,
586,2026-07-19 19:59:14,1,9,1,9,pbpbbbpp,b,p,0.0,57.65765765765766,0,
587,2026-07-19 20:01:11,1,9,1,9,pbbbbbpb,b,p,0.0,51.28205128205128,0,
588,2026-07-19 20:01:41,1,9,1,9,pbpbpppp,b,p,0.0,55.65217391304348,0,
589,2026-07-19 20:02:39,1,9,1,9,bpppbpbb,p,b,0.0,59.68992248062015,0,
590,2026-07-19 20:03:34,1,9,1,9,pbpbpppb,b,p,0.0,57.758620689655174,0,
591,2026-07-19 20:05:50,1,9,1,9,pbpbbbpp,b,b,1.0,57.65765765765766,0,
592,2026-07-19 20:06:02,1,9,1,9,bpppppbb,p,p,1.0,57.009345794392516,0,
593,2026-07-19 20:06:19,1,9,1,9,pbbbbbbp,p,b,0.0,50.26014568158168,0,
594,2026-07-19 20:10:52,1,9,1,9,pbppppbp,b,p,0.0,53.04054054054054,0,
595,2026-07-19 20:12:18,1,9,1,9,pbbbpbpb,p,p,1.0,59.29203539823009,0,
596,2026-07-20 11:43:01,1,9,1,9,pbpbbbbp,b,p,0.0,52.72727272727272,0,
597,2026-07-20 11:44:52,1,9,1,9,pbbbpbbb,b,p,0.0,61.261261261261254,0,
598,2026-07-20 11:47:35,1,9,1,9,pbpbbbbp,b,p,0.0,52.72727272727272,0,
599,2026-07-20 11:48:28,1,9,1,9,pbpbpbbb,p,b,0.0,52.800000000000004,0,
600,2026-07-20 11:48:46,1,9,1,9,pbpbbbpb,b,p,0.0,50.86206896551724,0,
601,2026-07-20 11:49:39,1,9,1,9,pbbbpppb,p,p,1.0,55.33980582524271,0,
602,2026-07-20 11:51:20,1,9,1,9,bpbpbbbb,b,b,1.0,50.0,0,
603,2026-07-20 11:51:45,1,9,1,9,bpbbbpbb,p,b,0.0,51.07913669064749,0,
604,2026-07-20 11:52:06,1,9,1,9,bpbpppbp,b,b,1.0,52.87107258938245,0,
605,2026-07-20 11:54:13,1,9,1,9,pbpppppb,b,b,1.0,52.57731958762887,0,
606,2026-07-20 11:55:52,1,9,1,9,bpbppppp,b,b,1.0,64.42307692307693,0,
607,2026-07-20 11:58:17,1,9,1,9,pbppppbb,p,b,0.0,50.495049504950494,0,
608,2026-07-20 12:00:28,1,9,1,9,bpbbbbbp,b,p,0.0,61.06194690265486,0,
609,2026-07-20 12:02:45,1,9,1,9,pbpppbpb,b,p,0.0,50.269106566200215,0,
610,2026-07-20 16:09:36,1,9,1,9,pbbbpbpb,p,b,0.0,59.29203539823009,0,
611,2026-07-20 16:10:59,1,9,1,9,bpbppppb,b,p,0.0,54.47761194029851,0,
612,2026-07-20 16:12:13,1,9,1,9,bpbpbbbp,b,p,0.0,52.14424951267057,0,
613,2026-07-20 16:15:02,1,9,1,9,bppppbbb,p,b,0.0,50.98039215686274,0,
614,2026-07-20 16:18:35,1,9,1,9,pbpppppb,b,b,1.0,52.57731958762887,0,
615,2026-07-20 16:19:02,1,9,1,9,pbpbpbpb,b,b,1.0,50.48543689320388,0,
616,2026-07-20 16:20:41,1,9,1,9,pbbbpbpb,p,b,0.0,59.29203539823009,0,
617,2026-07-20 16:22:47,1,9,1,9,pbbbbpbp,b,p,0.0,50.89463220675944,0,
618,2026-07-20 16:24:09,1,9,1,9,bpppbbbp,p,b,0.0,56.00000000000001,0,
619,2026-07-20 16:25:33,1,9,1,9,bpbppppp,b,b,1.0,64.42307692307693,0,
620,2026-07-20 16:25:49,1,9,1,9,bpbbbbbb,b,b,1.0,51.78217821782178,0,
621,2026-07-20 16:26:05,1,9,1,9,pbpbbbpb,b,b,1.0,50.86206896551724,0,
622,2026-07-20 16:26:27,1,9,1,9,pbpbbbpb,b,b,1.0,50.86206896551724,0,
623,2026-07-20 16:31:31,1,9,1,9,bpbbbbpp,p,b,0.0,50.101626016260155,0,
624,2026-07-20 16:32:09,1,9,1,9,bpbppppb,b,b,1.0,54.47761194029851,0,
625,2026-07-20 16:33:24,1,9,1,9,bpppbbbb,b,b,1.0,54.95495495495496,0,
626,2026-07-20 16:33:42,1,9,1,9,bpbbbbpp,p,p,1.0,50.101626016260155,0,
627,2026-07-20 16:51:32,1,9,1,9,bppppbpp,b,b,1.0,52.336448598130836,0,
628,2026-07-20 16:51:47,1,9,1,9,bpbppppp,b,b,1.0,64.42307692307693,0,
629,2026-07-20 16:52:04,1,9,1,9,bpppbppp,b,p,0.0,50.467289719626166,0,
630,2026-07-20 16:52:22,1,9,1,9,bpbbbbbp,b,b,1.0,61.06194690265486,0,
631,2026-07-20 16:53:22,1,9,1,9,bppppppp,b,b,1.0,51.59386068476978,0,
632,2026-07-20 16:55:05,1,9,1,9,bpbpbppp,b,p,0.0,50.360453141091654,0,
633,2026-07-20 16:55:17,1,9,1,9,pbpbbbbb,p,b,0.0,51.21951219512195,0,
634,2026-07-20 16:57:22,1,9,1,9,pbpbpppb,b,b,1.0,57.758620689655174,0,
635,2026-07-20 17:00:20,1,9,1,9,bpbbbbpb,b,p,0.0,51.49253731343284,0,
636,2026-07-20 17:02:21,1,9,1,9,pbpbbbbp,b,p,0.0,52.72727272727272,0,
637,2026-07-20 17:03:57,1,9,1,9,bpbbbpbb,p,p,1.0,51.07913669064749,0,
638,2026-07-20 17:04:09,1,9,1,9,bpbbbpbb,p,b,0.0,51.07913669064749,0,
639,2026-07-20 17:05:34,1,9,1,9,bpbbbppp,b,b,1.0,52.83018867924528,0,
640,2026-07-20 17:07:58,1,9,1,9,bppppbpb,b,p,0.0,53.43511450381679,0,
641,2026-07-20 17:08:50,1,9,1,9,bpppppbp,p,b,0.0,60.60606060606061,0,
642,2026-07-20 17:09:21,1,9,1,9,bpbbbpbp,p,p,1.0,51.9607843137255,0,
643,2026-07-20 17:12:49,1,9,1,9,bpbbbbpb,b,b,1.0,51.49253731343284,0,
644,2026-07-20 17:13:08,1,9,1,9,bpbbbbpb,b,p,0.0,51.49253731343284,0,
645,2026-07-20 17:13:33,1,9,1,9,pbbbpbpb,p,p,1.0,59.29203539823009,0,
646,2026-07-20 17:14:19,1,9,1,9,pbbbbpbb,p,p,1.0,51.171875,0,
647,2026-07-20 17:18:23,1,9,1,9,pbbbbbbb,b,p,0.0,50.40650406504065,0,
648,2026-07-20 17:18:36,1,9,1,9,pbbbbpbb,p,b,0.0,51.171875,0,
649,2026-07-20 17:19:18,1,9,1,9,bpbbbbbp,b,p,0.0,61.06194690265486,0,
650,2026-07-20 17:22:53,1,9,1,9,bpbbbpbp,p,p,1.0,51.9607843137255,0,
651,2026-07-20 17:23:46,1,9,1,9,pbppppbb,p,b,0.0,50.495049504950494,0,
652,2026-07-20 18:05:55,1,9,1,9,pbbbbpbb,p,p,1.0,51.171875,0,
653,2026-07-20 18:08:08,1,9,1,9,pbpbbbbp,b,b,1.0,52.72727272727272,0,
654,2026-07-20 18:08:51,1,9,1,9,bppppppp,b,p,0.0,51.59386068476978,0,
655,2026-07-20 18:10:29,1,9,1,9,bppppbpp,b,b,1.0,52.336448598130836,0,
656,2026-07-20 18:10:45,1,9,1,9,bppppbpp,b,b,1.0,52.336448598130836,0,
657,2026-07-20 18:11:15,1,9,1,9,pbbbbpbb,p,b,0.0,51.171875,0,
658,2026-07-20 18:12:47,1,9,1,9,pbbbpbpp,p,p,1.0,50.476190476190474,0,
659,2026-07-20 18:13:06,1,9,1,9,pbpbpbbb,p,p,1.0,52.800000000000004,0,
660,2026-07-20 18:13:53,1,9,1,9,pbpbbbpp,b,p,0.0,57.65765765765766,0,
661,2026-07-20 18:18:28,1,9,1,9,bpbbbbpp,p,p,1.0,50.101626016260155,0,
662,2026-07-20 18:19:11,1,9,1,9,pbpbbbbp,b,b,1.0,52.72727272727272,0,
663,2026-07-20 18:19:25,1,9,1,9,pbpppbpp,p,b,0.0,52.94117647058824,0,
664,2026-07-20 18:19:45,1,9,1,9,bpbppppb,b,b,1.0,54.47761194029851,0,
665,2026-07-21 10:30:25,1,9,1,9,pbpbbbpb,b,b,1.0,50.86206896551724,0,
666,2026-07-21 10:30:47,1,9,1,9,bpbpbbbb,b,b,1.0,50.0,0,
667,2026-07-21 10:32:20,1,9,1,9,pbbbbpbb,p,p,1.0,51.171875,0,
668,2026-07-21 10:32:35,1,9,1,9,pbpbpppp,b,b,1.0,55.65217391304348,0,
669,2026-07-21 10:39:04,1,9,1,9,pbpbbbpp,b,b,1.0,57.65765765765766,0,
670,2026-07-21 10:39:24,1,9,1,9,pbbbbppp,p,b,0.0,54.23728813559322,0,
671,2026-07-21 10:39:49,1,9,1,9,pbbbbbbb,b,b,1.0,50.40650406504065,0,
672,2026-07-21 10:42:32,1,9,1,9,pbpbbbpp,b,p,0.0,57.65765765765766,0,
673,2026-07-21 10:43:47,1,9,1,9,pbbbbpbb,p,b,0.0,51.171875,0,
674,2026-07-21 10:45:59,1,9,1,9,bpbbbbbp,b,b,1.0,61.06194690265486,0,
675,2026-07-21 10:46:49,1,9,1,9,pbpbpbpb,b,p,0.0,50.48543689320388,0,
676,2026-07-21 10:47:16,1,9,1,9,bpbpbppp,b,p,0.0,50.360453141091654,0,
677,2026-07-21 10:48:29,1,9,1,9,bpbpbppp,b,b,1.0,50.360453141091654,0,
678,2026-07-21 10:48:53,1,9,1,9,bpbpbbbb,b,b,1.0,50.0,0,
679,2026-07-21 10:53:06,1,9,1,9,bppppppp,b,b,1.0,51.59386068476978,0,
680,2026-07-21 10:53:24,1,9,1,9,pbbbbpbb,p,b,0.0,51.171875,0,
681,2026-07-21 10:53:50,1,9,1,9,bpbpbpbp,p,p,1.0,58.06451612903226,0,
682,2026-07-21 10:54:49,1,9,1,9,pbbbpppb,p,p,1.0,55.33980582524271,0,
683,2026-07-21 10:55:02,1,9,1,9,bppppbpp,b,p,0.0,52.336448598130836,0,
684,2026-07-21 10:56:35,1,9,1,9,pbbbbbpp,b,p,0.0,50.0542888165038,0,
685,2026-07-21 10:57:18,1,9,1,9,pbbbpbpb,p,p,1.0,59.29203539823009,0,
686,2026-07-21 11:00:55,1,9,1,9,pbpppbpb,b,p,0.0,50.269106566200215,0,
687,2026-07-21 11:03:12,1,9,1,9,bpbbbpbp,p,b,0.0,51.9607843137255,0,
688,2026-07-21 11:03:29,1,9,1,9,pbppppbb,p,p,1.0,50.495049504950494,0,
689,2026-07-21 11:05:44,1,9,1,9,pbbbbbbb,b,p,0.0,50.40650406504065,0,
690,2026-07-21 11:47:48,1,9,1,9,bpbbbppp,b,p,0.0,52.83018867924528,0,
691,2026-07-21 11:50:59,1,9,1,9,pbpppppb,b,p,0.0,52.57731958762887,0,
692,2026-07-21 11:51:40,1,9,1,9,pbpppbpb,b,p,0.0,50.269106566200215,0,
693,2026-07-21 11:53:12,1,9,1,9,pbbbbppp,p,p,1.0,54.23728813559322,0,
694,2026-07-21 11:54:11,1,9,1,9,pbpbbbbb,p,p,1.0,51.21951219512195,0,
695,2026-07-21 11:56:50,1,9,1,9,bpppbbbb,b,p,0.0,54.95495495495496,0,
696,2026-07-21 11:58:45,1,9,1,9,bpppbbbb,b,b,1.0,54.95495495495496,0,
697,2026-07-21 11:59:04,1,9,1,9,pbppppbb,p,b,0.0,50.495049504950494,0,
698,2026-07-21 12:00:00,1,9,1,9,pbpbbbbp,b,b,1.0,52.72727272727272,0,
699,2026-07-21 12:02:35,1,9,1,9,bpppbbbb,b,p,0.0,54.95495495495496,0,
700,2026-07-21 12:06:16,1,9,1,9,pbpbpppp,b,p,0.0,55.65217391304348,0,
701,2026-07-21 12:06:37,1,9,1,9,bpbbbbbp,b,p,0.0,61.06194690265486,0,
702,2026-07-21 12:07:07,1,9,1,9,bpbpppbb,p,b,0.0,51.66666666666667,0,
703,2026-07-21 12:12:37,1,9,1,9,pbbbpbbb,b,p,0.0,61.261261261261254,0,
704,2026-07-21 12:16:13,1,9,1,9,pbbbbbbb,b,p,0.0,50.40650406504065,0,
705,2026-07-21 12:19:07,1,9,1,9,pbppppbb,p,b,0.0,50.495049504950494,0,
706,2026-07-21 12:19:46,1,9,1,9,bpbpbpbp,p,p,1.0,58.06451612903226,0,
707,2026-07-21 12:23:23,1,9,1,9,pbbbbpbp,b,p,0.0,50.89463220675944,0,
708,2026-07-21 12:25:11,1,9,1,9,pbpppbpb,b,b,1.0,50.269106566200215,0,
709,2026-07-21 12:28:24,1,9,1,9,pbbbpppp,b,p,0.0,61.40350877192983,0,
710,2026-07-21 12:28:39,1,9,1,9,bppppppb,p,b,0.0,51.37614678899083,0,
711,2026-07-21 12:28:56,1,9,1,9,bppppbpb,b,b,1.0,53.43511450381679,0,
712,2026-07-21 12:32:06,1,9,1,9,bpbbbbpp,p,p,1.0,50.101626016260155,0,
713,2026-07-22 14:29:27,1,9,1,9,bpbpbpbp,p,p,1.0,58.06451612903226,0,
714,2026-07-22 14:30:21,1,9,1,9,bpbbbpbp,p,b,0.0,51.9607843137255,0,
715,2026-07-22 14:31:59,1,9,1,9,pbpbpbpb,b,p,0.0,50.48543689320388,0,
716,2026-07-22 14:34:03,1,9,1,9,pbbbbppp,p,p,1.0,54.23728813559322,0,
717,2026-07-22 14:36:01,1,9,1,9,pbbbpppp,b,p,0.0,61.40350877192983,0,
718,2026-07-22 14:38:26,1,9,1,9,pbpbbbbp,b,b,1.0,52.72727272727272,0,
719,2026-07-22 14:38:59,1,9,1,9,bpppbpbp,b,p,0.0,57.02479338842975,0,
720,2026-07-22 14:41:16,1,9,1,9,bpbpbpbb,b,p,0.0,55.26315789473685,0,
721,2026-07-22 14:41:39,1,9,1,9,pbpppppp,b,p,0.0,52.12765957446809,0,
722,2026-07-22 14:42:56,1,9,1,9,bppppbbb,p,b,0.0,50.98039215686274,0,
723,2026-07-22 14:45:27,1,9,1,9,pbpppbpp,p,b,0.0,52.94117647058824,0,
724,2026-07-22 14:45:46,1,9,1,9,bpppbpbp,b,b,1.0,57.02479338842975,0,
725,2026-07-22 14:47:40,1,9,1,9,pbpbbbbb,p,b,0.0,51.21951219512195,0,
726,2026-07-22 14:48:13,1,9,1,9,bpppppbp,p,b,0.0,60.60606060606061,0,
727,2026-07-22 14:49:52,1,9,1,9,pbpbbbpp,b,b,1.0,57.65765765765766,0,
728,2026-07-22 14:52:25,1,9,1,9,bpppbppp,b,b,1.0,50.467289719626166,0,
729,2026-07-22 14:54:46,1,9,1,9,pbpppbbb,p,b,0.0,51.78571428571429,0,
730,2026-07-22 14:55:27,1,9,1,9,pbbbpppb,p,b,0.0,55.33980582524271,0,
731,2026-07-22 14:57:42,1,9,1,9,pbpbpppp,b,p,0.0,55.65217391304348,0,
732,2026-07-22 14:58:01,1,9,1,9,bpbbbbpb,b,b,1.0,51.49253731343284,0,
733,2026-07-22 14:59:46,1,9,1,9,pbpppbbb,p,b,0.0,51.78571428571429,0,
734,2026-07-22 15:05:25,1,9,1,9,pbpbbbpp,b,b,1.0,57.65765765765766,0,
735,2026-07-22 15:06:31,1,9,1,9,pbpbbbbb,p,b,0.0,51.21951219512195,0,
736,2026-07-22 15:07:10,1,9,1,9,bpbpppbp,b,b,1.0,52.87107258938245,0,
737,2026-07-22 15:08:11,1,9,1,9,pbppppbp,b,b,1.0,53.04054054054054,0,
738,2026-07-22 15:46:27,1,9,1,9,pbbbbpbb,p,p,1.0,51.171875,0,
739,2026-07-22 15:46:46,1,9,1,9,bpbpppbp,b,b,1.0,52.87107258938245,0,
740,2026-07-22 15:48:28,1,9,1,9,bpbpbpbb,b,p,0.0,55.26315789473685,0,
741,2026-07-22 15:51:03,1,9,1,9,pbpbbbbb,p,p,1.0,51.21951219512195,0,
742,2026-07-22 15:51:40,1,9,1,9,pbpbbbbp,b,b,1.0,52.72727272727272,0,
743,2026-07-22 15:52:00,1,9,1,9,bppppbpp,b,p,0.0,52.336448598130836,0,
744,2026-07-22 15:52:22,1,9,1,9,bpbbbbbb,b,b,1.0,51.78217821782178,0,
745,2026-07-22 15:55:31,1,9,1,9,pbbbbbbp,p,p,1.0,50.26014568158168,0,
746,2026-07-22 15:58:03,1,9,1,9,pbbbbbbp,p,b,0.0,50.26014568158168,0,
747,2026-07-22 16:01:03,1,9,1,9,bpbpppbp,b,p,0.0,52.87107258938245,0,
748,2026-07-22 16:02:17,1,9,1,9,pbbbbpbp,b,p,0.0,50.89463220675944,0,
749,2026-07-22 16:05:33,1,9,1,9,pbpbpppp,b,p,0.0,55.65217391304348,0,
750,2026-07-22 16:05:52,1,9,1,9,pbbbpppb,p,p,1.0,55.33980582524271,0,
751,2026-07-22 16:06:36,1,9,1,9,pbbbpbpp,p,p,1.0,50.476190476190474,0,
752,2026-07-22 16:08:37,1,9,1,9,pbbbpbpb,p,b,0.0,59.29203539823009,0,
753,2026-07-22 16:09:08,1,9,1,9,pbpbpbpb,b,b,1.0,50.48543689320388,0,
754,2026-07-22 16:10:17,1,9,1,9,bpbbbpbp,p,p,1.0,51.9607843137255,0,
755,2026-07-23 08:24:14,1,9,1,9,bpbbbppp,b,b,1.0,52.83018867924528,0,
756,2026-07-23 08:25:01,1,9,1,9,bpppbbbb,b,b,1.0,54.95495495495496,0,
757,2026-07-23 08:26:16,1,9,1,9,pbppppbb,p,p,1.0,50.495049504950494,0,
758,2026-07-23 08:27:46,1,9,1,9,pbpppppb,b,b,1.0,52.57731958762887,0,
759,2026-07-23 08:29:38,1,9,1,9,bpppppbp,p,p,1.0,60.60606060606061,0,
760,2026-07-23 08:30:07,1,9,1,9,pbbbbbpb,b,b,1.0,51.28205128205128,0,
761,2026-07-23 08:30:54,1,9,1,9,pbpbbbbp,b,b,1.0,52.72727272727272,0,
762,2026-07-23 08:31:26,1,9,1,9,pbpbpppp,b,b,1.0,55.65217391304348,0,
763,2026-07-23 08:36:33,1,9,1,9,pbbbpbbb,b,b,1.0,61.261261261261254,0,
764,2026-07-23 08:37:10,1,9,1,9,bpppbppp,b,p,0.0,50.467289719626166,0,
765,2026-07-23 08:38:47,1,9,1,9,pbpppppb,b,b,1.0,52.57731958762887,0,
766,2026-07-23 08:39:34,1,9,1,9,bppppbpp,b,b,1.0,52.336448598130836,0,
767,2026-07-23 08:40:22,1,9,1,9,pbpbbbpb,b,p,0.0,50.86206896551724,0,
768,2026-07-23 08:42:24,1,9,1,9,pbpbbbbb,p,p,1.0,51.21951219512195,0,
769,2026-07-23 08:43:37,1,9,1,9,pbbbbppp,p,b,0.0,54.23728813559322,0,
770,2026-07-23 08:44:19,1,9,1,9,pbbbpbbb,b,b,1.0,61.261261261261254,0,
771,2026-07-23 09:02:10,1,9,1,9,pbpbpbpp,b,p,0.0,58.55855855855856,0,
772,2026-07-23 09:03:28,1,9,1,9,bpbbbppp,b,b,1.0,52.83018867924528,0,
773,2026-07-23 09:04:15,1,9,1,9,pbppppbp,b,p,0.0,53.04054054054054,0,
774,2026-07-23 09:04:30,1,9,1,9,bpbbbbpb,b,p,0.0,51.49253731343284,0,
775,2026-07-23 09:05:17,1,9,1,9,pbbbbbbb,b,b,1.0,50.40650406504065,0,
776,2026-07-23 09:05:56,1,9,1,9,pbpbbbbb,p,b,0.0,51.21951219512195,0,
777,2026-07-23 09:07:02,1,9,1,9,bpbbbpbb,p,b,0.0,51.07913669064749,0,
778,2026-07-23 09:07:28,1,9,1,9,bpbbbpbp,p,b,0.0,51.9607843137255,0,
779,2026-07-23 09:09:32,1,9,1,9,pbbbpbpp,p,b,0.0,50.476190476190474,0,
780,2026-07-23 09:10:18,1,9,1,9,bpppbbbp,p,p,1.0,56.00000000000001,0,
781,2026-07-23 09:10:50,1,9,1,9,pbpppppb,b,b,1.0,52.57731958762887,0,
782,2026-07-23 09:11:33,1,9,1,9,pbbbbbbp,p,b,0.0,50.26014568158168,0,
783,2026-07-23 09:12:54,1,9,1,9,pbbbbppp,p,p,1.0,54.23728813559322,0,
784,2026-07-23 09:13:08,1,9,1,9,pbpppbpp,p,b,0.0,52.94117647058824,0,
785,2026-07-23 09:14:41,1,9,1,9,bpbpbppp,b,p,0.0,50.360453141091654,0,
786,2026-07-23 09:29:34,1,9,1,9,pbpbbbbb,p,p,1.0,51.21951219512195,0,
787,2026-07-23 09:29:54,1,9,1,9,bpppppbb,p,b,0.0,57.009345794392516,0,
788,2026-07-23 09:30:19,1,9,1,9,bpbbbpbp,p,b,0.0,51.9607843137255,0,
789,2026-07-23 09:31:59,1,9,1,9,bpbpbppp,b,b,1.0,50.360453141091654,0,
790,2026-07-23 09:33:03,1,9,1,9,bpbbbbpp,p,p,1.0,50.101626016260155,0,
791,2026-07-23 09:33:21,1,9,1,9,pbppppbp,b,b,1.0,53.04054054054054,0,
792,2026-07-23 09:33:54,1,9,1,9,bpbpbbbb,b,b,1.0,50.0,0,
793,2026-07-23 09:34:56,1,9,1,9,pbppppbb,p,b,0.0,50.495049504950494,0,
794,2026-07-23 09:35:19,1,9,1,9,pbpppppp,b,p,0.0,52.12765957446809,0,
795,2026-07-23 09:36:37,1,9,1,9,pbbbbbbb,b,p,0.0,50.40650406504065,0,
796,2026-07-23 09:39:46,1,9,1,9,bpbpppbb,p,p,1.0,51.66666666666667,0,
797,2026-07-23 09:42:20,1,9,1,9,bpbppppp,b,p,0.0,64.42307692307693,0,
798,2026-07-23 09:43:20,1,9,1,9,pbpbpppp,b,b,1.0,55.65217391304348,0,
799,2026-07-23 09:44:17,1,9,1,9,pbbbbppp,p,p,1.0,54.23728813559322,0,
800,2026-07-23 09:44:47,1,9,1,9,pbpbpbpp,b,p,0.0,58.55855855855856,0,
801,2026-07-23 09:46:18,1,9,1,9,bppppbpb,b,b,1.0,53.43511450381679,0,
802,2026-07-23 09:47:09,1,9,1,9,bpbbbppp,b,b,1.0,52.83018867924528,0,
803,2026-07-23 15:12:02,1,9,1,9,bpppbbbb,b,p,0.0,54.95495495495496,0,
804,2026-07-23 15:14:02,1,9,1,9,pbbbpbbb,b,b,1.0,61.261261261261254,0,
805,2026-07-23 15:14:42,1,9,1,9,bpppbppp,b,p,0.0,50.467289719626166,0,
806,2026-07-23 15:16:25,1,9,1,9,bpbpbppp,b,p,0.0,50.360453141091654,0,
807,2026-07-23 15:19:08,1,9,1,9,bpbpppbb,p,p,1.0,51.66666666666667,0,
808,2026-07-23 15:19:42,1,9,1,9,bpbpbpbp,p,p,1.0,58.06451612903226,0,
809,2026-07-23 15:20:45,1,9,1,9,bpppbpbp,b,p,0.0,57.02479338842975,0,
810,2026-07-23 15:22:12,1,9,1,9,pbpbpbpb,b,p,0.0,50.48543689320388,0,
811,2026-07-23 15:23:54,1,9,1,9,pbbbbpbp,b,p,0.0,50.89463220675944,0,
812,2026-07-23 15:25:37,1,9,1,9,pbpppbpp,p,p,1.0,52.94117647058824,0,
813,2026-07-23 15:28:47,1,9,1,9,bpbbbpbb,p,p,1.0,51.07913669064749,0,
814,2026-07-23 15:29:03,1,9,1,9,pbpppbbb,p,b,0.0,51.78571428571429,0,
815,2026-07-23 15:29:17,1,9,1,9,pbbbpbpb,p,p,1.0,59.29203539823009,0,
816,2026-07-23 15:30:34,1,9,1,9,pbbbbbpp,b,p,0.0,50.0542888165038,0,
817,2026-07-23 15:33:16,1,9,1,9,pbbbpbbb,b,p,0.0,61.261261261261254,0,
818,2026-07-23 15:34:13,1,9,1,9,bpbppppb,b,p,0.0,54.47761194029851,0,
819,2026-07-23 15:42:32,1,9,1,9,pbpppppb,b,b,1.0,52.57731958762887,0,
820,2026-07-23 15:43:48,1,9,1,9,pbbbbpbb,p,b,0.0,51.171875,0,
821,2026-07-23 15:47:14,1,9,1,9,pbpbpppp,b,p,0.0,55.65217391304348,0,
822,2026-07-23 15:47:48,1,9,1,9,bpbbbbpb,b,b,1.0,51.49253731343284,0,
823,2026-07-23 15:49:22,1,9,1,9,pbbbpppb,p,b,0.0,55.33980582524271,0,
824,2026-07-23 15:51:53,1,9,1,9,bpbpppbp,b,b,1.0,52.87107258938245,0,
825,2026-07-23 15:55:16,1,9,1,9,bpbppppp,b,p,0.0,64.42307692307693,0,
826,2026-07-23 15:59:00,1,9,1,9,bpbpppbb,p,p,1.0,51.66666666666667,0,
827,2026-07-23 15:59:48,1,9,1,9,pbpbpppp,b,p,0.0,55.65217391304348,0,
828,2026-07-23 16:00:22,1,9,1,9,bpbbbbbp,b,p,0.0,61.06194690265486,0,
829,2026-07-23 16:01:01,1,9,1,9,bpppbpbp,b,b,1.0,57.02479338842975,0,
830,2026-07-23 16:01:22,1,9,1,9,bpbbbbpp,p,p,1.0,50.101626016260155,0,
831,2026-07-24 10:25:00,1,9,1,9,pbppppbp,b,p,0.0,53.04054054054054,0,
832,2026-07-24 10:29:31,1,9,1,9,pbpbpbpp,b,p,0.0,58.55855855855856,0,
833,2026-07-24 10:33:16,1,9,1,9,bpbpbpbp,p,p,1.0,58.06451612903226,0,
834,2026-07-24 10:34:56,1,9,1,9,bpbbbbbb,b,p,0.0,51.78217821782178,0,
835,2026-07-24 10:35:28,1,9,1,9,pbpbbbpp,b,p,0.0,57.65765765765766,0,
836,2026-07-24 10:36:33,1,9,1,9,pbpppppp,b,p,0.0,52.12765957446809,0,
837,2026-07-24 10:36:58,1,9,1,9,pbpbbbpp,b,p,0.0,57.65765765765766,0,
838,2026-07-24 10:37:40,1,9,1,9,pbpbbbbb,p,p,1.0,51.21951219512195,0,
839,2026-07-24 10:39:33,1,9,1,9,pbbbbppp,p,b,0.0,54.23728813559322,0,
840,2026-07-24 10:47:43,1,9,1,9,pbbbbppp,p,b,0.0,54.23728813559322,0,
841,2026-07-24 10:51:39,1,9,1,9,bppppppp,b,b,1.0,51.59386068476978,0,
842,2026-07-24 10:52:25,1,9,1,9,pbpppppp,b,b,1.0,52.12765957446809,0,
843,2026-07-24 10:54:18,1,9,1,9,bpppppbb,p,b,0.0,57.009345794392516,0,
1,2026-07-25 12:09:40,1,10,2,9,bpbbbbbb,b,b,1.0,51.42857142857142,0,
844,2026-07-25 12:09:40,1,10,2,9,bpbbbbbb,b,b,1.0,51.42857142857142,0,
2,2026-07-25 12:10:48,1,9,1,9,bpbbbbbb,b,p,0.0,51.42857142857142,0,
845,2026-07-25 12:10:48,1,9,1,9,bpbbbbbb,b,p,0.0,51.42857142857142,0,
3,2026-07-25 12:11:54,1,9,1,9,pbpppppp,p,b,0.0,55.55555555555556,0,
846,2026-07-25 12:11:54,1,9,1,9,pbpppppp,b,b,1.0,51.87287173666289,0,
4,2026-07-25 12:12:59,1,9,1,9,bpbppppp,b,b,1.0,53.276955602537,0,
847,2026-07-25 12:12:59,1,9,1,9,bpbppppp,b,b,1.0,64.42307692307693,0,
5,2026-07-25 12:15:35,1,10,2,9,bppbbbbp,b,b,1.0,50.60120240480962,0,
848,2026-07-25 12:15:35,1,10,2,9,bppbbbbp,,b,,0.0,1,예측 없음
6,2026-07-25 12:15:48,1,9,1,9,pbbbbbpp,p,b,0.0,50.360453141091654,0,
849,2026-07-25 12:15:48,1,9,1,9,pbbbbbpp,p,b,0.0,50.360453141091654,0,
7,2026-07-25 12:18:00,1,10,2,9,pbbbbbpb,b,b,1.0,50.24679170779862,0,
850,2026-07-25 12:18:00,1,10,2,9,pbbbbbpb,b,b,1.0,51.28205128205128,0,
8,2026-07-25 12:18:16,1,9,1,9,bpbpbpbp,p,p,1.0,50.04985044865404,0,
851,2026-07-25 12:18:16,1,9,1,9,bpbpbpbp,p,p,1.0,50.04985044865404,0,
9,2026-07-25 12:19:21,1,9,1,9,bpbbbpbb,,p,,0.0,1,예측 없음
852,2026-07-25 12:19:21,1,9,1,9,bpbbbpbb,p,p,1.0,50.0,0,
10,2026-07-25 12:20:19,1,9,1,9,pbpbpppb,,p,,0.0,1,예측 없음
853,2026-07-25 12:20:19,1,9,1,9,pbpbpppb,b,p,0.0,53.71312309257375,0,
11,2026-07-25 12:21:18,1,10,2,9,pbbbbbpb,b,b,1.0,50.24679170779862,0,
854,2026-07-25 12:21:18,1,10,2,9,pbbbbbpb,b,b,1.0,51.28205128205128,0,
12,2026-07-25 12:24:33,1,10,2,9,bpppppbp,b,p,0.0,50.38845726970034,0,
855,2026-07-25 12:24:33,1,10,2,9,bpppppbp,p,p,1.0,54.54545454545454,0,
856,2026-07-25 12:24:43,1,10,2,9,pbbpbpbb,,b,,0.0,1,예측 테이블에 값 없음
13,2026-07-25 12:24:43,1,10,2,9,pbbpbpbb,p,b,0.0,50.701590271281574,0,
857,2026-07-25 12:26:42,1,10,2,9,pbpbbbbb,b,b,1.0,50.0,0,
14,2026-07-25 12:26:42,1,10,2,9,pbpbbbbb,b,b,1.0,50.0,0,
15,2026-07-25 12:27:35,1,9,1,9,pbpppbpb,,b,,0.0,1,예측 없음
858,2026-07-25 12:27:35,1,9,1,9,pbpppbpb,b,b,1.0,50.10373443983403,0,
16,2026-07-25 15:20:05,1,10,2,9,bppbpbbp,b,p,0.0,54.403669724770644,0,
859,2026-07-25 15:20:05,1,10,2,9,bppbpbbp,,p,,0.0,1,예측 없음
17,2026-07-25 15:22:17,1,10,2,9,pbpbpbpp,b,p,0.0,50.0,0,
860,2026-07-25 15:22:17,1,10,2,9,pbpbpbpp,b,p,0.0,50.0,0,
18,2026-07-25 15:23:10,1,9,1,9,pbbbbppp,,p,,0.0,1,예측 없음
19,2026-07-25 15:24:04,1,10,2,9,pbbbbbbb,b,b,1.0,50.603528319405754,0,
861,2026-07-25 15:24:04,1,10,2,9,pbbbbbbb,b,b,1.0,50.603528319405754,0,
20,2026-07-25 15:25:32,1,9,1,9,bppppbbb,,p,,0.0,1,예측 없음
21,2026-07-25 15:31:27,1,9,1,9,pbbbpppp,,p,,0.0,1,예측 테이블에 값 없음
22,2026-07-25 15:54:34,1,10,2,9,pbbpbppb,p,p,1.0,51.12107623318386,0,
862,2026-07-25 15:59:05,1,10,2,9,bppppbpb,b,p,0.0,50.0,0,
23,2026-07-25 16:07:29,1,10,2,9,bppppbpb,b,p,0.0,55.55555555555556,0,
863,2026-07-25 16:07:29,1,9,1,9,bppppbpb,b,p,0.0,50.0,0,
864,2026-07-25 16:09:04,1,9,1,9,pbpppppp,b,p,0.0,51.87287173666289,0,
24,2026-07-25 16:09:29,1,10,2,9,pbbbbbbb,b,p,0.0,50.603528319405754,0,
865,2026-07-26 05:32:31,1,9,1,9,bpbbbppp,b,p,0.0,50.205338809034906,0,
866,2026-07-26 05:33:24,1,9,1,9,bpbpppbp,b,b,1.0,53.10853530031612,0,
25,2026-07-26 05:35:51,1,10,2,9,pbppbppb,b,b,1.0,53.90625,0,
867,2026-07-26 05:36:24,1,9,1,9,pbbbbbbb,b,p,0.0,50.603528319405754,0,
868,2026-07-26 05:36:24,2,10,1,10,pbbbbbbbp,,b,,0.0,1,예측 테이블에 값 없음
869,2026-07-26 05:37:06,1,9,1,9,bppppbpb,b,p,0.0,50.0,0,
26,2026-07-26 05:38:00,1,10,2,9,bpbbpbpb,p,p,1.0,50.783410138248854,0,
871,2026-07-26 05:38:11,2,10,1,10,bppppbpbp,,b,,0.0,1,예측 테이블에 값 없음
870,2026-07-26 05:38:11,1,9,1,9,bppppbpb,b,p,0.0,50.0,0,
872,2026-07-26 05:44:51,1,9,1,9,bppppbpb,b,p,0.0,50.0,0,
27,2026-07-26 05:46:51,1,10,2,9,pbppbpbb,p,b,0.0,50.0,0,
873,2026-07-26 05:49:41,1,9,1,9,bppppbpp,b,b,1.0,50.858369098712444,0,
28,2026-07-26 05:49:58,1,10,2,9,bppppppb,b,p,0.0,50.0,0,
874,2026-07-26 05:50:08,1,9,1,9,pbppppbp,b,b,1.0,53.15217391304348,0,
29,2026-07-26 05:52:08,1,10,2,9,pbpbbbbb,b,b,1.0,50.0,0,
875,2026-07-26 05:52:58,1,9,1,9,pbpbbbbb,b,p,0.0,50.0,0,
30,2026-07-26 05:53:33,1,10,2,9,bpbpbbpp,b,p,0.0,50.2360717658168,0,
31,2026-07-26 05:53:45,1,10,2,9,pbppbppb,b,b,1.0,53.90625,0,
32,2026-07-26 06:09:17,1,10,2,9,bpbppbpp,b,p,0.0,57.89473684210527,0,
876,2026-07-26 06:09:28,1,9,1,9,pbpppppb,b,p,0.0,50.95338983050848,0,
878,2026-07-26 06:09:54,2,10,1,10,pbbbpppbb,,b,,0.0,1,예측 테이블에 값 없음
877,2026-07-26 06:09:54,1,9,1,9,pbbbpppb,p,b,0.0,50.0,0,
879,2026-07-26 06:10:03,1,9,1,9,bpbbbppp,b,b,1.0,50.205338809034906,0,
880,2026-07-26 06:11:05,1,9,1,9,pbppppbp,b,p,0.0,53.15217391304348,0,
881,2026-07-26 06:14:32,1,9,1,9,bpbpppbb,p,p,1.0,51.66666666666667,0,
33,2026-07-26 06:16:14,1,10,2,9,pbppbpbb,p,b,0.0,50.0,0,
34,2026-07-26 06:16:37,1,10,2,9,pbbpbppb,p,p,1.0,51.12107623318386,0,
882,2026-07-26 06:17:28,1,9,1,9,pbpbpppp,b,b,1.0,55.65217391304348,0,
883,2026-07-26 06:17:56,1,9,1,9,bpppppbp,p,p,1.0,54.54545454545454,0,
884,2026-07-26 06:19:29,1,9,1,9,bpbbbbpp,b,p,0.0,50.04868549172347,0,
35,2026-07-26 06:21:29,1,10,2,9,bppbbbbb,b,b,1.0,51.755265797392184,0,
36,2026-07-26 06:22:39,1,10,2,9,bppppbpp,p,p,1.0,60.0,0,
37,2026-07-26 06:22:48,1,10,2,9,pbbbbpbp,p,p,1.0,50.0,0,
885,2026-07-26 13:15:20,1,9,1,9,bpppbpbb,b,b,1.0,50.14577259475219,0,
38,2026-07-26 13:15:33,1,10,2,9,pbbpbbbb,p,p,1.0,53.76838235294118,0,
886,2026-07-26 13:15:59,1,9,1,9,bppppbpp,b,b,1.0,50.858369098712444,0,
39,2026-07-26 13:18:41,1,10,2,9,bpbbppbb,p,p,1.0,51.99619771863118,0,
40,2026-07-26 13:18:51,1,10,2,9,bpbbbbpb,b,b,1.0,50.0,0,
41,2026-07-26 13:19:42,1,10,2,9,bppppppp,b,p,0.0,51.8348623853211,0,
42,2026-07-26 13:21:18,1,10,2,9,bpbbppbb,p,p,1.0,51.99619771863118,0,
887,2026-07-26 13:23:06,1,9,1,9,pbpbbbbb,b,p,0.0,50.0,0,
43,2026-07-26 13:25:14,1,10,2,9,bppbpbpp,b,p,0.0,50.0,0,
44,2026-07-26 13:29:23,1,10,2,9,bpbbpbbp,b,b,1.0,54.55341506129597,0,
45,2026-07-26 13:30:44,1,10,2,9,pbbbbbbb,b,p,0.0,50.603528319405754,0,
888,2026-07-26 13:31:46,1,9,1,9,bpbpppbb,p,b,0.0,51.66666666666667,0,
46,2026-07-26 13:42:38,1,10,2,9,bpppppbp,b,p,0.0,50.38845726970034,0,
889,2026-07-26 13:44:36,1,9,1,9,pbbbbbpp,p,b,0.0,50.360453141091654,0,
47,2026-07-26 13:44:51,1,10,2,9,pbpppppb,b,p,0.0,50.95338983050848,0,
48,2026-07-26 13:48:05,1,10,2,9,pbppbppb,b,p,0.0,53.90625,0,
890,2026-07-26 13:48:34,1,9,1,9,pbbbbbbp,b,b,1.0,50.050251256281406,0,
891,2026-07-26 13:51:23,1,9,1,9,bpbbbpbb,p,b,0.0,50.0,0,
892,2026-07-26 13:55:05,1,9,1,9,bpppbbbb,b,p,0.0,51.40845070422535,0,
893,2026-07-26 13:55:24,1,9,1,9,bpppbbbb,b,p,0.0,51.40845070422535,0,
894,2026-07-26 13:55:24,2,10,1,10,bpppbbbbp,,b,,0.0,1,예측 테이블에 값 없음
49,2026-07-26 13:55:37,1,10,2,9,bpbbbbbp,b,p,0.0,50.733137829912025,0,
50,2026-07-26 13:58:50,1,10,2,9,pbbpbbpp,p,p,1.0,50.72604065827686,0,
895,2026-07-26 13:59:01,1,9,1,9,pbbbpppp,b,p,0.0,54.79876160990712,0,
896,2026-07-26 14:00:25,1,9,1,9,pbbbbpbb,p,b,0.0,51.079812206572775,0,
897,2026-07-26 14:02:32,1,9,1,9,pbpppbbb,p,b,0.0,50.0,0,
898,2026-07-26 14:04:08,1,9,1,9,bpbbbbpb,b,b,1.0,52.135231316725985,0,
899,2026-07-26 14:04:45,1,9,1,9,pbbbpbpb,p,b,0.0,50.38314176245211,0,
900,2026-07-26 14:05:24,1,9,1,9,pbpbpbpb,b,b,1.0,50.982318271119844,0,
51,2026-07-26 14:07:00,1,10,2,9,bppppbpb,b,b,1.0,55.55555555555556,0,
52,2026-07-26 14:08:04,1,10,2,9,pbpbbpbb,p,b,0.0,50.0,0,
901,2026-07-26 14:09:53,1,9,1,9,bpbbbbpp,b,b,1.0,50.04868549172347,0,
902,2026-07-26 14:11:36,1,9,1,9,bppppbpb,b,b,1.0,50.0,0,
903,2026-07-26 14:13:45,1,9,1,9,bpbppppp,b,p,0.0,64.42307692307693,0,
53,2026-07-26 14:16:26,1,10,2,9,bppbbppb,b,p,0.0,51.724137931034484,0,
904,2026-07-27 02:39:14,1,9,1,9,pbpbpppp,b,b,1.0,54.23728813559322,0,
905,2026-07-27 02:40:59,1,9,1,9,pbpbbbpb,b,p,0.0,51.11111111111111,0,
906,2026-07-27 02:41:10,1,9,1,9,pbbbbbpb,b,b,1.0,52.5,0,
907,2026-07-27 02:42:47,1,9,1,9,bpppbpbp,b,b,1.0,52.769385699899296,0,
54,2026-07-27 02:43:35,1,10,2,9,bppbppbp,p,p,1.0,55.00000000000001,0,
908,2026-07-27 02:43:48,1,9,1,9,pbbbbpbb,p,b,0.0,51.06976744186047,0,
909,2026-07-27 03:08:12,1,9,1,9,bpbbbppp,p,p,1.0,50.10060362173038,0,
55,2026-07-27 03:09:31,1,10,2,9,pbbppbpp,b,p,0.0,50.0503524672709,0,
910,2026-07-27 03:10:54,1,9,1,9,bpbbbppp,p,b,0.0,50.10060362173038,0,
56,2026-07-27 03:11:41,1,10,2,9,pbppbbpp,b,b,1.0,51.44855144855145,0,
911,2026-07-27 03:13:55,1,9,1,9,pbpbbbpp,b,p,0.0,50.591715976331365,0,
912,2026-07-27 03:17:04,1,9,1,9,pbppppbb,p,b,0.0,50.35175879396985,0,
57,2026-07-27 03:17:25,1,10,2,9,bpbbpbpp,b,b,1.0,50.796460176991154,0,
913,2026-07-27 03:20:58,1,9,1,9,bpbbbbpb,b,b,1.0,51.8942731277533,0,
914,2026-07-27 11:32:52,1,9,1,9,pbpbbbpp,b,p,0.0,50.591715976331365,0,
58,2026-07-27 11:33:06,1,10,2,9,pbbppppp,b,b,1.0,50.330396475770925,0,
915,2026-07-27 11:33:22,1,9,1,9,bpbpppbp,b,b,1.0,50.0,0,
59,2026-07-27 11:36:01,1,10,2,9,pbbpbpbb,p,p,1.0,50.46210720887245,0,
60,2026-07-27 11:37:17,1,10,2,9,bppbbbbb,b,b,1.0,51.77514792899408,0,
61,2026-07-27 11:38:06,1,10,2,9,bpppppbb,p,p,1.0,51.29533678756477,0,
62,2026-07-27 11:39:50,1,10,2,9,pbppbpbp,p,p,1.0,51.41509433962265,0,
916,2026-07-27 11:40:27,1,9,1,9,pbppppbb,p,p,1.0,50.35175879396985,0,
63,2026-07-27 11:41:47,1,10,2,9,pbpbbbbb,b,b,1.0,50.143540669856456,0,
64,2026-07-27 11:42:12,1,10,2,9,bpbbpbpp,b,p,0.0,50.796460176991154,0,
917,2026-07-27 11:45:27,1,9,1,9,bpbbbbpb,b,b,1.0,51.8942731277533,0,
65,2026-07-27 11:46:05,1,10,2,9,pbppbpbp,p,p,1.0,51.41509433962265,0,
918,2026-07-27 11:47:18,1,9,1,9,pbpppbpp,b,p,0.0,50.105932203389834,0,
919,2026-07-27 11:47:30,1,9,1,9,bpbpbbbb,b,p,0.0,52.03791469194313,0,
920,2026-07-27 11:47:30,2,10,1,10,bpbpbbbbp,,p,,0.0,1,예측 테이블에 값 없음
921,2026-07-27 11:47:48,1,9,1,9,pbppppbb,p,b,0.0,50.35175879396985,0,
922,2026-07-27 11:47:48,2,10,1,10,pbppppbbb,,p,,0.0,1,예측 테이블에 값 없음
923,2026-07-27 11:48:45,1,9,1,9,bpbpppbb,p,b,0.0,53.54330708661418,0,
924,2026-07-27 11:51:04,1,9,1,9,pbbbbbpb,b,b,1.0,52.5,0,
66,2026-07-27 12:14:34,1,10,2,9,pbpbpbbp,b,p,0.0,53.333333333333336,0,
67,2026-07-27 12:15:06,1,10,2,9,pbbppppb,p,p,1.0,51.32743362831859,0,
926,2026-07-27 12:15:17,2,10,1,10,pbbbbpppb,,p,,0.0,1,예측 테이블에 값 없음
925,2026-07-27 12:15:17,1,9,1,9,pbbbbppp,p,b,0.0,50.0,0,
68,2026-07-27 12:17:16,1,10,2,9,pbppbpbp,p,b,0.0,51.41509433962265,0,
927,2026-07-27 12:19:23,1,9,1,9,pbbbbpbb,p,p,1.0,51.06976744186047,0,
69,2026-07-27 12:20:58,1,10,2,9,bpbpbppb,b,b,1.0,54.85040797824116,0,
928,2026-07-27 12:21:40,1,9,1,9,pbpbbbbp,b,p,0.0,52.17391304347826,0,
70,2026-07-27 12:23:51,1,10,2,9,bpbbpbbp,b,p,0.0,54.1991341991342,0,
929,2026-07-27 12:24:19,1,9,1,9,bpbbbbpb,b,p,0.0,51.8942731277533,0,
71,2026-07-27 12:25:49,1,10,2,9,pbbpbbpp,p,p,1.0,50.47709923664122,0,
930,2026-07-27 12:27:14,1,9,1,9,pbpbbbbp,b,p,0.0,52.17391304347826,0,
931,2026-07-27 12:28:51,1,9,1,9,bpbbbbpp,p,b,0.0,50.04775549188156,0,
72,2026-07-27 12:31:50,1,10,2,9,bpppppbb,p,b,0.0,51.29533678756477,0,
932,2026-07-28 10:43:26,1,9,1,9,bppppbbb,p,b,0.0,50.476190476190474,0,
73,2026-07-28 10:46:00,1,10,2,9,pbpbbbbp,b,p,0.0,52.003910068426194,0,
74,2026-07-28 10:47:04,1,10,2,9,pbppppbp,b,b,1.0,53.54497354497354,0,
933,2026-07-28 10:49:27,1,9,1,9,bpbbbbpp,b,b,1.0,50.0945179584121,0,
934,2026-07-28 10:50:04,1,9,1,9,bppppbbb,p,p,1.0,50.476190476190474,0,
75,2026-07-28 10:51:08,1,10,2,9,pbpppppp,p,b,0.0,55.55555555555556,0,
935,2026-07-28 10:52:48,1,9,1,9,bpppbpbb,p,p,1.0,50.0,0,
76,2026-07-28 10:53:18,1,10,2,9,bppbbbbp,b,p,0.0,50.535540408958134,0,
936,2026-07-28 10:53:36,1,9,1,9,pbbbbpbp,b,p,0.0,50.66287878787878,0,
937,2026-07-28 10:54:54,1,9,1,9,pbbbbppp,p,p,1.0,50.0,0,
77,2026-07-28 10:56:50,1,10,2,9,pbppbppb,b,b,1.0,53.74280230326296,0,
938,2026-07-29 09:12:55,1,9,1,9,bppppbbb,p,p,1.0,50.476190476190474,0,
939,2026-07-29 09:14:00,1,9,1,9,bpbpbpbb,b,b,1.0,50.0,0,
940,2026-07-29 09:16:11,1,9,1,9,pbbbpppp,b,b,1.0,54.74525474525475,0,
78,2026-07-29 09:16:23,1,10,2,9,pbbbbbpp,p,p,1.0,50.25075225677031,0,
79,2026-07-29 09:17:12,1,10,2,9,bpbppbpb,b,b,1.0,50.978564771668225,0,
80,2026-07-29 09:19:42,1,10,2,9,pbpbppbp,b,b,1.0,50.7360157016683,0,
942,2026-07-29 09:19:57,2,10,1,10,pbpbbbbpp,,p,,0.0,1,예측 테이블에 값 없음
941,2026-07-29 09:19:57,1,9,1,9,pbpbbbbp,b,p,0.0,51.69491525423729,0,
943,2026-07-29 09:20:32,1,9,1,9,bpbbbbbb,b,p,0.0,51.43120960295475,0,
81,2026-07-29 09:21:54,1,10,2,9,bpppppbb,p,b,0.0,51.174668028600614,0,
82,2026-07-29 09:23:49,1,10,2,9,pbbppbpb,b,p,0.0,54.04178019981835,0,
83,2026-07-29 09:24:01,1,10,2,9,bpbpbpbp,b,b,1.0,50.19493177387915,0,
944,2026-07-29 09:28:59,1,9,1,9,bpbpppbb,p,b,0.0,53.125,0,
945,2026-07-29 16:18:19,1,9,1,9,pbpbbbpp,b,b,1.0,50.34213098729228,0,
946,2026-07-29 16:19:46,1,9,1,9,bpbbbbbb,b,b,1.0,51.28676470588235,0,
947,2026-07-29 16:22:20,1,9,1,9,bppppppp,b,b,1.0,51.56599552572707,0,
948,2026-07-29 16:22:30,1,9,1,9,bpppbbbp,p,p,1.0,50.0,0,
949,2026-07-29 16:24:12,1,9,1,9,pbbbbpbp,b,b,1.0,50.75187969924813,0,
951,2026-07-29 16:24:23,2,10,1,10,bppppbpbp,,b,,0.0,1,예측 테이블에 값 없음
950,2026-07-29 16:24:23,1,9,1,9,bppppbpb,b,p,0.0,50.0,0,
952,2026-07-29 16:24:36,1,9,1,9,pbpppbbb,p,b,0.0,50.0,0,
953,2026-07-29 16:24:50,1,9,1,9,pbbbpbbb,b,b,1.0,50.18083182640145,0,
84,2026-07-29 16:25:09,1,10,2,9,pbpbbbbb,b,p,0.0,50.420954162768936,0,
954,2026-07-29 16:26:01,1,9,1,9,bpbpppbb,p,b,0.0,52.71317829457365,0,
955,2026-07-29 16:27:33,1,9,1,9,pbbbbbbp,b,p,0.0,50.4364694471387,0,
85,2026-07-29 16:30:01,1,10,2,9,pbbppppb,p,p,1.0,51.40367860600193,0,
956,2026-07-29 16:31:02,1,9,1,9,bpppppbp,p,b,0.0,50.0,0,
86,2026-07-29 16:31:46,1,10,2,9,pbppppbp,b,b,1.0,53.57142857142857,0,
957,2026-07-29 16:33:09,1,9,1,9,bpbbbpbb,p,p,1.0,50.0,0,
87,2026-07-29 16:34:48,1,10,2,9,bppbbppb,b,b,1.0,51.38490926456542,0,
958,2026-07-29 16:35:03,1,9,1,9,bpbbbpbb,p,b,0.0,50.0,0,
88,2026-07-29 16:36:09,1,10,2,9,pbpbpbpb,b,b,1.0,51.13421550094518,0,
959,2026-07-29 16:36:23,1,9,1,9,bpppbpbp,b,p,0.0,52.906403940886705,0,
960,2026-07-29 16:36:23,2,10,1,10,bpppbpbpp,,p,,0.0,1,예측 테이블에 값 없음
89,2026-07-29 16:38:30,1,10,2,9,bpbbbbpb,b,b,1.0,50.0,0,
961,2026-07-29 16:40:24,1,9,1,9,pbpppbpb,p,b,0.0,50.84409136047666,0,
90,2026-07-29 16:41:18,1,10,2,9,pbpbpbpb,b,b,1.0,51.13421550094518,0,
91,2026-07-29 16:43:25,1,10,2,9,pbbpbpbb,p,p,1.0,50.319051959890615,0,
92,2026-07-29 17:22:06,1,10,2,9,pbbppbpb,b,p,0.0,53.97830018083183,0,
962,2026-07-29 17:22:56,1,9,1,9,bpbbbbpb,b,p,0.0,51.822916666666664,0,
93,2026-07-29 17:24:04,1,10,2,9,bppbpppp,b,p,0.0,51.03373231773667,0,
94,2026-07-29 17:24:30,1,10,2,9,bpbppbbp,b,p,0.0,52.10237659963437,0,
963,2026-07-29 17:26:32,1,9,1,9,bpbbbpbb,p,p,1.0,50.0,0,
964,2026-07-29 17:26:55,1,9,1,9,pbpppbbb,p,p,1.0,50.0,0,
965,2026-07-29 17:27:15,1,9,1,9,pbpbbbbb,b,p,0.0,50.420954162768936,0,
966,2026-07-29 17:27:15,2,10,1,10,pbpbbbbbp,,p,,0.0,1,예측 테이블에 값 없음
967,2026-07-29 17:29:28,1,9,1,9,pbbbpbpb,p,p,1.0,50.55762081784386,0,
968,2026-07-29 17:29:41,1,9,1,9,bpppppbp,p,b,0.0,50.0,0,
969,2026-07-29 17:29:41,2,10,1,10,bpppppbpb,,p,,0.0,1,예측 테이블에 값 없음
970,2026-07-29 17:29:54,1,9,1,9,bppppbpb,b,b,1.0,50.0,0,
95,2026-07-29 17:31:26,1,10,2,9,pbpbpbbp,b,p,0.0,53.333333333333336,0,
96,2026-07-29 17:32:37,1,10,2,9,bppbpbpb,p,b,0.0,50.42492917847026,0,
971,2026-07-29 17:34:41,1,9,1,9,pbbbpbpp,p,b,0.0,50.19455252918288,0,
97,2026-07-29 17:35:35,1,10,2,9,pbbpbppb,p,b,0.0,50.96153846153846,0,
972,2026-07-29 17:40:22,1,9,1,9,bpppppbb,p,b,0.0,51.17227319062182,0,
98,2026-07-29 17:41:49,1,10,2,9,bppppbpb,b,p,0.0,55.55555555555556,0,
973,2026-07-29 17:43:02,1,9,1,9,bpbbbpbb,p,p,1.0,50.0,0,
99,2026-07-29 17:46:23,1,10,2,9,pbbpbppb,p,b,0.0,50.96153846153846,0,
100,2026-07-29 18:23:45,1,10,2,9,bpbbppbb,p,p,1.0,51.56537753222836,0,
974,2026-07-29 18:25:41,1,9,1,9,pbpppbpb,p,p,1.0,50.84409136047666,0,
975,2026-07-29 18:28:52,1,9,1,9,bpbbbppp,p,p,1.0,50.39682539682539,0,
101,2026-07-29 18:30:03,1,10,2,9,pbbpbpbp,p,p,1.0,53.620531622364794,0,
102,2026-07-29 18:30:58,1,10,2,9,pbpbppbb,p,p,1.0,50.04436557231588,0,
976,2026-07-29 18:54:18,1,9,1,9,bpbpbbbb,b,p,0.0,52.26223453370268,0,
977,2026-07-29 18:56:05,1,9,1,9,pbpbpbbb,b,b,1.0,50.45620437956204,0,
978,2026-07-29 18:57:07,1,9,1,9,bpbpbppp,p,p,1.0,50.04757373929591,0,
103,2026-07-29 18:58:35,1,10,2,9,bpbppppp,b,p,0.0,53.30578512396694,0,
979,2026-07-29 19:01:18,1,9,1,9,bpbbbbpb,b,p,0.0,51.822916666666664,0,
104,2026-07-30 14:08:42,1,10,2,9,pbppppbp,b,b,1.0,53.60501567398119,0,
105,2026-07-30 14:09:29,1,10,2,9,bppppbpb,b,p,0.0,55.55555555555556,0,
980,2026-07-30 14:12:09,1,9,1,9,bpbpppbb,p,b,0.0,52.71317829457365,0,
981,2026-07-30 14:13:36,1,9,1,9,bpppppbb,p,p,1.0,51.06382978723404,0,
982,2026-07-30 14:15:13,1,9,1,9,bpbbbbbb,b,p,0.0,51.09689213893967,0,
983,2026-07-30 14:19:18,1,9,1,9,pbbbbbpb,b,p,0.0,52.84552845528455,0,
984,2026-07-30 14:20:16,1,9,1,9,bpbpppbb,p,p,1.0,52.71317829457365,0,
985,2026-07-30 14:21:15,1,9,1,9,pbpbpbpb,b,p,0.0,50.0,0,
106,2026-07-30 14:22:43,1,10,2,9,pbppppbp,b,b,1.0,53.60501567398119,0,
107,2026-07-30 14:25:38,1,10,2,9,pbpppppb,b,b,1.0,50.824742268041234,0,
108,2026-07-30 14:41:53,1,10,2,9,bpbbbbbp,b,p,0.0,50.562851782363985,0,
986,2026-07-30 14:43:18,1,9,1,9,bpbbbbpb,b,b,1.0,51.81660899653979,0,
109,2026-07-30 14:45:39,1,10,2,9,pbbpbpbb,p,p,1.0,50.45372050816697,0,
987,2026-07-30 14:47:18,1,9,1,9,pbpbpbbb,b,p,0.0,50.40871934604905,0,
988,2026-07-30 14:49:35,1,9,1,9,bpbbbpbb,p,b,0.0,50.0,0,
989,2026-07-30 14:51:04,1,9,1,9,pbpbpbpb,b,p,0.0,50.0,0,
990,2026-07-30 14:53:25,1,9,1,9,bpbbbpbp,p,p,1.0,50.4828797190518,0,
110,2026-07-30 14:54:47,1,10,2,9,pbppbbpb,p,p,1.0,50.0,0,
991,2026-07-30 14:55:45,1,9,1,9,pbpbbbpb,b,b,1.0,51.433536055603824,0,
111,2026-07-30 15:13:59,1,10,2,9,bpbpbpbb,b,b,1.0,50.37037037037037,0,
112,2026-07-30 15:17:11,1,10,2,9,pbbpbppb,p,b,0.0,50.95652173913044,0,
113,2026-07-30 15:18:09,1,10,2,9,bpppppbp,b,b,1.0,51.170212765957444,0,
992,2026-07-30 15:19:14,1,9,1,9,bpppppbb,p,p,1.0,51.20967741935484,0,
993,2026-07-30 15:20:10,1,9,1,9,pbpppppb,b,b,1.0,50.87001023541453,0,
994,2026-07-30 15:51:02,1,9,1,9,bpppbpbb,p,p,1.0,50.0,0,
114,2026-07-30 15:52:22,1,10,2,9,bpbbpbbp,b,p,0.0,53.936348408710224,0,
995,2026-07-30 15:53:29,1,9,1,9,bpbbbbbp,b,p,0.0,50.559701492537314,0,
996,2026-07-30 15:57:15,1,9,1,9,pbbbpbbb,b,b,1.0,50.04468275245755,0,
115,2026-07-30 15:58:34,1,10,2,9,pbpbpbpb,b,b,1.0,50.982226379794206,0,
997,2026-07-30 16:00:33,1,9,1,9,pbpbbbbb,b,b,1.0,50.64814814814815,0,
116,2026-07-30 16:02:04,1,10,2,9,pbbpbbbb,p,p,1.0,53.54951796669588,0,
117,2026-07-30 16:03:46,1,10,2,9,bpbbppbb,p,p,1.0,51.45719489981785,0,
998,2026-07-30 16:20:11,1,9,1,9,pbpppbpp,b,p,0.0,50.35971223021583,0,
999,2026-07-30 16:21:55,1,9,1,9,pbbbbppp,p,b,0.0,50.0,0,
1000,2026-07-30 16:22:53,1,9,1,9,pbpppbpb,p,p,1.0,51.364522417154,0,
1001,2026-07-30 16:24:12,1,9,1,9,bppppbpb,b,p,0.0,50.0,0,
118,2026-07-30 16:27:15,1,10,2,9,pbpbpbpb,b,b,1.0,50.98039215686274,0,
119,2026-07-30 16:29:43,1,10,2,9,bppppbbp,b,b,1.0,52.89099526066351,0,
1002,2026-07-30 16:31:38,1,9,1,9,bpppbpbp,b,b,1.0,52.952565343659245,0,
120,2026-07-30 16:45:46,1,10,2,9,pbppppbp,b,p,0.0,53.45717234262126,0,
1003,2026-07-30 16:47:30,1,9,1,9,pbpppbpp,b,b,1.0,50.51229508196722,0,
1004,2026-07-30 16:49:22,1,9,1,9,pbpbbbpp,b,p,0.0,50.53037608486017,0,
1005,2026-07-30 16:50:37,1,9,1,9,pbpppppb,b,b,1.0,50.8664627930683,0,
1006,2026-07-30 16:51:31,1,9,1,9,bppppppb,b,b,1.0,51.26050420168067,0,
1007,2026-07-30 16:52:56,1,9,1,9,pbpbpppp,b,b,1.0,55.28455284552846,0,
121,2026-07-30 16:55:06,1,10,2,9,bppppppp,b,p,0.0,51.66297117516629,0,
1008,2026-07-30 16:56:04,1,9,1,9,bpbbbpbb,p,b,0.0,50.0,0,
1009,2026-07-30 16:57:27,1,9,1,9,bppppbpb,b,p,0.0,50.0,0,
1010,2026-07-30 16:58:35,1,9,1,9,pbbbpbpb,p,p,1.0,50.31963470319635,0,
122,2026-07-30 17:19:26,1,10,2,9,bpbbbbpb,b,b,1.0,50.0,0,
1011,2026-07-30 17:21:09,1,9,1,9,bpbpbpbp,b,b,1.0,50.09560229445506,0,
1012,2026-07-30 17:22:00,1,9,1,9,pbpbpppp,b,p,0.0,56.34920634920635,0,
123,2026-07-30 17:22:47,1,10,2,9,pbpbbppb,p,b,0.0,50.60018467220684,0,
124,2026-07-30 17:24:00,1,10,2,9,bpbbbbbb,b,p,0.0,51.08499095840868,0,
125,2026-07-30 17:26:18,1,10,2,9,pbpbpbpb,b,p,0.0,51.02230483271375,0,
126,2026-07-30 17:30:30,1,10,2,9,bppbbbbp,b,p,0.0,50.57034220532319,0,
1013,2026-07-30 17:34:00,1,9,1,9,pbbbpbbb,b,b,1.0,50.26548672566372,0,
127,2026-07-30 17:38:13,1,10,2,9,pbbppbbp,b,b,1.0,66.66666666666666,0,
128,2026-07-31 13:36:33,1,10,2,9,pbpbbbbb,b,p,0.0,50.36563071297989,0,
1014,2026-07-31 13:38:04,1,9,1,9,pbpbpppb,b,p,0.0,53.23671497584541,0,
1015,2026-07-31 13:38:56,1,9,1,9,pbppppbb,p,b,0.0,50.0,0,
129,2026-07-31 13:40:34,1,10,2,9,bppbbbbp,b,p,0.0,50.522317188983855,0,
1016,2026-07-31 13:42:26,1,9,1,9,pbbbbbpb,b,b,1.0,52.84552845528455,0,
1017,2026-07-31 13:45:26,1,9,1,9,bpppbpbp,b,b,1.0,52.833813640730064,0,
1018,2026-07-31 13:46:21,1,9,1,9,pbbbpbpp,p,b,0.0,50.47892720306514,0,
1019,2026-07-31 13:48:53,1,9,1,9,bppppbbb,p,p,1.0,50.437317784256564,0,
130,2026-07-31 13:49:52,1,10,2,9,bppbpbpp,b,b,1.0,52.61682242990654,0,
131,2026-07-31 13:52:16,1,10,2,9,bpbbpppp,b,b,1.0,52.247752247752246,0,
132,2026-07-31 14:13:30,1,10,2,9,pbppbbpb,p,b,0.0,50.0,0,
133,2026-07-31 14:16:27,1,10,2,9,bpbpbppb,b,p,0.0,54.94313210848644,0,
1020,2026-07-31 14:17:16,1,9,1,9,pbpppbbb,p,p,1.0,50.0,0,
1021,2026-07-31 14:19:17,1,9,1,9,pbpbpbpb,b,p,0.0,50.0,0,
1022,2026-07-31 14:36:26,1,9,1,9,pbppppbp,b,p,0.0,53.54573484069887,0,
134,2026-07-31 14:41:11,1,10,2,9,pbppbbbb,p,p,1.0,51.279620853080566,0,
135,2026-07-31 14:44:02,1,10,2,9,pbbpbbpp,p,p,1.0,50.04582951420715,0,
1023,2026-07-31 14:58:12,1,9,1,9,pbpppbbb,p,b,0.0,50.0,0,
1024,2026-07-31 14:59:03,1,9,1,9,bpbpbbbb,b,b,1.0,52.56064690026954,0,
1025,2026-07-31 15:02:06,1,9,1,9,pbbbbbpp,p,p,1.0,50.14577259475219,0,
1026,2026-07-31 15:10:55,1,9,1,9,bpbbbbpb,b,p,0.0,51.71232876712328,0,
1027,2026-07-31 15:47:04,1,9,1,9,pbbbbbpp,p,b,0.0,50.19417475728155,0,
136,2026-07-31 15:48:29,1,10,2,9,bpbppppp,b,p,0.0,53.1850353892821,0,
137,2026-07-31 15:51:35,1,10,2,9,pbpbpbpb,b,b,1.0,50.779101741521536,0,
1028,2026-07-31 15:54:23,1,9,1,9,bpbbbbpb,b,b,1.0,51.75363558597091,0,
138,2026-07-31 15:55:24,1,10,2,9,bpbbbbbp,b,p,0.0,50.27422303473492,0,
1029,2026-07-31 15:56:20,1,9,1,9,pbpbbbbp,b,b,1.0,50.81967213114754,0,
139,2026-07-31 15:57:24,1,10,2,9,bpbbbbpp,b,p,0.0,50.0,0,
140,2026-07-31 15:59:23,1,10,2,9,pbpbpppp,b,b,1.0,51.541425818882466,0,
1030,2026-07-31 16:10:53,1,9,1,9,bpppbpbp,b,p,0.0,52.88552507095553,0,
1031,2026-07-31 16:11:52,1,9,1,9,bpppbbbb,b,b,1.0,50.0,0,
1032,2026-07-31 16:12:38,1,9,1,9,bpppbpbb,b,p,0.0,50.13799448022079,0,
1033,2026-07-31 16:14:15,1,9,1,9,pbpbpppb,b,p,0.0,53.098188751191614,0,
1034,2026-07-31 16:15:02,1,9,1,9,bpbpbpbb,b,p,0.0,50.40946314831665,0,
1035,2026-07-31 16:18:33,1,9,1,9,bppppbbb,p,b,0.0,50.67178502879079,0,
1036,2026-07-31 16:21:40,1,9,1,9,pbbbpppp,b,b,1.0,54.791868344627304,0,
1037,2026-07-31 16:22:58,1,9,1,9,pbbbbbbp,b,p,0.0,50.28142589118198,0,
141,2026-07-31 16:25:32,1,10,2,9,pbppbpbb,p,b,0.0,50.86599817684594,0,
1038,2026-07-31 16:28:32,1,9,1,9,pbpbpppp,b,b,1.0,56.58914728682171,0,
1039,2026-07-31 16:29:47,1,9,1,9,pbpbpppb,b,b,1.0,53.098188751191614,0,
1040,2026-07-31 16:31:54,1,9,1,9,pbbbbppp,p,b,0.0,50.0,0,
142,2026-07-31 21:07:17,1,10,2,9,pbppbbpp,b,p,0.0,51.32827324478178,0,
143,2026-07-31 21:09:17,1,10,2,9,pbbpbpbp,p,p,1.0,53.78450578806767,0,
144,2026-07-31 21:12:21,1,10,2,9,bpbbpbpp,b,b,1.0,51.11111111111111,0,
1041,2026-07-31 21:15:07,1,9,1,9,bpppbpbp,b,p,0.0,52.880075542965066,0,
1042,2026-07-31 21:18:11,1,9,1,9,bpbpbpbb,b,b,1.0,50.45454545454545,0,
1043,2026-07-31 21:19:33,1,9,1,9,bpppppbb,p,b,0.0,51.28712871287129,0,
1044,2026-07-31 21:33:56,1,9,1,9,bpbbbpbp,p,p,1.0,50.170648464163826,0,
1045,2026-07-31 21:39:04,1,9,1,9,pbpbbbpp,b,p,0.0,50.14191106906338,0,
145,2026-07-31 21:40:18,1,10,2,9,pbpbbbbb,b,p,0.0,50.586113615870154,0,
1046,2026-07-31 21:42:04,1,9,1,9,pbpppppb,b,p,0.0,50.70281124497992,0,
146,2026-07-31 21:44:40,1,10,2,9,bpbbppbp,b,p,0.0,53.14183123877917,0,
1047,2026-07-31 21:47:05,1,9,1,9,bpbppppb,b,b,1.0,52.43790248390064,0,
147,2026-07-31 21:47:40,1,10,2,9,bpbbbbbb,b,p,0.0,51.06382978723404,0,
1048,2026-07-31 21:49:10,1,9,1,9,bpbbbppp,p,b,0.0,50.38314176245211,0,
148,2026-08-01 08:17:30,1,10,2,9,pbpbbpbp,p,b,0.0,51.2589928057554,0,
1049,2026-08-01 08:19:20,1,9,1,9,pbbbbppp,p,b,0.0,50.0,0,
1050,2026-08-01 08:22:52,1,9,1,9,bppppbbb,p,p,1.0,50.66666666666667,0,
149,2026-08-01 08:24:51,1,10,2,9,pbpbppbp,b,p,0.0,51.31826741996234,0,
1051,2026-08-01 08:27:59,1,9,1,9,bpbpbppp,b,b,1.0,50.41095890410959,0,
1052,2026-08-01 08:33:23,1,9,1,9,pbbbbbpp,p,p,1.0,50.14436958614053,0,
150,2026-08-01 08:35:39,1,10,2,9,bppbbpbp,b,b,1.0,50.40723981900452,0,
151,2026-08-01 08:52:35,1,10,2,9,pbbpbbbb,p,b,0.0,53.470437017994854,0,
152,2026-08-01 08:56:45,1,10,2,9,pbpbppbb,b,b,1.0,50.04277159965783,0,
153,2026-08-01 08:59:08,1,10,2,9,pbppbbpb,p,b,0.0,50.0,0,
154,2026-08-01 09:05:12,1,10,2,9,bppbbbbb,b,b,1.0,52.67605633802817,0,
155,2026-08-01 09:07:06,1,10,2,9,pbppbbpb,p,b,0.0,50.0,0,
156,2026-08-01 09:08:02,1,10,2,9,pbpbpbbp,b,b,1.0,53.333333333333336,0,
157,2026-08-01 09:25:32,1,10,2,9,bpbppbbp,b,p,0.0,52.02464788732394,0,
158,2026-08-01 09:28:29,1,10,2,9,pbpbbbbp,b,p,0.0,51.57992565055763,0,
1053,2026-08-01 09:31:30,1,9,1,9,bpbbbbbb,b,b,1.0,50.92348284960422,0,
159,2026-08-01 09:32:44,1,10,2,9,bppbpbpb,p,p,1.0,50.54545454545455,0,
1054,2026-08-01 09:53:03,1,9,1,9,bpbpbbbp,b,p,0.0,52.04626334519573,0,
1055,2026-08-01 09:54:05,1,9,1,9,pbbbbbpb,b,p,0.0,52.75590551181102,0,
160,2026-08-01 09:55:18,1,10,2,9,bpbbppbp,b,p,0.0,53.18385650224216,0,
161,2026-08-01 09:59:55,1,10,2,9,bppbppbp,p,b,0.0,55.00000000000001,0,
1056,2026-08-01 10:01:42,1,9,1,9,pbppppbb,b,b,1.0,50.18867924528302,0,
162,2026-08-01 10:04:10,1,10,2,9,bppppbbp,b,p,0.0,52.952029520295206,0,
1057,2026-08-01 10:06:10,1,9,1,9,pbppppbp,b,p,0.0,53.25865580448065,0,
163,2026-08-01 10:07:21,1,10,2,9,bppbpbbp,b,p,0.0,54.123711340206185,0,
164,2026-08-01 14:29:05,1,10,2,9,bpbpbppb,b,b,1.0,55.107296137339056,0,
1058,2026-08-01 14:30:38,1,9,1,9,pbbbbbpp,p,p,1.0,50.19193857965452,0,
165,2026-08-01 14:33:12,1,10,2,9,bpbppppp,b,p,0.0,52.74177467597209,0,
166,2026-08-01 14:35:10,1,10,2,9,bpbpbpbp,b,b,1.0,50.23126734505088,0,
1059,2026-08-01 14:48:55,1,9,1,9,bpbpbbbb,b,b,1.0,50.0,0,
167,2026-08-01 14:50:40,1,10,2,9,bppbpbpp,b,p,0.0,52.36363636363637,0,
168,2026-08-01 14:53:46,1,10,2,9,bpbbbbbp,b,p,0.0,50.673854447439346,0,
169,2026-08-01 14:55:11,1,10,2,9,bpbpbbpp,b,b,1.0,50.1323918799647,0,
170,2026-08-01 14:57:03,1,10,2,9,pbbppbpp,b,p,0.0,50.189035916824196,0,
1060,2026-08-01 14:59:59,1,9,1,9,pbbbbpbb,p,b,0.0,51.42857142857142,0,
171,2026-08-01 15:00:49,1,10,2,9,bppbpbpb,p,b,0.0,50.58400718778078,0,
172,2026-08-01 15:02:43,1,10,2,9,pbpbbppb,p,b,0.0,50.40650406504065,0,
1061,2026-08-01 15:05:02,1,9,1,9,bpbbbppp,p,p,1.0,50.094876660341555,0,
1062,2026-08-01 15:17:13,1,9,1,9,bpbbbbpb,b,p,0.0,51.68634064080945,0,
173,2026-08-01 15:18:39,1,10,2,9,bpbpbbpb,b,p,0.0,50.970017636684304,0,
174,2026-08-01 15:19:42,1,10,2,9,pbbppbpp,b,b,1.0,50.047125353440144,0,
1063,2026-08-01 15:20:57,1,9,1,9,pbpppbpb,p,b,0.0,51.72735760971056,0,
1064,2026-08-01 15:22:17,1,9,1,9,bpbbbbpb,b,p,0.0,51.68634064080945,0,
1065,2026-08-01 15:27:43,1,9,1,9,bpppbbbb,b,b,1.0,50.0,0,
175,2026-08-01 15:28:52,1,10,2,9,bpbbpbbp,b,p,0.0,54.05844155844156,0,
1066,2026-08-01 15:30:38,1,9,1,9,bpppbbbb,b,p,0.0,50.0,0,
176,2026-08-01 15:32:32,1,10,2,9,bppbpbbp,b,p,0.0,54.07026563838904,0,
1067,2026-08-01 15:33:21,1,9,1,9,bpppbpbb,b,b,1.0,50.22706630336058,0,
1068,2026-08-01 15:36:26,1,9,1,9,bpbpppbp,b,b,1.0,51.07913669064749,0,
177,2026-08-01 18:58:56,1,10,2,9,pbbbbbpp,p,b,0.0,50.38167938931297,0,
178,2026-08-01 19:00:26,1,10,2,9,bpbbpppp,b,b,1.0,52.28377065111759,0,
179,2026-08-01 19:01:27,1,10,2,9,bpppppbp,b,p,0.0,51.274209989806316,0,
180,2026-08-01 19:02:22,1,10,2,9,bpbbbbbp,b,b,1.0,50.80500894454383,0,
1069,2026-08-01 19:03:17,1,9,1,9,bpppbbbb,b,p,0.0,50.0,0,
181,2026-08-01 19:04:57,1,10,2,9,bpbpbbpp,b,p,0.0,50.17636684303351,0,
182,2026-08-01 19:05:54,1,10,2,9,bpbbbbbp,b,b,1.0,50.80500894454383,0,
183,2026-08-01 19:07:23,1,10,2,9,bpbppppb,b,b,1.0,52.35081374321881,0,
184,2026-08-01 19:08:51,1,10,2,9,bpppppbb,p,b,0.0,55.55555555555556,0,
1070,2026-08-01 19:28:35,1,9,1,9,bpbppppb,b,b,1.0,52.30352303523035,0,
1071,2026-08-01 19:32:10,1,9,1,9,bpbppppp,b,p,0.0,60.0,0,
185,2026-08-01 19:35:04,1,10,2,9,pbpbpppp,b,b,1.0,51.8796992481203,0,
186,2026-08-01 19:36:42,1,10,2,9,bppbbpbb,b,p,0.0,50.0,0,
187,2026-08-01 19:37:59,1,10,2,9,bpbbpbpb,p,p,1.0,51.076658053402234,0,
1072,2026-08-01 19:53:07,1,9,1,9,bpppppbp,b,p,0.0,51.22199592668024,0,
1073,2026-08-01 19:54:08,1,9,1,9,pbbbbpbb,p,b,0.0,51.06382978723404,0,
188,2026-08-01 20:00:07,1,10,2,9,bppbbppb,b,b,1.0,51.449275362318836,0,
1074,2026-08-01 20:00:49,1,9,1,9,pbppppbp,b,b,1.0,53.25977933801405,0,
189,2026-08-01 20:02:27,1,10,2,9,pbbbbbpp,p,p,1.0,50.332383665716996,0,
190,2026-08-01 20:03:02,1,10,2,9,bpbbpppp,b,p,0.0,52.178121974830596,0,
1075,2026-08-01 20:04:22,1,9,1,9,pbpbpbpb,b,p,0.0,50.4,0,
1076,2026-08-01 20:05:23,1,9,1,9,pbpbbbbp,b,p,0.0,50.806451612903224,0,
1077,2026-08-01 20:07:16,1,9,1,9,bpbppppp,b,p,0.0,60.0,0,
191,2026-08-01 20:10:09,1,10,2,9,pbppbpbp,p,p,1.0,51.45631067961165,0,
192,2026-08-02 04:28:48,1,10,2,9,pbpppppb,b,b,1.0,50.737463126843664,0,
1078,2026-08-02 04:30:19,1,9,1,9,bpbpppbp,b,b,1.0,51.77304964539007,0,
193,2026-08-02 04:31:22,1,10,2,9,pbpbbpbb,p,b,0.0,50.425170068027214,0,
1079,2026-08-02 04:34:30,1,9,1,9,bppppbbb,p,p,1.0,50.79513564078578,0,
1080,2026-08-02 04:37:33,1,9,1,9,pbbbbbpb,b,p,0.0,53.48837209302325,0,
194,2026-08-02 04:40:36,1,10,2,9,bpbpbpbp,b,b,1.0,50.229147571035746,0,
195,2026-08-02 04:54:42,1,10,2,9,bppbpbpb,p,b,0.0,50.978647686832744,0,
1081,2026-08-02 05:00:20,1,9,1,9,pbpbpbbb,b,b,1.0,50.60658578856152,0,
1082,2026-08-02 05:03:59,1,9,1,9,bpppbpbp,b,p,0.0,52.85451197053407,0,
1083,2026-08-02 05:06:52,1,9,1,9,bpppppbp,b,p,0.0,51.32113821138211,0,
196,2026-08-02 05:08:14,1,10,2,9,pbpbppbb,b,p,0.0,55.55555555555556,0,
197,2026-08-02 05:11:04,1,10,2,9,pbppbbpp,b,b,1.0,51.02040816326531,0,
1084,2026-08-02 05:26:20,1,9,1,9,pbbbpbpb,p,p,1.0,50.13054830287206,0,
1085,2026-08-02 05:28:13,1,9,1,9,pbbbpbpp,p,p,1.0,50.552486187845304,0,
198,2026-08-02 05:29:17,1,10,2,9,bppbbbbb,b,p,0.0,53.016453382084094,0,
199,2026-08-02 05:31:31,1,10,2,9,bpbpbbpb,b,p,0.0,50.73848827106864,0,
1086,2026-08-02 05:34:44,1,9,1,9,pbpbpbpb,b,p,0.0,50.487156775907884,0,
1087,2026-08-02 05:38:42,1,9,1,9,bpbpbpbp,b,b,1.0,50.27422303473492,0,
1088,2026-08-02 05:40:00,1,9,1,9,bpppbppp,b,b,1.0,50.86206896551724,0,
200,2026-08-02 05:41:23,1,10,2,9,bpbbbbpb,b,p,0.0,50.0,0,
1089,2026-08-02 10:48:54,1,9,1,9,pbppppbp,b,b,1.0,53.08764940239043,0,
1090,2026-08-02 10:50:39,1,9,1,9,pbpppbpb,p,p,1.0,52.02952029520295,0,
201,2026-08-02 10:52:37,1,10,2,9,bppbppbb,b,p,0.0,51.195748449955715,0,
1091,2026-08-02 10:53:29,1,9,1,9,bpbbbbbb,b,b,1.0,50.99739809193409,0,
1092,2026-08-02 11:02:08,1,9,1,9,bpbpbppp,b,b,1.0,50.71428571428571,0,
202,2026-08-02 11:15:24,1,10,2,9,bpbbbbpb,b,b,1.0,50.0,0,
203,2026-08-02 11:16:44,1,10,2,9,bpppppbp,b,p,0.0,51.31578947368421,0,
204,2026-08-02 11:19:55,1,10,2,9,pbbppppb,p,p,1.0,50.9963768115942,0,
205,2026-08-02 11:20:50,1,10,2,9,bpbpbbpb,b,p,0.0,50.60658578856152,0,
1093,2026-08-02 11:22:07,1,9,1,9,pbpbbbbp,b,b,1.0,50.79365079365079,0,
1094,2026-08-02 11:24:28,1,9,1,9,pbpbpbpp,b,b,1.0,51.245551601423486,0,
206,2026-08-02 11:25:46,1,10,2,9,bppbbbbp,b,b,1.0,50.45537340619308,0,
207,2026-08-02 11:40:47,1,10,2,9,pbpbpppp,b,p,0.0,52.089136490250695,0,
1095,2026-08-02 11:42:07,1,9,1,9,pbpbpbpp,b,p,0.0,51.28660159716061,0,
208,2026-08-02 11:44:26,1,10,2,9,bpbpbbbb,b,b,1.0,52.63157894736842,0,
209,2026-08-02 11:45:24,1,10,2,9,pbbbbpbb,p,p,1.0,51.517779705117086,0,
210,2026-08-02 11:46:48,1,10,2,9,pbppbbbb,p,b,0.0,50.678733031674206,0,
1096,2026-08-02 11:48:06,1,9,1,9,pbppppbb,b,p,0.0,50.32317636195752,0,
211,2026-08-02 11:48:57,1,10,2,9,bppbpbpb,p,p,1.0,50.93002657218778,0,
1097,2026-08-02 11:50:10,1,9,1,9,pbpbpppb,b,b,1.0,53.07057745187901,0,
212,2026-08-02 12:24:39,1,10,2,9,pbpbbppb,p,p,1.0,50.08849557522124,0,
1098,2026-08-02 12:26:10,1,9,1,9,bpbbbpbb,p,p,1.0,50.0,0,
1099,2026-08-02 12:28:13,1,9,1,9,bpbppppp,b,b,1.0,60.0,0,
213,2026-08-02 12:29:30,1,10,2,9,bppppbbp,b,b,1.0,52.74527452745274,0,
214,2026-08-02 16:08:22,1,10,2,9,pbppbppb,b,p,0.0,52.6173285198556,0,
1100,2026-08-02 16:10:04,1,9,1,9,bpbbbbpb,b,b,1.0,51.93734542456719,0,
1101,2026-08-02 16:11:17,1,9,1,9,bpbpbppp,b,b,1.0,50.970017636684304,0,
1102,2026-08-02 16:12:32,1,9,1,9,bpbbbbbp,b,b,1.0,50.92511013215859,0,
215,2026-08-02 16:14:37,1,10,2,9,bppbbpbp,b,p,0.0,50.5726872246696,0,
216,2026-08-03 15:19:29,1,10,2,9,pbpbbpbb,p,b,0.0,50.37974683544304,0,
1103,2026-08-03 15:23:40,1,9,1,9,pbpppbpp,b,p,0.0,50.63291139240506,0,
217,2026-08-03 15:24:52,1,10,2,9,pbpbbbbb,b,p,0.0,50.26223776223776,0,
1104,2026-08-03 15:29:47,1,9,1,9,pbbbbbpp,p,p,1.0,50.0,0,
218,2026-08-03 15:32:46,1,10,2,9,pbpbppbb,b,p,0.0,55.55555555555556,0,
1105,2026-08-03 15:36:19,1,9,1,9,bpbpbpbp,p,b,0.0,50.13574660633484,0,
1106,2026-08-03 15:52:03,1,9,1,9,bppppbbb,p,p,1.0,50.82872928176796,0,
1107,2026-08-03 15:54:09,1,9,1,9,bpbpbbbb,b,b,1.0,50.0,0,
1108,2026-08-03 15:54:58,1,9,1,9,pbbbbbbp,b,b,1.0,50.722021660649816,0,
1109,2026-08-03 15:55:39,1,9,1,9,bpbbbbbb,b,b,1.0,51.206896551724135,0,
1110,2026-08-03 15:56:45,1,9,1,9,pbbbbppp,p,b,0.0,50.0,0,
1111,2026-08-03 16:24:38,1,9,1,9,bpbbbbbp,b,b,1.0,50.96153846153846,0,
1112,2026-08-03 16:25:47,1,9,1,9,bpbbbpbp,b,b,1.0,50.123456790123456,0,
1113,2026-08-03 16:27:12,1,9,1,9,bpbpbppp,b,b,1.0,50.878734622144115,0,
219,2026-08-03 16:29:14,1,10,2,9,bpbppbpb,b,b,1.0,51.071122536418166,0,
1114,2026-08-03 16:31:03,1,9,1,9,pbpbbbbb,b,b,1.0,50.17391304347826,0,
220,2026-08-03 17:06:02,1,10,2,9,pbppbbpp,b,p,0.0,50.96241979835013,0,
221,2026-08-03 17:08:28,1,10,2,9,pbbpbppb,p,b,0.0,50.45045045045045,0,
222,2026-08-03 17:13:41,1,10,2,9,bpbppbbp,b,b,1.0,52.17391304347826,0,
1115,2026-08-03 17:15:02,1,9,1,9,bpbpppbb,p,b,0.0,52.816901408450704,0,
1116,2026-08-03 17:15:02,2,10,1,10,bpbpppbbb,,p,,0.0,1,예측 테이블에 값 없음
223,2026-08-03 17:15:11,1,10,2,9,bpbbbbpb,b,b,1.0,50.0,0,
224,2026-08-03 17:16:26,1,10,2,9,bpbbppbb,p,b,0.0,51.23825789923142,0,
1117,2026-08-03 17:23:58,1,9,1,9,pbbbbbpp,p,p,1.0,50.0,0,
225,2026-08-03 17:48:19,1,10,2,9,bpbbpbbp,b,b,1.0,53.90127388535032,0,
226,2026-08-03 17:54:04,1,10,2,9,bpbpbpbb,b,b,1.0,50.303030303030305,0,
1118,2026-08-03 17:56:41,1,9,1,9,bpbbbbbb,b,b,1.0,51.45299145299145,0,
1119,2026-08-03 17:58:21,1,9,1,9,pbpbbbpb,b,b,1.0,51.349141455437454,0,
1120,2026-08-03 17:59:06,1,9,1,9,pbbbbbbp,b,b,1.0,50.7168458781362,0,
1121,2026-08-03 19:32:30,1,9,1,9,pbbbbbpb,b,b,1.0,53.78787878787878,0,
1122,2026-08-03 19:57:30,1,9,1,9,bpbbbpbb,p,b,0.0,50.0,0,
227,2026-08-03 19:59:30,1,10,2,9,bpbbbbbb,b,p,0.0,51.494449188727586,0,
1123,2026-08-03 20:01:39,1,9,1,9,pbpbbbpb,b,p,0.0,51.21951219512195,0,
228,2026-08-03 20:06:48,1,10,2,9,bpbpbbpb,b,p,0.0,50.29585798816568,0,
229,2026-08-03 20:08:30,1,10,2,9,bppbppbb,b,p,0.0,50.87412587412587,0,
230,2026-08-03 20:09:54,1,10,2,9,bpbbbbpb,b,p,0.0,50.0,0,
1124,2026-08-03 20:11:18,1,9,1,9,pbpppppb,b,b,1.0,53.04347826086957,0,
231,2026-08-03 20:13:20,1,10,2,9,bppbbbbp,b,b,1.0,50.49594229035167,0,
232,2026-08-03 20:16:11,1,10,2,9,bppbppbb,b,p,0.0,50.87412587412587,0,
1125,2026-08-03 20:17:37,1,9,1,9,bpbppppb,b,b,1.0,52.41016652059597,0,
233,2026-08-03 20:18:29,1,10,2,9,bpbbbbpb,b,p,0.0,50.0,0,
234,2026-08-03 20:20:41,1,10,2,9,pbpbppbb,b,p,0.0,55.55555555555556,0,
1126,2026-08-03 20:23:24,1,9,1,9,bpbpppbp,b,b,1.0,52.083333333333336,0,
1127,2026-08-03 20:53:54,1,9,1,9,pbbbpbbb,b,b,1.0,50.374064837905244,0,
235,2026-08-03 20:55:30,1,10,2,9,bpbbpbbp,b,p,0.0,53.92545598731166,0,
1128,2026-08-03 20:58:23,1,9,1,9,bpppbbbb,b,b,1.0,51.37777777777778,0,
236,2026-08-03 21:02:06,1,10,2,9,pbbpbbpp,p,p,1.0,50.43327556325823,0,
237,2026-08-04 07:16:05,1,10,2,9,pbpbpbbp,b,b,1.0,53.333333333333336,0,
238,2026-08-04 07:18:27,1,10,2,9,bpbbbbpp,b,b,1.0,50.0,0,
1129,2026-08-04 07:19:46,1,9,1,9,bpbbbppp,b,p,0.0,50.23041474654379,0,
239,2026-08-04 07:20:52,1,10,2,9,pbbppbbp,b,b,1.0,66.66666666666666,0,
1130,2026-08-04 07:21:51,1,9,1,9,bpbbbpbp,b,b,1.0,50.20341741253051,0,
1131,2026-08-04 07:40:34,1,9,1,9,bpppbpbp,b,b,1.0,52.67857142857143,0,
1132,2026-08-04 07:41:51,1,9,1,9,bpbpbpbp,p,b,0.0,50.04436557231588,0,
1133,2026-08-04 07:43:30,1,9,1,9,pbbbbbbp,b,b,1.0,50.707964601769916,0,
1134,2026-08-04 07:45:11,1,9,1,9,pbpbpbbb,b,p,0.0,50.59121621621622,0,
240,2026-08-04 07:48:01,1,10,2,9,pbppbbpb,p,b,0.0,50.53674649050372,0,
241,2026-08-04 07:49:18,1,10,2,9,bpbbpppp,b,b,1.0,52.1415270018622,0,
1135,2026-08-04 07:50:43,1,9,1,9,pbppppbb,b,b,1.0,50.316169828364956,0,
242,2026-08-04 08:08:18,1,10,2,9,pbpbbpbp,p,p,1.0,51.56382079459002,0,
243,2026-08-04 08:09:18,1,10,2,9,pbpbppbp,b,b,1.0,51.177536231884055,0,
244,2026-08-04 08:12:18,1,10,2,9,bppbbppb,b,p,0.0,51.1443661971831,0,
1136,2026-08-04 08:13:34,1,9,1,9,bpbpppbb,p,p,1.0,53.14685314685315,0,
245,2026-08-04 08:14:26,1,10,2,9,pbbppbpb,b,p,0.0,53.59531772575251,0,
246,2026-08-04 08:15:08,1,10,2,9,bppbbbbp,b,b,1.0,50.40286481647269,0,
1137,2026-08-04 08:16:42,1,9,1,9,bpbpbpbp,p,p,1.0,50.08849557522124,0,
247,2026-08-04 14:54:27,1,10,2,9,bpbbbbpb,b,p,0.0,52.0096463022508,0,
1138,2026-08-04 14:57:24,1,9,1,9,bpbppppp,b,b,1.0,60.0,0,
1139,2026-08-04 15:00:02,1,9,1,9,bppppppb,b,b,1.0,50.75757575757576,0,
248,2026-08-04 15:02:51,1,10,2,9,bppppbpb,b,p,0.0,55.55555555555556,0,
1140,2026-08-04 15:04:15,1,9,1,9,pbpbpbbb,b,p,0.0,50.588235294117645,0,
1141,2026-08-04 15:05:44,1,9,1,9,pbbbbbpp,p,p,1.0,50.0,0,
1142,2026-08-04 15:23:47,1,9,1,9,pbppppbp,b,b,1.0,53.16455696202531,0,
1143,2026-08-04 15:26:20,1,9,1,9,bpbpbppp,b,b,1.0,51.080380293863435,0,
1144,2026-08-04 15:31:14,1,9,1,9,bpbppppp,b,b,1.0,60.0,0,
1145,2026-08-04 15:32:39,1,9,1,9,bppppppb,b,p,0.0,50.75757575757576,0,
1146,2026-08-04 15:34:48,1,9,1,9,bpbbbppp,b,p,0.0,50.18248175182482,0,
249,2026-08-04 15:37:53,1,10,2,9,pbpbpbbp,b,b,1.0,53.333333333333336,0,
250,2026-08-04 15:52:31,1,10,2,9,pbpbbpbp,p,b,0.0,51.471825063078214,0,
1147,2026-08-04 15:53:17,1,9,1,9,pbbbbpbb,p,p,1.0,52.083333333333336,0,
1148,2026-08-04 15:55:23,1,9,1,9,bpbpbppp,b,b,1.0,51.122625215889464,0,
1149,2026-08-04 15:56:02,1,9,1,9,pbpbbbpp,b,p,0.0,50.09041591320072,0,
251,2026-08-04 15:58:28,1,10,2,9,pbbbbbpp,p,p,1.0,50.31963470319635,0,
1150,2026-08-04 16:00:26,1,9,1,9,pbpppbpp,b,b,1.0,50.667938931297705,0,
252,2026-08-04 16:01:44,1,10,2,9,bpbppppb,b,p,0.0,52.43478260869565,0,
1151,2026-08-05 10:49:51,1,9,1,9,pbpbbbpb,b,p,0.0,51.40112089671738,0,
1152,2026-08-05 10:51:24,1,9,1,9,bpbbbbbb,b,p,0.0,51.38772077375946,0,
1153,2026-08-05 10:53:34,1,9,1,9,bpbbbpbp,b,b,1.0,50.08064516129033,0,
1154,2026-08-05 10:54:20,1,9,1,9,bpppbpbb,b,p,0.0,50.43554006968641,0,
253,2026-08-05 10:57:01,1,10,2,9,bpbbbbbp,b,p,0.0,50.98206660973526,0,
1155,2026-08-05 10:59:20,1,9,1,9,bppppppb,b,p,0.0,50.37593984962406,0,
1156,2026-08-05 11:02:00,1,9,1,9,pbppppbb,b,p,0.0,50.402144772117964,0,
1157,2026-08-05 11:03:03,1,9,1,9,pbbbpbbb,b,b,1.0,50.37037037037037,0,
254,2026-08-05 14:29:53,1,10,2,9,pbbpbpbb,p,b,0.0,50.167785234899334,0,
255,2026-08-05 14:31:22,1,10,2,9,bpbppbpb,b,b,1.0,51.13732097725357,0,
1158,2026-08-05 14:32:21,1,9,1,9,bpbbbpbp,b,p,0.0,50.08038585209004,0,
256,2026-08-05 14:34:03,1,10,2,9,pbpbpppp,b,b,1.0,51.97841726618705,0,
1159,2026-08-05 14:36:49,1,9,1,9,bpbbbbbb,b,p,0.0,51.38772077375946,0,
257,2026-08-05 14:37:47,1,10,2,9,pbbpbpbb,p,p,1.0,50.167785234899334,0,
258,2026-08-05 14:57:57,1,10,2,9,pbbbbbpb,b,p,0.0,51.21527777777778,0,
1160,2026-08-05 14:59:07,1,9,1,9,bpbpbbbb,b,p,0.0,50.0,0,
259,2026-08-05 15:01:46,1,10,2,9,bppbppbb,b,b,1.0,50.987124463519315,0,
260,2026-08-05 15:02:40,1,10,2,9,pbpbpbpb,b,b,1.0,50.552251486830926,0,
1161,2026-08-05 15:06:29,1,9,1,9,pbbbpbpb,b,p,0.0,50.210260723296884,0,
1162,2026-08-05 15:08:27,1,9,1,9,bpppbpbb,b,b,1.0,50.43478260869565,0,
1163,2026-08-05 15:10:09,1,9,1,9,bpbpbpbp,b,b,1.0,50.13100436681223,0,
1164,2026-08-05 15:11:22,1,9,1,9,pbbbbbpp,p,p,1.0,50.0,0,
261,2026-08-05 15:29:47,1,10,2,9,bpbppppb,b,b,1.0,52.5,0,
262,2026-08-05 15:32:34,1,10,2,9,pbbpbbpb,b,b,1.0,50.114766641162966,0,
263,2026-08-05 15:35:12,1,10,2,9,pbbbbbbp,b,b,1.0,50.8296943231441,0,
264,2026-08-05 15:36:55,1,10,2,9,pbbppbpb,b,b,1.0,53.75103050288541,0,
1165,2026-08-05 16:44:01,1,9,1,9,pbppppbp,b,p,0.0,53.13404050144648,0,
1166,2026-08-05 16:45:51,1,9,1,9,bppppbpb,b,p,0.0,50.0,0,
265,2026-08-05 16:47:24,1,10,2,9,pbbppbbp,b,p,0.0,66.66666666666666,0,
266,2026-08-05 16:51:32,1,10,2,9,pbbppbpp,b,p,0.0,50.355871886120994,0,
1167,2026-08-05 16:52:12,1,9,1,9,bpbbbbpb,b,p,0.0,51.990445859872615,0,
1168,2026-08-05 16:53:44,1,9,1,9,pbbbpbpp,b,p,0.0,50.0,0,
267,2026-08-05 16:54:39,1,10,2,9,bpbbbbpp,b,p,0.0,50.0,0,
1169,2026-08-05 16:58:32,1,9,1,9,bppppbpb,b,p,0.0,50.0,0,
268,2026-08-05 16:59:34,1,10,2,9,pbppbpbb,p,p,1.0,51.072961373390555,0,
269,2026-08-05 17:00:20,1,10,2,9,pbbpbpbp,p,b,0.0,50.0,0,
1170,2026-08-05 17:01:10,1,9,1,9,bpbbbbpp,b,p,0.0,50.169204737732656,0,
270,2026-08-05 17:02:02,1,10,2,9,bppppbbp,b,p,0.0,52.87456445993032,0,
1171,2026-08-05 17:29:50,1,9,1,9,bpppbbbb,b,b,1.0,51.138353765324,0,
1172,2026-08-05 17:32:08,1,9,1,9,pbbbbppp,b,b,1.0,50.18214936247723,0,
1173,2026-08-05 17:33:13,1,9,1,9,bpbbbpbb,p,b,0.0,50.0,0,
1174,2026-08-05 17:34:52,1,9,1,9,pbpbbbbb,b,b,1.0,50.08474576271187,0,
1175,2026-08-05 17:51:16,1,9,1,9,pbbbpppp,b,b,1.0,54.52079566003617,0,
1176,2026-08-05 17:52:15,1,9,1,9,bpbpppbp,b,b,1.0,52.41379310344828,0,
1177,2026-08-05 17:53:41,1,9,1,9,bppppbpb,b,p,0.0,51.52801358234296,0,
271,2026-08-05 17:56:06,1,10,2,9,bpppppbb,p,b,0.0,50.0,0,
1178,2026-08-05 17:57:04,1,9,1,9,pbbbbppp,b,p,0.0,50.04541326067211,0,
1179,2026-08-05 17:58:14,1,9,1,9,pbpbpppp,b,b,1.0,59.44055944055944,0,
1180,2026-08-06 09:25:54,1,9,1,9,pbbbbbpb,b,p,0.0,50.0,0,
272,2026-08-06 09:28:18,1,10,2,9,bppbbpbb,b,b,1.0,50.0,0,
1181,2026-08-06 09:29:56,1,9,1,9,pbbbbbpp,p,p,1.0,50.0,0,
1182,2026-08-06 09:35:06,1,9,1,9,bpppbbbb,b,p,0.0,51.004366812227076,0,
1183,2026-08-06 09:38:12,1,9,1,9,pbbbpbpp,p,p,1.0,50.78947368421053,0,
1184,2026-08-06 09:54:33,1,9,1,9,pbbbbppp,b,p,0.0,50.09041591320072,0,
1185,2026-08-06 09:57:09,1,9,1,9,pbpppbpb,p,p,1.0,52.25066195939982,0,
273,2026-08-06 09:58:08,1,10,2,9,pbppbpbp,p,b,0.0,51.88284518828452,0,
1186,2026-08-06 10:00:13,1,9,1,9,bpbpbbbp,b,p,0.0,52.21757322175732,0,
1187,2026-08-06 10:01:02,1,9,1,9,bppppbpb,b,b,1.0,51.52542372881356,0,
1188,2026-08-06 10:02:23,1,9,1,9,bpbbbbbp,b,p,0.0,51.09427609427609,0,
274,2026-08-06 10:03:14,1,10,2,9,pbbbbpbb,p,b,0.0,51.1608623548922,0,
1189,2026-08-06 10:04:56,1,9,1,9,bpppbpbp,b,p,0.0,52.35602094240838,0,
1190,2026-08-06 10:07:31,1,9,1,9,pbpbbbpb,b,b,1.0,51.38558986539984,0,
1191,2026-08-06 10:08:24,1,9,1,9,bpppppbp,b,p,0.0,51.55642023346303,0,
1192,2026-08-06 10:09:19,1,9,1,9,bpppppbb,p,p,1.0,51.28676470588235,0,
1193,2026-08-06 10:10:55,1,9,1,9,pbpppbbb,b,b,1.0,52.08510638297872,0,
275,2026-08-06 10:29:54,1,10,2,9,bppppbbp,b,b,1.0,52.97670405522001,0,
276,2026-08-06 10:31:52,1,10,2,9,bppbbpbp,b,b,1.0,50.76530612244898,0,
1194,2026-08-06 10:33:38,1,9,1,9,pbpppppb,b,b,1.0,51.66666666666667,0,
1195,2026-08-06 10:34:48,1,9,1,9,bpppbpbb,b,b,1.0,50.255972696245735,0,
277,2026-08-06 10:38:09,1,10,2,9,bpbbpbpb,p,p,1.0,51.32743362831859,0,
278,2026-08-06 15:15:19,1,10,2,9,pbpbppbp,b,p,0.0,51.23893805309735,0,
1196,2026-08-06 15:16:22,1,9,1,9,pbbbbppp,b,p,0.0,50.0,0,
279,2026-08-06 15:19:08,1,10,2,9,bpppppbp,b,b,1.0,51.54738878143134,0,
280,2026-08-06 15:20:26,1,10,2,9,pbbbbbpb,b,p,0.0,51.192504258943785,0,
1197,2026-08-06 15:21:53,1,9,1,9,bpbbbbbb,b,b,1.0,51.286307053941904,0,
281,2026-08-06 15:23:48,1,10,2,9,bpbbbbpb,b,b,1.0,51.8957345971564,0,
1198,2026-08-06 15:27:27,1,9,1,9,bpbpppbp,b,p,0.0,52.054794520547944,0,
1199,2026-08-06 15:29:09,1,9,1,9,pbbbbppp,b,p,0.0,50.0,0,
282,2026-08-06 15:30:47,1,10,2,9,pbppppbp,b,b,1.0,53.05343511450382,0,
1200,2026-08-06 15:32:59,1,9,1,9,pbbbbbpb,b,b,1.0,50.0,0,
1201,2026-08-06 16:12:13,1,9,1,9,pbpppppb,b,b,1.0,51.66666666666667,0,
1202,2026-08-06 16:13:15,1,9,1,9,bpppppbb,p,p,1.0,51.14364135407137,0,
1203,2026-08-06 16:14:42,1,9,1,9,pbbbpppp,b,p,0.0,54.48028673835126,0,
1204,2026-08-06 16:15:39,1,9,1,9,pbpbbbpb,b,p,0.0,51.49606299212598,0,
1205,2026-08-06 16:17:30,1,9,1,9,bpppbpbb,b,p,0.0,50.42444821731748,0,
1206,2026-08-06 16:18:40,1,9,1,9,bpbbbbbb,b,b,1.0,51.286307053941904,0,
283,2026-08-07 20:57:19,1,10,2,9,bppppppb,b,p,0.0,50.2868068833652,0,
1207,2026-08-07 20:59:14,1,9,1,9,bpbbbpbp,p,b,0.0,50.31645569620253,0,
1208,2026-08-07 21:00:19,1,9,1,9,bpppbpbb,b,p,0.0,50.54759898904801,0,
284,2026-08-07 21:01:37,1,10,2,9,bpbppbbp,b,p,0.0,52.19155844155844,0,
285,2026-08-07 21:03:00,1,10,2,9,bppbbppb,b,p,0.0,50.76660988074957,0,
1209,2026-08-07 21:04:34,1,9,1,9,pbppppbp,b,b,1.0,53.074739829706715,0,
1210,2026-08-07 21:25:23,1,9,1,9,bpbppppp,b,b,1.0,63.63636363636363,0,
286,2026-08-07 21:28:58,1,10,2,9,pbbpbbpp,p,b,0.0,50.20955574182733,0,
287,2026-08-07 21:29:54,1,10,2,9,bpbppppb,b,p,0.0,52.2804054054054,0,
1211,2026-08-07 21:35:18,1,9,1,9,bpbppppb,b,p,0.0,52.2804054054054,0,
1212,2026-08-07 21:36:23,1,9,1,9,pbbbbpbp,p,p,1.0,50.04205214465938,0,
1213,2026-08-07 21:37:15,1,9,1,9,pbbbpbpp,p,p,1.0,50.907519446845285,0,
1214,2026-08-07 21:38:04,1,9,1,9,bppppppb,b,p,0.0,50.37037037037037,0,
288,2026-08-07 21:40:01,1,10,2,9,bppbpbpb,p,p,1.0,51.005025125628144,0,
289,2026-08-08 10:14:38,1,10,2,9,pbbpbbpb,b,p,0.0,50.037565740045075,0,
290,2026-08-08 10:20:09,1,10,2,9,pbpbbpbp,p,b,0.0,51.724137931034484,0,
1215,2026-08-08 10:20:50,1,9,1,9,pbbbbppp,b,p,0.0,50.0,0,
291,2026-08-08 10:22:28,1,10,2,9,bpbpbbpp,b,b,1.0,50.08305647840532,0,
1216,2026-08-08 10:23:08,1,9,1,9,pbpbpppp,b,b,1.0,59.72222222222222,0,
1217,2026-08-08 13:57:29,1,9,1,9,pbpppbpb,p,p,1.0,52.11389128559103,0,
1218,2026-08-08 13:58:47,1,9,1,9,bpbbbbbb,b,p,0.0,51.14942528735632,0,
292,2026-08-08 13:59:43,1,10,2,9,pbppbbbb,p,p,1.0,50.255102040816325,0,
1219,2026-08-08 14:01:28,1,9,1,9,pbpppbbb,b,b,1.0,52.06751054852321,0,
293,2026-08-08 14:02:37,1,10,2,9,bpbbbbpp,b,p,0.0,50.0,0,
294,2026-08-08 14:04:56,1,10,2,9,bpbppppb,b,b,1.0,52.26510067114094,0,
1220,2026-08-08 14:18:20,1,9,1,9,bpbppppb,b,p,0.0,52.22129086336965,0,
1221,2026-08-08 14:19:17,1,9,1,9,pbpbpppb,b,b,1.0,52.69000853970965,0,
1222,2026-08-08 14:24:37,1,9,1,9,bpbbbpbb,p,b,0.0,50.0,0,
1223,2026-08-08 14:28:53,1,9,1,9,pbpbbbpp,b,b,1.0,50.175438596491226,0,
1224,2026-08-08 14:30:06,1,9,1,9,pbbbbpbp,p,p,1.0,50.04191114836547,0,
295,2026-08-08 14:31:26,1,10,2,9,bppbbppb,b,b,1.0,50.847457627118644,0,
296,2026-08-08 14:33:01,1,10,2,9,pbbbbppb,b,p,0.0,50.0,0,
1225,2026-08-08 14:47:25,1,9,1,9,pbbbpbpb,b,p,0.0,50.206100577081614,0,
1226,2026-08-08 14:51:06,1,9,1,9,pbpbbbbb,b,b,1.0,50.16528925619834,0,
297,2026-08-08 14:54:03,1,10,2,9,pbpbbpbp,p,b,0.0,51.7579721995094,0,
1227,2026-08-08 14:54:45,1,9,1,9,pbbbpppb,p,p,1.0,51.5638963360143,0,
298,2026-08-08 14:56:12,1,10,2,9,pbpbbpbp,p,b,0.0,51.7579721995094,0,
1228,2026-08-08 14:58:30,1,9,1,9,bpbbbbpp,b,p,0.0,50.04088307440719,0,
299,2026-08-08 15:48:50,1,10,2,9,bpbpbpbb,b,p,0.0,50.122649223221586,0,
300,2026-08-08 15:49:37,1,10,2,9,pbppbpbp,p,b,0.0,51.76085176085176,0,
301,2026-08-08 15:51:33,1,10,2,9,pbbppppp,b,b,1.0,50.73170731707317,0,
1229,2026-08-08 15:53:24,1,9,1,9,pbbbbpbb,p,b,0.0,52.348993288590606,0,
302,2026-08-08 15:54:28,1,10,2,9,bppbpbpp,b,p,0.0,51.83946488294314,0,
1230,2026-08-08 15:59:57,1,9,1,9,bpbpbpbp,p,b,0.0,50.04255319148936,0,
303,2026-08-08 16:06:24,1,10,2,9,pbbpbpbb,b,b,1.0,50.122850122850124,0,
304,2026-08-08 16:07:33,1,10,2,9,bppbpbpp,b,p,0.0,51.83946488294314,0,
1231,2026-08-08 16:09:28,1,9,1,9,bpbpbpbb,b,b,1.0,50.0,0,
1232,2026-08-08 16:10:46,1,9,1,9,pbpbbbbb,b,b,1.0,50.165016501650165,0,
1233,2026-08-09 11:49:06,1,9,1,9,pbpppbbb,b,b,1.0,52.30125523012552,0,
1234,2026-08-09 11:53:21,1,9,1,9,pbpbbbbp,b,p,0.0,50.349650349650354,0,
305,2026-08-09 11:54:30,1,10,2,9,bppbbpbb,p,p,1.0,50.564516129032256,0,
306,2026-08-09 11:55:18,1,10,2,9,pbppbbbb,p,b,0.0,50.37974683544304,0,
1235,2026-08-09 11:58:17,1,9,1,9,pbppppbb,b,b,1.0,50.301464254952634,0,
307,2026-08-09 11:59:47,1,10,2,9,pbbbbbpp,p,b,0.0,50.530973451327434,0,
1236,2026-08-09 12:14:45,1,9,1,9,bpbpppbb,p,p,1.0,53.06122448979592,0,
1237,2026-08-09 12:15:59,1,9,1,9,pbpppppb,b,b,1.0,50.81967213114754,0,
1238,2026-08-09 12:18:48,1,9,1,9,bpbbbpbb,p,p,1.0,50.0,0,
1239,2026-08-09 12:21:44,1,9,1,9,bppppbpb,b,b,1.0,51.698425849212924,0,
1240,2026-08-09 17:36:06,1,9,1,9,bpbpbppp,b,p,0.0,50.87281795511222,0,
308,2026-08-09 17:38:33,1,10,2,9,pbbpbbpp,b,b,1.0,50.0,0,
309,2026-08-09 17:42:15,1,10,2,9,bpbpbbbb,b,b,1.0,52.377115229653505,0,
1241,2026-08-09 17:43:00,1,9,1,9,bpbppppb,b,p,0.0,51.993355481727576,0,
1242,2026-08-09 17:45:25,1,9,1,9,bpbbbbpb,b,b,1.0,52.13675213675214,0,
310,2026-08-09 17:46:00,1,10,2,9,pbbbbppb,p,b,0.0,50.20781379883624,0,
311,2026-08-09 18:01:12,1,10,2,9,pbppbpbb,p,p,1.0,50.747508305647834,0,
312,2026-08-09 18:03:08,1,10,2,9,bpbbpbpb,p,p,1.0,51.6078431372549,0,
1243,2026-08-09 18:03:58,1,9,1,9,bpbbbbpp,p,b,0.0,50.16129032258064,0,
1244,2026-08-09 18:05:42,1,9,1,9,bppppppb,b,b,1.0,50.0,0,
1245,2026-08-09 18:06:56,1,9,1,9,pbpbpbbb,b,b,1.0,50.602409638554214,0,
1246,2026-08-09 18:26:07,1,9,1,9,bpppbbbb,b,p,0.0,51.146983857264225,0,
1247,2026-08-09 18:27:05,1,9,1,9,pbbbpppp,b,p,0.0,54.35356200527705,0,
313,2026-08-09 18:27:45,1,10,2,9,pbbppppp,b,p,0.0,50.91965150048403,0,
314,2026-08-09 18:29:34,1,10,2,9,pbpbbpbp,p,p,1.0,51.333872271624905,0,
315,2026-08-09 18:30:38,1,10,2,9,bpppppbp,b,b,1.0,51.50375939849624,0,
1248,2026-08-09 18:34:23,1,9,1,9,pbbbpppp,b,b,1.0,54.35356200527705,0,
316,2026-08-09 18:37:06,1,10,2,9,bppbbbbb,b,b,1.0,52.69360269360269,0,
317,2026-08-09 18:38:34,1,10,2,9,pbpppppb,b,p,0.0,50.81967213114754,0,
1249,2026-08-10 08:04:02,1,9,1,9,bpppppbb,p,p,1.0,50.0,0,
318,2026-08-10 08:05:31,1,10,2,9,bpbbppbp,b,b,1.0,53.08943089430894,0,
319,2026-08-10 08:19:19,1,10,2,9,pbppbbpb,p,b,0.0,50.58731401722788,0,
320,2026-08-10 08:20:45,1,10,2,9,bpppppbp,b,b,1.0,51.49253731343284,0,
321,2026-08-10 08:22:10,1,10,2,9,bppbpbbp,b,p,0.0,53.53218210361067,0,
322,2026-08-10 08:23:09,1,10,2,9,pbppbbpp,b,b,1.0,50.47454702329595,0,
1250,2026-08-10 08:24:02,1,9,1,9,pbpppbbb,b,p,0.0,52.20282626766417,0,
1251,2026-08-10 08:25:11,1,9,1,9,bpbbbbpb,b,p,0.0,52.08012326656395,0,
1252,2026-08-10 08:29:16,1,9,1,9,bpbbbpbp,b,b,1.0,50.038610038610045,0,
1253,2026-08-10 08:30:47,1,9,1,9,pbbbbppp,b,b,1.0,50.34843205574913,0,
323,2026-08-10 08:31:57,1,10,2,9,pbppppbp,b,p,0.0,53.216911764705884,0,
1254,2026-08-10 09:32:01,1,9,1,9,bpbbbpbp,b,p,0.0,50.11547344110855,0,
1255,2026-08-10 09:33:20,1,9,1,9,bpbpbpbb,b,b,1.0,50.0,0,
1256,2026-08-10 09:34:57,1,9,1,9,pbpbbbbp,b,b,1.0,50.3448275862069,0,
324,2026-08-10 09:36:02,1,10,2,9,pbbpbpbb,b,b,1.0,50.20177562550444,0,
325,2026-08-10 09:39:40,1,10,2,9,bpbppbpb,b,p,0.0,50.96618357487923,0,
326,2026-08-10 09:57:50,1,10,2,9,pbbbbbpb,b,b,1.0,51.362510322047896,0,
327,2026-08-10 09:59:42,1,10,2,9,pbbpbbbb,p,b,0.0,52.443754848719934,0,
1257,2026-08-10 10:02:28,1,9,1,9,pbpbbbpb,b,p,0.0,51.70842824601367,0,
1258,2026-08-10 10:04:36,1,9,1,9,pbpbbbpp,b,p,0.0,50.51546391752577,0,
1259,2026-08-10 10:06:08,1,9,1,9,pbbbbbpp,p,p,1.0,50.0,0,
1260,2026-08-10 10:10:47,1,9,1,9,bppppbpb,b,p,0.0,51.59183673469387,0,
1261,2026-08-10 10:11:52,1,9,1,9,pbbbpbpb,p,p,1.0,50.0,0,
328,2026-08-10 10:15:23,1,10,2,9,pbppbbpp,b,p,0.0,50.599315068493155,0,
1262,2026-08-10 10:17:55,1,9,1,9,pbpppppb,b,p,0.0,50.81967213114754,0,
329,2026-08-10 10:36:15,1,10,2,9,pbppbppb,b,b,1.0,51.929530201342274,0,
1263,2026-08-10 10:41:03,1,9,1,9,pbpppppb,b,b,1.0,50.81967213114754,0,
330,2026-08-10 10:43:21,1,10,2,9,bppbpbpp,b,p,0.0,51.96399345335515,0,
1264,2026-08-10 10:44:34,1,9,1,9,bpbbbbpp,p,b,0.0,50.03977724741448,0,
331,2026-08-10 10:45:50,1,10,2,9,pbpbbppb,p,p,1.0,50.36794766966476,0,
1265,2026-08-10 10:46:48,1,9,1,9,bpbpbbbp,b,p,0.0,52.491961414791,0,
332,2026-08-10 14:53:27,1,10,2,9,bpppppbb,p,b,0.0,50.0,0,
1266,2026-08-10 14:55:48,1,9,1,9,bpbpbpbb,b,b,1.0,50.0,0,
1267,2026-08-10 14:57:06,1,9,1,9,bppppbpb,b,b,1.0,51.549755301794455,0,
1268,2026-08-10 14:59:18,1,9,1,9,pbpbpbpp,b,b,1.0,51.59443990188062,0,
1269,2026-08-10 15:00:17,1,9,1,9,bpbbbpbp,b,p,0.0,50.07692307692307,0,
333,2026-08-10 15:01:40,1,10,2,9,bppppbbp,b,b,1.0,53.07820299500832,0,
1270,2026-08-10 15:18:22,1,9,1,9,bpppbbbp,p,b,0.0,50.0,0,
1271,2026-08-10 15:18:22,2,10,1,10,bpppbbbpb,,b,,0.0,1,예측 테이블에 값 없음
1272,2026-08-10 15:18:32,1,9,1,9,pbpbbbbp,b,b,1.0,50.34013605442177,0,
1273,2026-08-10 15:22:11,1,9,1,9,bpppbbbb,b,p,0.0,51.05130361648445,0,
1274,2026-08-10 15:22:22,1,9,1,9,bpppppbp,b,b,1.0,51.24884366327475,0,
334,2026-08-10 15:26:23,1,10,2,9,pbbppppb,p,p,1.0,51.83028286189683,0,
1275,2026-08-10 15:39:10,1,9,1,9,bpbbbbpp,p,p,1.0,50.079365079365076,0,
1276,2026-08-10 15:40:32,1,9,1,9,bpppbpbb,b,b,1.0,50.49342105263158,0,
1277,2026-08-10 15:41:06,1,9,1,9,pbpbpbpp,b,p,0.0,51.62866449511401,0,
1278,2026-08-10 15:44:32,1,9,1,9,pbpppbbb,b,b,1.0,52.102225886232475,0,
1279,2026-08-10 15:45:26,1,9,1,9,pbpbpppp,b,b,1.0,58.333333333333336,0,
1280,2026-08-10 15:46:56,1,9,1,9,bpbpbpbp,p,b,0.0,50.54393305439331,0,
1281,2026-08-10 16:24:07,1,9,1,9,pbppppbp,b,b,1.0,52.770208900999094,0,
1282,2026-08-10 16:24:53,1,9,1,9,pbpbpbpp,b,p,0.0,51.586655817738006,0,
1283,2026-08-10 16:27:02,1,9,1,9,bpbppppp,b,b,1.0,63.934426229508205,0,
1284,2026-08-10 16:29:16,1,9,1,9,bpbbbppp,b,p,0.0,50.60344827586207,0,
335,2026-08-10 16:30:35,1,10,2,9,bpbbbbpb,b,p,0.0,51.98776758409785,0,
336,2026-08-10 16:35:45,1,10,2,9,pbbpbbbb,p,b,0.0,52.54237288135594,0,
1285,2026-08-11 10:08:00,1,9,1,9,pbbbpppp,b,b,1.0,53.979238754325266,0,
1286,2026-08-11 10:08:45,1,9,1,9,bpppbbbp,p,p,1.0,50.0,0,
1287,2026-08-11 10:09:58,1,9,1,9,bpbbbbbb,b,p,0.0,51.6179952644041,0,
1288,2026-08-11 10:13:36,1,9,1,9,bpbbbbbb,b,p,0.0,51.6179952644041,0,
1289,2026-08-11 10:14:36,1,9,1,9,pbbbpbpb,p,b,0.0,50.040290088638194,0,
1291,2026-08-11 10:17:46,2,10,1,10,bppppbpbp,,b,,0.0,1,예측 테이블에 값 없음
1290,2026-08-11 10:17:46,1,9,1,9,bppppbpb,b,p,0.0,51.3776337115073,0,
337,2026-08-11 10:36:39,1,10,2,9,bpbppbpb,b,p,0.0,51.15537848605578,0,
338,2026-08-11 10:41:24,1,10,2,9,pbbppppb,p,p,1.0,51.69002473206925,0,
1292,2026-08-11 10:41:55,1,9,1,9,bpppbpbb,b,b,1.0,50.368550368550366,0,
339,2026-08-11 10:43:00,1,10,2,9,pbbppbbp,b,p,0.0,66.66666666666666,0,
340,2026-08-11 10:49:06,1,10,2,9,bppbpppp,b,p,0.0,50.974930362116986,0,
1293,2026-08-11 10:49:53,1,9,1,9,bpppppbb,p,p,1.0,51.17698343504795,0,
341,2026-08-11 10:52:34,1,10,2,9,pbbpbbpp,b,b,1.0,50.0,0,
1294,2026-08-11 10:54:06,1,9,1,9,bpbbbpbp,p,p,1.0,50.15267175572519,0,
342,2026-08-11 11:12:39,1,10,2,9,pbpbpbbp,b,b,1.0,53.333333333333336,0,
1295,2026-08-11 11:14:53,1,9,1,9,pbppppbb,p,b,0.0,50.0,0,
343,2026-08-11 11:18:24,1,10,2,9,pbppbbpp,b,b,1.0,50.422297297297305,0,
1296,2026-08-11 11:20:42,1,9,1,9,bpppbpbb,b,b,1.0,50.36794766966476,0,
1297,2026-08-12 11:51:31,1,9,1,9,pbbbpbpp,p,b,0.0,50.46025104602511,0,
344,2026-08-12 11:56:05,1,10,2,9,bppppbpb,b,p,0.0,55.55555555555556,0,
1298,2026-08-12 11:57:50,1,9,1,9,bpbpbppp,b,b,1.0,50.60827250608273,0,
345,2026-08-12 11:59:27,1,10,2,9,pbbpbbpp,b,b,1.0,50.0,0,
1299,2026-08-12 12:01:13,1,9,1,9,pbbbbbbp,b,b,1.0,50.53497942386831,0,
346,2026-08-12 12:01:29,1,10,2,9,pbpbpbbp,b,p,0.0,53.333333333333336,0,
1300,2026-08-12 12:03:17,1,9,1,9,bpppbbbb,b,p,0.0,50.7910074937552,0,
1301,2026-08-12 12:06:19,1,9,1,9,pbpbpppb,b,p,0.0,52.78688524590164,0,
1302,2026-08-12 12:07:43,1,9,1,9,bpbpppbb,p,p,1.0,52.666666666666664,0,
1303,2026-08-12 12:09:01,1,9,1,9,bpbpbbbp,b,p,0.0,52.46422893481717,0,
347,2026-08-12 12:09:14,1,10,2,9,pbppppbp,b,b,1.0,52.89330922242315,0,
348,2026-08-12 12:12:07,1,10,2,9,pbbbbbpb,b,p,0.0,51.229508196721305,0,
1304,2026-08-12 12:12:16,1,9,1,9,pbpbbbbp,b,b,1.0,51.33333333333333,0,
349,2026-08-12 12:36:54,1,10,2,9,pbppbbpb,p,b,0.0,50.803366488140774,0,
350,2026-08-12 12:37:59,1,10,2,9,bpbppppp,b,p,0.0,52.7802294792586,0,
1305,2026-08-12 12:38:11,1,9,1,9,bpbbbbpp,p,p,1.0,50.11801730920536,0,
1306,2026-08-12 12:39:43,1,9,1,9,pbbbpppp,b,b,1.0,53.93162393162393,0,
1307,2026-08-12 12:41:45,1,9,1,9,bpppbbbp,p,b,0.0,50.0,0,
1308,2026-08-12 12:57:42,1,9,1,9,pbbbpppp,b,p,0.0,54.010238907849825,0,
1309,2026-08-12 12:58:22,1,9,1,9,bpppppbb,p,b,0.0,50.99567099567099,0,
351,2026-08-12 12:59:48,1,10,2,9,pbpbppbp,b,b,1.0,51.18043844856661,0,
1310,2026-08-12 12:59:58,1,9,1,9,bpppbppp,b,p,0.0,52.71317829457365,0,
1311,2026-08-12 13:01:32,1,9,1,9,pbpbbbbp,b,b,1.0,51.65562913907284,0,
1312,2026-08-13 08:16:39,1,9,1,9,bpppppbp,b,p,0.0,51.50136487716106,0,
352,2026-08-13 08:20:42,1,10,2,9,pbppppbb,p,b,0.0,50.16750418760469,0,
353,2026-08-13 08:23:24,1,10,2,9,bpbbpbpb,p,p,1.0,51.726784343821954,0,
1313,2026-08-13 08:24:54,1,9,1,9,pbpppbpp,b,b,1.0,50.65502183406113,0,
1314,2026-08-13 08:26:07,1,9,1,9,pbbbpbpp,p,p,1.0,50.416666666666664,0,
1315,2026-08-13 08:26:43,1,9,1,9,bpppbbbb,b,b,1.0,50.74503311258278,0,
1316,2026-08-13 08:27:29,1,9,1,9,bpbbbpbp,p,b,0.0,50.30349013657056,0,
1317,2026-08-13 08:46:34,1,9,1,9,pbpppppb,b,b,1.0,50.4,0,
1318,2026-08-13 08:47:10,1,9,1,9,pbbbbpbb,p,p,1.0,52.28758169934641,0,
1319,2026-08-13 08:47:56,1,9,1,9,bpbbbppp,b,b,1.0,50.25423728813559,0,
354,2026-08-13 08:50:30,1,10,2,9,bpbbpbpb,p,b,0.0,51.726784343821954,0,
1320,2026-08-13 08:52:00,1,9,1,9,pbpbpbpp,b,p,0.0,51.493139628732855,0,
1321,2026-08-13 08:52:48,1,9,1,9,pbpppbpp,b,b,1.0,50.522648083623686,0,
1322,2026-08-13 09:11:17,1,9,1,9,pbpbbbpb,b,p,0.0,51.90440627333831,0,
1323,2026-08-13 09:14:04,1,9,1,9,bpppbpbp,b,p,0.0,52.13815789473685,0,
1324,2026-08-13 09:15:51,1,9,1,9,pbbbbppp,b,b,1.0,50.71729957805907,0,
355,2026-08-13 09:16:45,1,10,2,9,pbbpbbbb,p,b,0.0,52.475247524752476,0,
1325,2026-08-13 09:19:28,1,9,1,9,pbbbpppb,p,b,0.0,51.2998266897747,0,
1326,2026-08-13 09:21:14,1,9,1,9,bpbbbbbp,b,p,0.0,50.91487669053302,0,
1327,2026-08-13 09:22:02,1,9,1,9,pbbbbpbb,p,b,0.0,52.28758169934641,0,
356,2026-08-13 09:23:26,1,10,2,9,bpbppppb,b,p,0.0,51.98059822150364,0,
1328,2026-08-13 09:29:02,1,9,1,9,pbbbbbpp,p,b,0.0,50.0,0,
1329,2026-08-13 09:31:13,1,9,1,9,pbbbbbpb,b,p,0.0,50.0,0,
1330,2026-08-13 17:52:13,1,9,1,9,bpbbbpbb,p,p,1.0,50.03584229390681,0,
1331,2026-08-13 17:52:23,1,9,1,9,bppppbpb,b,b,1.0,51.40336808340016,0,
1332,2026-08-13 18:24:52,1,9,1,9,bppppbpb,b,b,1.0,51.40336808340016,0,
1333,2026-08-13 18:28:47,1,9,1,9,bppppppb,b,b,1.0,50.0,0,
1334,2026-08-13 18:31:16,1,9,1,9,bpppbppp,b,p,0.0,52.307692307692314,0,
1335,2026-08-13 18:32:46,1,9,1,9,pbppppbp,b,b,1.0,52.702702702702695,0,
1336,2026-08-13 18:35:24,1,9,1,9,bpbbbbbp,b,b,1.0,50.91487669053302,0,
1337,2026-08-13 18:39:39,1,9,1,9,bpppppbp,b,p,0.0,51.40781108083561,0,
357,2026-08-13 18:46:19,1,10,2,9,bpbpbpbb,b,p,0.0,50.314465408805034,0,
358,2026-08-13 18:46:34,1,10,2,9,pbpbbpbb,b,b,1.0,50.69230769230769,0,
1338,2026-08-13 18:46:46,1,9,1,9,pbpppbpb,p,p,1.0,51.95670274771024,0,
1339,2026-08-13 18:47:01,1,9,1,9,bpppppbp,b,p,0.0,51.40781108083561,0,
1340,2026-08-13 18:47:01,2,10,1,10,bpppppbpp,,p,,0.0,1,예측 테이블에 값 없음
1342,2026-08-13 18:47:22,2,10,1,10,bppppbbbb,,b,,0.0,1,예측 테이블에 값 없음
1341,2026-08-13 18:47:22,1,9,1,9,bppppbbb,p,b,0.0,51.63934426229508,0,
359,2026-08-13 18:47:37,1,10,2,9,pbpbppbp,b,p,0.0,51.04953820319059,0,
1343,2026-08-13 18:47:55,1,9,1,9,pbpppbpb,p,p,1.0,51.95670274771024,0,
1345,2026-08-13 18:48:11,2,10,1,10,bpppbbbpb,,p,,0.0,1,예측 테이블에 값 없음
1344,2026-08-13 18:48:11,1,9,1,9,bpppbbbp,p,b,0.0,50.0,0,
1346,2026-08-13 18:48:24,1,9,1,9,bpbpbpbp,p,p,1.0,50.45567522783762,0,
1347,2026-08-13 18:48:37,1,9,1,9,pbbbpppp,b,b,1.0,53.98981324278438,0,
360,2026-08-13 18:48:47,1,10,2,9,bppppppp,p,b,0.0,57.14285714285714,0,
1348,2026-08-13 18:49:07,1,9,1,9,bpppbpbp,b,p,0.0,52.13815789473685,0,
1349,2026-08-13 18:49:07,2,10,1,10,bpppbpbpp,,b,,0.0,1,예측 테이블에 값 없음
1350,2026-08-13 18:49:28,1,9,1,9,pbbbpbpp,b,p,0.0,50.0,0,
1351,2026-08-13 18:49:28,2,10,1,10,pbbbpbppp,,p,,0.0,1,예측 테이블에 값 없음
1352,2026-08-13 19:15:00,1,9,1,9,bpbbbbbb,b,p,0.0,51.44418423106948,0,
361,2026-08-13 19:18:02,1,10,2,9,pbpbbpbb,b,b,1.0,50.69124423963134,0,
1353,2026-08-13 19:19:19,1,9,1,9,bpppbpbp,b,p,0.0,52.170352170352174,0,
362,2026-08-13 19:21:34,1,10,2,9,bpppppbb,p,p,1.0,50.94664371772806,0,
363,2026-08-13 19:22:55,1,10,2,9,bpbpbbpb,b,b,1.0,50.35238841033672,0,
1354,2026-08-13 19:26:44,1,9,1,9,bpbpbbbp,b,b,1.0,52.63987391646966,0,
364,2026-08-13 19:29:41,1,10,2,9,pbpbbpbp,p,b,0.0,51.18483412322274,0,
365,2026-08-13 19:31:14,1,10,2,9,bpbbpbbp,b,p,0.0,53.5899333826795,0,
366,2026-08-13 19:33:03,1,10,2,9,bpbbbbpp,p,p,1.0,50.03909304143862,0,
1355,2026-08-13 19:38:32,1,9,1,9,pbpbpbpp,b,p,0.0,51.64394546912591,0,
367,2026-08-13 19:39:34,1,10,2,9,pbpbbbbb,b,p,0.0,50.55467511885895,0,
1356,2026-08-13 19:41:40,1,9,1,9,pbpppbpp,b,p,0.0,50.47701647875108,0,
368,2026-08-13 19:44:01,1,10,2,9,bppppbpb,b,b,1.0,55.55555555555556,0,
1357,2026-08-13 19:45:37,1,9,1,9,bpbbbbbb,b,b,1.0,51.44418423106948,0,
1358,2026-08-13 19:47:30,1,9,1,9,bpbpbbbb,b,b,1.0,50.0,0,
1359,2026-08-13 19:47:47,1,9,1,9,pbpbpbpp,b,p,0.0,51.64394546912591,0,
1360,2026-08-13 19:48:01,1,9,1,9,bpppbbbb,b,p,0.0,50.78060805258833,0,
1361,2026-08-13 19:48:01,2,10,1,10,bpppbbbbp,,b,,0.0,1,예측 테이블에 값 없음
1362,2026-08-13 19:48:11,1,9,1,9,pbppppbp,b,b,1.0,52.782764811490125,0,
1363,2026-08-13 19:48:27,1,9,1,9,bpbbbbpp,p,p,1.0,50.03909304143862,0,
1364,2026-08-13 19:48:42,1,9,1,9,pbpbpppp,b,p,0.0,53.84615384615385,0,
1365,2026-08-13 19:48:42,2,10,1,10,pbpbppppp,,p,,0.0,1,예측 테이블에 값 없음
1366,2026-08-13 19:49:07,1,9,1,9,bpppbbbp,p,p,1.0,50.0,0,
1367,2026-08-13 19:49:28,1,9,1,9,pbpppbpp,b,b,1.0,50.47701647875108,0,
1368,2026-08-13 19:49:39,1,9,1,9,pbbbpppb,p,p,1.0,51.341991341991346,0,
1369,2026-08-13 19:49:56,1,9,1,9,pbbbbpbp,b,p,0.0,50.282942603071945,0,
1370,2026-08-13 19:49:56,2,10,1,10,pbbbbpbpp,,b,,0.0,1,예측 테이블에 값 없음
369,2026-08-15 12:41:35,1,10,2,9,bpbbbbpp,p,b,0.0,50.07788161993769,0,
1371,2026-08-15 12:42:00,1,9,1,9,pbbbpppb,p,p,1.0,51.384083044982695,0,
1372,2026-08-15 12:42:30,1,9,1,9,bpbbbppp,b,b,1.0,50.21132713440406,0,
370,2026-08-15 12:42:56,1,10,2,9,bpppppbp,b,p,0.0,51.449275362318836,0,
371,2026-08-15 12:43:27,1,10,2,9,bpppppbp,b,p,0.0,51.449275362318836,0,
1373,2026-08-15 12:43:49,1,9,1,9,pbbbpppb,p,p,1.0,51.384083044982695,0,
1374,2026-08-15 12:44:23,1,9,1,9,bpbpbpbp,p,p,1.0,50.49180327868853,0,
1375,2026-08-15 12:45:02,1,9,1,9,bpbbbppp,b,p,0.0,50.21132713440406,0,
1376,2026-08-15 12:45:31,1,9,1,9,pbppppbp,b,b,1.0,52.68336314847942,0,
372,2026-08-15 12:46:14,1,10,2,9,pbppppbb,p,p,1.0,50.24875621890548,0,
1377,2026-08-15 12:46:34,1,9,1,9,pbbbpbpb,p,b,0.0,50.235849056603776,0,
373,2026-08-15 12:47:05,1,10,2,9,bpbbppbb,p,p,1.0,51.79968701095462,0,
1378,2026-08-15 16:52:32,1,9,1,9,pbbbbbpp,p,p,1.0,50.0,0,
1379,2026-08-15 16:53:44,1,9,1,9,bpbbbbpb,b,b,1.0,51.95195195195195,0,
1380,2026-08-15 16:54:52,1,9,1,9,bpppppbb,p,b,0.0,50.98206660973526,0,
1381,2026-08-15 16:56:41,1,9,1,9,pbpppbbb,b,p,0.0,52.054794520547944,0,
1382,2026-08-15 16:57:42,1,9,1,9,bppppbpb,b,b,1.0,51.357827476038345,0,
374,2026-08-15 16:58:09,1,10,2,9,bppppbbp,b,p,0.0,52.66558966074314,0,
375,2026-08-15 16:58:58,1,10,2,9,pbpbpbpb,b,b,1.0,51.00080064051241,0,
376,2026-08-15 16:59:46,1,10,2,9,pbppbbpp,b,p,0.0,50.33277870216306,0,
377,2026-08-15 17:00:33,1,10,2,9,bpbbbbpb,b,p,0.0,51.95195195195195,0,
378,2026-08-15 17:02:45,1,10,2,9,bpbppppp,b,b,1.0,52.298352124891586,0,
1383,2026-08-15 17:03:56,1,9,1,9,pbpppbpb,p,p,1.0,51.82119205298014,0,
1384,2026-08-15 17:06:16,1,9,1,9,bpbbbpbb,p,p,1.0,50.10660980810234,0,
379,2026-08-15 17:08:07,1,10,2,9,bppbpbpp,b,p,0.0,52.22575516693164,0,
380,2026-08-15 17:09:59,1,10,2,9,pbbbbpbb,p,b,0.0,50.975800156128024,0,
1385,2026-08-15 17:10:40,1,9,1,9,bpbbbppp,b,b,1.0,50.29535864978904,0,
1386,2026-08-15 17:11:43,1,9,1,9,bpbbbppp,b,p,0.0,50.29535864978904,0,
1387,2026-08-15 17:11:55,1,9,1,9,bppppppb,b,b,1.0,50.0,0,
1388,2026-08-15 17:13:40,1,9,1,9,bpppppbb,p,p,1.0,50.98206660973526,0,
381,2026-08-15 17:14:39,1,10,2,9,pbppbbpb,p,b,0.0,50.86013462976814,0,
1389,2026-08-15 17:15:26,1,9,1,9,pbbbbbpp,p,p,1.0,50.0,0,
1390,2026-08-15 17:15:55,1,9,1,9,bpbbbbbb,b,b,1.0,51.479750778816204,0,
382,2026-08-15 17:17:43,1,10,2,9,pbbppppb,p,p,1.0,52.06143896523848,0,
1391,2026-08-15 17:18:58,1,9,1,9,bpppbpbb,b,b,1.0,50.32154340836013,0,
383,2026-08-15 17:20:27,1,10,2,9,bpbbpbpb,p,p,1.0,51.863117870722434,0,
384,2026-08-15 17:21:20,1,10,2,9,pbpppppb,b,p,0.0,50.87565674255692,0,
1392,2026-08-15 17:22:06,1,9,1,9,pbpbbbbp,b,b,1.0,51.31578947368421,0,
1393,2026-08-15 17:23:52,1,9,1,9,pbbbbpbb,p,p,1.0,52.28758169934641,0,
385,2026-08-15 17:25:06,1,10,2,9,bppbbpbp,b,p,0.0,50.62893081761006,0,
386,2026-08-15 17:25:55,1,10,2,9,pbpbppbb,b,p,0.0,50.0,0,
1394,2026-08-15 17:27:19,1,9,1,9,bpppbpbp,b,b,1.0,52.163265306122454,0,
1395,2026-08-15 17:28:56,1,9,1,9,bpbbbbbb,b,p,0.0,51.479750778816204,0,
387,2026-08-15 17:30:13,1,10,2,9,bpbppppb,b,b,1.0,51.929260450160776,0,
1396,2026-08-15 17:30:52,1,9,1,9,bppppbpb,b,p,0.0,51.357827476038345,0,
1397,2026-08-15 17:32:25,1,9,1,9,pbpppppb,b,p,0.0,50.79365079365079,0,
1398,2026-08-15 17:32:40,1,9,1,9,pbbbbpbb,p,b,0.0,52.28758169934641,0,
388,2026-08-15 17:42:05,1,10,2,9,pbbpbbpp,b,b,1.0,50.0,0,
1399,2026-08-15 17:50:11,1,9,1,9,pbbbbppp,b,p,0.0,50.7112970711297,0,
389,2026-08-15 17:53:38,1,10,2,9,bpbbbbbp,b,b,1.0,50.98970704671417,0,
1400,2026-08-15 17:56:16,1,9,1,9,bpppbpbb,b,b,1.0,50.32154340836013,0,
390,2026-08-15 17:56:28,1,10,2,9,bppbpbpp,b,b,1.0,52.22575516693164,0,
1401,2026-08-15 17:58:28,1,9,1,9,bpbbbbpb,b,p,0.0,51.95195195195195,0,
391,2026-08-15 17:58:39,1,10,2,9,pbbpbppb,p,b,0.0,50.14925373134328,0,
1402,2026-08-15 18:00:40,1,9,1,9,bpbpppbp,b,p,0.0,52.94117647058824,0,
392,2026-08-15 18:02:33,1,10,2,9,bpbpbbbb,b,b,1.0,52.083333333333336,0,
1403,2026-08-15 18:03:27,1,9,1,9,pbbbbpbp,b,p,0.0,50.441767068273094,0,
1404,2026-08-15 18:04:12,1,9,1,9,bpbbbpbp,p,b,0.0,50.074738415545596,0,
393,2026-08-15 18:06:20,1,10,2,9,pbbbbpbp,b,b,1.0,50.441767068273094,0,
1405,2026-08-15 18:07:16,1,9,1,9,bpppppbp,b,p,0.0,51.449275362318836,0,
394,2026-08-15 18:07:40,1,10,2,9,pbppbpbp,p,p,1.0,51.63043478260869,0,
1406,2026-08-15 18:09:32,1,9,1,9,pbbbbbpb,b,b,1.0,50.0,0,
395,2026-08-15 18:09:40,1,10,2,9,pbbbbbpb,b,b,1.0,51.25709651257097,0,
1407,2026-08-15 18:12:02,1,9,1,9,bppppbbb,p,p,1.0,52.03252032520326,0,
1408,2026-08-15 18:13:01,1,9,1,9,bpbpppbb,p,b,0.0,51.633986928104584,0,
396,2026-08-15 18:14:43,1,10,2,9,bpbbbbbb,b,b,1.0,51.479750778816204,0,
397,2026-08-15 18:14:48,1,10,2,9,bppbppbp,p,b,0.0,55.00000000000001,0,
398,2026-08-15 18:16:19,1,10,2,9,bpbpbpbp,p,b,0.0,50.49099836333879,0,
1409,2026-08-15 18:18:25,1,9,1,9,bpppbpbb,b,p,0.0,50.32154340836013,0,
399,2026-08-15 18:19:53,1,10,2,9,pbbbbbbp,b,b,1.0,50.40650406504065,0,
1410,2026-08-15 18:22:04,1,9,1,9,bpppbpbp,b,b,1.0,52.163265306122454,0,
400,2026-08-15 18:22:48,1,10,2,9,pbbbbpbb,p,b,0.0,50.975800156128024,0,
1411,2026-08-15 18:24:14,1,9,1,9,pbpbbbpp,b,b,1.0,50.251677852349,0,
1412,2026-08-15 18:24:42,1,9,1,9,bpppppbb,p,p,1.0,50.98206660973526,0,
1413,2026-08-15 18:25:27,1,9,1,9,bppppbbb,p,p,1.0,52.03252032520326,0,
401,2026-08-15 18:26:14,1,10,2,9,bppbppbb,b,p,0.0,50.80128205128205,0,
1414,2026-08-16 10:49:27,1,9,1,9,bpbppppb,b,p,0.0,51.88755020080321,0,
402,2026-08-16 10:50:12,1,10,2,9,pbbppppp,b,p,0.0,51.25348189415042,0,
403,2026-08-16 10:50:54,1,10,2,9,pbbpbpbp,p,p,1.0,52.20364741641338,0,
1415,2026-08-16 10:52:52,1,9,1,9,bpbbbbbb,b,b,1.0,51.515151515151516,0,
404,2026-08-16 10:53:16,1,10,2,9,bppbbbbp,p,p,1.0,50.08210180623974,0,
405,2026-08-16 10:56:14,1,10,2,9,pbpbbbbb,b,b,1.0,50.51221434200157,0,
406,2026-08-16 10:56:30,1,10,2,9,bppbbppb,b,p,0.0,51.7799352750809,0,
407,2026-08-16 10:58:05,1,10,2,9,bpbbbbbp,b,b,1.0,50.988142292490124,0,
1416,2026-08-16 10:59:06,1,9,1,9,bpppbpbb,b,p,0.0,50.28112449799197,0,
1417,2026-08-16 11:01:23,1,9,1,9,pbbbpppb,p,b,0.0,51.37931034482759,0,
408,2026-08-16 11:02:44,1,10,2,9,pbbpbbbb,p,b,0.0,52.52449133383572,0,
409,2026-08-16 11:04:15,1,10,2,9,pbpbbpbb,b,b,1.0,50.648360030511064,0,
1418,2026-08-16 11:06:03,1,9,1,9,bpbbbpbb,p,b,0.0,50.070921985815595,0,
1419,2026-08-16 11:06:29,1,9,1,9,bpbpppbp,b,b,1.0,52.94117647058824,0,
1420,2026-08-16 11:08:30,1,9,1,9,pbbbbpbp,b,p,0.0,50.441767068273094,0,
1421,2026-08-16 11:09:02,1,9,1,9,pbppppbb,p,p,1.0,50.0,0,
410,2026-08-16 11:10:19,1,10,2,9,bpbbpbbp,b,p,0.0,53.64238410596026,0,
1422,2026-08-16 11:11:14,1,9,1,9,bpbpbppp,b,b,1.0,50.5564387917329,0,
1423,2026-08-16 11:12:50,1,9,1,9,pbpbpbpp,b,p,0.0,51.433121019108285,0,
1424,2026-08-16 11:13:18,1,9,1,9,bpppbpbb,b,b,1.0,50.28112449799197,0,
1425,2026-08-16 11:13:58,1,9,1,9,bpbppppp,b,b,1.0,63.1578947368421,0,
411,2026-08-16 11:16:21,1,10,2,9,bpbbbbpb,b,b,1.0,51.98799699924981,0,
1426,2026-08-16 11:16:50,1,9,1,9,bpbbbpbp,p,p,1.0,50.07462686567165,0,
1427,2026-08-16 11:18:01,1,9,1,9,pbbbbppp,b,p,0.0,50.75125208681135,0,
1428,2026-08-16 11:18:50,1,9,1,9,pbpppbpb,p,b,0.0,51.86104218362283,0,
1429,2026-08-16 11:38:23,1,9,1,9,pbppppbb,p,p,1.0,50.206440957886045,0,
1430,2026-08-16 11:40:00,1,9,1,9,pbbbbbpp,p,p,1.0,50.0,0,
412,2026-08-16 11:40:18,1,10,2,9,bpbbppbp,b,p,0.0,53.24472243940579,0,
413,2026-08-16 11:41:26,1,10,2,9,bpbpbbbb,b,p,0.0,52.08012326656395,0,
1431,2026-08-16 11:45:26,1,9,1,9,bpbbbbbp,b,b,1.0,50.988142292490124,0,
1432,2026-08-16 11:45:52,1,9,1,9,bpbpppbp,b,p,0.0,52.94117647058824,0,
1433,2026-08-16 11:48:01,1,9,1,9,bpbbbbpp,p,p,1.0,50.07776049766719,0,
1434,2026-08-16 11:48:32,1,9,1,9,bpppbbbb,b,p,0.0,50.652528548123975,0,
414,2026-08-16 11:49:59,1,10,2,9,pbpbppbb,b,p,0.0,50.0,0,
1435,2026-08-16 11:50:10,1,9,1,9,pbppppbb,p,b,0.0,50.206440957886045,0,
415,2026-08-16 11:52:18,1,10,2,9,bpbbbbpb,b,p,0.0,51.98501872659176,0,
416,2026-08-16 11:52:32,1,10,2,9,pbpbbpbb,b,p,0.0,50.72353389185073,0,
417,2026-08-16 11:54:18,1,10,2,9,bppbbbbp,p,p,1.0,50.08210180623974,0,
418,2026-08-16 11:55:27,1,10,2,9,pbbppbpp,b,b,1.0,50.7910074937552,0,
1436,2026-08-16 11:56:27,1,9,1,9,bpbppppb,b,p,0.0,51.92307692307693,0,
419,2026-08-16 11:57:23,1,10,2,9,pbbbbbbp,b,b,1.0,50.36555645816409,0,
1437,2026-08-16 11:59:22,1,9,1,9,bpbpbppp,b,b,1.0,50.55467511885895,0,
1438,2026-08-16 11:59:41,1,9,1,9,pbbbbpbp,b,b,1.0,50.48154093097913,0,
1439,2026-08-16 12:01:26,1,9,1,9,pbpbpppp,b,b,1.0,50.0,0,
420,2026-08-16 12:02:23,1,10,2,9,pbpbppbp,b,p,0.0,51.331114808652245,0,
1440,2026-08-16 12:04:40,1,9,1,9,pbpppbbb,b,b,1.0,52.051488334674175,0,
421,2026-08-16 12:05:17,1,10,2,9,bpbbbbbb,b,b,1.0,51.515151515151516,0,
422,2026-08-16 12:06:16,1,10,2,9,pbbbbpbp,b,p,0.0,50.48154093097913,0,
1441,2026-08-17 16:16:54,1,9,1,9,pbpbbbpb,b,b,1.0,52.20588235294118,0,
1442,2026-08-17 16:20:15,1,9,1,9,pbbbbpbp,b,p,0.0,50.441058540497195,0,
423,2026-08-17 16:21:09,1,10,2,9,pbbpbbbb,p,p,1.0,52.52069224981189,0,
1443,2026-08-17 16:23:45,1,9,1,9,bppppbbb,p,p,1.0,52.03252032520326,0,
1444,2026-08-17 16:25:20,1,9,1,9,pbpppbpb,p,p,1.0,51.81518151815182,0,
1445,2026-08-17 16:26:18,1,9,1,9,bpbppppp,b,p,0.0,63.1578947368421,0,
424,2026-08-17 16:27:42,1,10,2,9,pbpbbbbp,b,p,0.0,50.91779728651237,0,
425,2026-08-17 16:29:04,1,10,2,9,bpbbpppp,b,b,1.0,52.04778156996587,0,
426,2026-08-17 16:30:32,1,10,2,9,bpbbpbpp,b,b,1.0,50.97451274362819,0,
427,2026-08-17 16:31:37,1,10,2,9,pbpbpppp,b,p,0.0,51.567656765676574,0,
1446,2026-08-17 16:32:12,1,9,1,9,pbbbpbbb,b,b,1.0,50.15082956259427,0,
1447,2026-08-17 16:33:00,1,9,1,9,bpbbbpbb,p,p,1.0,50.21216407355021,0,
1448,2026-08-17 16:34:33,1,9,1,9,pbppppbp,b,b,1.0,52.72078501338091,0,
1449,2026-08-17 16:36:08,1,9,1,9,pbpbbbpp,b,b,1.0,50.16750418760469,0,
1450,2026-08-17 16:36:38,1,9,1,9,bpbbbbbb,b,b,1.0,51.512800620636156,0,
1451,2026-08-17 16:38:17,1,9,1,9,bppppbpb,b,p,0.0,51.39220365950676,0,
1452,2026-08-17 16:39:40,1,9,1,9,pbppppbp,b,p,0.0,52.72078501338091,0,
428,2026-08-17 16:41:02,1,10,2,9,pbppbbpp,b,p,0.0,50.3728251864126,0,
1453,2026-08-17 16:41:57,1,9,1,9,pbpbbbpb,b,p,0.0,52.20588235294118,0,
1454,2026-08-17 16:43:23,1,9,1,9,bpbbbbbp,b,b,1.0,50.988142292490124,0,
1455,2026-08-17 16:46:52,1,9,1,9,pbppppbp,b,b,1.0,52.72078501338091,0,
1456,2026-08-17 16:47:44,1,9,1,9,bppppbpb,b,p,0.0,51.39220365950676,0,
1457,2026-08-17 16:49:49,1,9,1,9,pbbbpbpb,p,p,1.0,50.274079874706345,0,
1458,2026-08-17 18:28:29,1,9,1,9,pbbbbpbb,p,p,1.0,52.5974025974026,0,
429,2026-08-17 18:30:18,1,10,2,9,bppbpbpb,p,b,0.0,50.43205027494109,0,
1459,2026-08-17 18:31:38,1,9,1,9,pbbbpbpp,p,p,1.0,50.12305168170632,0,
1460,2026-08-17 18:33:10,1,9,1,9,bpbbbbpb,b,b,1.0,52.05684367988033,0,
1461,2026-08-17 18:35:08,1,9,1,9,pbbbpbbb,b,b,1.0,50.15082956259427,0,
1462,2026-08-17 18:38:59,1,9,1,9,pbppppbb,p,b,0.0,50.288065843621396,0,
430,2026-08-17 18:41:14,1,10,2,9,bpbppbpb,b,p,0.0,51.13547376664056,0,
1463,2026-08-17 18:43:23,1,9,1,9,bpbbbpbp,p,p,1.0,50.148809523809526,0,
431,2026-08-17 18:44:48,1,10,2,9,bppppbpb,b,b,1.0,55.55555555555556,0,
1464,2026-08-17 18:47:02,1,9,1,9,bpbbbppp,b,b,1.0,50.33613445378151,0,
1465,2026-08-18 07:19:29,1,9,1,9,bpbbbppp,b,b,1.0,50.2928870292887,0,
1466,2026-08-18 07:20:49,1,9,1,9,bpbbbbbb,b,b,1.0,51.430781129157,0,
1467,2026-08-18 07:21:53,1,9,1,9,pbpbbbbp,b,b,1.0,51.61290322580645,0,
1468,2026-08-18 07:22:43,1,9,1,9,pbpppppb,b,b,1.0,50.3875968992248,0,
432,2026-08-18 07:25:13,1,10,2,9,pbbpbbbb,p,b,0.0,52.55639097744361,0,
1469,2026-08-18 07:26:28,1,9,1,9,pbpbbbpp,b,p,0.0,50.08347245409015,0,
1470,2026-08-18 07:29:27,1,9,1,9,pbpppbpp,b,p,0.0,50.64599483204134,0,
1471,2026-08-18 07:35:05,1,9,1,9,bpppbpbb,b,p,0.0,50.23961661341853,0,
433,2026-08-18 07:37:13,1,10,2,9,pbbpbppb,p,b,0.0,50.22288261515602,0,
1472,2026-08-18 07:39:07,1,9,1,9,bpbppppp,b,p,0.0,63.1578947368421,0,
434,2026-08-18 07:40:42,1,10,2,9,pbppbbpb,p,p,1.0,51.00222717149221,0,
435,2026-08-18 07:46:09,1,10,2,9,bpbbppbp,b,b,1.0,53.19314641744548,0,
1473,2026-08-18 07:47:34,1,9,1,9,bpbbbbpb,b,b,1.0,52.08955223880597,0,
436,2026-08-18 07:48:50,1,10,2,9,pbpppppb,b,b,1.0,50.99913119026933,0,
1474,2026-08-18 07:50:04,1,9,1,9,bpbppppp,b,p,0.0,63.1578947368421,0,
437,2026-08-18 07:52:05,1,10,2,9,bppbppbp,p,p,1.0,55.00000000000001,0,
438,2026-08-18 07:53:28,1,10,2,9,bpbbpbpp,b,b,1.0,50.89686098654709,0,
1475,2026-08-18 07:55:04,1,9,1,9,bppppbpb,b,b,1.0,51.38999205718825,0,
1476,2026-08-18 07:57:15,1,9,1,9,pbppppbb,p,p,1.0,50.32894736842105,0,
1477,2026-08-18 07:58:27,1,9,1,9,bpbpppbb,p,p,1.0,51.633986928104584,0,
1478,2026-08-18 08:02:19,1,9,1,9,pbppppbp,b,b,1.0,52.75800711743772,0,
439,2026-08-18 13:10:23,1,10,2,9,bppbppbp,p,p,1.0,55.00000000000001,0,
440,2026-08-18 13:12:13,1,10,2,9,bpbpbbpb,b,p,0.0,50.231124807396,0,
441,2026-08-18 13:13:14,1,10,2,9,bpbpbbpp,p,b,0.0,50.07861635220125,0,
1479,2026-08-18 13:14:49,1,9,1,9,bpppbbbb,b,b,1.0,50.6482982171799,0,
442,2026-08-18 13:16:30,1,10,2,9,bpbpbbbb,b,p,0.0,52.10727969348659,0,
1480,2026-08-18 13:17:44,1,9,1,9,pbbbbpbb,p,b,0.0,52.5974025974026,0,
1481,2026-08-18 13:19:27,1,9,1,9,bpbpbpbb,b,p,0.0,50.0,0,
443,2026-08-18 13:21:34,1,10,2,9,pbbpbbbb,p,b,0.0,52.59203606311045,0,
1482,2026-08-18 14:08:09,1,9,1,9,pbbbpbpp,b,p,0.0,50.0,0,
444,2026-08-18 14:10:00,1,10,2,9,pbpbppbp,b,b,1.0,51.362510322047896,0,
445,2026-08-18 14:11:44,1,10,2,9,bpbpbbpp,p,p,1.0,50.03927729772192,0,
1483,2026-08-18 14:13:22,1,9,1,9,bpbpppbb,p,p,1.0,51.633986928104584,0,
1484,2026-08-18 14:14:14,1,9,1,9,pbbbpbpb,p,b,0.0,50.467289719626166,0,
446,2026-08-18 14:15:25,1,10,2,9,pbbpbpbb,b,b,1.0,50.19394879751745,0,
447,2026-08-18 14:16:34,1,10,2,9,pbbppbbp,b,b,1.0,75.0,0,
448,2026-08-18 14:18:10,1,10,2,9,pbppbbbb,p,b,0.0,50.5229283990346,0,
1485,2026-08-18 14:19:18,1,9,1,9,bpbpppbb,p,b,0.0,51.633986928104584,0,
1486,2026-08-18 14:20:50,1,9,1,9,pbbbpbbb,b,b,1.0,50.112528132033006,0,
1487,2026-08-18 14:25:49,1,9,1,9,bpbbbbbb,b,p,0.0,51.50346954510409,0,
1488,2026-08-18 14:29:05,1,9,1,9,bpbbbppp,b,p,0.0,50.33333333333333,0,
1489,2026-08-18 14:30:30,1,9,1,9,bpbpppbb,p,b,0.0,51.633986928104584,0,
449,2026-08-18 14:34:20,1,10,2,9,bpppppbp,b,p,0.0,51.47982062780269,0,
1490,2026-08-18 14:36:09,1,9,1,9,pbppppbp,b,b,1.0,52.70629991126885,0,
450,2026-08-18 14:39:11,1,10,2,9,pbbpbbpp,b,p,0.0,50.0,0,
451,2026-08-18 14:40:13,1,10,2,9,pbbbbpbp,b,p,0.0,50.23847376788553,0,
452,2026-08-18 14:41:21,1,10,2,9,pbpppppb,b,p,0.0,50.86355785837651,0,
1491,2026-08-18 14:42:56,1,9,1,9,pbbbbbpb,b,b,1.0,50.0,0,
453,2026-08-18 14:45:40,1,10,2,9,bppbppbb,b,b,1.0,50.98970704671417,0,
1492,2026-08-18 14:46:38,1,9,1,9,pbbbbpbp,b,b,1.0,50.23847376788553,0,
1493,2026-08-18 14:49:45,1,9,1,9,bpppbppp,b,p,0.0,52.67175572519084,0,
454,2026-08-18 14:51:14,1,10,2,9,pbppppbb,p,p,1.0,50.205086136177194,0,
1494,2026-08-18 14:52:43,1,9,1,9,pbpbbbbb,b,p,0.0,50.58731401722788,0,
1495,2026-08-18 14:53:44,1,9,1,9,bpppppbb,p,b,0.0,50.930626057529615,0,
455,2026-08-18 14:54:57,1,10,2,9,bpbbbbbp,b,b,1.0,51.14263199369582,0,
1496,2026-08-18 14:57:06,1,9,1,9,pbbbbbbp,b,p,0.0,50.44390637610977,0,
456,2026-08-18 15:00:51,1,10,2,9,bppbpppp,b,p,0.0,50.85662759242561,0,
1497,2026-08-18 15:03:02,1,9,1,9,bpppbbbp,p,b,0.0,50.0,0,
457,2026-08-18 15:10:10,1,10,2,9,pbpbbbbp,b,b,1.0,50.9493670886076,0,
458,2026-08-18 15:11:16,1,10,2,9,bpbppppp,b,p,0.0,52.56849315068494,0,
459,2026-08-18 15:13:29,1,10,2,9,pbbpbbbb,p,b,0.0,52.47376311844077,0,
1498,2026-08-18 15:15:03,1,9,1,9,bppppbbb,p,b,0.0,52.03252032520326,0,
460,2026-08-18 15:17:17,1,10,2,9,pbbppppp,b,p,0.0,51.01102941176471,0,
1499,2026-08-18 15:19:51,1,9,1,9,pbpbbbbp,b,p,0.0,51.61290322580645,0,
1500,2026-08-18 15:22:09,1,9,1,9,pbbbpbpp,b,p,0.0,50.0,0,
1501,2026-08-18 16:03:59,1,9,1,9,bpbbbpbb,p,b,0.0,50.0,0,
461,2026-08-18 16:05:38,1,10,2,9,pbppbbpb,p,b,0.0,51.183431952662716,0,
462,2026-08-18 16:07:32,1,10,2,9,bpbbbbbp,b,b,1.0,51.14263199369582,0,
1502,2026-08-18 16:08:49,1,9,1,9,bppppbbb,p,p,1.0,52.03252032520326,0,
1503,2026-08-18 16:11:29,1,9,1,9,pbpbpbpb,b,b,1.0,50.0,0,
1504,2026-08-18 16:35:50,1,9,1,9,pbbbpbbb,b,b,1.0,50.112528132033006,0,
1505,2026-08-18 16:37:31,1,9,1,9,pbbbpppb,p,p,1.0,51.15483319076134,0,
1506,2026-08-18 16:39:52,1,9,1,9,bpbpbbbb,b,b,1.0,50.0,0,
1507,2026-08-18 16:42:13,1,9,1,9,bpppppbb,p,b,0.0,50.930626057529615,0,
463,2026-08-18 16:44:08,1,10,2,9,bpbppbpb,b,b,1.0,51.35975135975136,0,
1508,2026-08-18 16:47:04,1,9,1,9,pbpbpbpb,b,b,1.0,50.0,0,
1509,2026-08-18 16:49:25,1,9,1,9,pbpbbbpp,b,b,1.0,50.12468827930174,0,
1510,2026-08-18 16:52:24,1,9,1,9,pbpbbbbb,b,p,0.0,50.58731401722788,0,
464,2026-08-18 16:54:15,1,10,2,9,pbbppbbp,b,p,0.0,75.0,0,
1511,2026-08-18 16:55:42,1,9,1,9,bpbppppb,b,b,1.0,51.86953062848051,0,
1512,2026-08-18 17:03:44,1,9,1,9,bpbpbbbp,b,b,1.0,52.52918287937744,0,
465,2026-08-18 17:07:52,1,10,2,9,bpppppbb,p,b,0.0,50.930626057529615,0,
466,2026-08-18 17:12:08,1,10,2,9,pbbbbppb,p,p,1.0,50.03940110323089,0,
467,2026-08-18 17:14:44,1,10,2,9,pbbppbpb,b,p,0.0,53.63636363636364,0,
1513,2026-08-18 17:18:21,1,9,1,9,pbpbpppp,b,p,0.0,50.0,0,
468,2026-08-18 17:24:15,1,10,2,9,bpbbbbpp,p,b,0.0,50.11600928074246,0,
1514,2026-08-18 17:27:20,1,9,1,9,pbpppbbb,b,p,0.0,52.16,0,
469,2026-08-18 17:30:42,1,10,2,9,bpbppppb,b,p,0.0,51.86953062848051,0,
470,2026-08-18 17:32:42,1,10,2,9,pbbppbbp,b,b,1.0,75.0,0,
471,2026-08-18 18:04:14,1,10,2,9,bpbbppbp,b,p,0.0,53.091190108191654,0,
472,2026-08-18 18:05:49,1,10,2,9,bpbppppp,b,p,0.0,52.56849315068494,0,
1515,2026-08-18 18:07:38,1,9,1,9,pbpbbbbb,b,b,1.0,50.62597809076682,0,
1516,2026-08-18 18:09:18,1,9,1,9,pbbbbppp,b,p,0.0,50.66445182724253,0,
473,2026-08-18 18:14:21,1,10,2,9,pbbpbbpb,b,p,0.0,50.144300144300146,0,
474,2026-08-18 18:18:18,1,10,2,9,bpbpbbbb,b,b,1.0,52.027543993879114,0,
475,2026-08-18 18:20:00,1,10,2,9,bpbppbpp,b,p,0.0,54.54545454545454,0,
1517,2026-08-19 14:40:58,1,9,1,9,bpppbbbb,b,b,1.0,50.564516129032256,0,
1518,2026-08-19 14:44:02,1,9,1,9,bpbbbbpb,b,p,0.0,51.8463810930576,0,
1519,2026-08-19 14:45:20,1,9,1,9,bpbpbbbp,b,b,1.0,52.5989138867339,0,
1520,2026-08-19 14:47:50,1,9,1,9,pbbbpbbb,b,p,0.0,50.07496251874063,0,
476,2026-08-19 14:53:21,1,10,2,9,pbbbbbpb,b,b,1.0,51.527331189710615,0,
477,2026-08-19 14:55:41,1,10,2,9,pbbbbbpp,p,p,1.0,50.46179680940386,0,
1521,2026-08-19 14:56:52,1,9,1,9,bpbbbpbb,p,p,1.0,50.0,0,
478,2026-08-19 15:00:26,1,10,2,9,pbpbpppp,b,b,1.0,51.71849427168576,0,
1522,2026-08-19 15:04:17,1,9,1,9,pbbbbppp,b,b,1.0,50.58043117744611,0,
1523,2026-08-19 15:26:36,1,9,1,9,bpbppppb,b,b,1.0,51.86360031720857,0,
1524,2026-08-19 15:29:43,1,9,1,9,pbppppbb,p,b,0.0,50.28618152085037,0,
1525,2026-08-19 15:31:59,1,9,1,9,pbbbpbpp,b,b,1.0,50.0,0,
1526,2026-08-19 15:33:18,1,9,1,9,bpbbbbbb,b,b,1.0,51.46153846153846,0,
1527,2026-08-19 15:35:54,1,9,1,9,bpppbpbp,b,p,0.0,51.899757477768794,0,
479,2026-08-19 16:12:42,1,10,2,9,pbpbbbbp,b,p,0.0,50.86206896551724,0,
480,2026-08-19 16:13:36,1,10,2,9,bpbppbbp,b,p,0.0,52.420574886535555,0,
481,2026-08-19 16:15:37,1,10,2,9,pbppbbpp,b,p,0.0,50.287592440427275,0,
1528,2026-08-19 16:16:48,1,9,1,9,pbbbpppb,p,p,1.0,51.19453924914675,0,
1529,2026-08-19 16:21:41,1,9,1,9,bppppbbb,p,b,0.0,51.2,0,
1530,2026-08-19 16:23:29,1,9,1,9,bpppbbbp,p,b,0.0,50.0,0,
482,2026-08-20 01:31:47,1,10,2,9,pbppbpbb,p,p,1.0,50.7416081186573,0,
1531,2026-08-20 01:33:08,1,9,1,9,pbpppbpb,p,p,1.0,51.755102040816325,0,
483,2026-08-20 01:35:04,1,10,2,9,pbbbbpbp,b,p,0.0,50.47095761381476,0,
1532,2026-08-20 01:37:42,1,9,1,9,pbbbpbbb,b,b,1.0,50.11185682326622,0,
1533,2026-08-20 01:41:40,1,9,1,9,bpbppppb,b,p,0.0,51.694247438928286,0,
1534,2026-08-20 01:43:03,1,9,1,9,pbpbpppb,b,p,0.0,52.74027005559968,0,
1535,2026-08-20 01:46:27,1,9,1,9,bpbppppp,b,p,0.0,63.1578947368421,0,
1536,2026-08-20 20:02:47,1,9,1,9,bpbpppbp,b,p,0.0,52.903225806451616,0,
1537,2026-08-20 20:04:07,1,9,1,9,pbpppbpb,p,b,0.0,51.755102040816325,0,
484,2026-08-20 20:06:50,1,10,2,9,bppbppbb,b,b,1.0,50.747442958300546,0,
1538,2026-08-20 20:13:38,1,9,1,9,pbbbpbpp,b,b,1.0,50.0,0,
485,2026-08-20 20:16:16,1,10,2,9,bppbpppp,b,p,0.0,50.85049239033125,0,
1539,2026-08-20 20:17:22,1,9,1,9,bpbpppbb,p,b,0.0,51.94805194805194,0,
1540,2026-08-20 20:19:19,1,9,1,9,bppppbbb,p,b,0.0,51.2,0,
486,2026-08-20 20:22:35,1,10,2,9,pbpbbpbp,p,b,0.0,51.27413127413127,0,
487,2026-08-20 20:23:52,1,10,2,9,pbbbbpbb,p,b,0.0,51.18592195868401,0,
488,2026-08-20 20:25:16,1,10,2,9,bpbbpbpp,b,b,1.0,50.89153046062407,0,
1541,2026-08-20 20:28:03,1,9,1,9,bpbbbbbp,b,b,1.0,51.16640746500778,0,
1542,2026-08-20 20:29:12,1,9,1,9,bpbpbppp,b,b,1.0,50.42801556420233,0,
1543,2026-08-20 20:30:55,1,9,1,9,bpbbbbbp,b,b,1.0,51.16640746500778,0,
1544,2026-08-20 20:37:08,1,9,1,9,pbpbbbbb,b,p,0.0,50.466562986003105,0,
1545,2026-08-20 20:39:51,1,9,1,9,bpbbbbbb,b,b,1.0,51.45705521472392,0,
489,2026-08-20 20:41:53,1,10,2,9,bppppppb,b,b,1.0,50.26642984014209,0,
490,2026-08-21 08:15:27,1,10,2,9,pbbbbbpp,p,p,1.0,50.416666666666664,0,
1546,2026-08-21 08:16:27,1,9,1,9,pbpbpbpb,b,b,1.0,50.0,0,
1547,2026-08-21 08:19:29,1,9,1,9,pbpbbbpb,b,b,1.0,52.18023255813954,0,
491,2026-08-21 08:20:35,1,10,2,9,bpbbppbb,p,b,0.0,51.92901234567901,0,
492,2026-08-21 08:23:13,1,10,2,9,pbbppppp,b,p,0.0,50.86599817684594,0,
493,2026-08-21 08:24:23,1,10,2,9,pbbpbbpp,b,b,1.0,50.0,0,
494,2026-08-21 08:26:22,1,10,2,9,bpbbpbbp,b,b,1.0,53.734590282813635,0,
1548,2026-08-21 08:28:01,1,9,1,9,pbpppppb,b,b,1.0,50.3875968992248,0,
1549,2026-08-21 08:30:03,1,9,1,9,pbbbpbbb,b,p,0.0,50.11185682326622,0,
1550,2026-08-21 08:31:08,1,9,1,9,bpppbbbb,b,p,0.0,50.5229283990346,0,
495,2026-08-21 15:12:58,1,10,2,9,bpbbbbpp,p,p,1.0,50.26819923371647,0,
496,2026-08-21 15:14:17,1,10,2,9,bppppbpb,b,b,1.0,55.55555555555556,0,
1551,2026-08-21 15:15:02,1,9,1,9,bpbppppb,b,p,0.0,51.52941176470588,0,
497,2026-08-21 15:19:14,1,10,2,9,bpbbpbpp,b,p,0.0,50.99925980754997,0,
1552,2026-08-21 15:21:02,1,9,1,9,bpppbpbb,p,b,0.0,50.0,0,
1553,2026-08-21 15:22:29,1,9,1,9,pbpbbbpp,b,b,1.0,50.12366034624897,0,
1554,2026-08-21 15:24:48,1,9,1,9,bpppppbp,b,b,1.0,51.28432240921169,0,
1555,2026-08-21 15:25:49,1,9,1,9,bpbbbbbb,b,b,1.0,51.49196633511859,0,
1556,2026-08-21 15:46:52,1,9,1,9,bppppbpb,b,b,1.0,51.479750778816204,0,
498,2026-08-21 15:49:18,1,10,2,9,bppbpbpb,p,p,1.0,50.57736720554272,0,
499,2026-08-21 15:52:03,1,10,2,9,bpbbbbpp,p,p,1.0,50.26737967914438,0,
1557,2026-08-21 15:58:14,1,9,1,9,bpppbbbb,b,b,1.0,50.480000000000004,0,
500,2026-08-21 16:00:50,1,10,2,9,bpbpbpbb,b,b,1.0,50.26861089792786,0,
501,2026-08-21 16:02:47,1,10,2,9,bppbbpbb,p,p,1.0,50.303030303030305,0,
1558,2026-08-21 16:08:46,1,9,1,9,bpppbpbb,p,b,0.0,50.0,0,
1559,2026-08-21 16:11:17,1,9,1,9,bpbbbbbb,b,b,1.0,51.49196633511859,0,
1560,2026-08-21 16:13:00,1,9,1,9,pbpbbbpb,b,b,1.0,52.20535068691251,0,
1561,2026-08-21 16:30:52,1,9,1,9,bpbbbbbb,b,p,0.0,51.48968678380443,0,
1562,2026-08-21 16:34:28,1,9,1,9,bpbpppbb,p,b,0.0,52.56410256410257,0,
1563,2026-08-21 16:36:16,1,9,1,9,bppppbpb,b,b,1.0,51.479750778816204,0,
502,2026-08-21 16:37:54,1,10,2,9,bppbppbp,p,p,1.0,55.00000000000001,0,
1564,2026-08-21 16:39:27,1,9,1,9,pbbbbbpp,p,p,1.0,50.0,0,
503,2026-08-21 16:41:22,1,10,2,9,pbpbbpbp,p,b,0.0,51.26630851880276,0,
1565,2026-08-21 17:45:01,1,9,1,9,bpppbppp,b,b,1.0,52.59259259259259,0,
1566,2026-08-21 17:47:44,1,9,1,9,pbpppbpb,p,b,0.0,51.902834008097166,0,
1567,2026-08-21 17:49:44,1,9,1,9,bpbppppb,b,p,0.0,51.482059282371296,0,
1568,2026-08-21 17:51:35,1,9,1,9,bpbbbppp,b,b,1.0,50.24711696869851,0,
1569,2026-08-21 17:53:01,1,9,1,9,bpppbppp,b,b,1.0,52.59259259259259,0,
504,2026-08-21 17:54:36,1,10,2,9,pbbppbpb,b,b,1.0,53.66766467065869,0,
1570,2026-08-21 17:56:06,1,9,1,9,pbppppbp,b,p,0.0,52.7367506516073,0,
1571,2026-08-21 18:18:08,1,9,1,9,pbpbbbbb,b,b,1.0,50.42536736272235,0,
1572,2026-08-21 18:19:02,1,9,1,9,pbppppbp,b,b,1.0,52.54969749351772,0,
505,2026-08-21 18:21:38,1,10,2,9,pbpbbppb,p,p,1.0,50.308641975308646,0,
1573,2026-08-21 18:23:08,1,9,1,9,bpppppbp,b,b,1.0,51.36563876651983,0,
1574,2026-08-21 18:25:01,1,9,1,9,pbbbbpbb,p,p,1.0,52.22929936305732,0,
506,2026-08-21 18:29:23,1,10,2,9,pbbbbpbb,p,b,0.0,50.911854103343465,0,
507,2026-08-21 18:31:56,1,10,2,9,pbpppppb,b,b,1.0,51.05842506350551,0,
508,2026-08-21 18:34:07,1,10,2,9,pbbpbppb,p,p,1.0,50.40058266569556,0,
509,2026-08-21 18:36:07,1,10,2,9,bppbpbpb,p,b,0.0,50.614439324116745,0,
510,2026-08-21 18:38:41,1,10,2,9,pbbbbpbb,p,b,0.0,50.911854103343465,0,
1575,2026-08-21 18:40:26,1,9,1,9,bpbppppb,b,b,1.0,51.4018691588785,0,
511,2026-08-21 18:41:45,1,10,2,9,pbpbpppp,b,p,0.0,51.76565008025682,0,
1576,2026-08-21 19:01:53,1,9,1,9,pbbbbpbb,p,b,0.0,52.22929936305732,0,
1577,2026-08-21 19:03:58,1,9,1,9,pbbbbbpb,b,p,0.0,50.0,0,
1578,2026-08-21 19:10:54,1,9,1,9,bpbbbppp,b,p,0.0,50.32894736842105,0,
512,2026-08-21 19:14:19,1,10,2,9,bpbbpppp,b,p,0.0,51.83639398998331,0,
513,2026-08-21 19:16:19,1,10,2,9,pbbppbbp,b,p,0.0,75.0,0,
514,2026-08-21 19:19:33,1,10,2,9,pbpbbbbb,b,p,0.0,50.424710424710426,0,
515,2026-08-21 19:23:05,1,10,2,9,pbbbbbpp,p,b,0.0,50.495049504950494,0,
